{"type":"FeatureCollection","features":[{"type":"Feature","geometry":{"type":"MultiLineString","coordinates":[[[8.3941,55.0963],[8.4524,55.0715],[8.4662,55.0589],[8.4713,55.046],[8.4726,55.0157],[8.4768,55.0039],[8.4871,54.9933],[8.5283,54.9827],[8.5425,54.9734],[8.5478,54.955],[8.5491,54.9328],[8.5554,54.9196],[8.5689,54.9129],[8.6608,54.8963]],[[9.4375,54.8104],[9.5856,54.8786],[9.5921,54.8745],[9.5954,54.8651],[9.6047,54.8542],[9.6387,54.8378],[9.6791,54.8275],[9.7604,54.8194],[9.8855,54.8308],[9.9238,54.8241],[10.0387,54.768]]]},"properties":{"rank":10}},{"type":"Feature","geometry":{"type":"LineString","coordinates":[[14.2639,53.7],[14.2772,53.7351],[14.2634,53.7801],[14.2321,53.8175],[14.2013,53.8772]]},"properties":{"rank":10}},{"type":"Feature","geometry":{"type":"LineString","coordinates":[[48.5966,29.9306],[48.5604,29.9575],[48.531,29.9614]]},"properties":{"rank":10}},{"type":"Feature","geometry":{"type":"LineString","coordinates":[[68.183,23.8422],[68.1576,23.7774],[68.1548,23.7537],[68.1699,23.7036],[68.1664,23.6835],[68.147,23.6619],[68.1127,23.6434]]},"properties":{"rank":10}},{"type":"Feature","geometry":{"type":"LineString","coordinates":[[20.9894,55.2731],[21.2087,55.2409],[21.2675,55.2486]]},"properties":{"rank":10}},{"type":"Feature","geometry":{"type":"LineString","coordinates":[[8.5942,4.8153],[8.5792,4.8151],[8.5657,4.8063],[8.5589,4.7909],[8.5544,4.7629],[8.5507,4.7182],[8.5345,4.6897],[8.5106,4.6718]]},"properties":{"rank":10}},{"type":"Feature","geometry":{"type":"MultiLineString","coordinates":[[[33.7779,34.9847],[33.774,34.9887],[33.7661,34.9903]],[[33.7661,34.9903],[33.7615,34.9903],[33.7592,34.9887],[33.7693,34.984],[33.7709,34.9801]],[[33.7819,34.9762],[33.7944,34.9778],[33.7911,34.9824],[33.7865,34.9847]],[[33.7865,34.9847],[33.7779,34.9847]],[[33.7755,34.9801],[33.7802,34.9793],[33.781,34.9763]],[[33.7709,34.9801],[33.7755,34.9801]]]},"properties":{"rank":10}},{"type":"Feature","geometry":{"type":"MultiLineString","coordinates":[[[33.7462,35.0152],[33.7521,35.0144],[33.7521,35.0043],[33.7428,35.0012]],[[33.7428,35.0012],[33.7397,35.0026],[33.7388,35.0053],[33.7413,35.0137],[33.7462,35.0152]]]},"properties":{"rank":10}},{"type":"Feature","geometry":{"type":"MultiLineString","coordinates":[[[77.8003,35.4954],[77.8153,35.4733],[77.8342,35.4522],[77.8571,35.4366],[77.8831,35.4311]],[[77.9859,35.4942],[78.0443,35.4916],[78.0556,35.4529],[78.0381,35.3981],[78.0098,35.3475],[78.0012,35.2689],[78.0364,35.1942],[78.13,35.0554],[78.1392,35.0189],[78.1481,34.9431],[78.1622,34.9088],[78.2025,34.8657],[78.2114,34.8483],[78.2732,34.6589],[78.296,34.6247],[78.3353,34.5944],[78.3794,34.5787],[78.6073,34.5465],[78.6646,34.5264],[78.7507,34.4713],[78.8017,34.415],[78.8392,34.3969],[78.8859,34.3858],[78.9221,34.3723],[78.9512,34.3492],[78.9762,34.3092],[78.9854,34.2864],[78.9885,34.2631],[78.9855,34.2399],[78.9762,34.2172],[78.9032,34.1581],[78.8061,34.123],[78.7301,34.0793],[78.7211,33.9944],[78.7703,33.8724],[78.7873,33.8084],[78.7941,33.7439],[78.7814,33.5528],[78.8009,33.4942],[78.8243,33.4611],[78.9177,33.3863]],[[77.8831,35.4311],[77.9127,35.441],[77.9579,35.4821],[77.9859,35.4942]]]},"properties":{"rank":10}},{"type":"Feature","geometry":{"type":"LineString","coordinates":[[34.2484,31.2114],[34.2644,31.2242],[34.3159,31.2569],[34.3509,31.2893],[34.3538,31.3064],[34.3455,31.3407],[34.3458,31.3577],[34.3673,31.3928],[34.4804,31.4856],[34.4957,31.4944],[34.556,31.5398],[34.5201,31.5583],[34.4812,31.5831]]},"properties":{"rank":10}},{"type":"Feature","geometry":{"type":"LineString","coordinates":[[35.561,32.3847],[35.4567,32.4076],[35.4328,32.4083],[35.4069,32.4148],[35.4014,32.44],[35.4018,32.471],[35.3929,32.4945],[35.3631,32.5101],[35.3334,32.5131],[35.2704,32.5105],[35.2522,32.5159],[35.2237,32.5359],[35.2086,32.5426],[35.1908,32.5417],[35.1768,32.5327],[35.1517,32.5079],[35.1207,32.4913],[35.0907,32.4792],[35.0644,32.4631],[35.0447,32.4341],[35.0288,32.3652],[35.0216,32.3446],[35.0007,32.3357],[34.9966,32.323],[34.993,32.2916],[34.9899,32.2785],[35.0024,32.2751],[35.0094,32.2676],[35.0111,32.2571],[35.0076,32.2444],[35.0003,32.232],[34.9614,32.2016],[34.9582,32.1865],[34.9627,32.1735],[34.977,32.15],[34.9869,32.124],[34.9842,32.0896],[35.0072,32.0208],[34.9968,32.0111],[34.9988,31.9939],[34.9978,31.9788],[34.9867,31.9672]]},"properties":{"rank":10}},{"type":"Feature","geometry":{"type":"MultiLineString","coordinates":[[[35.5612,33.2821],[35.585,33.2522],[35.5978,33.2444]],[[35.3452,33.0556],[35.4016,33.0679],[35.4494,33.0852],[35.4801,33.0874],[35.4851,33.1026],[35.5037,33.1306],[35.5123,33.1474],[35.5177,33.1729],[35.52,33.2222],[35.5278,33.2443],[35.5495,33.281],[35.5612,33.2821]],[[35.5979,33.2444],[35.6039,33.2401]],[[35.5978,33.2444],[35.5979,33.2444]],[[35.2837,33.1012],[35.2946,33.097],[35.3058,33.0894],[35.3157,33.0792],[35.3226,33.0674],[35.3319,33.0572],[35.3452,33.0556]],[[35.2345,33.0909],[35.2715,33.1012],[35.2837,33.1012]],[[35.2072,33.0948],[35.2345,33.0909]],[[35.1853,33.084],[35.2007,33.0927],[35.2072,33.0948]],[[35.1052,33.089],[35.1853,33.084]]]},"properties":{"rank":10}},{"type":"Feature","geometry":{"type":"MultiLineString","coordinates":[[[35.3208,5.3487],[35.3024,5.3574],[35.2875,5.3741],[35.2546,5.4259],[35.2507,5.4351],[35.2518,5.4474],[35.2676,5.4686],[35.2736,5.4799],[35.2693,5.4918]],[[35.5982,5.3687],[35.5739,5.3753],[35.5308,5.4101],[35.508,5.4234],[35.4902,5.428],[35.4693,5.4308]],[[35.4693,5.4308],[35.4482,5.4308],[35.4302,5.4272],[35.4082,5.4126],[35.3675,5.368],[35.345,5.3524],[35.3208,5.3487]],[[35.9208,4.6193],[35.7845,4.7642],[35.76,4.8057],[35.7516,4.8544],[35.7559,5.0634],[35.7609,5.0763],[35.7992,5.1246],[35.8074,5.1447],[35.8071,5.1653],[35.7983,5.1893],[35.7784,5.2271],[35.7753,5.2466],[35.782,5.2699],[35.8091,5.3091],[35.8042,5.318],[35.7494,5.3392],[35.6836,5.3796],[35.6583,5.3864]],[[35.6583,5.3864],[35.6398,5.3821],[35.6219,5.3738],[35.5982,5.3687]]]},"properties":{"rank":10}},{"type":"Feature","geometry":{"type":"MultiLineString","coordinates":[[[47.9792,7.9966],[46.4239,6.4967],[45.936,5.9967],[44.9415,4.9115],[44.9126,4.8994]],[[44.9126,4.8994],[43.969,4.954]],[[43.969,4.954],[43.9323,4.9452],[43.8452,4.9144],[43.5285,4.8416],[43.1193,4.6477],[42.9604,4.5174],[42.9459,4.4969],[42.9325,4.4632],[42.9147,4.3933],[42.8996,4.3611],[42.8689,4.3268],[42.8316,4.3023],[42.7898,4.2856],[42.2973,4.2017],[42.1353,4.2001],[42.1029,4.1919],[42.0684,4.1746],[42.0118,4.1295],[41.9412,4.0862],[41.9235,4.0706],[41.9166,4.0511],[41.9175,4.0205],[41.9122,4.008],[41.8985,3.9969],[41.885,3.9772]]]},"properties":{"rank":10}},{"type":"Feature","geometry":{"type":"LineString","coordinates":[[35.7394,4.6811],[35.7784,4.6783],[35.7812,4.6199]]},"properties":{"rank":10}},{"type":"Feature","geometry":{"type":"LineString","coordinates":[[35.8211,33.4067],[35.8224,33.4014],[35.817,33.3952],[35.8154,33.3789],[35.8123,33.3734],[35.8099,33.36],[35.7935,33.3499],[35.7858,33.3429],[35.7638,33.3344],[35.8021,33.3125],[35.7686,33.2727],[35.7756,33.2649],[35.8036,33.2485],[35.8077,33.2017],[35.8302,33.19],[35.8334,33.1611],[35.8224,33.1416],[35.8115,33.1268],[35.8115,33.1119],[35.8489,33.0987],[35.8458,33.0854],[35.859,32.9902],[35.8646,32.9777],[35.8881,32.9449],[35.874,32.9223],[35.8669,32.9208],[35.8497,32.8958],[35.838,32.866],[35.8419,32.8536],[35.8342,32.8279],[35.7842,32.7779],[35.7576,32.7443]]},"properties":{"rank":10}},{"type":"Feature","geometry":{"type":"LineString","coordinates":[[47.9792,7.9966],[48.9391,9.4512],[48.9391,11.2491]]},"properties":{"rank":10}},{"type":"Feature","geometry":{"type":"MultiLineString","coordinates":[[[-8.817,27.6615],[-8.8184,27.6594],[-8.8129,27.6134],[-8.7836,27.5304],[-8.7734,27.46],[-8.788,27.4161],[-8.8017,27.3604],[-8.7958,27.3077],[-8.7734,27.2501],[-8.7529,27.1905],[-8.7529,27.1505],[-8.7939,27.1202],[-8.8881,27.1036],[-9.0009,27.0899],[-9.0834,27.0899]],[[-9.0834,27.0899],[-9.2075,27.0997]],[[-9.2075,27.0997],[-9.352,27.0977],[-9.4121,27.088],[-9.4863,27.0499],[-9.5688,26.9903],[-9.7344,26.8604],[-9.8169,26.8497],[-9.8994,26.8497]],[[-10.2505,26.8604],[-10.354,26.9005],[-10.478,26.96],[-10.5503,26.9903],[-10.6533,27.0001],[-10.7568,27.0196]],[[-10.7568,27.0196],[-10.8291,27.0098],[-10.9218,27.0098],[-11.0459,26.9698],[-11.1494,26.9405],[-11.2626,26.9102],[-11.3916,26.8829],[-11.3603,26.793],[-11.3159,26.7442],[-11.3159,26.6836],[-11.3369,26.6329],[-11.3989,26.5831],[-11.4697,26.5196],[-11.5107,26.4698],[-11.5522,26.4005],[-11.6362,26.295],[-11.6835,26.213],[-11.7172,26.1036],[-11.7539,26.086],[-11.8799,26.0704],[-12.0298,26.0304],[-12.06,25.9903],[-12.0801,25.92],[-12.0801,25.8702],[-12.1001,25.8302],[-12.1298,25.7305],[-12.1699,25.6397],[-12.2002,25.5196],[-12.2299,25.42],[-12.27,25.2598],[-12.31,25.1104],[-12.3598,24.9698],[-12.3999,24.88],[-12.4301,24.8302],[-12.5,24.7696],[-12.56,24.7305],[-12.6298,24.6798],[-12.7099,24.63],[-12.9101,24.5196],[-12.9902,24.4698],[-13.06,24.4005],[-13.1201,24.2999],[-13.1601,24.2198],[-13.23,24.0899],[-13.2798,24.0196],[-13.31,23.9806],[-13.3901,23.9405],[-13.4799,23.9102],[-13.58,23.8702],[-13.6601,23.8301],[-13.77,23.7901],[-13.8398,23.7501],[-13.8901,23.6905],[-13.9301,23.6202],[-13.9799,23.5196],[-14.02,23.4103],[-14.04,23.3399],[-14.1001,23.0997],[-14.1201,22.96],[-14.1401,22.8702],[-14.1699,22.7599],[-14.1899,22.5899],[-14.1899,22.4503],[-14.21,22.3702],[-14.2202,22.3096],[-14.27,22.2403],[-14.3101,22.1905],[-14.3798,22.1202],[-14.4399,22.0802],[-14.4599,22.0401],[-14.52,21.9903],[-14.58,21.9102],[-14.6299,21.8604],[-14.6201,21.8204],[-14.6098,21.7501],[-14.6401,21.6798],[-14.6699,21.5997],[-14.75,21.5001],[-14.8398,21.4503],[-14.9702,21.4405],[-15.1499,21.4405]],[[-9.8994,26.8497],[-9.9799,26.8897],[-10.0317,26.9102]],[[-10.0317,26.9102],[-10.0659,26.9083],[-10.122,26.88],[-10.1884,26.8604],[-10.2505,26.8604]],[[-15.4599,21.4503],[-15.6098,21.4698],[-15.75,21.4903],[-15.9199,21.5001]],[[-15.9199,21.5001],[-16.04,21.5001],[-16.1899,21.4806],[-16.58,21.4806],[-16.73,21.4698],[-16.9501,21.4298],[-17.0137,21.42]],[[-15.1499,21.4405],[-15.29,21.4503]],[[-15.29,21.4503],[-15.4599,21.4503]]]},"properties":{"rank":10}},{"type":"Feature","geometry":{"type":"LineString","coordinates":[[18.6264,3.4769],[18.6346,3.4492],[18.6424,3.3238],[18.6311,3.179],[18.6218,3.1567],[18.6197,3.1448],[18.6131,3.1282],[18.5973,3.1146],[18.5621,3.0968],[18.5414,3.0828],[18.5284,3.0648],[18.4953,2.9661],[18.4796,2.9414],[18.4758,2.9312],[18.4718,2.9092],[18.4673,2.8989],[18.4492,2.873],[18.4252,2.8222],[18.4219,2.8088],[18.4183,2.7817],[18.3932,2.7137],[18.3167,2.5843],[18.3137,2.576],[18.3035,2.5726],[18.2462,2.5189],[18.233,2.5026],[18.2252,2.4865],[18.2141,2.4277],[18.2078,2.408],[18.1991,2.3891],[18.188,2.3709],[18.174,2.3361],[18.1638,2.321],[18.1467,2.3159],[18.1427,2.3057],[18.1186,2.277],[18.1112,2.2653],[18.0724,2.16],[18.0724,2.1452],[18.0783,2.1148],[18.0808,2.0842],[18.076,1.9885],[18.0817,1.9424],[18.0815,1.9266],[18.0783,1.9093],[18.0682,1.8762],[18.0661,1.859],[18.0737,1.5723],[18.0714,1.5515],[18.0123,1.422],[18.0067,1.4024],[18.002,1.3658],[17.967,1.2537],[17.9634,1.1915],[17.9562,1.1717],[17.9148,1.102],[17.8925,1.0774],[17.8733,1.0396],[17.8666,1.0166],[17.8782,0.9472],[17.8779,0.8679],[17.9077,0.7405],[17.9076,0.7131],[17.8926,0.6359],[17.8932,0.6077],[17.8993,0.5833],[17.9184,0.5352],[17.9331,0.527],[17.9436,0.5108],[17.9499,0.4915],[17.952,0.4743],[17.9455,0.3773],[17.9399,0.3613],[17.854,0.2411],[17.7754,0.0264],[17.7619,0.0]]},"properties":{"rank":10}},{"type":"Feature","geometry":{"type":"MultiLineString","coordinates":[[[31.4749,52.1178],[31.6499,52.0968]],[[31.229,52.0382],[31.2524,52.0445],[31.2689,52.0612],[31.2843,52.0812],[31.3044,52.0975],[31.3831,52.1175],[31.4749,52.1178]],[[31.6499,52.0968],[31.7643,52.1006]],[[31.0963,52.0796],[31.1348,52.0767],[31.1592,52.0681],[31.2049,52.0439],[31.229,52.0382]],[[30.9152,51.9926],[30.9412,51.9938],[30.9501,52.0068],[30.9405,52.0201],[30.9113,52.0226],[30.9197,52.0373],[30.9247,52.0423],[30.9188,52.0592],[30.9344,52.0697],[30.9593,52.0747],[31.0963,52.0796]],[[30.9028,52.0],[30.9084,51.9984],[30.9152,51.9926]],[[30.7795,51.8979],[30.7882,51.9006],[30.8106,51.9184],[30.8106,51.9252],[30.8052,51.9293],[30.8025,51.9355],[30.8031,51.9391],[30.8314,51.9459],[30.858,51.9576],[30.8793,51.9737],[30.879,51.982],[30.8809,51.9882],[30.8887,51.9943],[30.9028,52.0]],[[25.1833,51.9498],[25.352,51.9215],[25.6835,51.918]],[[24.7218,51.8823],[25.0027,51.9105],[25.0927,51.9398],[25.138,51.9489],[25.1833,51.9498]],[[25.7679,51.9285],[25.9811,51.9035]],[[25.6835,51.918],[25.7679,51.9285]],[[26.0506,51.9048],[26.0808,51.9007],[26.1454,51.8648],[26.1753,51.8567],[26.4078,51.8506],[26.4198,51.8469],[26.42,51.8397],[26.417,51.8306],[26.4192,51.8209],[26.4315,51.8102],[26.4456,51.8056],[26.6657,51.8014],[26.8548,51.7493],[26.9208,51.7425]],[[25.9811,51.9035],[26.0506,51.9048]],[[30.7497,51.8996],[30.7795,51.8979]],[[30.6182,51.4597],[30.6182,51.4671],[30.5973,51.4743],[30.5889,51.4818],[30.584,51.4938],[30.5897,51.502],[30.5854,51.5094],[30.5629,51.5218],[30.5714,51.5264],[30.5764,51.5311],[30.584,51.5423],[30.5674,51.5473],[30.5341,51.5533],[30.5226,51.5627],[30.5226,51.5689],[30.5353,51.575],[30.5431,51.5764],[30.5431,51.5826],[30.5151,51.5963],[30.5151,51.6037],[30.5439,51.6201],[30.5566,51.6236],[30.5499,51.6372],[30.5703,51.6515],[30.5643,51.6653],[30.576,51.6864],[30.5703,51.6999],[30.5828,51.7023],[30.6138,51.7029],[30.625,51.7061],[30.6306,51.7156],[30.6351,51.7397],[30.6462,51.7471],[30.6462,51.7545],[30.6381,51.7551],[30.6182,51.7613],[30.6305,51.77],[30.6528,51.7791],[30.6706,51.7905],[30.6696,51.8061],[30.6623,51.8156],[30.662,51.8194],[30.6973,51.8507],[30.7028,51.8538],[30.714,51.867],[30.7345,51.8737],[30.7372,51.8822],[30.7378,51.8916],[30.7417,51.8979],[30.7497,51.8996]],[[24.6398,51.8921],[24.7011,51.8829],[24.7218,51.8823]],[[23.9413,51.5819],[23.9813,51.586],[24.1308,51.6698],[24.2441,51.7182],[24.2723,51.7429],[24.2961,51.8081],[24.3115,51.8276],[24.3479,51.8612],[24.3696,51.8751],[24.3908,51.88],[24.6398,51.8921]],[[27.0216,51.7645],[27.11,51.7624],[27.1511,51.7568],[27.1779,51.7471],[27.1842,51.7314],[27.1815,51.7101],[27.1811,51.6834],[27.189,51.6638],[27.2036,51.6551],[27.2236,51.6537]],[[26.9208,51.7425],[27.0216,51.7645]],[[27.2479,51.6557],[27.2775,51.6511],[27.2745,51.6338],[27.2597,51.6123],[27.254,51.5954],[27.2675,51.5875]],[[27.2236,51.6537],[27.2479,51.6557]],[[28.21,51.652],[28.2304,51.6511],[28.2451,51.6406],[28.2489,51.6306],[28.2494,51.6131],[28.2578,51.6018],[28.2697,51.5943],[28.2985,51.583],[28.3109,51.5744],[28.3174,51.564],[28.3282,51.5364],[28.3339,51.5284],[28.3469,51.5252]],[[28.0708,51.5576],[28.0902,51.562],[28.1142,51.5756],[28.1467,51.6144],[28.1662,51.6331],[28.1876,51.6452],[28.21,51.652]],[[23.7262,51.6449],[23.7497,51.6445],[23.8203,51.6313],[23.8453,51.6298],[23.8849,51.6199],[23.9129,51.5986],[23.9413,51.5819]],[[23.6154,51.5131],[23.6241,51.5159],[23.6287,51.5312],[23.6263,51.5409],[23.5933,51.597],[23.5944,51.605],[23.6064,51.6181],[23.6167,51.6248],[23.629,51.629],[23.7262,51.6449]],[[29.0837,51.6312],[29.1239,51.625],[29.148,51.6156],[29.1604,51.6033],[29.1815,51.567],[29.2148,51.5355],[29.2265,51.5191],[29.2304,51.4929],[29.221,51.467],[29.2278,51.4556],[29.2444,51.4479],[29.2649,51.4329],[29.2761,51.4136],[29.2846,51.3917],[29.297,51.3737],[29.3199,51.3656]],[[28.7288,51.4013],[28.7468,51.414],[28.7516,51.4287],[28.7494,51.4669],[28.7522,51.4837],[28.7719,51.5113],[28.7999,51.5326],[28.8319,51.5483],[28.8636,51.5589],[28.8929,51.5629],[28.9546,51.5633],[28.9808,51.5695],[29.0,51.5824],[29.0236,51.614],[29.0436,51.6262],[29.0632,51.6306],[29.0837,51.6312]],[[27.4773,51.6237],[27.5123,51.6231],[27.6206,51.5959],[27.6768,51.5948],[27.6927,51.5892],[27.7052,51.5684],[27.6973,51.5432],[27.6641,51.4929],[27.6703,51.4848],[27.6838,51.4755],[27.7,51.4675],[27.7143,51.4637]],[[27.3884,51.5907],[27.409,51.5917],[27.431,51.5984],[27.4588,51.6175],[27.4773,51.6237]],[[27.8542,51.6153],[27.8756,51.608],[27.9361,51.567],[27.9548,51.5608],[27.9732,51.5578],[28.0708,51.5576]],[[27.7143,51.4637],[27.7301,51.4652],[27.7406,51.4714],[27.7873,51.5109],[27.7925,51.5173],[27.7971,51.5306],[27.7932,51.565],[27.7995,51.5852],[27.8125,51.602],[27.8313,51.6129],[27.8542,51.6153]],[[27.3291,51.597],[27.3884,51.5907]],[[27.2675,51.5875],[27.2893,51.589],[27.3291,51.597]],[[28.4884,51.572],[28.5781,51.5601],[28.6039,51.5535],[28.6127,51.5399],[28.6152,51.5196],[28.6309,51.4636],[28.6373,51.4496],[28.647,51.439],[28.6636,51.434]],[[28.3469,51.5252],[28.3596,51.5294],[28.3855,51.545],[28.4353,51.5661],[28.4612,51.5717],[28.4884,51.572]],[[23.6062,51.5174],[23.6154,51.5131]],[[29.6608,51.4931],[29.6827,51.4912],[29.7,51.4837],[29.7165,51.4657],[29.7253,51.4505],[29.7379,51.4395],[29.8286,51.43]],[[29.4464,51.3849],[29.4663,51.3851],[29.4809,51.4013],[29.4955,51.4256],[29.5055,51.4375],[29.519,51.4418],[29.545,51.4437],[29.5682,51.4496],[29.5832,51.4608],[29.5973,51.474],[29.618,51.4856],[29.6378,51.4909],[29.6608,51.4931]],[[30.1486,51.4844],[30.1773,51.4795],[30.2054,51.4665],[30.2428,51.4344],[30.2569,51.4251],[30.3074,51.4096],[30.3202,51.4021],[30.3262,51.3953],[30.329,51.3886],[30.33,51.3704],[30.3199,51.3416],[30.3171,51.3406],[30.3245,51.33],[30.3551,51.3053],[30.3685,51.2977],[30.3838,51.2939]],[[29.9126,51.4574],[29.9251,51.4579],[29.9857,51.4779],[30.0087,51.4821],[30.1486,51.4844]],[[29.8863,51.4648],[29.8966,51.4642],[29.9126,51.4574]],[[29.8286,51.43],[29.8466,51.4329],[29.8568,51.4399],[29.8736,51.4592],[29.8863,51.4648]],[[30.6048,51.4612],[30.6182,51.4597]],[[30.5396,51.2352],[30.5507,51.2368],[30.5553,51.2435],[30.5566,51.2673],[30.5772,51.289],[30.5799,51.3037],[30.6105,51.3175],[30.6383,51.3359],[30.6324,51.3641],[30.6456,51.3675],[30.6445,51.3727],[30.6324,51.384],[30.6226,51.4121],[30.6182,51.4187],[30.606,51.4246],[30.5956,51.425],[30.5879,51.4274],[30.584,51.4392],[30.586,51.4518],[30.5936,51.4589],[30.6048,51.4612]],[[28.6911,51.4434],[28.704,51.4426],[28.7111,51.4302],[28.7182,51.4116],[28.7288,51.4013]],[[28.6636,51.434],[28.6911,51.4434]],[[29.4027,51.3961],[29.4464,51.3849]],[[29.3199,51.3656],[29.3406,51.3701],[29.3797,51.3915],[29.4027,51.3961]],[[30.4135,51.2941],[30.4281,51.2918],[30.4428,51.283],[30.465,51.2619],[30.4807,51.2589]],[[30.3838,51.2939],[30.4135,51.2941]],[[30.4947,51.2599],[30.5081,51.2577],[30.5208,51.2524],[30.532,51.2446],[30.5396,51.2352]],[[30.4807,51.2589],[30.4947,51.2599]]]},"properties":{"rank":10}},{"type":"Feature","geometry":{"type":"LineString","coordinates":[[35.8211,33.4067],[35.8057,33.3913],[35.7858,33.3579],[35.7694,33.3426],[35.7437,33.3312],[35.7294,33.3278],[35.7162,33.3267]]},"properties":{"rank":10}},{"type":"Feature","geometry":{"type":"LineString","coordinates":[[35.8701,33.4312],[35.8211,33.4067]]},"properties":{"rank":10}},{"type":"Feature","geometry":{"type":"MultiLineString","coordinates":[[[36.3089,34.6875],[36.3238,34.6795],[36.3474,34.6441],[36.3675,34.6292],[36.3912,34.6225]],[[36.2012,34.6245],[36.2616,34.6272],[36.2715,34.631],[36.2807,34.6391],[36.2844,34.6483],[36.2848,34.6679],[36.2882,34.6756],[36.3089,34.6875]],[[35.9826,34.6502],[35.9988,34.6454],[36.0162,34.6336],[36.0379,34.6284],[36.0608,34.6279]],[[35.9699,34.6498],[35.9826,34.6502]],[[36.1783,34.6353],[36.1951,34.6262],[36.2012,34.6245]],[[36.1559,34.6269],[36.1783,34.6353]],[[36.0872,34.631],[36.1559,34.6269]],[[36.0608,34.6279],[36.0872,34.631]],[[36.4402,34.6294],[36.4363,34.5978],[36.4291,34.5932]],[[36.3912,34.6225],[36.416,34.6229],[36.4402,34.6294]],[[36.4291,34.5932],[36.4185,34.6003],[36.4037,34.6038]],[[36.4037,34.6038],[36.3889,34.5962],[36.3869,34.5842],[36.3881,34.5695],[36.3835,34.5538],[36.364,34.5411],[36.3366,34.5288],[36.3199,34.5141],[36.3327,34.4942],[36.3382,34.4933]],[[36.3923,34.5001],[36.4197,34.4983],[36.4335,34.4943],[36.4399,34.4775],[36.4498,34.4645],[36.4632,34.4552],[36.4802,34.4491],[36.4947,34.4343],[36.5019,34.4303]],[[36.3382,34.4933],[36.3631,34.499],[36.3923,34.5001]],[[36.5092,34.4324],[36.5251,34.4229],[36.5306,34.4142],[36.5263,34.3867],[36.5236,34.3798],[36.5168,34.3699],[36.5159,34.3617],[36.5186,34.3536],[36.5236,34.3459],[36.5452,34.3207],[36.5558,34.3111],[36.563,34.3085]],[[36.5019,34.4303],[36.5092,34.4324]],[[36.5703,34.309],[36.5768,34.3077],[36.582,34.2999],[36.5799,34.2869],[36.5703,34.2759],[36.5628,34.2629],[36.5675,34.2441],[36.574,34.2297],[36.5982,34.2099],[36.6041,34.1991],[36.5759,34.1733],[36.5527,34.141],[36.508,34.1092],[36.4884,34.0886],[36.4827,34.0745],[36.4807,34.0628],[36.4752,34.0535],[36.4589,34.0467],[36.4451,34.0461]],[[36.563,34.3085],[36.5703,34.309]],[[36.4451,34.0461],[36.4236,34.0528],[36.4122,34.0536]],[[36.4122,34.0536],[36.3911,34.0447],[36.3578,34.0096],[36.318,33.9805],[36.3023,33.9644],[36.2886,33.9465],[36.2672,33.9104],[36.2753,33.8972],[36.2816,33.8911],[36.3111,33.872],[36.3504,33.8664],[36.3676,33.8575],[36.3696,33.837],[36.3575,33.8238],[36.3383,33.8212]],[[36.3383,33.8212],[36.3006,33.8287],[36.2492,33.8497],[36.2318,33.8525]],[[36.2318,33.8525],[36.2166,33.8478],[36.2027,33.8383],[36.1866,33.8302],[36.1657,33.8298]],[[36.1657,33.8298],[36.1576,33.8341],[36.1449,33.8474],[36.1383,33.8506]],[[36.1383,33.8506],[36.1024,33.8323],[36.0504,33.8164],[36.0405,33.8056],[36.0271,33.7843],[35.994,33.7607],[35.9803,33.7435],[35.9742,33.7322],[35.9559,33.7181],[35.9484,33.7092],[35.947,33.7008],[35.9499,33.6827],[35.9472,33.6731],[35.9424,33.6692],[35.9294,33.6651],[35.9254,33.6617],[35.9216,33.6403],[35.9348,33.6334],[35.9569,33.6299],[35.9803,33.619],[35.9945,33.6157],[36.0129,33.608],[36.0297,33.5976],[36.0385,33.5863],[36.0352,33.5678],[36.0198,33.5526],[35.9993,33.5413],[35.9803,33.5339]],[[35.9803,33.5339],[35.9568,33.5342]],[[35.9568,33.5342],[35.9332,33.5278],[35.9219,33.5146],[35.9354,33.4943],[35.9195,33.4624],[35.8885,33.4404],[35.8701,33.4312]]]},"properties":{"rank":10}},{"type":"Feature","geometry":{"type":"MultiLineString","coordinates":[[[56.2358,25.2112],[56.2522,25.2176],[56.2931,25.2458],[56.3164,25.2534],[56.3444,25.2665],[56.3491,25.294],[56.3094,25.3013],[56.2907,25.3275],[56.2606,25.3311]],[[56.2606,25.3311],[56.2336,25.3125],[56.2357,25.2963],[56.2389,25.2862],[56.2449,25.278],[56.2351,25.2675],[56.2084,25.2554],[56.2061,25.2306],[56.2076,25.2208],[56.22,25.2153],[56.2358,25.2112]]]},"properties":{"rank":10}},{"type":"Feature","geometry":{"type":"MultiLineString","coordinates":[[[71.7418,39.9008],[71.7573,39.9031],[71.7671,39.9154],[71.7898,39.9793],[71.7855,39.9897]],[[71.7855,39.9897],[71.7606,39.9837],[71.7241,39.9627],[71.7069,39.9561],[71.6818,39.9551],[71.6655,39.9402],[71.6753,39.9258],[71.6968,39.9138],[71.7162,39.9068],[71.7418,39.9008]]]},"properties":{"rank":10}},{"type":"Feature","geometry":{"type":"LineString","coordinates":[[80.0,44.7931],[79.9917,44.7936],[79.8686,44.8494],[79.843,44.8735],[79.8582,44.9037],[79.8782,44.9147],[79.9247,44.9317],[80.0,44.9785]]},"properties":{"rank":10}},{"type":"Feature","geometry":{"type":"MultiLineString","coordinates":[[[70.6451,40.9352],[70.6434,40.9523],[70.6305,40.9764],[70.6167,40.9935],[70.5934,41.0094],[70.5659,41.0184]],[[70.5659,41.0184],[70.5498,41.0152],[70.5615,40.9946],[70.5791,40.9809],[70.6084,40.9509],[70.6252,40.9387],[70.6451,40.9352]]]},"properties":{"rank":10}},{"type":"Feature","geometry":{"type":"MultiLineString","coordinates":[[[26.5423,55.3076],[26.5254,55.3081],[26.4658,55.3209],[26.45,55.3271],[26.4455,55.3375],[26.4552,55.3561],[26.4791,55.3814],[26.486,55.3908],[26.4992,55.4281],[26.5078,55.4391],[26.5433,55.4596],[26.5465,55.4712],[26.5277,55.4922],[26.5321,55.5163],[26.5516,55.5345],[26.5761,55.5506],[26.5956,55.568],[26.6052,55.5901],[26.6077,55.6165],[26.6038,55.6433],[26.5945,55.667]],[[26.5789,55.1185],[26.6009,55.1208],[26.6163,55.1354],[26.6275,55.1644],[26.6339,55.1922],[26.6411,55.2028],[26.657,55.2153],[26.6857,55.2316],[26.7011,55.2368],[26.7656,55.2467],[26.7897,55.2572],[26.8007,55.2733],[26.7916,55.2902],[26.7686,55.3002],[26.6027,55.3169]],[[26.6027,55.3169],[26.5423,55.3076]],[[26.4734,55.1457],[26.5789,55.1185]],[[26.4203,55.1281],[26.4386,55.13],[26.4591,55.1447],[26.4734,55.1457]],[[26.3095,55.1446],[26.4203,55.1281]],[[25.9811,54.9427],[26.1026,54.957],[26.1386,54.9689],[26.1536,54.9785],[26.1878,55.0087],[26.2246,55.0549],[26.2294,55.0634],[26.2312,55.0755],[26.2303,55.1003],[26.233,55.1116],[26.2644,55.1401],[26.3095,55.1446]],[[25.9079,54.9481],[25.9261,54.9478],[25.9625,54.9429],[25.9811,54.9427]],[[25.564,54.3031],[25.5423,54.3081],[25.5287,54.321],[25.53,54.3461],[25.5488,54.3677],[25.5947,54.4001],[25.6126,54.4218],[25.6163,54.4411],[25.6156,54.4619],[25.6199,54.4881],[25.6309,54.5084],[25.6462,54.5204],[25.7074,54.5415],[25.7265,54.553],[25.7404,54.5685],[25.7456,54.5884],[25.7399,54.6077],[25.7151,54.6432],[25.7084,54.663],[25.7095,54.6756],[25.7191,54.6948],[25.7231,54.7053],[25.7246,54.7157],[25.7212,54.7667],[25.7243,54.7801],[25.7349,54.7891],[25.7568,54.8004],[25.7785,54.8053],[25.7829,54.8137],[25.7823,54.822],[25.7737,54.8419],[25.7723,54.8509],[25.7827,54.8697],[25.8025,54.8816],[25.8258,54.892],[25.8467,54.9062],[25.8531,54.9164],[25.8548,54.9255],[25.8585,54.933],[25.8702,54.9388],[25.9079,54.9481]],[[25.7233,54.281],[25.7192,54.2815],[25.7154,54.2852],[25.7048,54.303],[25.7018,54.3128],[25.696,54.321],[25.6823,54.3256]],[[25.6823,54.3256],[25.6674,54.3233],[25.6074,54.3049],[25.564,54.3031]],[[25.4594,54.2989],[25.4721,54.2972],[25.4787,54.2933],[25.4835,54.2877],[25.554,54.2313],[25.5455,54.2275]],[[25.2876,54.2452],[25.3697,54.2479],[25.394,54.2572],[25.4341,54.2918],[25.4594,54.2989]],[[25.7281,54.1452],[25.74,54.1463],[25.7631,54.1564],[25.771,54.1721],[25.7719,54.2179],[25.775,54.2225],[25.7868,54.2318],[25.7892,54.2362],[25.7866,54.2423],[25.7763,54.2456],[25.7723,54.2489],[25.7656,54.26],[25.7578,54.269],[25.7393,54.2826],[25.7347,54.2832]],[[25.7347,54.2832],[25.7233,54.281]],[[25.2241,54.2585],[25.2876,54.2452]],[[25.0271,54.1279],[25.072,54.1322],[25.1156,54.1488],[25.1565,54.1757],[25.1731,54.1966],[25.1935,54.2437],[25.2062,54.2568],[25.2241,54.2585]],[[25.5455,54.2275],[25.5221,54.2286]],[[25.5221,54.2286],[25.5017,54.2218],[25.4993,54.2118],[25.5234,54.2042],[25.529,54.1957],[25.5217,54.1882],[25.4932,54.1824],[25.4858,54.1754],[25.4933,54.1575],[25.516,54.1448],[25.543,54.137],[25.6316,54.1283]],[[24.9023,54.1498],[24.9483,54.1459],[25.0271,54.1279]],[[24.7239,53.9634],[24.7887,53.9697],[24.8064,53.9753],[24.8194,53.9926],[24.8214,54.0199],[24.8125,54.0389],[24.799,54.056],[24.7871,54.0776],[24.7825,54.0929],[24.7843,54.0962],[24.7906,54.0966],[24.7994,54.1032],[24.8182,54.1101],[24.8175,54.1282],[24.8216,54.1345],[24.856,54.1467],[24.9023,54.1498]],[[25.6906,54.1482],[25.7281,54.1452]],[[25.6316,54.1283],[25.6535,54.1287],[25.6639,54.1324],[25.6798,54.1453],[25.6906,54.1482]],[[24.6706,53.9943],[24.6779,53.9923],[24.6908,53.9728],[24.7056,53.9642],[24.7239,53.9634]],[[24.3779,53.8868],[24.414,53.8977],[24.5287,53.9584],[24.5791,53.9756],[24.643,53.983],[24.6668,53.9939],[24.6706,53.9943]],[[24.1696,53.9589],[24.2011,53.9525],[24.2291,53.9324],[24.2464,53.9036],[24.2571,53.894],[24.2764,53.8918]],[[23.9813,53.9304],[24.0454,53.9309],[24.0749,53.9357],[24.1367,53.9554],[24.1696,53.9589]],[[23.9198,53.9478],[23.9354,53.9439],[23.9649,53.9327],[23.9813,53.9304]],[[23.8206,53.9193],[23.8283,53.9201],[23.9047,53.9461],[23.9198,53.9478]],[[23.4856,53.9393],[23.5201,53.934],[23.61,53.9018],[23.6271,53.8982]],[[23.7872,53.9279],[23.8206,53.9193]],[[23.6271,53.8982],[23.6426,53.899],[23.6919,53.9115],[23.7544,53.9168],[23.7718,53.9243],[23.7872,53.9279]],[[24.3102,53.8927],[24.3419,53.887],[24.3779,53.8868]],[[24.2764,53.8918],[24.3102,53.8927]]]},"properties":{"rank":10}},{"type":"Feature","geometry":{"type":"MultiLineString","coordinates":[[[14.3194,51.04],[14.3566,51.0323],[14.3641,51.028],[14.3759,51.017],[14.3867,51.0133],[14.3978,51.0131]],[[14.3465,50.8802],[14.3759,50.896],[14.3819,50.9209],[14.3552,50.9306],[14.3183,50.9375],[14.2928,50.9535],[14.2937,50.964],[14.3038,50.9697],[14.2838,50.9748],[14.25,50.9776],[14.2383,50.9825],[14.2495,50.9927],[14.2636,51.0214],[14.2875,51.0368],[14.3194,51.04]],[[14.4821,51.0372],[14.4935,51.0167],[14.5029,51.0085],[14.5153,51.003],[14.5423,50.9987],[14.5546,50.9927],[14.5743,50.9755],[14.5774,50.9657],[14.5756,50.9507],[14.5678,50.9386],[14.5558,50.9243],[14.5504,50.9121],[14.5618,50.9064]],[[14.4621,51.0197],[14.4735,51.0234],[14.4821,51.0372]],[[14.4258,51.0209],[14.4621,51.0197]],[[14.3978,51.0131],[14.4258,51.0209]],[[14.6171,50.9209],[14.6292,50.9207],[14.6346,50.9094],[14.6288,50.8961],[14.6119,50.871],[14.6083,50.8531],[14.6132,50.8456],[14.6479,50.8394],[14.6622,50.8344],[14.7004,50.816],[14.7375,50.8107],[14.7592,50.8102]],[[14.5618,50.9064],[14.6171,50.9209]],[[14.2681,50.8841],[14.3465,50.8802]],[[14.0157,50.8018],[14.0349,50.8026],[14.1908,50.8479],[14.203,50.8551],[14.2213,50.8726],[14.2321,50.8794],[14.2681,50.8841]],[[14.7592,50.8102],[14.7754,50.813],[14.7851,50.8201],[14.7946,50.8316],[14.8104,50.8584]],[[13.9791,50.8048],[14.0157,50.8018]],[[13.9107,50.7788],[13.9233,50.78],[13.9335,50.7848],[13.9488,50.7972],[13.9596,50.8021],[13.9791,50.8048]],[[13.901,50.7806],[13.9107,50.7788]],[[13.8166,50.7213],[13.8345,50.7237],[13.8635,50.7351],[13.8754,50.7365],[13.8822,50.7427],[13.8827,50.748],[13.8791,50.7635],[13.8833,50.7732],[13.8925,50.7804],[13.901,50.7806]],[[13.7707,50.7246],[13.8166,50.7213]],[[13.6918,50.7118],[13.711,50.7143],[13.7491,50.7232],[13.7707,50.7246]],[[13.6019,50.7122],[13.6918,50.7118]],[[13.4293,50.5943],[13.4479,50.5973],[13.4649,50.6071],[13.4823,50.6209],[13.4922,50.6245],[13.4982,50.6292],[13.4991,50.6352],[13.4933,50.6432],[13.51,50.6512],[13.5233,50.6622],[13.5272,50.6757],[13.5156,50.691],[13.5566,50.7067],[13.6019,50.7122]],[[13.3688,50.6283],[13.381,50.6255],[13.407,50.6013],[13.4293,50.5943]],[[13.2846,50.569],[13.3056,50.5758],[13.3163,50.596],[13.3219,50.6024],[13.3594,50.6193],[13.3654,50.6235],[13.366,50.6271],[13.3688,50.6283]],[[13.2323,50.582],[13.2518,50.5809],[13.268,50.5737],[13.2846,50.569]],[[13.1601,50.497],[13.1847,50.5088],[13.1991,50.5253],[13.2323,50.582]],[[13.1074,50.499],[13.1601,50.497]],[[13.0604,50.4906],[13.079,50.4927],[13.1074,50.499]],[[13.0263,50.4976],[13.0345,50.4965],[13.0423,50.4928],[13.0604,50.4906]],[[12.9526,50.4042],[12.9824,50.423],[12.9966,50.4337],[13.0031,50.4519],[13.0096,50.4927],[13.0179,50.4964],[13.0263,50.4976]],[[12.8174,50.443],[12.8258,50.4414],[12.9184,50.4054],[12.9526,50.4042]],[[12.7881,50.4343],[12.8084,50.4418],[12.8174,50.443]],[[12.7703,50.4359],[12.7881,50.4343]],[[12.6788,50.3937],[12.6918,50.3947],[12.703,50.4015],[12.7251,50.4234],[12.7379,50.4315],[12.7542,50.4353],[12.7703,50.4359]],[[12.6254,50.3999],[12.6788,50.3937]],[[12.4628,50.3405],[12.4668,50.3419],[12.469,50.3456],[12.4668,50.3549],[12.4751,50.3694],[12.5102,50.3888],[12.5505,50.3964],[12.6254,50.3999]],[[12.4538,50.3407],[12.4628,50.3405]],[[12.3004,50.1608],[12.3144,50.1673],[12.3144,50.1762],[12.3086,50.1869],[12.3056,50.1993],[12.3087,50.2171],[12.3141,50.2265],[12.3338,50.2427],[12.3365,50.2586],[12.3447,50.2664],[12.3558,50.2714],[12.3672,50.2791],[12.3982,50.3152],[12.4089,50.322],[12.4383,50.3325],[12.4538,50.3407]],[[12.0761,50.3152],[12.1493,50.3117],[12.1685,50.303],[12.1744,50.2937],[12.1741,50.2766],[12.178,50.2688],[12.1892,50.2625],[12.2038,50.2596],[12.2325,50.2591],[12.2396,50.2566],[12.243,50.253],[12.2424,50.2484],[12.238,50.2427],[12.2298,50.2391],[12.2299,50.2348],[12.2543,50.2174],[12.2585,50.2109],[12.2612,50.1999],[12.2732,50.1723],[12.2834,50.1622],[12.3004,50.1608]],[[12.3982,49.9928],[12.2469,50.045],[12.2437,50.0513],[12.2414,50.0706],[12.2325,50.0805],[12.218,50.0886],[12.202,50.0945],[12.1879,50.1028],[12.1792,50.118],[12.1786,50.133],[12.1856,50.1557],[12.1827,50.1707],[12.175,50.1826],[12.1638,50.1938],[12.1393,50.211],[12.0899,50.2308],[12.0796,50.2427],[12.0921,50.2548],[12.1091,50.2638],[12.111,50.2766],[12.1073,50.2909],[12.0992,50.2998],[12.0761,50.3152]],[[12.4825,49.8272],[12.4899,49.8427],[12.5129,49.8702],[12.521,49.8855],[12.5241,49.905],[12.5179,49.9122],[12.5036,49.9158],[12.4627,49.9313],[12.4638,49.9421],[12.4707,49.9556],[12.4682,49.9702],[12.4513,49.9806],[12.4145,49.983],[12.3992,49.9928]],[[12.3992,49.9928],[12.3982,49.9928]],[[12.4625,49.8312],[12.4825,49.8272]],[[12.605,49.5128],[12.5937,49.515],[12.575,49.5299],[12.5623,49.5508],[12.5536,49.5847],[12.5466,49.5956],[12.5361,49.6031],[12.5122,49.6116],[12.502,49.6197],[12.5074,49.63],[12.4969,49.6339],[12.5054,49.6461],[12.5046,49.6594],[12.4964,49.67],[12.4492,49.685],[12.4196,49.7002],[12.3989,49.7195],[12.3886,49.7323],[12.3836,49.7429],[12.3954,49.7579],[12.4367,49.7693],[12.4527,49.7797],[12.4559,49.7961],[12.4564,49.8171],[12.4625,49.8312]],[[12.8567,49.3222],[12.7978,49.3278],[12.7779,49.3325],[12.7621,49.3432],[12.7293,49.3911],[12.7092,49.4047],[12.6631,49.4189],[12.6435,49.4295],[12.6322,49.444],[12.6272,49.4602],[12.623,49.5098],[12.6155,49.5138]],[[12.6155,49.5138],[12.605,49.5128]],[[13.4823,48.9376],[13.4589,48.945],[13.4273,48.96],[13.3985,48.9777],[13.3842,48.993],[13.3836,49.0211],[13.3724,49.0385],[13.3299,49.0669],[13.2995,49.0936],[13.2873,49.1006],[13.2673,49.1056],[13.2068,49.1075],[13.1785,49.1183],[13.1626,49.1351],[13.1495,49.1548],[13.0558,49.2382],[13.0432,49.2429],[13.0113,49.2678],[13.0067,49.2771],[13.0054,49.2868],[12.9998,49.2949],[12.9824,49.2996],[12.9543,49.3191],[12.9399,49.3268],[12.9229,49.3327],[12.8847,49.3396]],[[12.8847,49.3396],[12.8709,49.3367],[12.8754,49.3239],[12.8567,49.3222]],[[13.5905,48.9448],[13.5734,48.951],[13.5389,48.967],[13.5159,48.9702]],[[13.5159,48.9702],[13.5021,48.9661],[13.4926,48.955],[13.4823,48.9376]],[[13.8157,48.7664],[13.7962,48.7798],[13.7479,48.8434],[13.7247,48.8673],[13.7106,48.8725],[13.6734,48.8763],[13.6544,48.8822],[13.6374,48.8935],[13.6218,48.9091],[13.6111,48.9272],[13.6087,48.9462]],[[13.6087,48.9462],[13.5905,48.9448]]]},"properties":{"rank":10}},{"type":"Feature","geometry":{"type":"MultiLineString","coordinates":[[[25.2728,58.0],[25.2645,57.9942],[25.2325,57.9854],[25.2168,57.9854]],[[25.2168,57.9854],[25.2021,57.992],[25.1976,58.0]],[[24.8712,58.0],[24.8483,57.9921],[24.8168,57.9767]],[[25.6251,57.9103],[25.6015,57.9122],[25.5794,57.9195],[25.5583,57.9342],[25.5529,57.9422],[25.5503,57.9553],[25.5417,57.9628],[25.532,57.9664],[25.4966,57.9706],[25.4572,57.9841],[25.4325,58.0]],[[24.8168,57.9767],[24.7908,57.979],[24.7647,57.9879],[24.7335,57.9922]],[[24.7335,57.9922],[24.7188,57.9818],[24.7004,57.9542],[24.6848,57.9476],[24.6241,57.944]],[[24.6241,57.944],[24.5539,57.9474]],[[24.5539,57.9474],[24.5338,57.9451],[24.4813,57.9193],[24.4416,57.9081],[24.4291,57.9003],[24.4127,57.8766],[24.4015,57.8665],[24.3782,57.8594],[24.3497,57.8586]],[[26.4996,57.5158],[26.481,57.5271],[26.4476,57.5529],[26.4309,57.5617],[26.3386,57.5832],[26.2972,57.5991],[26.2632,57.6208],[26.1685,57.704],[26.1352,57.7248],[26.0247,57.7744],[26.0161,57.7867],[26.0131,57.8073],[26.0161,57.8165],[26.0253,57.8284],[26.022,57.8379],[26.0145,57.8428],[26.0027,57.846],[25.7926,57.856],[25.7675,57.8689],[25.7547,57.8889],[25.7454,57.9092],[25.7303,57.9231],[25.715,57.9234]],[[25.715,57.9234],[25.6501,57.9114],[25.6251,57.9103]],[[24.3497,57.8586],[24.3062,57.8682]],[[26.9116,57.6134],[26.8961,57.615],[26.885,57.6221],[26.8727,57.6272]],[[26.8727,57.6272],[26.8542,57.6226],[26.8385,57.6099],[26.8163,57.5812],[26.7958,57.5713],[26.7781,57.5685]],[[27.32,57.5161],[27.1657,57.5467],[27.0854,57.5494],[27.0615,57.5557],[27.0413,57.5685],[27.0046,57.5989],[26.9811,57.609],[26.9466,57.6153],[26.9292,57.6156]],[[26.9292,57.6156],[26.9116,57.6134]],[[26.7781,57.5685],[26.7005,57.5708]],[[26.7005,57.5708],[26.667,57.5649],[26.6343,57.5544],[26.6048,57.5403],[26.5984,57.5339],[26.5901,57.5204],[26.5799,57.5178]],[[26.5799,57.5178],[26.5702,57.5196],[26.5517,57.5268],[26.5422,57.5282]],[[26.5422,57.5282],[26.5287,57.5239],[26.5151,57.5173],[26.4996,57.5158]],[[27.3529,57.5276],[27.32,57.5161]]]},"properties":{"rank":10}},{"type":"Feature","geometry":{"type":"MultiLineString","coordinates":[[[27.5282,57.5285],[27.5228,57.492],[27.5256,57.4684],[27.5148,57.4479],[27.5113,57.4304],[27.5363,57.4157],[27.6408,57.389],[27.708,57.3481],[27.8091,57.3139],[27.8277,57.305],[27.8403,57.2906],[27.8461,57.2673],[27.8412,57.2112],[27.8339,57.1805],[27.8243,57.1591],[27.794,57.1434],[27.701,57.1188],[27.6822,57.1037],[27.6961,57.0855],[27.7221,57.078],[27.7455,57.068],[27.7507,57.0424],[27.7458,57.0315],[27.7296,57.0099],[27.7234,56.9988],[27.7185,56.9687],[27.7151,56.9574],[27.6487,56.8793],[27.6284,56.8442],[27.6612,56.8393]],[[27.3529,57.5276],[27.5282,57.5285]],[[27.7864,56.8713],[27.8308,56.8643],[27.8522,56.8543],[27.8915,56.8297],[27.9135,56.8202],[27.9189,56.8059],[27.9001,56.783],[27.8761,56.7594],[27.8655,56.7427],[27.8826,56.7255],[27.981,56.687],[27.9913,56.67],[27.9922,56.625],[27.9974,56.6038],[28.011,56.5876],[28.0287,56.5768],[28.1087,56.5552],[28.1261,56.5478],[28.1322,56.536],[28.1252,56.5271],[28.0992,56.5134],[28.0933,56.5016],[28.0965,56.492],[28.1045,56.4831],[28.1565,56.4462],[28.1643,56.438],[28.1679,56.4271],[28.1643,56.3928],[28.1671,56.3699],[28.1744,56.3496],[28.2148,56.2814],[28.2173,56.2707],[28.2153,56.256],[28.1931,56.231],[28.1844,56.2075],[28.1786,56.1839],[28.1691,56.1617],[28.1489,56.1424]],[[27.6612,56.8393],[27.7441,56.8648],[27.7864,56.8713]]]},"properties":{"rank":10}},{"type":"Feature","geometry":{"type":"MultiLineString","coordinates":[[[24.871,56.4426],[24.8923,56.4387],[24.9101,56.422],[24.9363,56.3799],[24.9621,56.3193],[24.9732,56.3008],[24.9832,56.2905],[25.0165,56.2699],[25.0262,56.2602],[25.044,56.228],[25.0731,56.1978],[25.1092,56.1831],[25.4548,56.1496]],[[24.8377,56.4039],[24.8459,56.4049],[24.8522,56.4137],[24.8534,56.4247],[24.8571,56.4354],[24.871,56.4426]],[[22.0941,56.4174],[22.1391,56.4157],[22.1582,56.4103],[22.1953,56.3949],[22.2149,56.3904]],[[21.0534,56.0726],[21.0914,56.0779],[21.1502,56.0782],[21.1904,56.0845],[21.2054,56.1034],[21.2126,56.131],[21.2296,56.1632],[21.2549,56.1852],[21.2904,56.2069],[21.3276,56.2244],[21.3583,56.2332],[21.4037,56.2345],[21.4193,56.2374],[21.5589,56.2973],[21.596,56.3079],[21.6845,56.3101],[22.0941,56.4174]],[[22.9245,56.4121],[22.957,56.402],[22.9814,56.3732],[23.0167,56.3238],[23.0623,56.3042]],[[22.6663,56.3491],[22.6814,56.3503],[22.8229,56.3829],[22.889,56.4084],[22.9245,56.4121]],[[24.8156,56.4088],[24.8377,56.4039]],[[24.4472,56.2605],[24.4813,56.2688],[24.539,56.2876],[24.5579,56.2986],[24.6391,56.36],[24.6786,56.3773],[24.8055,56.4085],[24.8156,56.4088]],[[22.5117,56.396],[22.5758,56.3877],[22.6047,56.3791],[22.6491,56.3531],[22.6663,56.3491]],[[22.2149,56.3904],[22.5117,56.396]],[[23.2884,56.373],[23.3106,56.3706],[23.4816,56.3301],[23.5176,56.3287]],[[23.0623,56.3042],[23.1127,56.3109],[23.1629,56.341],[23.1542,56.3514],[23.1726,56.358],[23.2884,56.373]],[[23.7067,56.3544],[23.7151,56.3527],[23.7235,56.3458],[23.7248,56.3384],[23.7236,56.3321],[23.725,56.3288],[23.7561,56.326]],[[23.6794,56.3519],[23.7067,56.3544]],[[23.6099,56.3538],[23.6794,56.3519]],[[23.5176,56.3287],[23.5777,56.3486],[23.6099,56.3538]],[[23.825,56.3349],[23.8581,56.3344],[23.9813,56.3124],[24.0752,56.2712],[24.1086,56.2607],[24.1389,56.2574]],[[23.7561,56.326],[23.825,56.3349]],[[24.3185,56.2986],[24.3508,56.2916],[24.4144,56.2655],[24.4472,56.2605]],[[24.1389,56.2574],[24.1668,56.2603],[24.2876,56.2955],[24.3185,56.2986]],[[25.5228,56.1566],[25.5729,56.143],[25.59,56.1411]],[[25.4548,56.1496],[25.5228,56.1566]],[[25.6497,56.1438],[25.6619,56.1408],[25.6692,56.132],[25.6878,56.0983],[25.6966,56.0879],[25.7088,56.081],[25.7663,56.0586],[25.8713,55.9921],[26.0176,55.9374],[26.0794,55.8981],[26.1786,55.8496],[26.2038,55.8274],[26.2269,55.7969],[26.2797,55.7432],[26.3424,55.7163],[26.481,55.6783],[26.5375,55.6695],[26.5945,55.667]],[[25.59,56.1411],[25.6497,56.1438]]]},"properties":{"rank":10}},{"type":"Feature","geometry":{"type":"MultiLineString","coordinates":[[[6.1012,50.0634],[6.0994,50.0641],[6.1057,50.0922],[6.1175,50.1205]],[[6.1619,49.9425],[6.154,49.9512],[6.1388,49.9793],[6.1215,49.9963],[6.1172,50.0044],[6.12,50.0155],[6.1138,50.0364],[6.1073,50.0446],[6.0964,50.0486],[6.1094,50.0636],[6.1072,50.0638]],[[6.1072,50.0638],[6.1012,50.0634]],[[6.3107,49.8345],[6.3026,49.8349],[6.2915,49.8556],[6.2868,49.861],[6.2722,49.8671],[6.2383,49.8769],[6.2227,49.8871],[6.1898,49.9383],[6.1727,49.9562]],[[6.1727,49.9562],[6.1619,49.9425]],[[6.4145,49.8055],[6.3971,49.8086],[6.3801,49.8156],[6.3514,49.8333],[6.3344,49.8402],[6.3256,49.8404]],[[6.3256,49.8404],[6.3107,49.8345]],[[6.5026,49.7957],[6.4972,49.7994],[6.4625,49.8055]],[[6.4625,49.8055],[6.4145,49.8055]],[[6.5023,49.7959],[6.5026,49.7957]],[[6.4997,49.7122],[6.4926,49.7184],[6.4878,49.7256],[6.4855,49.7338],[6.4862,49.7427],[6.496,49.7482],[6.4964,49.7521],[6.4937,49.7566],[6.4938,49.7636],[6.4985,49.7854],[6.5,49.7861],[6.5001,49.7945],[6.5023,49.7959]],[[6.491,49.7144],[6.4997,49.7122]],[[6.3453,49.4553],[6.3423,49.493],[6.3508,49.5349],[6.3508,49.5666],[6.3564,49.5776],[6.3715,49.593],[6.3976,49.6139],[6.4179,49.6391],[6.417,49.6458],[6.4045,49.6525],[6.4027,49.6558],[6.4182,49.6699],[6.4917,49.7008],[6.4829,49.7081],[6.4864,49.7129],[6.491,49.7144]]]},"properties":{"rank":10}},{"type":"Feature","geometry":{"type":"MultiLineString","coordinates":[[[56.1513,26.0748],[56.1627,26.0736],[56.1784,26.035],[56.1835,26.0145],[56.1813,25.9962],[56.1747,25.9665],[56.1706,25.8768],[56.1638,25.8625],[56.1445,25.8379],[56.1397,25.823],[56.1441,25.8059],[56.1674,25.7777],[56.172,25.7653],[56.1649,25.7522],[56.152,25.7431],[56.1412,25.7327],[56.1404,25.7155],[56.1451,25.6708],[56.1508,25.6588],[56.1564,25.6559],[56.1799,25.6521],[56.1888,25.6454],[56.1988,25.6253],[56.2058,25.6178],[56.2215,25.6138]],[[56.0774,26.061],[56.1006,26.0629],[56.1513,26.0748]],[[56.2215,25.6138],[56.2375,25.6166],[56.2791,25.6274]]]},"properties":{"rank":10}},{"type":"Feature","geometry":{"type":"MultiLineString","coordinates":[[[2.5218,51.0875],[2.537,51.0646],[2.5471,51.0205],[2.557,51.0012],[2.5927,50.9761],[2.6085,50.9611],[2.6117,50.9412],[2.6058,50.9352],[2.5827,50.9207],[2.5769,50.9115],[2.5967,50.8676],[2.5955,50.8611],[2.5878,50.85],[2.5867,50.8454],[2.5899,50.842],[2.602,50.8381],[2.6066,50.8348],[2.6204,50.8165],[2.6278,50.8144],[2.6506,50.8122]],[[2.6692,50.8139],[2.6787,50.8132],[2.6919,50.8088],[2.7066,50.7888],[2.7438,50.7662],[2.7682,50.7332],[2.7867,50.7234],[2.8713,50.6988],[2.8869,50.6966]],[[2.6506,50.8122],[2.6692,50.8139]],[[3.1033,50.7841],[3.1292,50.7791],[3.1462,50.7689],[3.1767,50.7341],[3.189,50.7151],[3.1969,50.7092],[3.2244,50.7052],[3.2324,50.6959],[3.2438,50.6721],[3.2298,50.6554],[3.2379,50.6265],[3.2643,50.5702],[3.2659,50.5383],[3.271,50.5269],[3.2868,50.5141],[3.2999,50.5075],[3.3436,50.4929],[3.3611,50.4898]],[[2.8869,50.6966],[2.9001,50.7031],[2.9302,50.7362],[2.9484,50.7487],[2.9714,50.7578],[3.1033,50.7841]],[[3.4771,50.5199],[3.4915,50.5171],[3.498,50.5119],[3.4965,50.5038],[3.4867,50.4927],[3.4991,50.4868],[3.5637,50.4865],[3.5864,50.4835],[3.6083,50.4765],[3.6281,50.4644],[3.6444,50.4455],[3.6528,50.4068],[3.6529,50.3602],[3.6617,50.3193],[3.6969,50.2982]],[[3.3611,50.4898],[3.3854,50.4916],[3.4292,50.5018],[3.4629,50.5191],[3.4771,50.5199]],[[3.7987,50.3485],[3.8402,50.3452],[3.8959,50.3253]],[[3.7039,50.3043],[3.7084,50.3063],[3.7155,50.3177],[3.7334,50.3372],[3.7415,50.3431],[3.755,50.3463],[3.7987,50.3485]],[[4.0033,50.3441],[4.0227,50.3381],[4.0559,50.3146],[4.0772,50.3066],[4.0979,50.2948],[4.1253,50.2571],[4.1437,50.2516]],[[3.8959,50.3253],[3.9186,50.3255],[3.9821,50.3426],[4.0033,50.3441]],[[3.7022,50.3053],[3.7039,50.3043]],[[3.6969,50.2982],[3.7022,50.3053]],[[4.1628,50.273],[4.1852,50.2655],[4.1976,50.2585],[4.2037,50.252],[4.2013,50.2415],[4.1915,50.2343],[4.1679,50.2225],[4.1573,50.2127],[4.1527,50.2045],[4.1474,50.1863],[4.1282,50.1462],[4.1258,50.1282],[4.1399,50.1236]],[[4.1437,50.2516],[4.151,50.2563],[4.1503,50.2695],[4.1628,50.273]],[[4.8156,50.1613],[4.8201,50.1464],[4.8314,50.1434]],[[4.4351,49.9323],[4.4648,49.9356],[4.6042,49.9802],[4.6458,49.9845],[4.6567,49.9891],[4.6659,50.0005],[4.6729,50.0164],[4.6806,50.0483],[4.6795,50.0552],[4.6734,50.0662],[4.6761,50.0761],[4.6819,50.0839],[4.7886,50.1534],[4.8156,50.1613]],[[4.8627,50.1476],[4.8719,50.1398],[4.8705,50.1223],[4.8652,50.1016],[4.8629,50.0841]],[[4.8314,50.1434],[4.8627,50.1476]],[[4.1706,50.1305],[4.1806,50.1272],[4.1974,50.0841],[4.2103,50.0667],[4.21,50.0601],[4.186,50.0524],[4.1629,50.0418],[4.1373,50.0251],[4.1323,50.0176],[4.1282,50.0058],[4.1329,50.0045],[4.1384,49.9892],[4.1396,49.9745]],[[4.1399,50.1236],[4.1599,50.1294],[4.1706,50.1305]],[[4.8629,50.0841],[4.8521,50.0916]],[[4.8521,50.0916],[4.846,50.0907],[4.8272,50.0641],[4.8267,50.036],[4.7883,49.9743],[4.7839,49.9583],[4.7973,49.9443],[4.8446,49.9317],[4.8602,49.9133],[4.862,49.9003],[4.8594,49.8917],[4.8456,49.8658],[4.8367,49.8591],[4.8349,49.853],[4.8369,49.848],[4.8468,49.8375],[4.8492,49.8316],[4.849,49.7942],[4.858,49.7866],[4.8842,49.7841]],[[4.1396,49.9745],[4.1317,49.975]],[[4.1317,49.975],[4.1877,49.9555],[4.2011,49.953]],[[4.2776,49.9602],[4.4351,49.9323]],[[4.2011,49.953],[4.2776,49.9602]],[[4.971,49.7971],[4.9891,49.7906],[5.0263,49.7667],[5.0462,49.7594],[5.0819,49.7527],[5.0938,49.7453],[5.1364,49.7053],[5.1512,49.696],[5.1694,49.6872],[5.1925,49.6828]],[[4.8842,49.7841],[4.9066,49.7865],[4.95,49.7964],[4.971,49.7971]],[[5.2592,49.6913],[5.2801,49.6779],[5.2994,49.6625],[5.3064,49.6475],[5.2938,49.6405],[5.2907,49.6264],[5.293,49.6172],[5.2979,49.6133],[5.3145,49.6111]],[[5.1925,49.6828],[5.2376,49.691],[5.2592,49.6913]],[[5.3349,49.6258],[5.3835,49.6133],[5.4021,49.6025],[5.4502,49.5458],[5.4544,49.5366],[5.4542,49.5262],[5.451,49.5168],[5.4499,49.5078],[5.4561,49.4989],[5.4777,49.4952]],[[5.3145,49.6111],[5.3217,49.6126],[5.3349,49.6258]],[[5.7463,49.5494],[5.7571,49.5484],[5.779,49.5396],[5.7907,49.5378]],[[5.7103,49.5311],[5.7227,49.5346],[5.7356,49.5457],[5.7463,49.5494]],[[5.6446,49.5438],[5.6672,49.5404],[5.6887,49.5335],[5.7103,49.5311]],[[5.5875,49.5124],[5.6023,49.5137],[5.6056,49.5178],[5.6079,49.5249],[5.6197,49.5355],[5.6446,49.5438]],[[5.5476,49.5234],[5.5875,49.5124]],[[5.4777,49.4952],[5.5037,49.5051],[5.5288,49.518],[5.5476,49.5234]]]},"properties":{"rank":10}},{"type":"Feature","geometry":{"type":"MultiLineString","coordinates":[[[6.0386,50.1484],[6.0274,50.1494],[6.0141,50.1536],[6.008,50.1609],[6.0047,50.1705],[5.9983,50.175]],[[5.9983,50.175],[5.9829,50.1671],[5.9616,50.1656],[5.9532,50.1564],[5.949,50.1427],[5.9411,50.1283],[5.9262,50.1183],[5.889,50.1066],[5.8724,50.0969],[5.8688,50.0905],[5.8669,50.0743],[5.8644,50.0675],[5.8583,50.0618],[5.8437,50.0536],[5.8377,50.0474],[5.8388,50.0265],[5.8364,50.0186],[5.8291,50.0136],[5.8089,50.0078],[5.8027,50.0025],[5.8015,49.9887],[5.8086,49.9831],[5.8126,49.9776],[5.8016,49.9638],[5.7934,49.9588],[5.7786,49.9566],[5.7716,49.9535],[5.7637,49.9468],[5.7536,49.9302],[5.719,49.8914],[5.7149,49.8819],[5.7267,49.8782],[5.7488,49.8673],[5.7581,49.8582]],[[6.1175,50.1205],[6.1026,50.1247],[6.1003,50.1327],[6.1015,50.1421],[6.0971,50.1513],[6.0842,50.1593]],[[6.0842,50.1593],[6.0765,50.1586],[6.0614,50.1507],[6.0386,50.1484]],[[5.7581,49.8582],[5.7319,49.86]],[[5.7319,49.86],[5.732,49.8542],[5.7269,49.8452],[5.7365,49.8394],[5.7246,49.8343],[5.7202,49.8247],[5.7216,49.8128],[5.7277,49.8002],[5.7383,49.7888],[5.7484,49.7856],[5.7592,49.7845],[5.7719,49.7794],[5.7785,49.773],[5.8021,49.7429],[5.8054,49.7219],[5.8118,49.7185],[5.8373,49.7129]],[[5.8437,49.7143],[5.8502,49.714],[5.856,49.7081],[5.8573,49.7004],[5.8488,49.6927],[5.8467,49.6807],[5.8423,49.6739],[5.8458,49.6666],[5.8526,49.6632],[5.8726,49.6617],[5.8799,49.6577],[5.8855,49.6435],[5.8799,49.6349],[5.862,49.6228],[5.8492,49.5997],[5.8412,49.5897],[5.83,49.5828],[5.8469,49.5767],[5.8374,49.5611],[5.8145,49.5451],[5.7907,49.5378]],[[5.8373,49.7129],[5.8437,49.7143]]]},"properties":{"rank":10}},{"type":"Feature","geometry":{"type":"MultiLineString","coordinates":[[[40.5196,43.5052],[40.4798,43.5087],[40.2331,43.5758],[40.1643,43.5758]],[[40.1643,43.5758],[40.0967,43.5626],[40.0728,43.5511],[40.0592,43.5352],[39.9913,43.4063],[39.986,43.389]],[[41.0425,43.3698],[41.0118,43.3754],[40.875,43.4556],[40.8427,43.4694],[40.7402,43.4953],[40.6811,43.5281],[40.6519,43.539]],[[40.6519,43.539],[40.6155,43.5358],[40.5508,43.5112],[40.5196,43.5052]],[[41.2788,43.3332],[41.2439,43.3442],[41.2131,43.3628],[41.1808,43.3747],[41.1467,43.3799]],[[41.1467,43.3799],[41.0425,43.3698]],[[41.6141,43.213],[41.5775,43.2153],[41.5506,43.2263],[41.5061,43.2598],[41.4798,43.2712],[41.4276,43.2832],[41.4131,43.2913],[41.4038,43.3015],[41.3898,43.3249],[41.3807,43.3348],[41.3503,43.3434]],[[41.3503,43.3434],[41.2788,43.3332]],[[42.6152,43.137],[42.5959,43.14],[42.5349,43.1651],[42.5061,43.1816],[42.4797,43.2009],[42.4229,43.229],[42.3546,43.236]],[[42.3546,43.236],[42.1854,43.2255],[42.1598,43.2197],[42.0753,43.1853],[42.0434,43.1806]],[[41.8203,43.2012],[41.7889,43.2036],[41.7238,43.2172],[41.6874,43.2202]],[[41.6874,43.2202],[41.6141,43.213]],[[42.0434,43.1806],[42.0113,43.1819],[41.9797,43.1887],[41.9483,43.2001],[41.9193,43.2059],[41.89,43.207]],[[41.89,43.207],[41.8203,43.2012]],[[43.9397,42.5522],[43.9208,42.5591],[43.8854,42.5792],[43.845,42.587],[43.7962,42.5898],[43.7511,42.5987],[43.7226,42.6249],[43.7257,42.6544],[43.7538,42.6747],[43.7887,42.6931],[43.8118,42.7173],[43.8006,42.7465],[43.756,42.7631],[43.6628,42.7798],[43.6443,42.7886],[43.603,42.8248],[43.5863,42.8356],[43.5174,42.8605],[43.1943,42.9268],[43.1556,42.9424],[43.0483,43.017],[42.9989,43.0422],[42.9898,43.0527],[42.9925,43.0688],[43.0002,43.0854],[43.0001,43.0987],[42.9148,43.1219],[42.8858,43.1358],[42.8577,43.1555],[42.8298,43.1688],[42.7913,43.1762],[42.7515,43.177]],[[42.7515,43.177],[42.7049,43.1664],[42.6736,43.1659],[42.6562,43.1598],[42.6294,43.1413],[42.6152,43.137]],[[45.0481,42.6859],[45.0298,42.6888],[45.0121,42.6953],[44.903,42.7531],[44.8594,42.7595]],[[44.8594,42.7595],[44.8337,42.7341],[44.8274,42.718],[44.7985,42.6717],[44.7823,42.6167],[44.7735,42.6096]],[[44.7735,42.6096],[44.7611,42.6192],[44.7364,42.6776],[44.7245,42.691],[44.695,42.7142],[44.6794,42.7237],[44.6424,42.7393],[44.601,42.7491],[44.5583,42.7531]],[[44.5583,42.7531],[44.5081,42.7503],[44.4792,42.7443],[44.4014,42.7135],[44.3607,42.7038],[44.272,42.7024],[44.2486,42.682],[44.2301,42.6538],[44.1974,42.6291],[44.1508,42.6187],[44.0551,42.6153],[44.0115,42.6003],[43.998,42.5894],[43.9732,42.564],[43.9584,42.5544],[43.9397,42.5522]],[[45.356,42.52],[45.3227,42.5301],[45.3126,42.5417],[45.2936,42.5729],[45.2827,42.5864],[45.1842,42.6748],[45.1554,42.6933],[45.123,42.7023]],[[45.123,42.7023],[45.1039,42.7005],[45.067,42.6885],[45.0481,42.6859]],[[45.9664,42.0221],[45.9476,42.0229],[45.9341,42.0285],[45.9235,42.0396],[45.8952,42.0919],[45.8814,42.102],[45.8116,42.1155],[45.7018,42.1727],[45.6616,42.1867],[45.6314,42.2012],[45.6214,42.2245],[45.7364,42.4475],[45.7396,42.4715],[45.6987,42.5076],[45.6207,42.5304],[45.5368,42.5414],[45.4793,42.5423]],[[45.4793,42.5423],[45.3986,42.5244],[45.356,42.52]],[[46.0267,42.0168],[46.0184,42.02],[46.0016,42.031],[45.9952,42.0335]],[[45.9952,42.0335],[45.9867,42.0319],[45.9735,42.0242],[45.9664,42.0221]],[[46.1299,41.9845],[46.0992,41.9851],[46.075,41.9935],[46.0683,42.0153],[46.0585,42.0203]],[[46.0585,42.0203],[46.0448,42.0177],[46.0267,42.0168]],[[46.4309,41.8904],[46.4066,41.915],[46.3821,41.9252],[46.3226,41.929],[46.2942,41.9386],[46.2505,41.9777],[46.2243,41.9935],[46.2062,41.9961]],[[46.2062,41.9961],[46.1299,41.9845]]]},"properties":{"rank":10}},{"type":"Feature","geometry":{"type":"MultiLineString","coordinates":[[[20.496,41.3378],[20.5104,41.3444],[20.5234,41.3568],[20.5329,41.3704],[20.54,41.3871],[20.5402,41.4007],[20.5341,41.413],[20.5222,41.4257],[20.5146,41.4295],[20.498,41.4315],[20.4909,41.436],[20.4868,41.4578],[20.4835,41.4655],[20.4708,41.4838],[20.4632,41.4898],[20.452,41.4936],[20.445,41.5085],[20.4479,41.5355],[20.4442,41.5497],[20.4929,41.5577],[20.5074,41.5623],[20.5208,41.5684],[20.5293,41.5749],[20.5347,41.5853],[20.5346,41.594],[20.5134,41.6404],[20.5083,41.6617],[20.5004,41.7341],[20.5033,41.7446],[20.5113,41.7579],[20.5212,41.7677],[20.5444,41.7848],[20.5509,41.7935],[20.5484,41.8142],[20.5405,41.8394],[20.5417,41.8616],[20.5671,41.8732]],[[20.4817,41.3412],[20.496,41.3378]],[[20.6189,41.0824],[20.6053,41.0835],[20.577,41.0935],[20.5699,41.1071],[20.5706,41.1248],[20.5655,41.1474],[20.5497,41.1706],[20.5127,41.2101],[20.5001,41.2355],[20.4831,41.2895],[20.4777,41.3196],[20.4817,41.3412]],[[20.7661,40.8937],[20.7409,40.898],[20.7172,40.9132],[20.7027,40.9363],[20.6834,40.9938],[20.6641,41.0591],[20.6539,41.0753],[20.643,41.0816],[20.6315,41.0829]],[[20.6315,41.0829],[20.6189,41.0824]],[[20.9653,40.8494],[20.9648,40.876],[20.9567,40.8948],[20.9399,40.9071],[20.8902,40.9183],[20.8374,40.9241]],[[20.8374,40.9241],[20.817,40.9202],[20.7837,40.8991],[20.7661,40.8937]]]},"properties":{"rank":10}},{"type":"Feature","geometry":{"type":"MultiLineString","coordinates":[[[44.9795,41.082],[45.0189,41.0749],[45.03,41.0463],[45.0157,41.0232]],[[45.0157,41.0232],[44.9795,41.0326],[44.9669,41.0448],[44.9607,41.0599],[44.964,41.0738],[44.9795,41.082]]]},"properties":{"rank":10}},{"type":"Feature","geometry":{"type":"MultiLineString","coordinates":[[[20.1524,42.4937],[20.1355,42.5096],[20.0856,42.53],[20.065,42.5468]],[[20.2496,42.3186],[20.2378,42.3199],[20.2296,42.3267],[20.2209,42.3431],[20.2195,42.3502],[20.2212,42.3637],[20.2188,42.3714],[20.2131,42.3775],[20.1975,42.3874],[20.1928,42.3937],[20.194,42.4001],[20.2044,42.4118],[20.2047,42.4201],[20.1997,42.4278],[20.1808,42.4431],[20.1526,42.4937]],[[20.1526,42.4937],[20.1524,42.4937]],[[20.5671,41.8732],[20.5678,41.8805],[20.5627,41.8928],[20.5625,41.9001],[20.5673,41.9122],[20.5887,41.9296],[20.5993,41.9479],[20.5993,41.9606],[20.5943,41.9737],[20.5897,41.9936],[20.5583,42.0551],[20.5522,42.0738],[20.552,42.1058],[20.5494,42.1235],[20.5386,42.1501],[20.5008,42.2112],[20.4817,42.2307],[20.457,42.2505],[20.3334,42.3179],[20.318,42.3198]],[[20.318,42.3198],[20.2496,42.3186]]]},"properties":{"rank":10}},{"type":"Feature","geometry":{"type":"MultiLineString","coordinates":[[[42.661,41.5883],[42.8009,41.5792],[42.8199,41.5723],[42.8122,41.563],[42.8068,41.543],[42.8027,41.5341],[42.7946,41.5268],[42.7749,41.5143],[42.7665,41.5043],[42.7921,41.4929],[42.8112,41.4772],[42.83,41.4725]],[[42.4379,41.4309],[42.4631,41.4318],[42.4838,41.4422],[42.5138,41.4762],[42.5355,41.4935],[42.5455,41.5096],[42.555,41.5503],[42.5652,41.5671],[42.5852,41.5788],[42.6106,41.5851],[42.661,41.5883]],[[41.5208,41.5142],[41.6273,41.4805],[41.64,41.4787]],[[41.948,41.5056],[42.0196,41.4851]],[[41.813,41.4218],[41.8226,41.426],[41.8627,41.4518],[41.894,41.4855],[41.9078,41.4935],[41.948,41.5056]],[[42.1432,41.5003],[42.1584,41.4999],[42.1727,41.4935],[42.1893,41.4817],[42.2133,41.4802]],[[42.1118,41.4935],[42.1432,41.5003]],[[42.868,41.5002],[42.8751,41.4937],[42.8807,41.4812],[42.889,41.47],[42.8966,41.4666],[42.9261,41.4591],[42.9411,41.4463],[42.95,41.4437],[42.9577,41.437],[42.9876,41.3947],[43.0021,41.3827],[43.0756,41.3449],[43.1239,41.3129],[43.1548,41.3019],[43.184,41.299],[43.1854,41.2938],[43.1719,41.2793],[43.1572,41.2697],[43.1031,41.2488],[43.1303,41.2423]],[[42.83,41.4725],[42.8546,41.4938],[42.868,41.5002]],[[42.0835,41.5001],[42.0975,41.4983],[42.1118,41.4935]],[[42.0196,41.4851],[42.0549,41.4935],[42.0694,41.4986],[42.0835,41.5001]],[[41.695,41.4891],[41.7026,41.489],[41.7039,41.4851],[41.7026,41.4695],[41.7068,41.4632],[41.7185,41.4596],[41.7478,41.4569],[41.761,41.4535],[41.8008,41.4257],[41.813,41.4218]],[[41.64,41.4787],[41.6698,41.4805],[41.695,41.4891]],[[42.2625,41.4823],[42.4379,41.4309]],[[42.2133,41.4802],[42.2625,41.4823]],[[43.1523,41.2442],[43.172,41.2423],[43.1922,41.225],[43.2162,41.1805],[43.2306,41.1726]],[[43.1303,41.2423],[43.1523,41.2442]],[[43.3518,41.1936],[43.3833,41.1872],[43.4106,41.1752],[43.4376,41.1562],[43.4518,41.1326],[43.4404,41.1066]],[[43.2306,41.1726],[43.3226,41.1921],[43.3518,41.1936]]]},"properties":{"rank":10}},{"type":"Feature","geometry":{"type":"LineString","coordinates":[[6.3539,49.4548],[6.3453,49.4553]]},"properties":{"rank":10}},{"type":"Feature","geometry":{"type":"MultiLineString","coordinates":[[[5.9607,49.4413],[5.947,49.47],[5.9281,49.4823],[5.8647,49.4922],[5.8396,49.4999],[5.8221,49.5105],[5.7907,49.5378]],[[6.3453,49.4553],[6.3253,49.4567],[6.2988,49.4662],[6.2494,49.4903],[6.222,49.4974],[6.1936,49.4994]],[[6.1936,49.4994],[6.1361,49.4953],[6.1426,49.4861],[6.1144,49.4844],[6.1073,49.4825],[6.102,49.4764],[6.1021,49.47],[6.0998,49.4646],[6.0877,49.4616],[6.078,49.452],[6.0633,49.4485],[5.9781,49.4451],[5.9607,49.4413]]]},"properties":{"rank":10}},{"type":"Feature","geometry":{"type":"LineString","coordinates":[[-5.3407,35.8474],[-5.3629,35.8638],[-5.3784,35.8817],[-5.3897,35.902],[-5.3989,35.9245]]},"properties":{"rank":10}},{"type":"Feature","geometry":{"type":"MultiLineString","coordinates":[[[79.9309,42.0233],[80.0,42.0226]],[[79.703,41.8749],[79.7475,41.8797],[79.7833,41.9051],[79.7926,41.9228],[79.8038,41.96],[79.8128,41.9776],[79.8268,41.9922],[79.8429,42.0018],[79.8795,42.0132],[79.9309,42.0233]],[[79.6557,41.8758],[79.703,41.8749]],[[79.3674,41.7724],[79.3908,41.7727],[79.411,41.7786],[79.4899,41.8193],[79.5547,41.8376],[79.611,41.8676],[79.6557,41.8758]],[[79.3041,41.7876],[79.3674,41.7724]],[[78.0572,41.0343],[78.075,41.0395],[78.176,41.1055],[78.1905,41.1177],[78.2045,41.1337],[78.2503,41.2005],[78.2754,41.2289],[78.2916,41.2408],[78.3315,41.2587],[78.3495,41.2704],[78.3597,41.2875],[78.3569,41.3055],[78.3393,41.344],[78.3435,41.362],[78.3599,41.3775],[78.3777,41.3866],[78.4176,41.4005],[78.5104,41.4544],[78.584,41.466],[78.6192,41.4781],[78.6291,41.488],[78.6374,41.5129],[78.645,41.5237],[78.6583,41.5325],[78.6721,41.5384],[78.8073,41.5784],[78.8974,41.6263],[78.9158,41.6332],[78.9762,41.6418],[79.0887,41.7025],[79.1279,41.7143],[79.1745,41.7226],[79.1959,41.7295],[79.2175,41.7412],[79.2649,41.7745],[79.2823,41.7835],[79.3041,41.7876]],[[77.8667,41.0641],[77.9976,41.0498],[78.0365,41.0361],[78.0572,41.0343]],[[77.6318,40.9958],[77.6503,40.9971],[77.6656,41.0013],[77.7976,41.0547],[77.831,41.063],[77.8667,41.0641]],[[77.0077,41.0442],[77.035,41.0403],[77.0886,41.0196],[77.1188,41.0117],[77.2432,41.0057]],[[76.3135,40.3433],[76.3302,40.3481],[76.362,40.3719],[76.4491,40.4155],[76.4765,40.4361],[76.4989,40.4646],[76.5312,40.535],[76.5564,40.5657],[76.6094,40.5971],[76.6208,40.6113],[76.6242,40.6275],[76.6308,40.7289],[76.6479,40.7649],[76.6742,40.7954],[76.7073,40.8176],[76.7469,40.8345],[76.7625,40.847],[76.7708,40.8671],[76.7684,40.887],[76.7609,40.9066],[76.7574,40.9258],[76.7668,40.9447],[76.784,40.9571],[76.8209,40.9778],[76.8349,40.9935],[76.861,41.0132],[76.9001,41.0258],[77.0077,41.0442]],[[77.333,41.0206],[77.3888,41.0117],[77.4452,40.9937],[77.4749,40.982],[77.5035,40.9811]],[[77.2432,41.0057],[77.3012,41.0193],[77.333,41.0206]],[[77.5807,40.9977],[77.6318,40.9958]],[[77.5035,40.9811],[77.5807,40.9977]],[[75.5238,40.6332],[75.5599,40.6329],[75.5877,40.6119],[75.6056,40.5694],[75.6108,40.5129],[75.6179,40.494],[75.629,40.4813],[75.6572,40.4611],[75.6669,40.4502],[75.6693,40.4324],[75.6596,40.4191],[75.6464,40.4053],[75.6383,40.3861],[75.6402,40.3673],[75.6563,40.3231],[75.6649,40.3057],[75.6818,40.2917]],[[75.1939,40.4413],[75.2125,40.4447],[75.2201,40.453],[75.224,40.4624],[75.2292,40.4703],[75.2533,40.476],[75.2632,40.4802],[75.4818,40.6141],[75.5238,40.6332]],[[74.8564,40.5132],[74.8792,40.5051],[74.9661,40.4593],[75.0024,40.4473],[75.0391,40.4411]],[[74.8309,40.3199],[74.8621,40.3262],[74.8539,40.3588],[74.8417,40.3721],[74.7946,40.4055],[74.7874,40.4207],[74.7946,40.4407],[74.807,40.4618],[74.8201,40.494],[74.8354,40.5116],[74.8564,40.5132]],[[75.1381,40.4639],[75.1566,40.4582],[75.1753,40.4481],[75.1939,40.4413]],[[75.0391,40.4411],[75.0644,40.4438],[75.1132,40.4608],[75.1381,40.4639]],[[76.2442,40.4412],[76.2734,40.4341],[76.2833,40.4173],[76.2994,40.3557],[76.3135,40.3433]],[[76.1514,40.3681],[76.185,40.3842],[76.2154,40.4166],[76.2442,40.4412]],[[76.0761,40.392],[76.0952,40.3874],[76.1325,40.3715],[76.1514,40.3681]],[[75.8805,40.2953],[75.9019,40.2989],[75.9215,40.3091],[75.938,40.3262],[75.9493,40.3431],[75.9624,40.3573],[76.0516,40.3902],[76.0761,40.392]],[[74.7247,40.3375],[74.7467,40.3365],[74.8309,40.3199]],[[74.3029,40.0901],[74.3338,40.0937],[74.3699,40.1058],[74.4766,40.1724],[74.5654,40.247],[74.5987,40.2662],[74.6376,40.282],[74.6544,40.2915],[74.7058,40.3313],[74.7247,40.3375]],[[75.772,40.3102],[75.7938,40.3089],[75.8586,40.2964],[75.8805,40.2953]],[[75.6818,40.2917],[75.7045,40.2931],[75.7505,40.3083],[75.772,40.3102]],[[74.2031,40.1099],[74.2379,40.1039],[74.2723,40.0938],[74.3029,40.0901]],[[73.6326,39.4483],[73.8207,39.4682],[73.8383,39.4757],[73.848,39.4897],[73.8592,39.5243],[73.8705,39.5468],[73.8831,39.5612],[73.8993,39.5715],[73.9216,39.5821],[73.9268,39.5929],[73.9043,39.6465],[73.8996,39.6895],[73.8935,39.7104],[73.8793,39.7279],[73.8599,39.7372],[73.8431,39.7404],[73.8295,39.747],[73.8198,39.7667],[73.8186,39.786],[73.823,39.8057],[73.832,39.8237],[73.8441,39.8381],[73.8729,39.8568],[73.8807,39.865],[73.8854,39.8765],[73.8932,39.9181],[73.9076,39.9379],[73.9273,39.9533],[73.944,39.9701],[73.9521,40.0083],[73.9579,40.0214],[73.9664,40.0333],[73.9767,40.0436],[74.004,40.0608],[74.0695,40.0678],[74.1012,40.0788],[74.1329,40.0953],[74.1676,40.1064],[74.2031,40.1099]]]},"properties":{"rank":10}},{"type":"Feature","geometry":{"type":"MultiLineString","coordinates":[[[44.9172,41.2618],[44.9552,41.2627],[44.9674,41.269],[44.99,41.2845],[45.0024,41.2905]],[[44.8207,41.2733],[44.9172,41.2618]],[[44.8215,41.2062],[44.8478,41.2089],[44.8577,41.2193],[44.8471,41.2308],[44.8095,41.2444],[44.8013,41.2585],[44.8207,41.2733]],[[44.191,41.23],[44.2181,41.2216],[44.2665,41.1962],[44.285,41.1909]],[[44.1036,41.1752],[44.1247,41.1781],[44.1444,41.1861],[44.1601,41.1979],[44.1652,41.2077],[44.1659,41.2161],[44.1684,41.2236],[44.1803,41.2299],[44.191,41.23]],[[44.6129,41.2231],[44.6331,41.2211],[44.6749,41.2085],[44.8215,41.2062]],[[44.5515,41.177],[44.5663,41.1869],[44.5784,41.2028],[44.5914,41.2158],[44.6129,41.2231]],[[44.3449,41.2132],[44.3573,41.2122],[44.4106,41.1877],[44.4325,41.1817],[44.4549,41.1805]],[[44.285,41.1909],[44.3085,41.1938],[44.3177,41.1986],[44.3331,41.2104],[44.3449,41.2132]],[[44.5166,41.2068],[44.5219,41.1993],[44.5255,41.1891],[44.531,41.1815],[44.5515,41.177]],[[44.4549,41.1805],[44.4792,41.1858],[44.4994,41.2028],[44.5059,41.2066],[44.5166,41.2068]],[[44.0613,41.1842],[44.1036,41.1752]],[[43.7297,41.1067],[43.7542,41.1082],[43.7737,41.1145],[43.8204,41.1455],[43.8632,41.159],[43.9558,41.1605],[44.0011,41.1689],[44.0413,41.1826],[44.0613,41.1842]],[[43.5666,41.1241],[43.7297,41.1067]],[[43.4603,41.1045],[43.4701,41.1062],[43.5241,41.1228],[43.5666,41.1241]],[[43.4404,41.1066],[43.4603,41.1045]]]},"properties":{"rank":10}},{"type":"Feature","geometry":{"type":"MultiLineString","coordinates":[[[75.2046,42.8452],[75.1786,42.8497],[75.1181,42.8765],[75.0943,42.8903],[75.0661,42.9026],[75.0054,42.9164],[74.9768,42.9265],[74.9485,42.9448],[74.8629,42.9758],[74.7487,42.99],[74.7139,42.9999],[74.6113,43.0582],[74.597,43.0703],[74.572,43.1022],[74.5582,43.115],[74.5393,43.1229],[74.4982,43.1311],[74.4628,43.1486],[74.4206,43.1518],[74.4006,43.1595],[74.3488,43.191],[74.32,43.2017],[74.287,43.2072],[74.2587,43.2158],[74.2077,43.2498],[74.1788,43.2617]],[[74.1788,43.2617],[74.206,43.2341],[74.2166,43.2169],[74.2139,43.2026],[74.1974,43.1958],[74.0399,43.1819]],[[74.0399,43.1819],[74.0215,43.1863],[73.9854,43.2117],[73.9653,43.2169]],[[73.9653,43.2169],[73.9351,43.1997],[73.9017,43.131],[73.8643,43.1161]],[[73.8643,43.1161],[73.8228,43.1173]],[[73.8228,43.1173],[73.8056,43.1147],[73.6341,43.0625],[73.5867,43.0423],[73.5709,43.0319],[73.5597,43.0173],[73.5217,42.9362],[73.5012,42.9093],[73.493,42.895],[73.4895,42.8778],[73.492,42.861],[73.5043,42.8276],[73.5071,42.8094],[73.5036,42.7941],[73.4239,42.6628],[73.4127,42.6273],[73.41,42.5896],[73.4176,42.5562],[73.433,42.5248],[73.5055,42.4209],[73.5051,42.4029],[73.4769,42.3991]],[[77.3281,42.8976],[77.2296,42.9098],[77.1951,42.9101],[77.1787,42.9132],[77.1637,42.922],[77.1351,42.9517],[77.124,42.9589],[77.0899,42.9682],[76.9764,42.9822],[76.9569,42.9885]],[[76.9569,42.9885],[76.9373,42.986],[76.8977,42.9745],[76.8534,42.9741],[76.8335,42.9717],[76.8142,42.9615],[76.793,42.9431],[76.7852,42.9397],[76.7795,42.9393]],[[76.7795,42.9393],[76.7613,42.9421]],[[76.7613,42.9421],[76.7539,42.9408],[76.7504,42.9326],[76.7463,42.9289],[76.7079,42.9137],[76.6888,42.9103]],[[75.9991,42.9176],[75.9766,42.9187],[75.898,42.9357],[75.859,42.9398]],[[75.859,42.9398],[75.7972,42.9362],[75.7821,42.9333],[75.7706,42.9256],[75.7382,42.8616],[75.7276,42.8487],[75.7038,42.8305],[75.6753,42.8154],[75.6462,42.8061],[75.6204,42.8053]],[[76.1638,42.9212],[76.0906,42.9343]],[[76.0906,42.9343],[76.0645,42.934],[75.9991,42.9176]],[[77.4618,42.9144],[77.434,42.9214],[77.4186,42.9222]],[[77.4186,42.9222],[77.4033,42.9198],[77.3609,42.9045],[77.3281,42.8976]],[[76.3405,42.9017],[76.2545,42.9212]],[[76.2545,42.9212],[76.1638,42.9212]],[[76.585,42.8948],[76.5588,42.8982],[76.5069,42.9145],[76.4805,42.917]],[[76.4805,42.917],[76.4619,42.911],[76.4321,42.8896],[76.4141,42.8855]],[[77.5744,42.8878],[77.5578,42.8881],[77.5385,42.8963],[77.521,42.9069],[77.5016,42.9145]],[[77.5016,42.9145],[77.4618,42.9144]],[[76.6888,42.9103],[76.6443,42.9111]],[[76.6443,42.9111],[76.6059,42.8985],[76.585,42.8948]],[[76.4141,42.8855],[76.4045,42.8892],[76.3933,42.9053],[76.383,42.9101]],[[76.383,42.9101],[76.371,42.9096],[76.3511,42.9029],[76.3405,42.9017]],[[77.81,42.8713],[77.7982,42.8775],[77.7812,42.8956],[77.7138,42.9076],[77.6478,42.9095]],[[77.6478,42.9095],[77.6269,42.9066],[77.5744,42.8878]],[[78.0306,42.8547],[77.9862,42.8602],[77.9293,42.885],[77.907,42.8913],[77.8839,42.8932]],[[77.8839,42.8932],[77.8612,42.8908],[77.8356,42.8798],[77.81,42.8713]],[[79.0309,42.7562],[78.9929,42.7571],[78.9543,42.7684],[78.8881,42.7712],[78.8079,42.7956],[78.6871,42.8046],[78.67,42.8112],[78.6354,42.8325],[78.5943,42.8502],[78.4961,42.8756],[78.4296,42.8807]],[[78.4296,42.8807],[78.3855,42.8782],[78.3647,42.8725],[78.3284,42.8553],[78.3112,42.8505]],[[78.3112,42.8505],[78.2901,42.8514],[78.2491,42.8624],[78.2298,42.865]],[[78.2298,42.865],[78.1836,42.8601]],[[78.1836,42.8601],[78.1379,42.862]],[[78.1379,42.862],[78.0306,42.8547]],[[75.4966,42.8239],[75.2712,42.8458]],[[75.2712,42.8458],[75.2046,42.8452]],[[72.1049,42.7503],[72.0727,42.7572],[71.957,42.8046],[71.8954,42.816],[71.8477,42.8341]],[[71.8477,42.8341],[71.8314,42.8316],[71.7967,42.8223],[71.7264,42.8197],[71.6935,42.8118],[71.5836,42.7596],[71.5663,42.7572]],[[75.6204,42.8053],[75.5559,42.8252],[75.536,42.827]],[[75.536,42.827],[75.4966,42.8239]],[[71.4771,42.7835],[71.4288,42.7956]],[[71.4288,42.7956],[71.4046,42.7949],[71.3869,42.7831],[71.3763,42.7683],[71.3631,42.7541],[71.3476,42.7428],[71.3298,42.737]],[[79.5719,42.4495],[79.4764,42.454],[79.4257,42.4696],[79.3984,42.4969],[79.353,42.5773],[79.3213,42.6022],[79.2421,42.6298],[79.2064,42.6565],[79.1922,42.6748],[79.1819,42.6936],[79.1761,42.7139],[79.1751,42.737],[79.1808,42.7755],[79.1734,42.7856],[79.1483,42.791]],[[79.1483,42.791],[79.1088,42.7853],[79.0309,42.7562]],[[71.5663,42.7572],[71.5538,42.7609],[71.5143,42.7857],[71.5042,42.7896]],[[71.5042,42.7896],[71.4937,42.7889],[71.4771,42.7835]],[[72.5118,42.6776],[72.4767,42.6826],[72.3584,42.7414],[72.2924,42.7611],[72.1641,42.7651]],[[72.1641,42.7651],[72.1488,42.762],[72.12,42.7518],[72.1049,42.7503]],[[71.3298,42.737],[71.3085,42.7401],[71.2847,42.7484],[71.2625,42.7536]],[[71.2625,42.7536],[71.2454,42.7471],[71.2238,42.7179],[71.2114,42.7052],[71.1952,42.6972],[71.1575,42.6879],[71.149,42.6779],[71.1464,42.6569],[71.1481,42.6174],[71.1428,42.6025],[71.127,42.5906],[71.0407,42.5805],[71.0032,42.5635],[71.0127,42.526],[71.0227,42.5164],[71.0577,42.4934]],[[72.9423,42.536],[72.9083,42.537],[72.8745,42.544],[72.8408,42.5557],[72.8152,42.573],[72.7806,42.6204],[72.7569,42.6402],[72.7258,42.6529],[72.5838,42.6783]],[[72.5838,42.6783],[72.5118,42.6776]],[[73.4769,42.3991],[73.4175,42.4171],[73.3262,42.4287],[73.3144,42.4416],[73.3134,42.4632],[73.3166,42.4937],[73.3014,42.5071],[73.2783,42.5134],[73.2068,42.5172],[73.1891,42.5208],[73.1727,42.5278],[73.1527,42.5392],[73.1151,42.5508],[73.0706,42.5519]],[[73.0706,42.5519],[72.9423,42.536]],[[71.0579,42.4934],[71.0663,42.4821],[71.0642,42.4703],[71.0547,42.4604],[71.041,42.4548]],[[71.0577,42.4934],[71.0579,42.4934]],[[71.041,42.4548],[71.0247,42.456],[70.9771,42.4788]],[[70.9771,42.4788],[70.962,42.4681],[70.9476,42.4513],[70.9361,42.4316],[70.9299,42.4123],[70.9318,42.4015],[70.9374,42.3948],[70.9398,42.3878],[70.9327,42.3762],[70.9004,42.3467],[70.8648,42.3216],[70.8527,42.3061],[70.8581,42.2911],[70.8978,42.2616],[70.9186,42.2534],[70.9478,42.2481]],[[80.0,42.3628],[79.974,42.3915],[79.9601,42.4035],[79.9179,42.4244],[79.6965,42.4598],[79.6525,42.4611]],[[79.6525,42.4611],[79.5719,42.4495]]]},"properties":{"rank":10}},{"type":"Feature","geometry":{"type":"MultiLineString","coordinates":[[[8.8242,54.9059],[8.9041,54.8979],[8.9827,54.8793],[9.1948,54.8504],[9.2115,54.8418],[9.2161,54.8317],[9.2191,54.8178],[9.2264,54.8059],[9.2441,54.8018],[9.317,54.8016]],[[8.7328,54.8891],[8.8009,54.9038],[8.8242,54.9059]],[[8.6608,54.8963],[8.6959,54.89],[8.7328,54.8891]],[[9.385,54.8194],[9.4052,54.8084],[9.4221,54.8073]],[[9.317,54.8016],[9.332,54.8032],[9.3417,54.8091],[9.356,54.8113],[9.367,54.817],[9.385,54.8194]],[[9.4221,54.8073],[9.4375,54.8104]]]},"properties":{"rank":10}},{"type":"Feature","geometry":{"type":"MultiLineString","coordinates":[[[10.6836,31.957],[10.7031,31.9622],[10.7366,31.9854],[10.7729,32.0045],[10.8056,32.0324],[10.8459,32.1118],[10.8732,32.1367],[11.444,32.3685],[11.5139,32.408],[11.5464,32.4343],[11.5641,32.4655],[11.5606,32.5076],[11.5374,32.5435],[11.4704,32.5993],[11.4499,32.638],[11.4492,32.693],[11.4638,32.7985],[11.4565,32.9021],[11.4744,32.9699],[11.4749,33.0258],[11.4774,33.0412],[11.506,33.1364],[11.5051,33.1812]],[[10.6285,31.9741],[10.6473,31.972],[10.6653,31.9632],[10.6836,31.957]],[[10.4278,31.7146],[10.4825,31.7331],[10.4989,31.7443],[10.5135,31.757],[10.5255,31.7721],[10.5424,31.8066],[10.5846,31.8403],[10.5976,31.8735],[10.6059,31.9536],[10.6285,31.9741]],[[10.3154,31.7158],[10.4278,31.7146]],[[9.5197,30.2289],[9.7435,30.3313],[9.7729,30.3381],[9.8458,30.3423],[9.8713,30.3552],[9.9956,30.4945],[10.1012,30.6417],[10.1922,30.7313],[10.2539,30.8418],[10.2697,30.8821],[10.2702,30.9156],[10.245,30.9857],[10.2406,31.0212],[10.2462,31.0596],[10.2448,31.0782],[10.2132,31.1354],[10.1827,31.2408],[10.1081,31.4118],[10.1062,31.4292],[10.1169,31.4944],[10.1326,31.5176],[10.1965,31.5786],[10.264,31.6805],[10.3154,31.7158]]]},"properties":{"rank":10}},{"type":"Feature","geometry":{"type":"MultiLineString","coordinates":[[[45.0024,41.2905],[45.0394,41.2312],[45.0293,41.2101],[45.0349,41.1977],[45.052,41.1921],[45.1173,41.1921],[45.1344,41.1879],[45.1868,41.1569],[45.1998,41.1427],[45.201,41.1267],[45.1667,41.1078]],[[45.1667,41.1078],[45.0678,41.1109]],[[45.0678,41.1109],[45.0572,41.0788],[45.07,41.0621],[45.0917,41.051],[45.111,41.0495]],[[45.12,41.0796],[45.1366,41.0729],[45.1692,41.0472],[45.1897,41.0375],[45.2052,41.0249],[45.2216,41.0144],[45.2687,41.0103],[45.3126,40.9966],[45.3354,40.9938]],[[45.111,41.0495],[45.1171,41.0614],[45.12,41.0796]],[[45.4191,41.0173],[45.4252,40.9937],[45.4164,40.9613],[45.4287,40.9512],[45.4528,40.9464],[45.4793,40.9299],[45.5221,40.8882],[45.5379,40.8759],[45.5582,40.8709],[45.5818,40.8697],[45.5992,40.8627],[45.601,40.8406],[45.5822,40.7994],[45.5559,40.7766],[45.4379,40.7334],[45.3988,40.7089],[45.3736,40.6753],[45.3735,40.6327],[45.3878,40.6095],[45.407,40.5951],[45.4272,40.583],[45.4446,40.5664],[45.4486,40.5565],[45.4508,40.5344],[45.4554,40.5236],[45.4647,40.5157],[45.4854,40.5053],[45.5262,40.441],[45.5854,40.3987],[45.8184,40.2978],[45.8617,40.2613],[45.8817,40.2604]],[[45.3354,40.9938],[45.3915,41.0151],[45.4191,41.0173]],[[45.9246,40.2662],[45.9392,40.2603],[45.9536,40.2496],[45.9792,40.2236],[45.9811,40.2178],[45.9811,40.206],[45.963,40.1417],[45.9508,40.1172],[45.9317,40.0976],[45.9095,40.0827],[45.9058,40.0751],[45.894,40.0291],[45.8872,40.0184],[45.8738,40.0098],[45.8039,40.0045]],[[45.8817,40.2604],[45.9027,40.2651],[45.9246,40.2662]],[[45.8039,40.0045],[45.6396,40.0254]],[[45.6396,40.0254],[45.5763,39.9939],[45.5794,39.9702],[45.6111,39.9592],[45.7154,39.9509],[45.7428,39.9405],[45.7644,39.9221],[45.8168,39.8392],[45.8619,39.8045],[45.9161,39.7832],[45.9792,39.7685],[46.0066,39.7479],[46.0451,39.6876],[46.0765,39.6681],[46.1145,39.6596],[46.1317,39.6522],[46.1461,39.6385],[46.1696,39.6041],[46.1842,39.5932],[46.2065,39.5879]],[[46.3095,39.6205],[46.3437,39.6186],[46.3579,39.6097],[46.3814,39.585],[46.3964,39.5767],[46.4162,39.574]],[[46.2065,39.5879],[46.2412,39.5935],[46.3095,39.6205]],[[46.4793,39.5787],[46.4954,39.5759],[46.512,39.5676],[46.5243,39.5546],[46.5273,39.5382],[46.5183,39.5254],[46.5037,39.5185],[46.492,39.5102],[46.4917,39.4937],[46.4986,39.4831],[46.4982,39.4738],[46.4914,39.4664],[46.4793,39.4619],[46.4057,39.4512],[46.374,39.436],[46.3609,39.4103],[46.3746,39.3788],[46.4074,39.3591],[46.4793,39.3342],[46.4953,39.324],[46.5027,39.3095],[46.5079,39.2936],[46.5177,39.2788],[46.5418,39.2591],[46.5911,39.2311],[46.5979,39.2251],[46.6026,39.2155],[46.5938,39.2121],[46.5728,39.2115],[46.5264,39.1858],[46.5141,39.1844]],[[46.4162,39.574],[46.4793,39.5787]],[[46.5141,39.1844],[46.4534,39.2084],[46.4183,39.2119]],[[46.4183,39.2119],[46.3953,39.1952],[46.3963,39.1644],[46.4218,39.1446],[46.4551,39.1299],[46.4793,39.1148],[46.4919,39.0819],[46.4975,39.0535],[46.4946,39.0255],[46.4815,38.9938],[46.4758,38.9756],[46.4741,38.9632],[46.4751,38.9511],[46.4793,38.9394],[46.514,38.8822]]]},"properties":{"rank":10}},{"type":"Feature","geometry":{"type":"MultiLineString","coordinates":[[[45.0335,39.7704],[45.0675,39.7572],[45.1413,39.6844],[45.1515,39.6677],[45.1559,39.6492],[45.1542,39.6259],[45.1444,39.5898],[45.1483,39.5753],[45.1679,39.5655]],[[44.8931,39.7184],[44.9272,39.7247],[44.9591,39.7385],[44.996,39.7605],[45.0335,39.7704]],[[44.8493,39.7189],[44.8931,39.7184]],[[44.7746,39.7028],[44.8029,39.7124],[44.8493,39.7189]],[[45.26,39.5997],[45.2911,39.5659],[45.3029,39.5451],[45.313,39.5338],[45.3275,39.5293],[45.3749,39.5259],[45.3924,39.5188],[45.4241,39.4937],[45.4348,39.4889],[45.4461,39.4875]],[[45.1679,39.5655],[45.2048,39.5723],[45.2332,39.5927],[45.26,39.5997]],[[45.7379,39.5698],[45.7655,39.5616],[45.7881,39.549],[45.7971,39.5363],[45.7973,39.5194],[45.794,39.4939],[45.8031,39.4482],[45.7986,39.4324],[45.765,39.3895],[45.7586,39.3695],[45.767,39.3544],[45.8237,39.3431],[45.8443,39.3301],[45.8633,39.314],[45.8872,39.2997],[45.9588,39.2724],[45.9792,39.2573],[45.9858,39.2494],[45.9881,39.2419],[45.986,39.2347],[45.9551,39.2032],[45.949,39.1778],[45.9581,39.1515],[45.9792,39.1244],[46.0052,39.0954],[46.0255,39.0638],[46.0776,38.9505],[46.1359,38.8637]],[[45.4461,39.4875],[45.4575,39.4893],[45.4793,39.4972],[45.5597,39.5368],[45.5864,39.5454],[45.7147,39.5695],[45.7379,39.5698]]]},"properties":{"rank":10}},{"type":"Feature","geometry":{"type":"MultiLineString","coordinates":[[[22.563,47.7572],[22.6012,47.7609],[22.6377,47.7716],[22.667,47.7888],[22.6917,47.8107],[22.7039,47.8172],[22.7242,47.8235],[22.7458,47.825],[22.7518,47.8277],[22.7603,47.8389],[22.7583,47.8462],[22.7533,47.8527],[22.7529,47.8612],[22.7636,47.8748],[22.7796,47.8823],[22.8197,47.8923],[22.8361,47.9025],[22.8612,47.9338],[22.8776,47.9467]],[[22.4544,47.7874],[22.5285,47.761],[22.563,47.7572]],[[22.3683,47.7312],[22.3826,47.732],[22.3959,47.7357],[22.4073,47.7431],[22.4237,47.7826],[22.4544,47.7874]],[[22.3221,47.7359],[22.3683,47.7312]],[[21.3744,46.6184],[21.396,46.6264],[21.4168,46.6452],[21.4255,46.662],[21.4362,46.6737],[21.4635,46.677],[21.4836,46.6849],[21.5018,46.7035],[21.5052,46.7232],[21.4782,46.7359],[21.4705,46.743],[21.4737,46.7549],[21.4815,46.765],[21.5029,46.8053],[21.5157,46.8216],[21.5366,46.835],[21.5731,46.8418],[21.5834,46.8479],[21.5918,46.8607],[21.5915,46.8715],[21.5881,46.8822],[21.5871,46.8944],[21.5899,46.9089],[21.5944,46.91],[21.6401,46.9357],[21.6485,46.943],[21.6675,46.9924],[21.6714,46.9934],[21.6618,47.0061],[21.6548,47.0099],[21.6366,47.0141],[21.6328,47.0227],[21.6719,47.0547],[21.6942,47.0692],[21.7435,47.0916],[21.7638,47.1052],[21.7705,47.114],[21.7754,47.1317],[21.7799,47.1407],[21.7894,47.1503],[21.8115,47.1647],[21.8199,47.1727],[21.826,47.1851],[21.8257,47.1943],[21.8233,47.2033],[21.8236,47.2149],[21.8277,47.226],[21.8446,47.2499],[21.8561,47.2857],[21.8622,47.2974],[21.9008,47.3357],[21.919,47.3497],[21.937,47.3572],[21.9815,47.3661],[22.0016,47.3938],[22.0002,47.4272],[21.9915,47.4618],[21.9889,47.4929],[22.0079,47.5174],[22.0374,47.5393],[22.0996,47.5709],[22.1485,47.5793],[22.1621,47.5862],[22.1674,47.5938],[22.1698,47.6088],[22.1728,47.6154],[22.1976,47.6393],[22.2042,47.6663],[22.2079,47.6737],[22.2152,47.6799],[22.2398,47.6935],[22.2617,47.7158],[22.2731,47.7238],[22.2916,47.7307],[22.3094,47.735],[22.3221,47.7359]],[[21.3376,46.6204],[21.3744,46.6184]],[[21.1349,46.2785],[21.1445,46.2837],[21.1559,46.2989],[21.1645,46.3183],[21.1687,46.3628],[21.1788,46.3845],[21.1956,46.3981],[21.2152,46.4029],[21.2575,46.4042],[21.2807,46.4164],[21.2744,46.4384],[21.2451,46.4769],[21.2476,46.4975],[21.2617,46.5133],[21.2789,46.5284],[21.2913,46.5467],[21.2953,46.585],[21.301,46.6039],[21.3162,46.6166],[21.3376,46.6204]],[[21.1056,46.2787],[21.1349,46.2785]],[[21.0335,46.2313],[21.0515,46.2361],[21.0992,46.2763],[21.1056,46.2787]],[[20.8196,46.2717],[20.8397,46.2711],[20.849,46.2678],[20.867,46.2571],[20.8751,46.2544]],[[20.7366,46.1867],[20.7447,46.1923],[20.7448,46.2003],[20.7355,46.2225],[20.735,46.2319],[20.7393,46.2375],[20.7785,46.2601],[20.7987,46.2676],[20.8196,46.2717]],[[20.9066,46.2622],[20.9244,46.2596],[20.9617,46.2483]],[[20.8751,46.2544],[20.8851,46.255],[20.9066,46.2622]],[[20.9992,46.2516],[21.007,46.2489],[21.0139,46.2431],[21.0335,46.2313]],[[20.9617,46.2483],[20.9815,46.2489],[20.9906,46.2516],[20.9992,46.2516]],[[20.7178,46.19],[20.7366,46.1867]],[[20.6076,46.1295],[20.664,46.1378],[20.6835,46.1447],[20.6988,46.1565],[20.7042,46.1663],[20.7053,46.1806],[20.7103,46.1881],[20.7178,46.19]],[[20.4685,46.1741],[20.5094,46.1677],[20.549,46.1562],[20.5781,46.1375],[20.588,46.1328],[20.6001,46.1296],[20.6076,46.1295]],[[20.2428,46.1081],[20.2832,46.1438],[20.4442,46.1469],[20.4685,46.1741]]]},"properties":{"rank":10}},{"type":"Feature","geometry":{"type":"MultiLineString","coordinates":[[[70.9359,42.0369],[70.9771,42.0442],[71.1184,42.1229],[71.201,42.1408],[71.2382,42.1602],[71.2532,42.1976],[71.2179,42.2064],[71.0776,42.2812],[71.0458,42.291]],[[71.0458,42.291],[71.014,42.2877],[70.9696,42.2635],[70.9478,42.2481]],[[70.8867,42.0385],[70.9359,42.0369]],[[70.4772,41.4047],[70.4532,41.4055],[70.4381,41.4161],[70.4136,41.4507],[70.399,41.465],[70.3822,41.4764],[70.3444,41.4938],[70.2034,41.5056],[70.1665,41.5202],[70.1483,41.5525],[70.1693,41.5783],[70.3312,41.6496],[70.3908,41.6851],[70.4235,41.6969],[70.4537,41.7121],[70.4772,41.7384],[70.5065,41.7856],[70.5501,41.8241],[70.6489,41.8874],[70.6797,41.9011],[70.7793,41.9097],[70.814,41.9195],[70.8251,41.9363],[70.8281,41.9937],[70.8455,42.0304],[70.8867,42.0385]],[[71.6814,41.4228],[71.6719,41.4255],[71.6711,41.4376],[71.6895,41.4938],[71.6894,41.5146],[71.6841,41.5341],[71.6714,41.5474],[71.6495,41.5499]],[[71.6495,41.5499],[71.6274,41.5432],[71.6153,41.5321],[71.5955,41.4938],[71.6056,41.4768],[71.6337,41.4496],[71.6374,41.4313],[71.6331,41.4113],[71.6188,41.3778],[71.5855,41.3235],[71.5579,41.3017],[71.5238,41.2967]],[[70.7704,41.2385],[70.758,41.2522],[70.7563,41.2696],[70.7711,41.331],[70.7692,41.3521],[70.7597,41.3725],[70.7036,41.4455],[70.6867,41.4625],[70.6678,41.4714]],[[70.6678,41.4714],[70.6338,41.4675],[70.5113,41.4145],[70.4772,41.4047]],[[71.8977,41.1849],[71.8716,41.1945],[71.8663,41.2366],[71.8688,41.2792],[71.863,41.3122],[71.847,41.3418],[71.7532,41.4473],[71.7452,41.4528],[71.7368,41.4554]],[[71.7368,41.4554],[71.7304,41.4512],[71.7297,41.4301],[71.7216,41.4248]],[[71.7216,41.4248],[71.7122,41.428],[71.7069,41.4441],[71.6961,41.4474]],[[71.6961,41.4474],[71.6915,41.4419],[71.6873,41.431],[71.6814,41.4228]],[[71.5238,41.2967],[71.4806,41.3108],[71.4325,41.3448],[71.4188,41.3474]],[[71.4188,41.3474],[71.4126,41.3347],[71.4215,41.1621],[71.4161,41.1274],[71.3937,41.1127]],[[70.9342,41.1914],[70.9142,41.193],[70.896,41.2061],[70.8822,41.2205],[70.8657,41.2332],[70.8477,41.2431],[70.8285,41.2491]],[[70.8285,41.2491],[70.806,41.2475],[70.7866,41.2404],[70.7704,41.2385]],[[72.1651,40.9994],[72.1788,41.0232],[72.1856,41.0411],[72.1856,41.0606],[72.1764,41.1129],[72.1746,41.1414],[72.1699,41.1687],[72.1584,41.1879],[72.1329,41.1993]],[[72.1329,41.1993],[72.1085,41.1964],[72.0852,41.1849],[72.0636,41.1702],[72.0338,41.1566]],[[71.1801,41.1081],[71.1644,41.1162],[71.1391,41.1484],[71.1231,41.1582],[71.0858,41.162],[71.0676,41.1697],[71.047,41.182],[71.0247,41.1898],[70.9771,41.1963]],[[70.9771,41.1963],[70.9342,41.1914]],[[72.0338,41.1566],[72.0165,41.1635],[72.0012,41.18],[71.977,41.1952]],[[71.977,41.1952],[71.8977,41.1849]],[[71.2761,41.1132],[71.2634,41.1235],[71.2538,41.1375],[71.2415,41.1752],[71.2302,41.1873],[71.2064,41.1888]],[[71.2064,41.1888],[71.1857,41.1802],[71.183,41.1664],[71.1879,41.1484],[71.1899,41.1275],[71.1801,41.1081]],[[71.3937,41.1127],[71.3252,41.1573]],[[71.3252,41.1573],[71.3002,41.133],[71.2895,41.1139],[71.2761,41.1132]],[[72.7012,40.8632],[72.6582,40.8672],[72.6195,40.8801],[72.5885,40.9058],[72.5456,40.9565],[72.5262,40.9622],[72.5014,40.9635],[72.4834,40.9706],[72.4836,40.9935],[72.4852,40.9996],[72.4847,41.0047],[72.4819,41.0088],[72.4767,41.0118],[72.4235,41.0157],[72.3952,41.022],[72.3743,41.032],[72.3457,41.066],[72.3324,41.0728]],[[72.3324,41.0728],[72.3141,41.0617],[72.3088,41.0544],[72.2973,41.0281],[72.2898,41.0235],[72.253,41.0196],[72.1651,40.9994]],[[72.8703,40.8182],[72.873,40.8348],[72.8687,40.8641],[72.8301,40.8721]],[[72.8301,40.8721],[72.7012,40.8632]],[[73.0536,40.8363],[73.0333,40.8472],[73.0194,40.8619],[73.0034,40.8702]],[[73.0034,40.8702],[72.9294,40.8442],[72.8831,40.8196],[72.8703,40.8182]],[[72.7192,40.5649],[72.7484,40.5751],[72.76,40.6418],[72.7839,40.6697],[72.8189,40.6811],[72.891,40.6951],[72.9768,40.7361],[73.0706,40.7625],[73.118,40.7829],[73.1486,40.8137],[73.1434,40.8338],[73.1125,40.8392]],[[73.1125,40.8392],[73.0536,40.8363]],[[72.3816,40.6121],[72.4148,40.5899],[72.4479,40.5605],[72.4767,40.5496],[72.5153,40.5456],[72.5858,40.5087]],[[72.3705,40.3856],[72.3941,40.3894],[72.4144,40.4107],[72.4252,40.436],[72.4262,40.4593],[72.4157,40.4793],[72.3723,40.5033],[72.3635,40.5123],[72.3633,40.5236],[72.37,40.5399],[72.3701,40.5577],[72.3485,40.5854],[72.3519,40.602],[72.3816,40.6121]],[[72.6642,40.5778],[72.6824,40.5777],[72.7192,40.5649]],[[72.5858,40.5087],[72.6255,40.5105],[72.6409,40.5199],[72.6505,40.5322],[72.6551,40.5464],[72.6565,40.5611],[72.6642,40.5778]],[[72.2359,40.4599],[72.2542,40.4583],[72.2636,40.4525],[72.2596,40.4424],[72.2451,40.4387],[72.2281,40.4375],[72.2165,40.4349],[72.2116,40.4256],[72.2244,40.4224]],[[72.0048,40.2373],[72.0189,40.24],[72.0254,40.2509],[72.0198,40.2587],[72.006,40.2658],[71.977,40.2761],[71.9582,40.2865],[71.9511,40.3015],[71.9567,40.3157],[72.0432,40.3493],[72.0696,40.3694],[72.0841,40.3974],[72.0901,40.416],[72.0993,40.4264],[72.1659,40.4544],[72.1827,40.4578],[72.2359,40.4599]],[[72.2696,40.424],[72.2843,40.4199],[72.3434,40.3934],[72.3705,40.3856]],[[72.2244,40.4224],[72.2696,40.424]],[[71.2538,40.3244],[71.2639,40.3182],[71.2832,40.2984],[71.2971,40.2938],[71.3136,40.2927]],[[71.1694,40.2614],[71.201,40.2638],[71.2151,40.2807],[71.224,40.3029],[71.2396,40.3211],[71.2538,40.3244]],[[71.3449,40.2952],[71.3651,40.2941],[71.3966,40.2715],[71.4414,40.2609],[71.451,40.2489],[71.4589,40.2341],[71.4771,40.2208],[71.4984,40.2105],[71.5212,40.2037],[71.5683,40.1966]],[[71.3136,40.2927],[71.3449,40.2952]],[[71.0532,40.2742],[71.1694,40.2614]],[[70.959,40.2384],[70.9951,40.2666],[71.0532,40.2742]],[[71.6283,40.2589],[71.646,40.2471],[71.6602,40.2245],[71.6672,40.2042],[71.6669,40.1631],[71.6731,40.1479],[71.6933,40.1411]],[[71.5683,40.1966],[71.593,40.1984],[71.6017,40.2099],[71.604,40.2273],[71.6101,40.2464],[71.6283,40.2589]],[[71.873,40.2508],[71.9123,40.2434],[71.9518,40.2409]],[[71.6933,40.1411],[71.7072,40.1443],[71.7598,40.1681],[71.7759,40.1799],[71.7868,40.1935],[71.8055,40.2253],[71.8365,40.2492],[71.873,40.2508]],[[71.9692,40.2444],[71.989,40.2393],[72.0048,40.2373]],[[71.9518,40.2409],[71.9692,40.2444]]]},"properties":{"rank":10}},{"type":"Feature","geometry":{"type":"MultiLineString","coordinates":[[[19.4434,49.6018],[19.4573,49.5981],[19.4742,49.5787],[19.4817,49.5735],[19.5052,49.5634],[19.5173,49.5433],[19.5355,49.4928],[19.5516,49.461],[19.5568,49.4539],[19.5739,49.4453],[19.5948,49.4416],[19.6348,49.4413],[19.6302,49.435],[19.6286,49.4296],[19.6292,49.4139],[19.627,49.4019],[19.6845,49.3891],[19.7063,49.3875]],[[19.315,49.524],[19.3395,49.5288],[19.3471,49.533],[19.4338,49.5952],[19.4376,49.6001],[19.4434,49.6018]],[[19.2842,49.5242],[19.315,49.524]],[[19.1166,49.3909],[19.1417,49.3942],[19.1725,49.4023],[19.1797,49.4103],[19.1823,49.4227],[19.1894,49.4422],[19.2045,49.4428],[19.209,49.445],[19.2114,49.4517],[19.2094,49.4564],[19.2044,49.4605],[19.2205,49.493],[19.2341,49.5072],[19.2487,49.5163],[19.265,49.5215],[19.2842,49.5242]],[[18.8332,49.5103],[18.9322,49.5043],[18.9611,49.4928],[18.9524,49.4759],[18.9534,49.4617],[18.9583,49.4481],[18.9608,49.4333],[18.9567,49.4004],[18.9623,49.3892],[18.9818,49.3868]],[[21.2605,49.4494],[21.2744,49.4473],[21.3304,49.4278],[21.4279,49.4098]],[[21.1726,49.3983],[21.1941,49.4006],[21.2112,49.4111],[21.2425,49.4413],[21.2605,49.4494]],[[21.6012,49.4265],[21.6199,49.4233],[21.63,49.4189],[21.6486,49.4071],[21.6588,49.4025],[21.6663,49.4018]],[[21.4962,49.4124],[21.5296,49.4212],[21.6012,49.4265]],[[21.1094,49.4246],[21.1249,49.4237],[21.143,49.4155],[21.1573,49.4052],[21.1726,49.3983]],[[20.919,49.2903],[20.9424,49.2959],[20.964,49.3081],[20.9967,49.3394],[21.0172,49.3524],[21.0725,49.3572],[21.0807,49.3663],[21.0685,49.3814],[21.0455,49.3906],[21.0333,49.3997],[21.0535,49.4145],[21.0688,49.4192],[21.1094,49.4246]],[[21.4815,49.4152],[21.4962,49.4124]],[[21.4279,49.4098],[21.4444,49.4099],[21.4815,49.4152]],[[19.0676,49.4061],[19.0768,49.4041],[19.1063,49.3914],[19.1166,49.3909]],[[18.9818,49.3868],[19.0071,49.3881],[19.0458,49.4028],[19.0676,49.4061]],[[21.6818,49.4041],[21.6917,49.4022],[21.7086,49.3909],[21.7422,49.3571],[21.7576,49.3489]],[[21.6663,49.4018],[21.6818,49.4041]],[[20.4375,49.4025],[20.5221,49.3744],[20.544,49.3708]],[[20.3705,49.3817],[20.4221,49.383],[20.4219,49.4002],[20.4375,49.4025]],[[20.6739,49.4023],[20.6895,49.4005],[20.7783,49.3312],[20.7941,49.3237],[20.8165,49.3214]],[[20.6361,49.3983],[20.6739,49.4023]],[[20.6145,49.4004],[20.6361,49.3983]],[[20.544,49.3708],[20.5677,49.3764],[20.5791,49.3834],[20.5951,49.3963],[20.6053,49.4],[20.6145,49.4004]],[[19.7601,49.3977],[19.7693,49.3931],[19.7786,49.3742],[19.7836,49.3576],[19.7895,49.3092],[19.788,49.3051],[19.7803,49.2976],[19.7797,49.2934],[19.7832,49.29],[19.797,49.2833],[19.8068,49.2752],[19.8086,49.2709],[19.8063,49.2653],[19.7896,49.2595],[19.7518,49.2191],[19.7478,49.2059],[19.7607,49.1942],[19.7859,49.1882],[19.832,49.1859]],[[19.7063,49.3875],[19.7266,49.3889],[19.7601,49.3977]],[[20.3295,49.3918],[20.3705,49.3817]],[[20.1604,49.3056],[20.192,49.3286],[20.2072,49.3342],[20.2844,49.3386],[20.2893,49.3431],[20.2965,49.3569],[20.3037,49.3804],[20.3074,49.3866],[20.3177,49.3916],[20.3295,49.3918]],[[21.8196,49.3772],[21.8379,49.3704],[21.8746,49.3484],[21.9284,49.3308],[21.9645,49.3086],[21.9932,49.2782],[22.0058,49.2429],[22.0124,49.2111],[22.0408,49.1975],[22.1115,49.1886],[22.1441,49.1749],[22.1557,49.1715],[22.1657,49.1711]],[[21.7576,49.3489],[21.768,49.3535],[21.7822,49.3645],[21.7994,49.3748],[21.8196,49.3772]],[[20.8336,49.3221],[20.8493,49.3205],[20.9006,49.2926],[20.919,49.2903]],[[20.8165,49.3214],[20.8336,49.3221]],[[20.1359,49.3089],[20.1383,49.3073],[20.1604,49.3056]],[[20.0505,49.1732],[20.07,49.1831],[20.0804,49.2081],[20.086,49.243],[20.0984,49.2529],[20.1111,49.2759],[20.1302,49.3039],[20.1359,49.3089]],[[19.9379,49.2251],[19.9657,49.2157],[20.0173,49.1839],[20.0505,49.1732]],[[19.832,49.1859],[19.8542,49.1913],[19.8878,49.214],[19.9059,49.2228],[19.9379,49.2251]],[[22.1897,49.173],[22.198,49.172],[22.2089,49.164],[22.209,49.1569],[22.2062,49.1505],[22.2085,49.1442],[22.2159,49.14],[22.2629,49.1306]],[[22.1657,49.1711],[22.1897,49.173]],[[22.3182,49.132],[22.3394,49.1265],[22.3901,49.093],[22.4268,49.0856],[22.505,49.0834],[22.5396,49.0722]],[[22.2629,49.1306],[22.3182,49.132]]]},"properties":{"rank":10}},{"type":"Feature","geometry":{"type":"MultiLineString","coordinates":[[[-7.2471,55.0693],[-7.2665,55.0652],[-7.2912,55.0466],[-7.355,55.0409],[-7.367,55.0356],[-7.377,55.0289],[-7.4053,55.0036],[-7.4011,54.9948],[-7.4091,54.992],[-7.4131,54.985],[-7.4074,54.9594],[-7.4087,54.9511],[-7.4171,54.9431],[-7.437,54.9383],[-7.4453,54.9322],[-7.449,54.9203],[-7.4447,54.8949],[-7.4447,54.8845],[-7.4551,54.863],[-7.4708,54.8453],[-7.5434,54.7931],[-7.5497,54.7796],[-7.5517,54.7547],[-7.5484,54.7472],[-7.543,54.7438],[-7.5431,54.7417],[-7.5561,54.7384]],[[-7.6154,54.7393],[-7.6497,54.7449]],[[-7.6497,54.7449],[-7.6675,54.7388],[-7.7023,54.7189],[-7.7366,54.7075],[-7.7705,54.706]],[[-7.5561,54.7384],[-7.5666,54.7387],[-7.5854,54.7447]],[[-7.5854,54.7447],[-7.6154,54.7393]],[[-7.7705,54.706],[-7.8036,54.7161],[-7.8322,54.7306],[-7.8459,54.731]],[[-7.8459,54.731],[-7.8801,54.711],[-7.9297,54.6967],[-7.9071,54.6867],[-7.9148,54.6717],[-7.9066,54.6613],[-7.8901,54.6551],[-7.8728,54.6522],[-7.8643,54.6491],[-7.8543,54.6364],[-7.8464,54.6314],[-7.838,54.6312]],[[-7.815,54.6395],[-7.8012,54.6348],[-7.7692,54.618],[-7.7536,54.6145]],[[-7.838,54.6312],[-7.8225,54.6381],[-7.815,54.6395]],[[-7.7212,54.6259],[-7.7106,54.6243],[-7.7079,54.6042],[-7.7493,54.5962],[-7.8488,54.5409],[-7.8871,54.5321]],[[-7.7536,54.6145],[-7.7368,54.6193],[-7.7212,54.6259]],[[-7.8871,54.5321],[-7.9264,54.5331],[-8.0022,54.5434]],[[-8.0022,54.5434],[-8.0233,54.5297],[-8.0436,54.5122],[-8.0559,54.4976],[-8.0724,54.4871],[-8.097,54.4786],[-8.1502,54.4694],[-8.1738,54.4617],[-8.1612,54.4548],[-8.156,54.4391],[-8.1463,54.4307],[-8.1224,54.4152],[-8.0799,54.3802],[-8.0565,54.3659],[-8.0313,54.358],[-8.0022,54.3579],[-7.981,54.3266],[-7.968,54.3122],[-7.9508,54.3009],[-7.9341,54.297],[-7.895,54.2936],[-7.8803,54.287],[-7.8736,54.2711],[-7.8697,54.2269],[-7.8564,54.2114],[-7.837,54.2043],[-7.7821,54.2]],[[-7.0178,54.4132],[-6.9841,54.4031],[-6.922,54.3727],[-6.9151,54.3659],[-6.906,54.349],[-6.8979,54.3462],[-6.886,54.3456],[-6.8797,54.3416],[-6.8584,54.3073],[-6.8567,54.2928],[-6.8647,54.2827],[-6.8822,54.2773],[-6.8467,54.2665],[-6.8377,54.2605],[-6.8239,54.2323],[-6.8074,54.2163],[-6.7878,54.203],[-6.7665,54.1924],[-6.7448,54.1842],[-6.7328,54.1836]],[[-7.1681,54.335],[-7.1599,54.3352],[-7.127,54.3498],[-7.0785,54.3947],[-7.0493,54.4115],[-7.0178,54.4132]],[[-7.1856,54.3369],[-7.1681,54.335]],[[-7.1924,54.3074],[-7.1846,54.3166],[-7.1915,54.3239],[-7.1939,54.33],[-7.1925,54.3347],[-7.1856,54.3369]],[[-7.1937,54.3075],[-7.1924,54.3074]],[[-7.1992,54.3035],[-7.1937,54.3075]],[[-7.2067,54.3049],[-7.1992,54.3035]],[[-7.2938,54.122],[-7.28,54.1262],[-7.2707,54.1323],[-7.2635,54.141],[-7.2609,54.1512],[-7.2654,54.1611],[-7.2458,54.167],[-7.247,54.1723],[-7.2611,54.1809],[-7.2555,54.1909],[-7.2491,54.1974],[-7.2295,54.2075],[-7.1747,54.2161],[-7.1533,54.2242],[-7.1597,54.2407],[-7.1459,54.2521],[-7.1815,54.2698],[-7.1755,54.2837],[-7.209,54.2934],[-7.2115,54.3042],[-7.2067,54.3049]],[[-7.7226,54.2023],[-7.7048,54.2004],[-7.6327,54.1685],[-7.6257,54.1622],[-7.6208,54.145],[-7.609,54.1399],[-7.5023,54.1251]],[[-7.7821,54.2],[-7.7226,54.2023]],[[-6.7065,54.1989],[-6.6947,54.198],[-6.684,54.1944],[-6.663,54.1838],[-6.6403,54.168],[-6.6346,54.1501],[-6.644,54.1318],[-6.6664,54.1148],[-6.6558,54.1033],[-6.6571,54.0919],[-6.6725,54.0684],[-6.6573,54.0611],[-6.6306,54.0418],[-6.6165,54.0373]],[[-6.7328,54.1836],[-6.7172,54.1951],[-6.7065,54.1989]],[[-7.2955,54.1651],[-7.2921,54.1626],[-7.2964,54.1465],[-7.2974,54.1259],[-7.2938,54.122]],[[-7.327,54.1136],[-7.3103,54.1147],[-7.3332,54.1427],[-7.3332,54.1494],[-7.326,54.1546],[-7.2955,54.1651]],[[-7.4396,54.1469],[-7.4147,54.1457],[-7.4258,54.137],[-7.4223,54.1355]],[[-7.5023,54.1251],[-7.4808,54.1277],[-7.4396,54.1469]],[[-7.4122,54.1364],[-7.404,54.135],[-7.3947,54.1219],[-7.3902,54.1212]],[[-7.4223,54.1355],[-7.4122,54.1364]],[[-7.3755,54.1233],[-7.327,54.1136]],[[-7.3902,54.1212],[-7.3755,54.1233]],[[-6.3548,54.1107],[-6.3467,54.1099],[-6.339,54.103],[-6.3271,54.0979]],[[-6.4339,54.0553],[-6.3775,54.0633],[-6.3712,54.0668],[-6.3669,54.0751],[-6.3693,54.0911],[-6.3681,54.0973],[-6.3548,54.1107]],[[-6.2847,54.1052],[-6.2699,54.0979]],[[-6.3271,54.0979],[-6.3138,54.0997],[-6.2996,54.104],[-6.2847,54.1052]],[[-6.4509,54.0684],[-6.4462,54.0624],[-6.4339,54.0553]],[[-6.564,54.049],[-6.4785,54.0677],[-6.4509,54.0684]],[[-6.5872,54.0533],[-6.564,54.049]],[[-6.6165,54.0373],[-6.611,54.0392],[-6.5951,54.0524],[-6.5872,54.0533]]]},"properties":{"rank":10}},{"type":"Feature","geometry":{"type":"MultiLineString","coordinates":[[[15.1079,50.981],[15.0939,50.9854],[15.0821,50.9928],[15.0736,51.0026],[15.023,51.0097],[15.004,51.0207]],[[15.004,51.0207],[15.0012,51.0124],[14.9965,51.0078],[14.9821,51.0012],[14.9707,50.9987],[14.961,50.9927],[14.9652,50.9813],[14.9814,50.9732],[14.9966,50.9592],[14.9978,50.9302],[14.9947,50.9251],[14.9821,50.9147],[14.9811,50.9091],[14.9829,50.9024],[14.9841,50.8677],[14.9821,50.8591]],[[15.3703,50.7726],[15.3561,50.7755],[15.3497,50.7837],[15.3533,50.8033],[15.353,50.813],[15.341,50.8317],[15.3258,50.8397],[15.3077,50.8448],[15.2878,50.8549],[15.2771,50.8657],[15.2654,50.8823],[15.2561,50.8999],[15.2531,50.9141],[15.2601,50.9325],[15.2688,50.943],[15.2698,50.9527],[15.2538,50.969],[15.2271,50.9774],[15.1702,50.978],[15.1608,50.9927],[15.1561,51.0078],[15.1444,51.0116]],[[15.1444,51.0116],[15.1315,51.0058],[15.1225,50.9928],[15.1192,50.9825],[15.1079,50.981]],[[14.9821,50.8591],[14.8679,50.8644]],[[14.8679,50.8644],[14.8317,50.858]],[[14.8317,50.858],[14.8104,50.8584]],[[15.6843,50.7314],[15.6738,50.7335],[15.6665,50.7381],[15.6532,50.751],[15.6419,50.7558],[15.4418,50.8002]],[[15.4418,50.8002],[15.4001,50.798],[15.3908,50.7906],[15.3813,50.78],[15.3703,50.7726]],[[15.8546,50.6737],[15.8482,50.6752],[15.7976,50.7298],[15.7922,50.7427],[15.7674,50.7442]],[[15.7674,50.7442],[15.6843,50.7314]],[[15.982,50.6036],[15.9792,50.6098],[15.982,50.6162],[15.9964,50.6237],[15.9986,50.6356],[15.9932,50.6494],[15.9845,50.6629],[15.9715,50.6786],[15.958,50.6869],[15.9415,50.6884]],[[15.9415,50.6884],[15.8823,50.6742],[15.8546,50.6737]],[[16.3884,50.5213],[16.3912,50.5399],[16.3983,50.5485],[16.3983,50.5518],[16.3945,50.5593],[16.4259,50.5676],[16.4168,50.5866],[16.3316,50.644],[16.3009,50.6551],[16.2683,50.6604],[16.232,50.6609]],[[16.232,50.6609],[16.2191,50.6591],[16.2045,50.6363],[16.1923,50.6266],[16.1755,50.6241]],[[16.1755,50.6241],[16.1603,50.6286],[16.1287,50.644],[16.0865,50.6468]],[[16.0865,50.6468],[16.0245,50.6086],[15.982,50.6036]],[[16.3355,50.4904],[16.3526,50.4928],[16.362,50.5012],[16.3826,50.5142],[16.3912,50.5218]],[[16.3912,50.5218],[16.3884,50.5213]],[[16.3034,50.496],[16.3355,50.4904]],[[16.218,50.4371],[16.2112,50.4513],[16.2173,50.4517],[16.232,50.4568],[16.2474,50.465],[16.265,50.4716],[16.28,50.4799],[16.2877,50.4928],[16.3034,50.496]],[[16.198,50.44],[16.218,50.4371]],[[16.2625,50.3644],[16.2497,50.371],[16.2449,50.3768],[16.232,50.4026],[16.1996,50.4063],[16.1902,50.4242],[16.198,50.44]],[[16.9588,50.4146],[16.9158,50.4311],[16.893,50.4329]],[[16.893,50.4329],[16.8658,50.4224],[16.8659,50.4084],[16.8979,50.3782],[16.9093,50.3599],[16.9167,50.3386],[16.9265,50.3193],[16.9452,50.3069],[16.9696,50.2978],[16.9878,50.2849],[16.9984,50.267],[16.9998,50.2427],[17.0128,50.2317],[17.0148,50.2185],[17.0084,50.21]],[[17.1454,50.3767],[17.1317,50.3768],[17.1189,50.3812],[17.0847,50.398],[16.9819,50.4164]],[[16.9819,50.4164],[16.9588,50.4146]],[[17.2699,50.3178],[17.2461,50.3221],[17.2109,50.3364],[17.201,50.3432],[17.1951,50.3519],[17.1854,50.3757],[17.1876,50.3785],[17.1759,50.3808]],[[17.1759,50.3808],[17.1454,50.3767]],[[16.6606,50.093],[16.6187,50.107],[16.5842,50.1274],[16.5667,50.1422],[16.5573,50.1547],[16.5459,50.1888],[16.535,50.2077],[16.5048,50.228],[16.492,50.2427],[16.4776,50.2553],[16.4522,50.285],[16.4378,50.298],[16.4156,50.3079],[16.371,50.3184],[16.3532,50.3335],[16.3507,50.3423],[16.3508,50.3606],[16.3437,50.3699],[16.3342,50.3719]],[[16.3342,50.3719],[16.2886,50.3719],[16.277,50.3694],[16.2698,50.3655],[16.2625,50.3644]],[[17.355,50.2533],[17.3417,50.2597],[17.3348,50.27],[17.3328,50.2827],[17.3341,50.2957],[17.3254,50.3011],[17.3191,50.3082],[17.3375,50.313],[17.3168,50.3186]],[[17.3168,50.3186],[17.2699,50.3178]],[[17.6484,50.1018],[17.6328,50.1063],[17.5842,50.1459],[17.5821,50.1532],[17.5894,50.1632],[17.6004,50.1668],[17.6487,50.168],[17.6753,50.1747],[17.7179,50.1911],[17.7382,50.2024],[17.7476,50.2175],[17.732,50.236],[17.7214,50.2427],[17.7192,50.2528],[17.7211,50.2619],[17.7342,50.2838],[17.7345,50.2895],[17.708,50.311],[17.691,50.3151]],[[17.691,50.3151],[17.6845,50.3124],[17.6764,50.2974],[17.6467,50.2711],[17.6295,50.2621],[17.6064,50.2582]],[[17.4296,50.2398],[17.4191,50.2427],[17.4098,50.2613],[17.388,50.2726]],[[17.388,50.2726],[17.3659,50.2716],[17.355,50.2533]],[[17.6064,50.2582],[17.517,50.2684]],[[17.517,50.2684],[17.4694,50.2656],[17.44,50.2427],[17.4296,50.2398]],[[17.0084,50.21],[16.9963,50.2129],[16.981,50.2292],[16.975,50.2318],[16.9603,50.232]],[[16.9603,50.232],[16.9575,50.2292],[16.9578,50.2171],[16.9553,50.2135],[16.9463,50.2131]],[[16.9463,50.2131],[16.9278,50.2173]],[[16.9278,50.2173],[16.919,50.2171],[16.907,50.2118],[16.8904,50.1969],[16.881,50.1916],[16.8576,50.1877]],[[16.8576,50.1877],[16.8376,50.1886]],[[16.8376,50.1886],[16.8177,50.1868],[16.7953,50.1744],[16.7543,50.1323],[16.732,50.122],[16.7012,50.0949],[16.6606,50.093]],[[17.8757,49.9687],[17.8394,49.9736],[17.7746,50.0152],[17.7633,50.0252],[17.743,50.0606],[17.7226,50.0751],[17.7195,50.0809],[17.7227,50.0863],[17.732,50.0915],[17.732,50.0949],[17.7179,50.0968],[17.6907,50.1055],[17.6776,50.1077]],[[17.6776,50.1077],[17.6484,50.1018]],[[18.2925,49.9078],[18.2726,49.9183],[18.267,49.9251],[18.2601,49.9406],[18.2559,49.946],[18.244,49.9517],[18.2205,49.9549],[18.2087,49.9583],[18.1772,49.9758],[18.162,49.9812],[18.0982,49.989],[18.0851,49.9988],[18.0916,50.0172],[18.0332,50.0418],[18.0024,50.0468]],[[18.0024,50.0468],[18.0069,50.0241],[18.0122,50.0227]],[[18.0201,50.0243],[18.0287,50.0241],[18.0357,50.0172],[18.0375,50.0072],[18.0324,50.0028],[17.9999,49.9966],[17.9598,49.9958],[17.9416,49.9928],[17.9121,49.9758],[17.8757,49.9687]],[[18.0122,50.0227],[18.0201,50.0243]],[[18.4818,49.8966],[18.4075,49.9232],[18.3688,49.932]],[[18.3688,49.932],[18.3285,49.9288]],[[18.3307,49.9288],[18.3349,49.9254],[18.3069,49.9097],[18.2925,49.9078]],[[18.3285,49.9288],[18.3307,49.9288]],[[18.7277,49.6689],[18.7151,49.6738],[18.6954,49.6889],[18.6824,49.6958],[18.6681,49.6986],[18.6373,49.7003],[18.624,49.7064],[18.6177,49.7139],[18.6077,49.743],[18.5841,49.7744],[18.5668,49.8048],[18.5663,49.8316],[18.5938,49.8522],[18.5673,49.8615],[18.5629,49.8737],[18.5654,49.889],[18.5592,49.9072],[18.5444,49.913]],[[18.5444,49.913],[18.5051,49.8967],[18.4818,49.8966]],[[18.8332,49.5103],[18.8374,49.527],[18.8345,49.5476],[18.8202,49.5903],[18.7993,49.6264],[18.7926,49.6608],[18.7884,49.6686],[18.7735,49.6758]],[[18.7735,49.6758],[18.7579,49.6741],[18.7422,49.6697],[18.7277,49.6689]]]},"properties":{"rank":10}},{"type":"Feature","geometry":{"type":"MultiLineString","coordinates":[[[70.959,40.2384],[70.9795,40.2141],[70.9629,40.1897],[70.9293,40.1706],[70.8985,40.1626]],[[70.1688,40.1317],[70.1472,40.137],[70.0046,40.2088],[69.9696,40.2116]],[[69.9696,40.2116],[69.5755,40.1036],[69.5588,40.1017]],[[70.8985,40.1626],[70.8452,40.1718]],[[70.8452,40.1718],[70.8318,40.1682],[70.8249,40.1635],[70.8067,40.1562]],[[70.8067,40.1562],[70.8027,40.1601],[70.7977,40.1619]],[[70.7977,40.1619],[70.7921,40.1614],[70.7825,40.1526],[70.7435,40.1271],[70.7298,40.1207],[70.6659,40.1042],[70.6394,40.0849],[70.6347,40.0593],[70.636,40.0285],[70.6274,39.9939],[70.614,39.9758],[70.5966,39.962],[70.5766,39.9522],[70.5551,39.9462],[70.5126,39.9452],[70.5009,39.9406],[70.4942,39.9317],[70.486,39.9096],[70.4772,39.9009]],[[70.4772,39.9009],[70.4556,39.9068],[70.448,39.92],[70.4509,39.9374],[70.4602,39.9561],[70.4732,39.9701],[70.5209,39.9937],[70.5356,40.016],[70.5255,40.0337],[70.5021,40.046],[70.4772,40.052],[70.3976,40.0612],[70.3595,40.074],[70.3243,40.0775],[70.3063,40.0848],[70.2903,40.0982],[70.2778,40.1121],[70.2635,40.1243],[70.2415,40.1327],[70.2185,40.1341]],[[70.2185,40.1341],[70.1688,40.1317]],[[69.5588,40.1017],[69.543,40.1031],[69.5366,40.1079],[69.5261,40.1232],[69.518,40.1251]],[[69.518,40.1251],[69.5135,40.1207],[69.5063,40.0969],[69.4857,40.0737],[69.4696,40.051],[69.4631,40.0254],[69.4712,39.9937],[69.4773,39.9816],[69.4773,39.9682],[69.5004,39.9357],[69.5016,39.9225],[69.4054,39.8961]],[[69.4054,39.8961],[69.3573,39.9595],[69.3278,39.9847],[69.314,39.9869]],[[69.314,39.9869],[69.3103,39.9848],[69.3101,39.9786],[69.3057,39.9686],[69.2864,39.9358],[69.2407,39.8289],[69.2296,39.7905],[69.2263,39.751],[69.2333,39.7327],[69.2484,39.7194],[69.2659,39.7078],[69.2801,39.6943],[69.2875,39.6778],[69.2911,39.6589],[69.2862,39.5397],[69.3003,39.5156]],[[70.2007,39.6195],[70.2103,39.6097],[70.2148,39.5911],[70.215,39.5741],[70.2044,39.5382],[70.206,39.5241],[70.2233,39.5191]],[[70.1324,39.55],[70.149,39.5543],[70.1574,39.5639],[70.1852,39.6103],[70.2007,39.6195]],[[71.4595,39.6121],[71.493,39.5962],[71.5109,39.5841],[71.5254,39.5692],[71.5314,39.5531],[71.526,39.5382],[71.5006,39.5092],[71.4921,39.4937],[71.5129,39.4588],[71.5543,39.4442],[71.6028,39.4423]],[[71.2493,39.5144],[71.2601,39.5206],[71.292,39.549],[71.3059,39.5572],[71.3406,39.5717],[71.3685,39.5915],[71.4067,39.5982],[71.4413,39.6107],[71.4595,39.6121]],[[70.4772,39.6012],[70.491,39.5969],[70.5135,39.5815],[70.5261,39.5756],[70.5436,39.5743]],[[70.3843,39.5709],[70.3904,39.574],[70.4015,39.5848],[70.4276,39.5901],[70.46,39.5995],[70.4772,39.6012]],[[70.5803,39.5795],[70.5978,39.5778],[70.6221,39.5635],[70.636,39.5425],[70.656,39.4937],[70.6667,39.4869],[70.6901,39.4792],[70.6997,39.4722],[70.7054,39.4585],[70.7031,39.4447],[70.6986,39.4314],[70.6981,39.419],[70.7133,39.3984],[70.7397,39.3862],[70.7701,39.3821]],[[70.5436,39.5743],[70.5803,39.5795]],[[69.6694,39.5778],[69.7103,39.5741],[69.7498,39.5638],[69.7916,39.5454],[69.8304,39.5362]],[[69.4773,39.5304],[69.4961,39.5326],[69.5144,39.5376],[69.5314,39.5456],[69.5649,39.5681],[69.5823,39.5736],[69.6694,39.5778]],[[70.3432,39.5769],[70.3743,39.571],[70.3843,39.5709]],[[70.2233,39.5191],[70.2411,39.5224],[70.3303,39.5731],[70.3432,39.5769]],[[70.0404,39.5736],[70.0623,39.5735],[70.0827,39.5698],[70.1163,39.5546],[70.1324,39.55]],[[69.9788,39.5344],[69.9871,39.5396],[70.0027,39.5569],[70.0197,39.5686],[70.0404,39.5736]],[[69.3616,39.5529],[69.3915,39.5305],[69.4122,39.525]],[[69.3003,39.5156],[69.3397,39.5281],[69.3459,39.5354],[69.352,39.5496],[69.3616,39.5529]],[[69.9078,39.5485],[69.9486,39.5451],[69.9788,39.5344]],[[69.8304,39.5362],[69.9078,39.5485]],[[69.4553,39.5305],[69.4773,39.5304]],[[69.4122,39.525],[69.4553,39.5305]],[[71.18,39.523],[71.2369,39.5145],[71.2493,39.5144]],[[70.9771,39.3949],[71.0093,39.4076],[71.0276,39.4352],[71.0423,39.4679],[71.0629,39.4956],[71.0959,39.5124],[71.1374,39.5212],[71.18,39.523]],[[73.5122,39.4674],[73.6043,39.4596],[73.6326,39.4483]],[[73.136,39.3535],[73.1679,39.3554],[73.2694,39.3826],[73.3264,39.3909],[73.3333,39.4011],[73.3355,39.4152],[73.3432,39.4307],[73.3676,39.4438],[73.4769,39.4648],[73.5122,39.4674]],[[71.7244,39.4594],[71.7403,39.4483],[71.7492,39.4255],[71.7518,39.3997],[71.7481,39.3796],[71.7366,39.3646],[71.7232,39.354],[71.713,39.3415],[71.7109,39.321],[71.7183,39.3011],[71.7329,39.2851],[71.7512,39.2742],[71.7704,39.2695]],[[71.6028,39.4423],[71.7046,39.459],[71.7244,39.4594]],[[70.9034,39.4209],[70.9252,39.4129],[70.9498,39.4007],[70.9771,39.3949]],[[70.8642,39.4006],[70.8722,39.403],[70.8845,39.4139],[70.9034,39.4209]],[[70.8553,39.4017],[70.8642,39.4006]],[[70.7701,39.3821],[70.7976,39.3853],[70.8281,39.3986],[70.8401,39.4014],[70.8553,39.4017]],[[72.6337,39.3945],[72.6505,39.3938],[72.8353,39.3562]],[[72.5758,39.3593],[72.587,39.3649],[72.6061,39.3835],[72.6164,39.3904],[72.6337,39.3945]],[[72.519,39.3757],[72.5341,39.3723],[72.5594,39.3596],[72.5758,39.3593]],[[72.4604,39.3441],[72.4767,39.3461],[72.5081,39.372],[72.519,39.3757]],[[73.0711,39.3707],[73.101,39.3612],[73.136,39.3535]],[[72.9943,39.3478],[73.0093,39.3486],[73.0584,39.3688],[73.0711,39.3707]],[[72.0498,39.3689],[72.0669,39.3585],[72.0781,39.3366],[72.0841,39.3112],[72.0858,39.2901],[72.0948,39.2751],[72.1155,39.2681],[72.1586,39.2626],[72.1824,39.2493],[72.2033,39.2408],[72.2064,39.2346],[72.2065,39.2269],[72.2092,39.2173],[72.2186,39.2009],[72.2289,39.1892]],[[71.7704,39.2695],[71.807,39.2728],[71.8435,39.285],[71.9423,39.339],[71.9592,39.3459],[71.9965,39.3519],[72.0315,39.3667],[72.0498,39.3689]],[[72.8937,39.3639],[72.9143,39.3627],[72.9768,39.3522],[72.9943,39.3478]],[[72.8353,39.3562],[72.8505,39.3567],[72.8937,39.3639]],[[72.4107,39.3513],[72.4436,39.3448],[72.4604,39.3441]],[[72.2289,39.1892],[72.2403,39.1899],[72.2814,39.2597],[72.3042,39.3136],[72.3163,39.3288],[72.3341,39.3338],[72.3559,39.3361],[72.3932,39.3508],[72.4107,39.3513]]]},"properties":{"rank":10}},{"type":"Feature","geometry":{"type":"MultiLineString","coordinates":[[[20.9119,40.4595],[20.9368,40.4725],[20.9465,40.4829],[20.9527,40.4937],[20.9519,40.5061],[20.9579,40.5149],[20.9686,40.5206],[20.9815,40.5233],[20.9883,40.5335],[21.0067,40.5432],[21.0135,40.5489],[21.0188,40.559],[21.0225,40.5866],[21.0332,40.6214],[21.0367,40.6397],[21.0353,40.6594],[21.0288,40.6768],[21.0186,40.6909],[20.992,40.7155],[20.9635,40.7361],[20.9535,40.7592],[20.9437,40.7653],[20.9609,40.7808],[20.967,40.802],[20.9653,40.8494]],[[20.8668,40.4721],[20.8896,40.4637],[20.9119,40.4595]],[[20.5529,40.0654],[20.5778,40.0673],[20.6402,40.0901],[20.6476,40.094],[20.6682,40.1381],[20.6599,40.1727],[20.6604,40.1789],[20.665,40.1844],[20.6798,40.1878],[20.6853,40.1912],[20.6964,40.2151],[20.6966,40.2356],[20.6946,40.2556],[20.6991,40.2784],[20.707,40.2881],[20.7288,40.2983],[20.7366,40.3036],[20.755,40.3386],[20.7704,40.3626],[20.7739,40.3749],[20.769,40.4126],[20.7706,40.422],[20.7795,40.429],[20.8003,40.4328],[20.8092,40.4366],[20.8174,40.4468],[20.8267,40.4648],[20.84,40.4716],[20.8668,40.4721]],[[20.4999,40.0715],[20.5529,40.0654]],[[20.466,40.0608],[20.4817,40.0678],[20.4999,40.0715]],[[20.4328,40.0638],[20.466,40.0608]],[[20.3716,39.7843],[20.389,39.7981],[20.397,39.8181],[20.393,39.8355],[20.3469,39.8943],[20.3231,39.9124],[20.318,39.9184],[20.303,39.9791],[20.2979,39.9869],[20.31,39.9899],[20.3599,39.991],[20.3765,39.9937],[20.3807,40.0117],[20.3891,40.0294],[20.4004,40.0453],[20.4138,40.0572],[20.4328,40.0638]],[[20.2884,39.8066],[20.2983,39.8054],[20.3369,39.794],[20.3546,39.7858],[20.3716,39.7843]],[[20.246,39.6629],[20.249,39.6848],[20.2641,39.6961],[20.2827,39.7044],[20.2965,39.7174],[20.2995,39.7282],[20.2965,39.7335],[20.2911,39.7379],[20.2855,39.7497],[20.2757,39.7601],[20.2847,39.7803],[20.2814,39.7882],[20.2755,39.7924],[20.273,39.7965],[20.28,39.804],[20.2884,39.8066]],[[20.0161,39.7014],[20.0893,39.6828],[20.1352,39.6642],[20.1638,39.6443],[20.1841,39.637]],[[19.9999,39.6935],[20.0161,39.7014]],[[20.2286,39.6692],[20.246,39.6629]],[[20.1841,39.637],[20.1999,39.6401],[20.2034,39.6453],[20.2042,39.6603],[20.212,39.667],[20.2201,39.6692],[20.2286,39.6692]]]},"properties":{"rank":10}},{"type":"Feature","geometry":{"type":"MultiLineString","coordinates":[[[71.1769,40.042],[71.1694,40.0428],[71.162,40.0469],[71.106,40.0649],[71.0788,40.0786],[71.0617,40.0952],[71.0479,40.1225],[71.0312,40.1469],[71.0086,40.1578]],[[71.0086,40.1578],[70.9771,40.1446],[70.9599,40.1134],[70.954,40.0958],[70.953,40.0792],[70.9584,40.0631],[70.9831,40.0214],[70.9945,40.0089],[71.0076,40.0035],[71.0343,39.9991],[71.0458,39.992],[71.0504,39.9629],[71.0076,39.9112],[71.0093,39.8857],[71.0219,39.8808]],[[71.1137,39.8745],[71.161,39.8842],[71.1946,39.8848],[71.2084,39.8888],[71.2191,39.9009],[71.2211,39.9317],[71.177,39.9682],[71.1747,39.994],[71.191,40.0062],[71.2373,40.0311],[71.244,40.0468],[71.2364,40.0561],[71.2237,40.0579]],[[71.2237,40.0579],[71.1982,40.0526],[71.1769,40.042]],[[71.061,39.9041],[71.08,39.9034],[71.0848,39.8948],[71.0872,39.8838],[71.0989,39.8755],[71.1137,39.8745]],[[71.0219,39.8808],[71.0361,39.8875],[71.0498,39.898],[71.061,39.9041]]]},"properties":{"rank":10}},{"type":"Feature","geometry":{"type":"LineString","coordinates":[[22.1328,48.4048],[22.1338,48.4768],[22.1448,48.4931],[22.1483,48.5088],[22.1367,48.5493],[22.1387,48.5696],[22.1537,48.5859],[22.219,48.6209],[22.2357,48.6442],[22.2432,48.6512],[22.2555,48.6568],[22.2822,48.6624],[22.2943,48.6676],[22.3103,48.6817],[22.3225,48.7003],[22.3289,48.7216],[22.3277,48.743],[22.3308,48.7564],[22.3384,48.763],[22.3478,48.7679],[22.3565,48.7761],[22.3634,48.7876],[22.3657,48.7944],[22.3635,48.8283],[22.3616,48.8365],[22.3623,48.8443],[22.3689,48.8565],[22.3784,48.8654],[22.4024,48.8788],[22.4118,48.8878],[22.4138,48.8939],[22.4149,48.9117],[22.4273,48.9295],[22.449,48.9714],[22.4666,48.9805],[22.505,48.9842],[22.5205,48.9929],[22.5201,49.0098],[22.5248,49.0329],[22.532,49.0557],[22.5396,49.0722]]},"properties":{"rank":10}},{"type":"Feature","geometry":{"type":"MultiLineString","coordinates":[[[-11.2727,9.996],[-11.2473,9.9934],[-11.2134,9.9834],[-11.1996,9.9822],[-11.1885,9.9726],[-11.1813,9.9504],[-11.1677,9.8845],[-11.1603,9.8728],[-11.086,9.8262],[-11.0449,9.7871],[-11.0101,9.7427],[-10.9863,9.6978],[-10.9746,9.6638],[-10.9685,9.6542],[-10.9466,9.6448],[-10.9401,9.6397],[-10.9358,9.6319],[-10.9291,9.6057],[-10.9217,9.5959],[-10.896,9.5783],[-10.8863,9.5684],[-10.8828,9.5602],[-10.8777,9.5327],[-10.8706,9.5234],[-10.8602,9.5185],[-10.8526,9.5121],[-10.8537,9.4979],[-10.8591,9.473],[-10.8549,9.4553],[-10.844,9.4403],[-10.8291,9.4239],[-10.8134,9.4139],[-10.8115,9.4083],[-10.8318,9.3921],[-10.8194,9.3881],[-10.8017,9.3873]],[[-12.1413,9.8749],[-11.9218,9.9222],[-11.915,9.9315],[-11.9101,9.9925],[-11.2727,9.996]],[[-12.2767,9.9293],[-12.2536,9.9284],[-12.2356,9.9168],[-12.2174,9.9006],[-12.1936,9.8861],[-12.1748,9.8792],[-12.1583,9.8756],[-12.1413,9.8749]],[[-12.5256,9.7321],[-12.5225,9.7345],[-12.5273,9.7536],[-12.5136,9.8278],[-12.5143,9.8513],[-12.5083,9.8604],[-12.4723,9.8813],[-12.427,9.8976],[-12.2767,9.9293]],[[-12.5307,9.7328],[-12.5256,9.7321]],[[-12.6149,9.6001],[-12.6068,9.6007],[-12.6028,9.6094],[-12.6016,9.6517],[-12.5823,9.6834],[-12.5731,9.6926],[-12.542,9.7113],[-12.5388,9.7119],[-12.5375,9.7157],[-12.5377,9.7279],[-12.5357,9.7328],[-12.5307,9.7328]],[[-12.6246,9.6013],[-12.6149,9.6001]],[[-12.7229,9.3921],[-12.7165,9.4044],[-12.7016,9.4202],[-12.6675,9.5287],[-12.6686,9.5424],[-12.6553,9.5477],[-12.6499,9.5521],[-12.6473,9.5566],[-12.6386,9.5894],[-12.6338,9.5979],[-12.6246,9.6013]],[[-12.7372,9.3972],[-12.7229,9.3921]],[[-12.8569,9.2785],[-12.8358,9.282],[-12.8191,9.2958],[-12.7953,9.3351],[-12.7779,9.3438],[-12.7642,9.3477],[-12.7636,9.3553],[-12.7676,9.3644],[-12.7678,9.3723],[-12.7541,9.3878],[-12.7372,9.3972]],[[-10.7952,9.3885],[-10.7854,9.3872]],[[-10.8017,9.3873],[-10.7952,9.3885]],[[-10.7748,9.3873],[-10.7655,9.3852],[-10.7535,9.3676],[-10.7415,9.3571],[-10.7282,9.3482],[-10.7178,9.3433],[-10.6751,9.3065],[-10.6738,9.294],[-10.6881,9.2593],[-10.6879,9.2507],[-10.6839,9.2338],[-10.6852,9.2245],[-10.6932,9.2128],[-10.715,9.2014],[-10.7247,9.1945],[-10.7426,9.1633],[-10.7535,9.1201],[-10.7463,9.0838],[-10.7104,9.073]],[[-10.7854,9.3872],[-10.7748,9.3873]],[[-12.937,9.2871],[-12.9175,9.267]],[[-13.1311,9.0415],[-13.1159,9.0439],[-13.0856,9.066],[-13.047,9.0845],[-13.0289,9.096],[-13.0152,9.1128],[-13.002,9.1441],[-12.9842,9.1723],[-12.9785,9.1752],[-12.9592,9.1778],[-12.9602,9.1861],[-12.9739,9.2028],[-12.9784,9.2128],[-12.9738,9.2416],[-12.9579,9.2724],[-12.937,9.2871]],[[-12.8761,9.2798],[-12.8569,9.2785]],[[-12.9175,9.267],[-12.8956,9.2785],[-12.8761,9.2798]],[[-13.2075,9.0767],[-13.1918,9.073],[-13.1538,9.0493],[-13.1311,9.0415]],[[-13.3011,9.0415],[-13.2774,9.0586],[-13.2336,9.0721],[-13.2075,9.0767]],[[-10.6691,9.0744],[-10.6293,9.0704],[-10.606,9.0638],[-10.5941,9.0541],[-10.5918,9.0391],[-10.6071,8.9798],[-10.6119,8.9451],[-10.6101,8.8723],[-10.6085,8.8623],[-10.5994,8.834],[-10.5997,8.8154],[-10.5863,8.8041],[-10.5453,8.75],[-10.5302,8.7392],[-10.5248,8.7295],[-10.4819,8.6725],[-10.4897,8.651],[-10.5033,8.6316],[-10.5221,8.6186],[-10.5452,8.6168],[-10.5654,8.6128],[-10.5846,8.5968],[-10.6005,8.5757],[-10.6165,8.5465],[-10.6319,8.532],[-10.6389,8.5199],[-10.6412,8.5066],[-10.6411,8.4948],[-10.6439,8.4869],[-10.6547,8.4855],[-10.6691,8.3991],[-10.6838,8.3749],[-10.702,8.3536],[-10.725,8.3199],[-10.7353,8.2873],[-10.7152,8.2696]],[[-10.7104,9.073],[-10.6691,9.0744]],[[-10.3443,8.4991],[-10.3376,8.4986],[-10.3102,8.4904],[-10.2937,8.4831]],[[-10.5727,8.3046],[-10.5544,8.3118],[-10.5193,8.3348],[-10.4602,8.3922],[-10.448,8.4076],[-10.4238,8.4566],[-10.4141,8.4702],[-10.4024,8.481],[-10.3898,8.4891],[-10.3747,8.4948],[-10.3443,8.4991]],[[-10.2937,8.4831],[-10.2822,8.4846]],[[-10.6598,8.3333],[-10.6267,8.3315],[-10.6119,8.3253],[-10.5833,8.3069],[-10.5727,8.3046]],[[-10.7152,8.2696],[-10.7079,8.3031],[-10.6882,8.3241],[-10.6598,8.3333]]]},"properties":{"rank":10}},{"type":"Feature","geometry":{"type":"LineString","coordinates":[[-11.4762,6.9194],[-11.4367,6.9385],[-11.4389,6.9639],[-11.4347,6.9808],[-11.4073,6.9964],[-11.3977,7.0128],[-11.3915,7.0318],[-11.3893,7.0467],[-11.3929,7.0669],[-11.3897,7.0735],[-11.3679,7.076],[-11.3605,7.0786],[-11.3551,7.0841],[-11.3531,7.0928],[-11.3564,7.1054],[-11.3706,7.1284],[-11.3732,7.1388],[-11.352,7.1593],[-11.3172,7.2136],[-11.3002,7.2171],[-11.2179,7.2541],[-11.2093,7.2622],[-11.1263,7.368],[-10.9779,7.4849],[-10.937,7.5078],[-10.899,7.5165],[-10.8857,7.5222],[-10.8746,7.5309],[-10.7306,7.7055],[-10.6926,7.7376],[-10.6454,7.763],[-10.6381,7.7655],[-10.6152,7.769],[-10.6177,8.0108],[-10.6162,8.0225],[-10.6121,8.0319],[-10.6031,8.0392],[-10.5778,8.0532],[-10.5672,8.0632],[-10.544,8.1061],[-10.5292,8.1243],[-10.5057,8.1358],[-10.4857,8.1389],[-10.4051,8.1393],[-10.3846,8.1421],[-10.3649,8.1482],[-10.3455,8.1593],[-10.3209,8.1831],[-10.3182,8.2016],[-10.326,8.2215],[-10.3333,8.2498],[-10.3313,8.2723],[-10.3137,8.3103],[-10.2829,8.4329],[-10.2822,8.4846]]},"properties":{"rank":10}},{"type":"Feature","geometry":{"type":"MultiLineString","coordinates":[[[22.8611,10.9192],[22.8632,10.8918],[23.0056,10.6868],[23.1094,10.6145],[23.2912,10.4397],[23.624,9.9078],[23.6448,9.8631],[23.674,9.6903],[23.6691,9.652],[23.6555,9.6225],[23.6185,9.5661],[23.6061,9.5372],[23.6068,9.5262],[23.6165,9.5015],[23.6185,9.4883],[23.6172,9.4572],[23.62,9.4477],[23.6275,9.4351]],[[23.635,9.4354],[23.6409,9.4331],[23.6463,9.425],[23.6469,9.4184],[23.6218,9.3406],[23.6205,9.3229],[23.6307,9.2922],[23.6322,9.2776],[23.6233,9.2656],[23.6101,9.2555],[23.5714,9.2073],[23.5495,9.1853],[23.5379,9.1781],[23.5218,9.1754]],[[23.6275,9.4351],[23.635,9.4354]],[[23.5218,9.1754],[23.4894,9.1767]],[[23.4894,9.1767],[23.4743,9.1707],[23.4577,9.1462],[23.4357,9.0189],[23.4383,8.9945],[23.4514,8.9742],[23.4781,8.9589]],[[23.5426,8.9973],[23.5601,8.9965],[23.5675,8.9748],[23.5659,8.94],[23.5536,8.8832],[23.5367,8.8556],[23.4954,8.8094],[23.4823,8.7834],[23.4818,8.7594],[23.4901,8.7326],[23.5053,8.7107],[23.5257,8.7015]],[[23.4781,8.9589],[23.5055,8.9611],[23.5426,8.9973]],[[23.5964,8.7341],[23.6134,8.7322],[23.6291,8.7256],[23.6441,8.7152],[23.6571,8.71]],[[23.5257,8.7015],[23.5405,8.7048],[23.5641,8.7227],[23.578,8.7305],[23.5964,8.7341]],[[23.8034,8.7221],[23.8667,8.7078]],[[23.7213,8.702],[23.7375,8.7069],[23.7689,8.7213],[23.8034,8.7221]],[[23.9223,8.7134],[23.9621,8.697],[23.9813,8.6942]],[[23.8667,8.7078],[23.9223,8.7134]],[[23.6891,8.7107],[23.7213,8.702]],[[23.6571,8.71],[23.6891,8.7107]],[[24.0096,8.6989],[24.114,8.6816]],[[23.9813,8.6942],[24.0096,8.6989]],[[24.114,8.6816],[24.1703,8.6893]]]},"properties":{"rank":10}},{"type":"Feature","geometry":{"type":"MultiLineString","coordinates":[[[24.2177,8.6915],[24.2358,8.682],[24.2335,8.6678],[24.2151,8.6414],[24.2113,8.6271],[24.2184,8.613],[24.2456,8.5918],[24.2505,8.5796],[24.2437,8.5702],[24.2032,8.5435],[24.1932,8.5324],[24.1372,8.4389],[24.1252,8.4049],[24.1216,8.3723],[24.1314,8.3431],[24.1529,8.3179],[24.1799,8.2977],[24.2066,8.2833],[24.2224,8.2772],[24.2571,8.2692],[24.281,8.2665]],[[24.1703,8.6893],[24.2177,8.6915]],[[24.4311,8.2714],[24.4549,8.2487],[24.4589,8.2398],[24.4643,8.2332],[24.4715,8.2289],[24.4813,8.2267],[24.5128,8.2071],[24.5447,8.2061]],[[24.3321,8.2457],[24.3966,8.2678],[24.4311,8.2714]],[[24.2955,8.2665],[24.3027,8.2654],[24.3103,8.2616],[24.3321,8.2457]],[[24.281,8.2665],[24.2955,8.2665]],[[24.6149,8.2171],[24.6709,8.2068],[24.6904,8.2066],[24.7106,8.2043],[24.7423,8.1868],[24.8002,8.1803],[24.8321,8.1657],[24.918,8.087],[24.9278,8.071],[24.9301,8.0355],[24.9505,8.0144],[24.9526,7.9966],[24.9581,7.9892],[24.9648,7.9826],[24.9812,7.9723],[25.0293,7.9188],[25.0592,7.8961],[25.0896,7.8849]],[[24.5447,8.2061],[24.6149,8.2171]],[[25.1486,7.8926],[25.1732,7.8886],[25.1805,7.884],[25.1916,7.8724],[25.2169,7.8641],[25.2297,7.8516],[25.2394,7.836],[25.2497,7.8043],[25.2645,7.7777],[25.2699,7.7608],[25.2706,7.7461],[25.2668,7.7031],[25.2706,7.6882],[25.2764,7.6743],[25.2794,7.6595],[25.275,7.642],[25.2525,7.6224],[25.1865,7.6001],[25.1652,7.5799],[25.1646,7.5673],[25.169,7.5512],[25.1904,7.5012],[25.25,7.47],[25.2633,7.461],[25.2696,7.4542],[25.2792,7.4384],[25.2851,7.4316],[25.293,7.4272],[25.3097,7.422],[25.3162,7.4172],[25.3242,7.4029],[25.3306,7.3741],[25.336,7.3596],[25.3468,7.345],[25.36,7.3356],[25.4162,7.3078],[25.4551,7.2782],[25.4812,7.2662]],[[25.0896,7.8849],[25.1034,7.8858],[25.1344,7.8925],[25.1486,7.8926]],[[25.5003,7.2728],[25.5168,7.2699],[25.5317,7.2607],[25.5766,7.2198],[25.5924,7.2112],[25.654,7.1954],[25.6727,7.1878],[25.697,7.1686],[25.7051,7.1664]],[[25.4812,7.2662],[25.5003,7.2728]],[[25.7245,7.1667],[25.7344,7.1624],[25.7502,7.1465],[25.7613,7.1438],[25.7862,7.1427],[25.7916,7.1344],[25.7917,7.1211],[25.8008,7.1049],[25.8158,7.0998],[25.8607,7.0955],[25.8775,7.0877],[25.8817,7.0798],[25.8841,7.0611],[25.8887,7.0519],[25.9203,7.0341],[25.9504,7.0286],[25.9605,7.0245],[25.9662,7.0175],[25.9668,7.0099],[25.9695,7.0036],[25.9811,7.0003],[26.0261,6.9967],[26.0323,6.9741],[26.0358,6.9223],[26.0454,6.8997],[26.0506,6.8967]],[[25.7051,7.1664],[25.7245,7.1667]],[[26.0692,6.8991],[26.0736,6.8951],[26.0712,6.8836],[26.0716,6.8775],[26.0757,6.8646],[26.0774,6.8533],[26.081,6.8423],[26.0912,6.8303],[26.1137,6.8165],[26.1318,6.8117],[26.1476,6.8047],[26.1787,6.7659],[26.2195,6.7375],[26.2362,6.72],[26.2706,6.7025],[26.3297,6.6806],[26.378,6.6533],[26.3799,6.6198],[26.3723,6.6098],[26.3561,6.5795],[26.3244,6.5372],[26.305,6.4969],[26.2965,6.4895],[26.277,6.4774],[26.2702,6.4657],[26.2891,6.4594],[26.2907,6.4447],[26.2851,6.4259],[26.2828,6.4079],[26.2896,6.3872],[26.3007,6.3778],[26.3158,6.3716],[26.3352,6.3606],[26.3518,6.3444],[26.3758,6.3126],[26.3946,6.3005],[26.4362,6.2917],[26.452,6.2803],[26.4553,6.2545],[26.4556,6.2305],[26.4649,6.2244]],[[26.0506,6.8967],[26.0692,6.8991]],[[26.4795,6.2251],[26.4958,6.2211],[26.509,6.2055],[26.5095,6.1864],[26.5001,6.168],[26.4835,6.1545],[26.4653,6.1443],[26.4456,6.1302],[26.4293,6.1131],[26.4213,6.0937],[26.4248,6.0724]],[[26.4649,6.2244],[26.4795,6.2251]],[[26.481,6.105],[26.4988,6.0998],[26.5099,6.0827],[26.5181,6.0612],[26.528,6.0432],[26.5436,6.0308],[26.6022,6.0106],[26.6343,6.0065]],[[26.4248,6.0724],[26.4406,6.077],[26.481,6.105]],[[26.705,6.0098],[26.7763,5.9819],[26.7944,5.9705],[26.8051,5.9572],[26.8108,5.9124],[26.8189,5.8946],[26.8422,5.8843]],[[26.6343,6.0065],[26.705,6.0098]],[[26.8821,5.8919],[26.8943,5.8897],[26.9038,5.867],[26.9165,5.8496],[26.9375,5.8485]],[[26.8422,5.8843],[26.8653,5.886],[26.8821,5.8919]],[[26.9811,5.8592],[26.9918,5.8477],[27.0035,5.8193],[27.022,5.8051],[27.0295,5.7899],[27.0361,5.7851],[27.0454,5.7849]],[[26.9375,5.8485],[26.9811,5.8592]],[[27.0727,5.7912],[27.1148,5.7753],[27.1238,5.7687],[27.1309,5.7521],[27.1314,5.7415],[27.1363,5.734],[27.1563,5.7275],[27.1704,5.7203],[27.1824,5.7075],[27.1908,5.6918],[27.1943,5.6673],[27.1964,5.6615],[27.2184,5.6453],[27.2192,5.64],[27.2167,5.6335],[27.2152,5.6161],[27.2107,5.6016],[27.2113,5.5949],[27.2173,5.5854],[27.2226,5.5844]],[[27.0454,5.7849],[27.0635,5.7909],[27.0727,5.7912]],[[27.2475,5.5926],[27.2571,5.5861],[27.2611,5.5776],[27.2589,5.56],[27.2607,5.5503],[27.2201,5.4409],[27.2181,5.4255],[27.2201,5.4131],[27.2282,5.3876],[27.2337,5.3383],[27.2378,5.3232],[27.2645,5.2601],[27.2809,5.2306],[27.3013,5.2052],[27.3585,5.1668],[27.3858,5.1438],[27.4021,5.1045],[27.4312,5.0836],[27.4413,5.0707]],[[27.2226,5.5844],[27.2401,5.592],[27.2475,5.5926]]]},"properties":{"rank":10}},{"type":"Feature","geometry":{"type":"MultiLineString","coordinates":[[[27.4413,5.0707],[27.4431,5.0578],[27.4363,5.0132],[27.4479,5.0035],[27.4616,4.9969],[27.4928,4.973],[27.5013,4.9633],[27.505,4.9539],[27.5092,4.9324],[27.5146,4.9224],[27.5326,4.9076],[27.5527,4.9005],[27.641,4.8909],[27.6588,4.8797],[27.6719,4.8559],[27.6797,4.8145],[27.6859,4.7979],[27.6991,4.7874]],[[27.7348,4.7932],[27.7442,4.7878],[27.7526,4.7777],[27.7631,4.7571],[27.7669,4.7354],[27.7588,4.6772],[27.7608,4.636],[27.7652,4.6121],[27.7724,4.5958],[27.8092,4.588],[27.8195,4.5796],[27.8377,4.56],[27.8491,4.5532],[27.8569,4.5525]],[[27.6991,4.7874],[27.7065,4.7874],[27.7258,4.7928],[27.7348,4.7932]],[[29.4726,4.6722],[29.4941,4.6683],[29.5133,4.6521]],[[29.2874,4.3836],[29.3039,4.3871],[29.3187,4.4111],[29.3289,4.4349],[29.3389,4.4495],[29.3902,4.4938],[29.4026,4.5121],[29.4109,4.5323],[29.4173,4.5555],[29.4239,4.5661],[29.4427,4.5834],[29.4492,4.6571],[29.4576,4.6695],[29.4726,4.6722]],[[29.535,4.6607],[29.5464,4.6574],[29.5767,4.6444],[29.6068,4.6439],[29.6185,4.6416],[29.6603,4.6221],[29.6719,4.614],[29.7008,4.5883],[29.7153,4.5797],[29.7229,4.5782]],[[29.5133,4.6521],[29.5288,4.6599],[29.535,4.6607]],[[29.7451,4.5839],[29.7967,4.556],[29.7933,4.5454],[29.7837,4.5338],[29.7777,4.5239],[29.7785,4.5151],[29.7854,4.4986],[29.787,4.4897],[29.7857,4.4794],[29.7768,4.4493],[29.7762,4.4056],[29.7878,4.3688],[29.8149,4.3468]],[[29.7229,4.5782],[29.7451,4.5839]],[[27.9292,4.57],[27.9343,4.5682],[27.9445,4.5573],[27.9512,4.556]],[[27.9079,4.5487],[27.914,4.5493],[27.9179,4.5608],[27.9161,4.5622],[27.9292,4.57]],[[27.9625,4.5574],[28.014,4.55],[28.0171,4.5391],[28.0121,4.5218],[28.0089,4.4991],[28.0112,4.4801],[28.019,4.4628],[28.0497,4.4191]],[[27.9512,4.556],[27.9625,4.5574]],[[27.8855,4.5567],[27.891,4.5558],[27.9079,4.5487]],[[27.8569,4.5525],[27.8855,4.5567]],[[28.7554,4.554],[28.7692,4.5498],[28.7836,4.5304],[28.7851,4.508],[28.79,4.4886],[28.8153,4.4783]],[[28.5482,4.3708],[28.5573,4.3735],[28.5643,4.3826],[28.5705,4.4051],[28.5824,4.4126],[28.6237,4.4224],[28.6386,4.4321],[28.6537,4.4527],[28.6952,4.5326],[28.7245,4.534],[28.7382,4.5409],[28.7469,4.5493],[28.7554,4.554]],[[28.9862,4.4959],[28.9941,4.4875],[29.0423,4.4553],[29.0532,4.4508],[29.056,4.4365]],[[28.9036,4.4786],[28.9256,4.4808],[28.9862,4.4959]],[[28.8562,4.4825],[28.9036,4.4786]],[[28.8153,4.4783],[28.8562,4.4825]],[[28.0856,4.4433],[28.1017,4.4421],[28.1083,4.434],[28.1124,4.4146],[28.1402,4.3793],[28.1587,4.3608],[28.1776,4.3472],[28.217,4.342]],[[28.0497,4.4191],[28.0598,4.4201],[28.0763,4.4377],[28.0856,4.4433]],[[29.0589,4.4377],[29.0986,4.4205],[29.1098,4.4124],[29.1735,4.348],[29.1961,4.3371]],[[29.056,4.4365],[29.0589,4.4377]],[[29.2674,4.3879],[29.2874,4.3836]],[[29.1961,4.3371],[29.2213,4.3407],[29.2287,4.3567],[29.2316,4.3755],[29.2428,4.3874],[29.2674,4.3879]],[[28.5193,4.3744],[28.5482,4.3708]],[[28.3815,4.2753],[28.4041,4.2778],[28.4254,4.2908],[28.4439,4.3085],[28.4824,4.359],[28.4968,4.369],[28.5193,4.3744]],[[28.3032,4.3522],[28.3369,4.3275],[28.3458,4.3064],[28.3491,4.2923],[28.3574,4.2829],[28.3815,4.2753]],[[28.217,4.342],[28.261,4.3504],[28.3032,4.3522]],[[29.8607,4.3473],[29.8827,4.344],[29.9085,4.3292],[29.9303,4.3087],[29.9401,4.2883],[29.9369,4.2783],[29.9232,4.2578],[29.9241,4.2456],[29.9322,4.2362],[29.9426,4.2338]],[[29.8149,4.3468],[29.8607,4.3473]],[[29.9542,4.2338],[29.966,4.2318],[29.9894,4.2178],[30.0048,4.1993],[30.0279,4.1545],[30.0429,4.1331],[30.0578,4.1237],[30.0998,4.1151],[30.1227,4.1025],[30.133,4.0828],[30.1385,4.0597],[30.1475,4.0367],[30.1716,4.0082],[30.1781,3.9971],[30.1821,3.9655],[30.1894,3.9561],[30.2059,3.9504],[30.2709,3.9494],[30.3379,3.9279],[30.4189,3.8797],[30.4568,3.8676],[30.4859,3.8656]],[[29.9426,4.2338],[29.9542,4.2338]],[[30.5155,3.8709],[30.5252,3.8675],[30.5389,3.8415],[30.5629,3.6949],[30.5622,3.6753],[30.5549,3.6364],[30.5493,3.6241],[30.5434,3.6179],[30.543,3.6129],[30.5535,3.6045],[30.5622,3.6014],[30.5726,3.601]],[[30.4859,3.8656],[30.5155,3.8709]],[[30.7469,3.6749],[30.7651,3.6617],[30.7692,3.6518],[30.7723,3.6176],[30.7791,3.6026],[30.7921,3.5927],[30.8232,3.5804],[30.8377,3.5627],[30.8277,3.5111],[30.8395,3.4902]],[[30.6934,3.6319],[30.7146,3.6438],[30.7313,3.6635],[30.7469,3.6749]],[[30.6654,3.6321],[30.6934,3.6319]],[[30.5726,3.601],[30.6049,3.6067],[30.6365,3.6241],[30.6538,3.6306],[30.6654,3.6321]]]},"properties":{"rank":10}},{"type":"Feature","geometry":{"type":"LineString","coordinates":[[42.9237,10.9988],[43.2407,11.4879]]},"properties":{"rank":10}},{"type":"Feature","geometry":{"type":"MultiLineString","coordinates":[[[41.9375,10.9298],[41.9288,10.9311],[41.9228,10.936],[41.9169,10.9471],[41.7987,10.9707],[41.7738,10.9801],[41.7613,10.9962],[41.7793,11.0247],[41.7856,11.0674],[41.788,11.2597],[41.7757,11.3684],[41.7498,11.4834],[41.7491,11.538],[41.7787,11.6286],[41.7924,11.7045],[41.8082,11.7362],[41.823,11.7461],[41.8623,11.7631],[41.8722,11.7759],[41.8778,11.7901],[41.8863,11.796],[41.9115,11.8059],[41.9253,11.8164],[41.9364,11.8274],[42.0573,11.9963],[42.0977,12.0702],[42.1088,12.0821],[42.1323,12.0935],[42.1403,12.1058],[42.1555,12.1423],[42.2887,12.321],[42.3192,12.3864],[42.3795,12.4659]],[[42.8733,10.9782],[42.8355,10.9874],[42.7941,10.9916],[42.7718,10.9965],[42.7548,11.0105],[42.7296,11.065],[42.7104,11.0721],[42.6865,11.073],[42.6156,11.0897]],[[42.6156,11.0897],[42.5697,11.0861],[42.4797,11.0591],[42.4133,11.0159],[42.3918,11.0059]],[[42.3918,11.0059],[42.3767,11.0067],[42.3612,11.0119],[42.3385,11.0155]],[[42.3385,11.0155],[42.3059,11.0046],[42.2973,11.0038]],[[42.2973,11.0038],[42.2794,11.0044]],[[42.2794,11.0044],[42.2708,11.0035],[42.2352,10.9877],[42.2216,10.9843]],[[42.9237,10.9988],[42.9081,11.0042]],[[42.9081,11.0042],[42.8981,10.9957],[42.8881,10.9836],[42.8733,10.9782]],[[42.2216,10.9843],[42.2027,10.9846],[42.1514,10.9962]],[[42.1514,10.9962],[42.0963,10.9903],[42.0694,10.9815],[42.0384,10.9504],[42.0108,10.9436],[41.9542,10.9413],[41.9473,10.9385],[41.9375,10.9298]]]},"properties":{"rank":10}},{"type":"Feature","geometry":{"type":"MultiLineString","coordinates":[[[42.8901,12.6154],[42.9004,12.6164],[43.1177,12.7079]],[[42.8688,12.6262],[42.8777,12.6251],[42.8901,12.6154]],[[42.6783,12.36],[42.6915,12.3788],[42.7278,12.3888],[42.7414,12.4081],[42.7499,12.4171],[42.7797,12.4226],[42.7923,12.4292],[42.798,12.4561],[42.7887,12.4875],[42.7852,12.5172],[42.8288,12.5576],[42.8521,12.6117],[42.8688,12.6262]],[[42.4485,12.5234],[42.4757,12.5163],[42.5216,12.4962],[42.6783,12.36]],[[42.3795,12.4659],[42.4309,12.5203],[42.4485,12.5234]]]},"properties":{"rank":10}},{"type":"Feature","geometry":{"type":"MultiLineString","coordinates":[[[15.004,49.0098],[15.0596,48.9972],[15.1374,48.993],[15.1447,48.9789],[15.149,48.9653],[15.1486,48.9517],[15.1419,48.9375],[15.1618,48.9372]],[[14.9193,48.7616],[14.9396,48.7628],[14.9511,48.7803],[14.9444,48.7886],[14.9381,48.8028],[14.9398,48.8098],[14.947,48.8224],[14.9682,48.885],[14.9683,48.9127],[14.9642,48.9433],[14.9646,48.9717],[14.9782,48.9928],[14.9773,49.0029],[14.9789,49.0063],[14.9821,49.0079],[15.004,49.0098]],[[15.2746,48.9867],[15.2837,48.9776],[15.2887,48.9754],[15.3355,48.975],[15.3579,48.9708],[15.4059,48.9547],[15.4504,48.9448],[15.4719,48.9367],[15.5213,48.9085],[15.6037,48.8874],[15.6813,48.8585],[15.7038,48.855]],[[15.1618,48.9372],[15.2381,48.9508],[15.2432,48.9529],[15.2571,48.9639],[15.2604,48.9692],[15.2629,48.9826],[15.2669,48.9867],[15.2746,48.9867]],[[15.8185,48.8723],[15.8243,48.8694],[15.8283,48.8571],[15.8333,48.852],[15.8401,48.8501],[15.8592,48.8492],[15.8776,48.8417]],[[15.7038,48.855],[15.7268,48.855],[15.7437,48.8585],[15.7792,48.8709],[15.7879,48.8723],[15.8185,48.8723]],[[15.886,48.842],[15.8758,48.8331]],[[15.8776,48.8417],[15.886,48.842]],[[15.8884,48.8351],[15.8996,48.8347],[15.9071,48.8303],[15.9081,48.8197]],[[15.8758,48.8331],[15.8884,48.8351]],[[15.9251,48.8226],[15.9303,48.8183],[15.9318,48.8064],[16.0323,48.7581],[16.0854,48.7429]],[[15.9081,48.8197],[15.9251,48.8226]],[[16.5195,48.8056],[16.5287,48.8035],[16.5458,48.7963],[16.6055,48.7848],[16.624,48.7834],[16.6431,48.7783],[16.651,48.7662],[16.6547,48.7519],[16.662,48.74],[16.6751,48.7339],[16.691,48.7321]],[[16.4819,48.7994],[16.4923,48.7997],[16.5103,48.8048],[16.5195,48.8056]],[[16.4531,48.8022],[16.4819,48.7994]],[[16.3583,48.7273],[16.374,48.7303],[16.385,48.7371],[16.4357,48.7945],[16.4531,48.8022]],[[14.8155,48.7803],[14.8677,48.7756],[14.9193,48.7616]],[[14.6756,48.5762],[14.6957,48.5895],[14.7007,48.6155],[14.7002,48.6461],[14.7038,48.6731],[14.7227,48.6934],[14.7754,48.724],[14.7804,48.7431],[14.7904,48.7549],[14.7945,48.767],[14.8004,48.7765],[14.8155,48.7803]],[[13.8157,48.7664],[13.8559,48.7593],[13.8749,48.7524],[13.915,48.731],[13.9823,48.7065],[13.9911,48.7002],[14.0142,48.6751],[14.0321,48.6673],[14.0347,48.6612],[14.0329,48.6549],[14.0283,48.654]],[[16.1778,48.7465],[16.3176,48.7328]],[[16.0854,48.7429],[16.1778,48.7465]],[[16.3395,48.7356],[16.3527,48.7284],[16.3583,48.7273]],[[16.3176,48.7328],[16.3395,48.7356]],[[16.729,48.7331],[16.7443,48.7296],[16.7805,48.7138],[16.7989,48.7092]],[[16.691,48.7321],[16.729,48.7331]],[[16.8566,48.7198],[16.873,48.719],[16.8967,48.697],[16.9105,48.6308],[16.945,48.6042]],[[16.7989,48.7092],[16.8181,48.7108],[16.8566,48.7198]],[[14.0283,48.654],[14.0235,48.6546]],[[14.0235,48.6546],[14.0205,48.6532],[14.0137,48.6438],[14.0081,48.6424],[14.0062,48.6395],[14.0109,48.6259],[14.0152,48.6204],[14.0325,48.6061],[14.0408,48.6012],[14.0748,48.5917],[14.2165,48.5812],[14.3157,48.5579]],[[14.4582,48.6432],[14.4821,48.6245],[14.522,48.6106],[14.5338,48.6087]],[[14.3157,48.5579],[14.3332,48.5607],[14.3534,48.5714],[14.4054,48.5863],[14.4212,48.5971],[14.4436,48.6365],[14.4582,48.6432]],[[14.5942,48.6213],[14.6006,48.6176],[14.6019,48.6045],[14.6051,48.6003],[14.6129,48.5997]],[[14.5338,48.6087],[14.5488,48.6109],[14.5788,48.6205],[14.5942,48.6213]],[[14.6282,48.6033],[14.6347,48.6023],[14.6454,48.5929],[14.6513,48.5835],[14.6592,48.577],[14.6756,48.5762]],[[14.6129,48.5997],[14.6282,48.6033]]]},"properties":{"rank":10}},{"type":"Feature","geometry":{"type":"MultiLineString","coordinates":[[[42.7805,37.3755],[42.7925,37.3743],[42.8011,37.3691],[42.8055,37.3519],[42.8141,37.3468],[42.8967,37.3249],[42.937,37.3202]],[[42.3572,37.11],[42.4019,37.1141],[42.4591,37.1293],[42.5452,37.1409],[42.5613,37.1466],[42.577,37.1792],[42.7023,37.3253],[42.7062,37.3332],[42.7095,37.3472],[42.7157,37.3553],[42.7222,37.3589],[42.7716,37.3749],[42.7805,37.3755]],[[43.1148,37.3711],[43.132,37.3673],[43.2634,37.3107],[43.2786,37.3077]],[[42.937,37.3202],[42.9796,37.3318],[43.0052,37.3473],[43.0435,37.3603],[43.0837,37.3688],[43.1148,37.3711]],[[43.3242,37.3222],[43.3361,37.3202],[43.376,37.2955],[43.4168,37.2792],[43.4633,37.2487],[43.4796,37.2434]],[[43.2786,37.3077],[43.2875,37.3091],[43.2969,37.3167],[43.3057,37.32],[43.3242,37.3222]],[[44.0356,37.3182],[44.088,37.3112],[44.1845,37.2792],[44.2069,37.2675],[44.2232,37.2541],[44.235,37.2368],[44.2435,37.2138],[44.2485,37.1919],[44.2496,37.1794],[44.2483,37.1697],[44.2401,37.158],[44.2302,37.1543],[44.2188,37.1526],[44.206,37.1466],[44.1892,37.1292],[44.1806,37.1089],[44.18,37.0876],[44.1875,37.0669],[44.2343,36.9837],[44.2433,36.9778],[44.2848,36.9692]],[[43.8094,37.1997],[43.822,37.2024],[43.84,37.2171],[43.8936,37.2249],[43.9242,37.2531],[43.9538,37.2875],[43.9904,37.3125],[44.0356,37.3182]],[[43.5295,37.2539],[43.5424,37.2523],[43.5689,37.2377],[43.5942,37.2295],[43.6183,37.227]],[[43.4796,37.2434],[43.4924,37.2448],[43.5171,37.2523],[43.5295,37.2539]],[[43.7208,37.2326],[43.7469,37.2306],[43.7706,37.2258],[43.7806,37.2204],[43.8021,37.2036],[43.8094,37.1997]],[[43.6183,37.227],[43.7208,37.2326]],[[44.6289,37.179],[44.7338,37.1672],[44.7538,37.1592],[44.7661,37.1419]],[[44.2848,36.9692],[44.2972,36.9699],[44.3066,36.9772],[44.3159,36.994],[44.3316,37.0155],[44.3352,37.0312],[44.3431,37.0424],[44.4281,37.0648],[44.4544,37.0763],[44.4792,37.092],[44.5034,37.1166],[44.5394,37.1437],[44.5782,37.1664],[44.6103,37.1784],[44.6289,37.179]]]},"properties":{"rank":10}},{"type":"Feature","geometry":{"type":"MultiLineString","coordinates":[[[16.9027,47.682],[16.9819,47.6954],[17.0548,47.702],[17.0754,47.7085],[17.064,47.7133],[17.0555,47.7209],[17.0506,47.731],[17.0487,47.7636],[17.042,47.7839],[17.0406,47.8011],[17.0556,47.8124],[17.0491,47.8187],[17.0395,47.8374],[17.0317,47.8413],[17.0107,47.8479],[17.0044,47.8524],[17.0041,47.8633],[17.0166,47.8677],[17.0512,47.8729],[17.0676,47.8816],[17.0775,47.8917],[17.0833,47.9048],[17.0875,47.9226],[17.0854,47.9246],[17.0752,47.9278],[17.0741,47.9321],[17.0881,47.9409],[17.0909,47.9495],[17.0957,47.9557],[17.0961,47.9619],[17.0856,47.9701],[17.1483,48.0054]],[[16.5678,47.7542],[16.6098,47.7506],[16.6899,47.7296],[16.7025,47.7236],[16.7078,47.7146],[16.7116,47.7041],[16.7192,47.6937],[16.7304,47.6859],[16.7411,47.6815],[16.7975,47.6755]],[[16.4545,47.6818],[16.473,47.6918],[16.5129,47.706],[16.5214,47.7115],[16.5269,47.7201],[16.5251,47.7333],[16.5311,47.743],[16.5678,47.7542]],[[16.8502,47.7129],[16.8647,47.6867],[16.9027,47.682]],[[16.7975,47.6755],[16.8062,47.6769],[16.8173,47.6842],[16.8369,47.7054],[16.8502,47.7129]],[[16.4391,47.6905],[16.4499,47.6824],[16.4545,47.6818]],[[16.4819,47.639],[16.4259,47.6543],[16.4078,47.6613],[16.4318,47.6855],[16.4391,47.6905]],[[16.5755,47.6249],[16.5096,47.6431]],[[16.5096,47.6431],[16.4819,47.639]],[[16.4819,47.3923],[16.5894,47.4256],[16.6409,47.4529],[16.6368,47.4932],[16.6482,47.5015],[16.6774,47.5099],[16.688,47.5226],[16.6891,47.538],[16.6814,47.5506],[16.6675,47.5601],[16.6506,47.5666],[16.6562,47.5859],[16.6477,47.6061],[16.6302,47.622],[16.6084,47.6288]],[[16.6084,47.6288],[16.5755,47.6249]],[[16.4566,47.4118],[16.4699,47.4055],[16.4819,47.3923]],[[16.4188,47.1837],[16.4128,47.1872],[16.4093,47.2037],[16.4247,47.2256],[16.4214,47.2431],[16.4525,47.2546],[16.4666,47.2634],[16.4732,47.2768],[16.4692,47.2932],[16.4388,47.3366],[16.4271,47.3414],[16.4244,47.3452],[16.425,47.3511],[16.4343,47.3556],[16.4364,47.3585],[16.434,47.3968],[16.4441,47.4095],[16.4566,47.4118]],[[16.4471,47.1397],[16.4337,47.1458],[16.434,47.1513],[16.4421,47.1683],[16.4418,47.1771],[16.4351,47.1836],[16.4267,47.1841]],[[16.4267,47.1841],[16.4188,47.1837]],[[16.4156,46.9894],[16.4204,46.9903],[16.4248,46.9931],[16.4414,46.9952],[16.4674,46.9954],[16.4864,46.9986],[16.4819,47.0094],[16.4676,47.0184],[16.4533,47.0217],[16.4247,47.0241],[16.4372,47.0318],[16.4819,47.0442],[16.4932,47.0491],[16.4972,47.0546],[16.4937,47.0598],[16.4618,47.0685],[16.4543,47.0817],[16.4608,47.0963],[16.4819,47.1052],[16.5048,47.1258],[16.5095,47.1375],[16.4973,47.1497],[16.4809,47.1508]],[[16.4809,47.1508],[16.4471,47.1397]],[[16.2885,47.0056],[16.3259,47.0004]],[[16.094,46.8628],[16.1101,46.8679],[16.1229,46.8764],[16.1591,46.9103],[16.1707,46.9185],[16.1961,46.9313],[16.217,46.9374],[16.2239,46.9411],[16.2307,46.9483],[16.2304,46.96],[16.2329,46.9661],[16.2431,46.972],[16.253,46.9735],[16.2611,46.9781],[16.2654,46.9933],[16.2749,47.0043],[16.2885,47.0056]],[[16.3666,47.0038],[16.3878,47.002],[16.4104,46.9904],[16.4156,46.9894]],[[16.3259,47.0004],[16.3666,47.0038]]]},"properties":{"rank":10}},{"type":"Feature","geometry":{"type":"LineString","coordinates":[[7.0221,45.9253],[7.0669,45.8902],[7.0902,45.8805],[7.1209,45.8761],[7.1535,45.8765],[7.1837,45.8805],[7.2454,45.8981],[7.2735,45.9103],[7.2867,45.9134],[7.3618,45.9078],[7.3938,45.9157],[7.453,45.9459],[7.4827,45.9549],[7.5037,45.9567],[7.5244,45.9781],[7.5411,45.9841],[7.643,45.9663],[7.6587,45.96],[7.6737,45.9503],[7.694,45.9287],[7.7063,45.9257],[7.732,45.9304],[7.7801,45.9181],[7.8076,45.9185],[7.8312,45.9145],[7.8437,45.9192],[7.8461,45.9226],[7.8453,45.9278],[7.8496,45.9397],[7.8702,45.9404],[7.8729,45.9594],[7.8838,45.9739],[7.8982,45.9819],[7.9787,45.9952],[7.9858,45.9993],[7.9984,46.0106],[8.0107,46.0297],[8.0159,46.0582],[8.016,46.0694],[8.0182,46.0809],[8.0253,46.0911],[8.0354,46.0965],[8.056,46.0981],[8.0669,46.1006],[8.1106,46.127],[8.1323,46.1594],[8.1295,46.196],[8.0999,46.2356],[8.0766,46.2497],[8.0731,46.2536],[8.0773,46.262],[8.0873,46.2718],[8.1069,46.2855],[8.1285,46.2925],[8.1719,46.2992],[8.1926,46.3092],[8.2417,46.3541],[8.2701,46.364],[8.2815,46.3701],[8.2915,46.3784],[8.2975,46.3875],[8.297,46.3976],[8.2904,46.4011],[8.2866,46.4054],[8.295,46.418],[8.3163,46.4337],[8.3434,46.4439],[8.3992,46.4522],[8.4279,46.4487],[8.4416,46.4349],[8.4458,46.4124],[8.4463,46.3822],[8.4429,46.3534],[8.4266,46.3016],[8.4232,46.2758],[8.4272,46.2514],[8.4381,46.2354],[8.4565,46.2248],[8.5103,46.2079],[8.5387,46.1876],[8.6018,46.1228],[8.6309,46.1147],[8.6775,46.0958],[8.6951,46.0952],[8.7239,46.1095],[8.7322,46.1074],[8.7395,46.0981],[8.7471,46.0944],[8.7632,46.0929],[8.7939,46.0934],[8.809,46.0897],[8.8344,46.0664],[8.8196,46.0429],[8.791,46.0187],[8.7679,45.9831],[8.7851,45.9823],[8.8004,45.9785],[8.8577,45.9571],[8.8645,45.9534],[8.871,45.9471],[8.8808,45.9311],[8.8981,45.9096],[8.9065,45.8965],[8.9121,45.8834],[8.9138,45.8661],[8.9097,45.8537],[8.9037,45.8418],[8.9,45.8264],[8.9396,45.8348],[8.9724,45.8246],[9.0024,45.8207],[9.0344,45.8481],[9.0593,45.882],[9.0631,45.899],[9.0517,45.9155],[9.0423,45.9197],[9.0205,45.9228],[9.0108,45.9267],[9.0017,45.9361],[8.9934,45.9543],[8.9805,45.9644],[8.9805,45.9695],[8.9827,45.972],[9.0156,45.9931],[8.9978,46.0279],[9.0021,46.0393],[9.0277,46.0531],[9.0497,46.0579],[9.0592,46.0618],[9.0671,46.0711],[9.0703,46.0834],[9.0682,46.106],[9.0721,46.1189],[9.0906,46.1382],[9.1632,46.1723],[9.1711,46.1826],[9.1813,46.2041],[9.2042,46.2136],[9.2157,46.2211],[9.2248,46.2312],[9.2397,46.267],[9.269,46.3094],[9.2752,46.3314],[9.2738,46.3443],[9.2604,46.3797],[9.2603,46.394],[9.2629,46.4066],[9.2609,46.4167],[9.2476,46.423],[9.238,46.4365],[9.2458,46.461],[9.2632,46.4851],[9.2823,46.4974],[9.331,46.5015],[9.3508,46.4979],[9.3516,46.4855],[9.3771,46.4687],[9.3846,46.4664],[9.3955,46.4694],[9.4038,46.4825],[9.4107,46.4889],[9.4268,46.4971],[9.4346,46.4983],[9.4379,46.492],[9.4438,46.3961],[9.4424,46.3809],[9.4444,46.3753],[9.4516,46.3704],[9.4737,46.3619],[9.4826,46.3568],[9.5026,46.3207],[9.5153,46.3086],[9.5365,46.2986],[9.5597,46.2927],[9.6743,46.2918],[9.6931,46.2971],[9.7084,46.3117],[9.7073,46.331],[9.7093,46.3424],[9.7201,46.3509],[9.7309,46.3507],[9.7552,46.3405],[9.7681,46.3386],[9.7888,46.3433],[9.8554,46.367],[9.899,46.3722],[9.9184,46.3712],[9.939,46.3675],[9.964,46.3561],[9.9706,46.3398],[9.971,46.32],[9.9776,46.2981],[9.9922,46.2844],[10.0317,46.2601],[10.0418,46.2431],[10.0427,46.2205],[10.0757,46.22],[10.1179,46.2311],[10.1458,46.2433],[10.1589,46.2624],[10.1461,46.2803],[10.1049,46.3094],[10.0958,46.3205],[10.0918,46.329],[10.0924,46.3381],[10.0975,46.3516],[10.105,46.3614],[10.126,46.3744],[10.1332,46.3811],[10.1408,46.4029],[10.1334,46.414],[10.1162,46.4188],[10.0714,46.4248],[10.0421,46.4327],[10.0263,46.4463],[10.044,46.467],[10.0353,46.4711],[10.0305,46.4767],[10.0281,46.4839],[10.0269,46.4932],[10.0312,46.5038],[10.0328,46.533],[10.0413,46.5419],[10.0629,46.5567],[10.0712,46.5644],[10.0835,46.597],[10.0878,46.6044],[10.0975,46.608],[10.1921,46.6268],[10.2179,46.627],[10.2338,46.618],[10.2357,46.6067],[10.2303,46.5861],[10.2347,46.5753],[10.2759,46.5655],[10.2954,46.5511],[10.3066,46.5475],[10.3195,46.546],[10.3543,46.5483],[10.4259,46.5353],[10.444,46.5377],[10.4579,46.5537],[10.4659,46.5785],[10.4666,46.6043],[10.4591,46.6236],[10.4382,46.6357],[10.3956,46.6388],[10.3775,46.6533],[10.3692,46.6724],[10.3739,46.6819],[10.3848,46.689],[10.3944,46.7008],[10.3966,46.715],[10.3956,46.7264],[10.3997,46.7355],[10.4166,46.743],[10.4287,46.7556],[10.4262,46.7694],[10.4191,46.784],[10.4172,46.7988],[10.4449,46.8232],[10.4485,46.8322],[10.4538,46.8644]]},"properties":{"rank":10}},{"type":"Feature","geometry":{"type":"MultiLineString","coordinates":[[[9.8606,47.0016],[9.8563,47.0041],[9.858,47.0155],[9.6691,47.0562],[9.6523,47.0579]],[[9.6523,47.0579],[9.5999,47.0535]],[[9.5999,47.0535],[9.5812,47.0569]],[[10.132,46.8466],[10.1113,46.8471],[10.0681,46.8566],[10.0456,46.8656],[10.0069,46.8908],[9.8999,46.9144],[9.8751,46.9274],[9.8624,46.9398],[9.8608,46.9492],[9.864,46.9599],[9.8665,46.9834],[9.8706,46.9929],[9.8706,46.9988],[9.8668,47.0019]],[[9.8668,47.0019],[9.8606,47.0016]],[[10.3843,46.9932],[10.3734,46.9963]],[[10.3734,46.9963],[10.3679,46.9955],[10.3389,46.9841],[10.3137,46.9643],[10.2962,46.9414],[10.2957,46.9227],[10.2708,46.9219]],[[10.4538,46.8644],[10.4514,46.8858],[10.4638,46.9197],[10.4585,46.9366],[10.4496,46.9439],[10.4156,46.9624],[10.3947,46.9854],[10.3844,46.9932]],[[10.3844,46.9932],[10.3843,46.9932]],[[10.2708,46.9219],[10.2513,46.9254]],[[10.2513,46.9254],[10.2351,46.9233],[10.2199,46.9058],[10.2152,46.8931],[10.2117,46.877],[10.2014,46.8668],[10.1578,46.8516],[10.132,46.8466]]]},"properties":{"rank":10}},{"type":"Feature","geometry":{"type":"MultiLineString","coordinates":[[[44.5904,39.7715],[44.6058,39.7632],[44.6328,39.7316],[44.6465,39.7195],[44.7063,39.698],[44.7257,39.6853],[44.807,39.6399]],[[44.2949,39.3812],[44.317,39.3853],[44.3687,39.4036],[44.388,39.4145],[44.4048,39.4344],[44.4052,39.4525],[44.4017,39.4713],[44.4067,39.4937],[44.4168,39.5055],[44.4174,39.5175],[44.412,39.5445],[44.414,39.5609],[44.4186,39.5743],[44.4517,39.6259],[44.4576,39.6387],[44.4602,39.6545],[44.455,39.6871],[44.4595,39.6985],[44.5657,39.7659],[44.5904,39.7715]],[[44.1765,39.4115],[44.2004,39.4095],[44.2695,39.3829],[44.2949,39.3812]],[[44.0992,39.3985],[44.1222,39.4004],[44.1765,39.4115]],[[44.077,39.4006],[44.0992,39.3985]],[[44.3634,38.3646],[44.3134,38.3718],[44.2895,38.3823],[44.2866,38.391],[44.2905,38.4166],[44.2874,38.4419],[44.2875,38.4537],[44.3002,38.494],[44.3014,38.5112],[44.2922,38.562],[44.2968,38.6016],[44.297,38.6223],[44.2899,38.6389],[44.2825,38.6454],[44.2749,38.6494],[44.2568,38.6539],[44.2443,38.659],[44.2474,38.6651],[44.2561,38.672],[44.2605,38.6792],[44.2505,38.7092],[44.2486,38.7218],[44.2527,38.7418],[44.2798,38.8142],[44.275,38.8436],[44.222,38.8634],[44.2058,38.8757],[44.1921,38.8908],[44.1782,38.9207],[44.1749,38.9284],[44.1746,38.9458],[44.158,38.9575],[44.152,38.9646],[44.1478,38.9801],[44.1392,38.9938],[44.1534,39.0126],[44.1695,39.023],[44.1791,39.0349],[44.1699,39.0744],[44.175,39.0902],[44.1948,39.1205],[44.1866,39.1451],[44.1481,39.1664],[44.1035,39.1846],[44.0777,39.2001],[44.0766,39.2087],[44.0835,39.2268],[44.0827,39.2357],[44.0706,39.2555],[44.0672,39.264],[44.0667,39.273],[44.0692,39.2796],[44.0694,39.287],[44.0577,39.3068],[44.0518,39.328],[44.0472,39.3379],[44.021,39.362],[44.0149,39.3741],[44.026,39.3862],[44.0464,39.396],[44.0614,39.4003],[44.077,39.4006]],[[44.2544,37.8708],[44.2196,37.8753],[44.2021,37.8972],[44.2064,37.9083],[44.2255,37.9293],[44.2247,37.942],[44.2197,37.9561],[44.2215,37.9688],[44.2276,37.981],[44.2454,38.0084],[44.2695,38.03],[44.2783,38.0453],[44.2866,38.0663],[44.2959,38.079],[44.309,38.0872],[44.3283,38.0946],[44.3338,38.1009],[44.3257,38.1197],[44.3271,38.1284],[44.3354,38.1341],[44.3531,38.14],[44.3606,38.1479],[44.3671,38.1625],[44.3732,38.1821],[44.3767,38.2015],[44.3724,38.2495],[44.4006,38.2747],[44.4367,38.2969],[44.4592,38.3224],[44.4588,38.3383],[44.4511,38.354],[44.4388,38.3676],[44.4247,38.377],[44.4091,38.3818]],[[44.4091,38.3818],[44.3963,38.3797],[44.3634,38.3646]],[[44.4121,37.8077],[44.4044,37.8097],[44.3932,37.8211],[44.3838,37.845],[44.3779,37.8541],[44.3671,37.8602],[44.3312,37.874],[44.3192,37.8769]],[[44.3192,37.8769],[44.2544,37.8708]],[[44.4505,37.7666],[44.4364,37.7678],[44.4291,37.7791],[44.4338,37.8011],[44.433,37.8061],[44.4255,37.8108]],[[44.4255,37.8108],[44.4121,37.8077]],[[44.6616,37.3757],[44.6522,37.384],[44.6382,37.4126],[44.6228,37.4219],[44.5856,37.4247],[44.5721,37.4308],[44.5659,37.4472],[44.5793,37.477],[44.5699,37.5144],[44.5718,37.5392],[44.5783,37.5639],[44.5874,37.584],[44.5835,37.6011],[44.561,37.6147],[44.5409,37.6327],[44.5453,37.663],[44.5535,37.6718],[44.5882,37.694],[44.5984,37.707],[44.5961,37.7164],[44.5594,37.752],[44.5344,37.7692],[44.5065,37.7793]],[[44.5065,37.7793],[44.4792,37.7769],[44.4665,37.7711],[44.4505,37.7666]],[[44.7661,37.1419],[44.7723,37.1612],[44.7661,37.1781],[44.7567,37.1952],[44.7535,37.2153],[44.7605,37.2332],[44.773,37.2417],[44.7868,37.2481],[44.7985,37.2603],[44.8016,37.2927],[44.779,37.3138],[44.7214,37.3433],[44.713,37.3568],[44.7071,37.371],[44.698,37.38]],[[44.698,37.38],[44.6616,37.3757]]]},"properties":{"rank":10}},{"type":"Feature","geometry":{"type":"MultiLineString","coordinates":[[[22.9297,54.3803],[22.9188,54.3811],[22.8589,54.3992],[22.8376,54.4009]],[[22.8376,54.4009],[22.8127,54.3941],[22.786,54.3652],[22.7672,54.3563]],[[23.0501,54.2948],[23.0321,54.3096],[23.0322,54.3201],[23.0416,54.341],[23.0353,54.3465],[23.001,54.3489],[22.9897,54.3534],[22.9834,54.3598],[22.9733,54.3754],[22.9627,54.3817],[22.9524,54.3831]],[[22.9524,54.3831],[22.9297,54.3803]],[[23.4856,53.9393],[23.4898,53.9451],[23.4904,53.9506],[23.4875,53.9556],[23.4709,53.9653],[23.4629,53.9725],[23.4587,53.9816],[23.4593,53.9923],[23.4695,54.0007],[23.4816,54.0066],[23.4965,54.022],[23.4962,54.0446],[23.4739,54.1126],[23.463,54.1349],[23.449,54.1549],[23.4325,54.1693],[23.4233,54.1725],[23.4018,54.176],[23.3915,54.1801],[23.3823,54.1879],[23.3545,54.2171],[23.316,54.2363],[23.2354,54.2542],[23.1973,54.2679],[23.1353,54.2983],[23.1171,54.3035]],[[23.1171,54.3035],[23.0969,54.3008],[23.073,54.2949],[23.0501,54.2948]]]},"properties":{"rank":10}},{"type":"Feature","geometry":{"type":"MultiLineString","coordinates":[[[7.1946,53.245],[7.1985,53.2006],[7.1954,53.185],[7.1886,53.1678],[7.1744,53.1458],[7.1719,53.1377],[7.1727,53.1258],[7.1813,53.1142],[7.1851,53.1054],[7.1944,53.0338],[7.1928,52.998],[7.1836,52.9661],[7.1619,52.9326],[7.0799,52.8544],[7.062,52.824],[7.0533,52.7906],[7.044,52.6826],[7.0367,52.6474],[7.0185,52.626]],[[6.9184,52.6322],[6.8654,52.642]],[[6.8654,52.642],[6.7705,52.641],[6.737,52.6347],[6.7018,52.6191],[6.7102,52.6087],[6.7082,52.5997],[6.7037,52.5914],[6.704,52.5831],[6.711,52.5766],[6.7438,52.5597],[6.6883,52.5426],[6.6717,52.5417],[6.684,52.526],[6.6875,52.5081],[6.689,52.4905],[6.6951,52.4756],[6.7148,52.4616],[6.7412,52.4537],[6.8203,52.4468],[6.872,52.4347],[6.9002,52.4319]],[[7.0185,52.626],[6.9677,52.6367]],[[6.9677,52.6367],[6.9184,52.6322]],[[6.9733,52.4514],[7.0342,52.3908],[7.0482,52.3651],[7.0398,52.3286],[7.0197,52.3],[7.0125,52.2849],[7.0119,52.2666],[7.0207,52.2453],[7.0291,52.2358],[7.0263,52.2306],[6.9819,52.214],[6.9711,52.2063],[6.9477,52.1828],[6.9277,52.1719],[6.8848,52.1603],[6.8654,52.1478],[6.8433,52.12],[6.8307,52.1129],[6.7659,52.1084],[6.7499,52.1029],[6.7329,52.092],[6.7195,52.0736],[6.7114,52.0673],[6.6994,52.0636],[6.6889,52.0631],[6.6799,52.0605],[6.673,52.0501],[6.675,52.0348],[6.6909,52.0279],[6.7129,52.0239],[6.7782,52.0013],[6.8092,51.9795],[6.8117,51.9728],[6.8107,51.9606],[6.8057,51.9575],[6.798,51.9567],[6.7898,51.9511],[6.767,51.9255],[6.7438,51.9083],[6.7167,51.8993],[6.6282,51.8975],[6.5286,51.8764],[6.4794,51.853],[6.4629,51.8484],[6.4425,51.8484]],[[6.9002,52.4319],[6.9265,52.433],[6.9515,52.4375],[6.9608,52.4428],[6.967,52.4496],[6.9733,52.4514]],[[6.2252,51.8625],[6.1914,51.8712],[6.1592,51.8873],[6.127,51.8967]],[[6.127,51.8967],[6.093,51.8853],[6.1054,51.8795],[6.1427,51.8552],[6.1561,51.8421]],[[6.345,51.8211],[6.342,51.8367],[6.3257,51.8425],[6.2874,51.8462],[6.2718,51.8619],[6.2647,51.8662],[6.2564,51.8668]],[[6.2564,51.8668],[6.2252,51.8625]],[[6.4425,51.8484],[6.3785,51.8601]],[[6.3785,51.8601],[6.3866,51.8376],[6.3825,51.8276],[6.345,51.8211]],[[6.1561,51.8421],[6.084,51.8537]],[[6.084,51.8537],[6.0433,51.8469],[6.0289,51.8421],[6.0082,51.8326],[5.9889,51.8275],[5.9481,51.823],[5.9315,51.8156],[5.928,51.8067],[5.9508,51.7959],[5.9641,51.7766],[5.9624,51.7564],[5.9401,51.7426],[5.9393,51.7319],[5.9492,51.7294]],[[5.9783,51.7298],[5.9897,51.7264],[6.0121,51.7159],[6.022,51.7095],[6.0086,51.6812],[6.0315,51.663],[6.0992,51.6445],[6.0875,51.6221],[6.0821,51.6078],[6.0865,51.5955],[6.153,51.5384],[6.1933,51.5093],[6.2053,51.4584],[6.2017,51.4386],[6.1941,51.4174],[6.1927,51.399],[6.2078,51.3877],[6.202,51.3789],[6.1989,51.357],[6.1936,51.3445],[6.1836,51.3357],[6.1582,51.3246],[6.1478,51.3182],[6.0965,51.2588],[6.0754,51.2427],[6.0652,51.2316],[6.0566,51.2117],[6.0537,51.1894],[6.0608,51.1709],[6.0843,51.1627]],[[5.9492,51.7294],[5.9783,51.7298]],[[6.1341,51.1842],[6.1571,51.1793],[6.1263,51.1646],[6.1473,51.1523],[6.1324,51.1398],[6.0754,51.1204],[5.9829,51.0747],[5.9695,51.0649],[5.9503,51.0395],[5.938,51.0309],[5.9196,51.0297]],[[6.0843,51.1627],[6.1341,51.1842]],[[5.9196,51.0297],[5.9062,51.0374],[5.8943,51.0471],[5.8805,51.0521]],[[5.8805,51.0521],[5.8525,51.0428],[5.8582,51.0193],[5.8736,50.9906],[5.8746,50.9654]],[[5.9277,50.9777],[5.9416,50.9765],[5.9678,50.971]],[[5.8746,50.9654],[5.8882,50.9671],[5.9142,50.9752],[5.9277,50.9777]],[[6.0037,50.9737],[6.0058,50.9685],[5.9958,50.9518],[5.9973,50.9374],[5.9999,50.9294],[6.0075,50.9241],[6.0311,50.9147],[6.0637,50.9075],[6.0565,50.8981],[6.0546,50.8915],[6.0631,50.8709],[6.0628,50.8629],[6.0567,50.8527],[6.0456,50.8442]],[[5.9678,50.971],[6.0037,50.9737]],[[6.0456,50.8442],[6.023,50.8454]],[[6.023,50.8454],[6.0093,50.8405],[6.0005,50.8304],[6.0036,50.8126],[5.9983,50.8007],[5.984,50.7922]],[[5.984,50.7922],[5.9688,50.7946]],[[5.9688,50.7946],[5.973,50.7818],[5.9806,50.7734],[5.9906,50.769],[5.9971,50.7629],[5.9949,50.7499]]]},"properties":{"rank":10}},{"type":"Feature","geometry":{"type":"LineString","coordinates":[[9.5812,47.0569],[9.6088,47.0808],[9.6157,47.1068],[9.6056,47.1323],[9.5818,47.1549],[9.5521,47.1669],[9.552,47.1756],[9.5619,47.1906],[9.5629,47.1977],[9.5543,47.2116],[9.5448,47.2203],[9.5404,47.2291],[9.5471,47.243],[9.5302,47.2537],[9.5212,47.2628]]},"properties":{"rank":10}},{"type":"Feature","geometry":{"type":"MultiLineString","coordinates":[[[-8.1469,9.8647],[-8.151,9.8661],[-8.1551,9.8752],[-8.1521,9.8788],[-8.1473,9.8801],[-8.1457,9.8825],[-8.1495,9.9053],[-8.1532,9.9109],[-8.1645,9.9127],[-8.1679,9.9147],[-8.1747,9.933],[-8.1738,9.9419],[-8.1524,9.95],[-8.1401,9.9597],[-8.1363,9.9694],[-8.1489,9.9739],[-8.1585,9.9849],[-8.1477,10.01],[-8.1275,10.0371],[-8.1088,10.0542],[-8.0579,10.0731],[-8.0349,10.0858],[-8.0157,10.1104],[-8.0072,10.1383],[-7.9998,10.1507],[-7.9897,10.162]],[[-8.0099,9.3836],[-8.0323,9.3846],[-8.0541,9.3891],[-8.0704,9.3975],[-8.0872,9.4154],[-8.1454,9.4971],[-8.1529,9.5131],[-8.1576,9.5309],[-8.161,9.5536],[-8.1616,9.5756],[-8.1235,9.8449],[-8.1281,9.8662]],[[-8.1281,9.8662],[-8.1469,9.8647]],[[-7.8787,9.1639],[-7.9296,9.1839],[-7.9306,9.2203],[-7.8949,9.3071],[-7.8917,9.3302],[-7.8654,9.4099],[-7.8706,9.4186],[-7.9119,9.4187]],[[-7.9119,9.4187],[-7.933,9.4143],[-7.9711,9.393],[-7.9916,9.3853],[-8.0099,9.3836]],[[-7.831,8.7477],[-7.891,8.7657],[-7.9131,8.7682],[-7.9589,8.782],[-7.9689,8.8128],[-7.9507,8.8995],[-7.9465,8.9486],[-7.9416,8.9722],[-7.9318,8.9966],[-7.9167,9.0123],[-7.827,9.0578],[-7.8078,9.06],[-7.7881,9.06],[-7.7642,9.0636],[-7.7468,9.0764],[-7.7594,9.0917],[-7.801,9.1148],[-7.8234,9.132],[-7.8342,9.143],[-7.8479,9.1686],[-7.8562,9.1702]],[[-7.8562,9.1702],[-7.8663,9.166],[-7.8787,9.1639]],[[-7.7207,8.3685],[-7.6624,8.3749],[-7.6832,8.4173],[-7.6896,8.4387],[-7.6865,8.4626],[-7.6793,8.4877],[-7.6792,8.5051],[-7.6917,8.5467],[-7.694,8.5678],[-7.6916,8.6061],[-7.6968,8.6248],[-7.7039,8.6335],[-7.7318,8.6521],[-7.7412,8.6629],[-7.7651,8.7061],[-7.7721,8.7145],[-7.7909,8.7309],[-7.8037,8.7491],[-7.8102,8.7534],[-7.8161,8.7535]],[[-7.8161,8.7535],[-7.8266,8.7482],[-7.831,8.7477]],[[-8.0766,8.5033],[-8.0681,8.5005],[-8.0572,8.4909],[-8.0507,8.4877],[-8.0425,8.4872]],[[-8.1505,8.4865],[-8.1301,8.4886],[-8.0969,8.5017],[-8.0766,8.5033]],[[-7.9705,8.497],[-7.9563,8.4944],[-7.9439,8.4846],[-7.9316,8.457],[-7.9238,8.4438],[-7.9129,8.4342],[-7.8986,8.4263],[-7.8823,8.4215],[-7.8656,8.4209]],[[-8.0157,8.4872],[-7.9859,8.4949],[-7.9705,8.497]],[[-8.1863,8.4937],[-8.1505,8.4865]],[[-8.0855,8.162],[-8.1829,8.1917],[-8.266,8.246],[-8.2646,8.2565],[-8.2483,8.2736],[-8.2453,8.2851],[-8.2476,8.3038],[-8.2476,8.3226],[-8.2353,8.3795],[-8.2369,8.4001],[-8.2421,8.4128],[-8.2543,8.4345],[-8.2544,8.4465],[-8.2489,8.4536],[-8.2003,8.4918],[-8.1863,8.4937]],[[-8.0249,8.4886],[-8.0157,8.4872]],[[-8.0425,8.4872],[-8.0249,8.4886]],[[-7.8238,8.4779],[-7.8024,8.4492],[-7.771,8.3865],[-7.7483,8.3723],[-7.7207,8.3685]],[[-7.8656,8.4209],[-7.8486,8.4286],[-7.8468,8.4427],[-7.8494,8.4592],[-7.8457,8.4743],[-7.8238,8.4779]],[[-7.9626,8.0152],[-7.9682,8.037],[-7.9804,8.059],[-7.9971,8.0773],[-8.0157,8.0885],[-8.0213,8.1027],[-8.0217,8.1177],[-8.0157,8.1482],[-8.0083,8.1604],[-8.0024,8.1743],[-8.0033,8.184]],[[-8.0033,8.184],[-8.0157,8.1839],[-8.076,8.1634],[-8.0855,8.162]],[[-8.012,8.0356],[-8.0022,8.0324],[-7.9925,8.0242],[-7.9804,8.0166],[-7.9626,8.0152]],[[-8.0538,8.0288],[-8.012,8.0356]],[[-8.0691,8.0293],[-8.0538,8.0288]],[[-8.229,7.5443],[-8.2002,7.5763],[-8.1998,7.5834],[-8.203,7.5996],[-8.2026,7.6072],[-8.1979,7.6186],[-8.1779,7.6439],[-8.158,7.6582],[-8.1574,7.6624],[-8.1602,7.6722],[-8.1595,7.6763],[-8.1274,7.713],[-8.1226,7.7275],[-8.119,7.7608],[-8.1151,7.7769],[-8.1105,7.7824],[-8.0983,7.7919],[-8.0963,7.8019],[-8.1014,7.8128],[-8.1238,7.832],[-8.1312,7.8424],[-8.1289,7.8826],[-8.0791,7.9577],[-8.0689,7.9966],[-8.0672,8.0208],[-8.0691,8.0293]],[[-8.4148,7.6129],[-8.3909,7.5858]],[[-8.4854,7.558],[-8.44,7.5999],[-8.4148,7.6129]],[[-8.3368,7.5978],[-8.3032,7.5893],[-8.2654,7.5601],[-8.229,7.5443]],[[-8.3909,7.5858],[-8.3723,7.5873],[-8.3368,7.5978]]]},"properties":{"rank":10}},{"type":"Feature","geometry":{"type":"LineString","coordinates":[[7.5023,43.7922],[7.4827,43.8402],[7.4779,43.8655],[7.4935,43.8862],[7.5368,43.9208],[7.5569,43.9441],[7.6086,43.9756],[7.6309,43.9935],[7.6387,44.0051],[7.647,44.0275],[7.6534,44.0397],[7.6643,44.0486],[7.6788,44.0566],[7.6899,44.0673],[7.6919,44.0846],[7.6762,44.109],[7.6541,44.125],[7.6419,44.1436],[7.6556,44.1761],[7.6247,44.1801],[7.5836,44.1607],[7.5548,44.1591],[7.3808,44.1229],[7.3406,44.1237],[7.331,44.1253],[7.3216,44.1319],[7.3093,44.1475],[7.2962,44.1512],[7.2701,44.1543],[7.2513,44.16],[7.145,44.2072],[7.1049,44.2178],[7.0461,44.2403],[7.0335,44.2429],[7.02,44.2421],[6.9961,44.2378],[6.9828,44.2417],[6.9734,44.2494],[6.9655,44.2675],[6.9592,44.2774],[6.95,44.2851],[6.9302,44.2954],[6.9212,44.3022],[6.9038,44.33],[6.896,44.3398],[6.8698,44.3629],[6.8661,44.3721],[6.8663,44.3772],[6.8772,44.4144],[6.8842,44.423],[6.9178,44.4363],[6.8917,44.452],[6.8613,44.4749],[6.8388,44.5029],[6.8357,44.534],[6.8464,44.5475],[6.8973,44.5754],[6.9316,44.6179],[6.9456,44.6254],[6.9343,44.6467],[6.9415,44.667],[6.9599,44.6832],[6.9828,44.6922],[7.0012,44.6923],[7.0373,44.6846],[7.0552,44.6849],[7.0494,44.6979],[7.019,44.7389],[7.0152,44.7474],[7.0098,44.7721],[6.9984,44.7938],[7.0041,44.8108],[7.006,44.8115],[7.0071,44.8221],[7.0049,44.828],[7.0008,44.833],[6.9828,44.847],[6.9327,44.8617],[6.9153,44.8627],[6.866,44.8557],[6.8471,44.8591],[6.7782,44.8876],[6.7454,44.9078],[6.7279,44.9287],[6.7299,44.9847],[6.7235,45.0134],[6.6972,45.0269],[6.6622,45.0292],[6.6517,45.0357],[6.6397,45.0504],[6.637,45.0594],[6.6381,45.0674],[6.6366,45.0745],[6.6203,45.0844],[6.6027,45.1034],[6.6146,45.1148],[6.6327,45.1255],[6.6674,45.1396],[6.7022,45.1412],[6.7364,45.1573],[6.7715,45.1532],[6.8081,45.1391],[6.8441,45.1301],[6.8767,45.1412],[6.8786,45.1474],[6.8682,45.1575],[6.8735,45.1659],[6.8813,45.1684],[6.9047,45.1686],[6.9138,45.1702],[6.9284,45.1796],[6.9458,45.2011],[6.9587,45.2098],[6.9945,45.2213],[7.0297,45.2282],[7.0377,45.2258],[7.0502,45.215],[7.0555,45.2137],[7.0622,45.2185],[7.0812,45.2431],[7.1084,45.2592],[7.1084,45.2749],[7.0976,45.295],[7.0926,45.324],[7.1301,45.3571],[7.1508,45.3832],[7.1596,45.3985],[7.1607,45.4109],[7.1529,45.4151],[7.1101,45.4283],[7.0968,45.4354],[7.0818,45.4591],[7.072,45.47],[7.0285,45.4931],[6.9828,45.5111],[6.9753,45.5256],[6.9698,45.567],[6.9659,45.5744],[6.9549,45.5862],[6.9529,45.5943],[6.9556,45.6026],[6.9695,45.6258],[6.9634,45.6407],[6.9511,45.6468],[6.9186,45.6526],[6.9053,45.6597],[6.8826,45.6755],[6.8692,45.679],[6.8431,45.6827],[6.8161,45.6969],[6.7959,45.7181],[6.7847,45.7596],[6.782,45.7775],[6.7827,45.7953],[6.7881,45.8117],[6.8008,45.8265],[6.8162,45.8329],[6.8434,45.8386],[6.8586,45.8335],[6.8644,45.8269],[6.8707,45.8283],[6.8735,45.8448],[6.9051,45.8454],[6.9264,45.8498],[6.949,45.8578],[6.9692,45.8698],[6.9828,45.8858],[6.9891,45.8993],[6.9972,45.9113],[7.0077,45.9205],[7.0221,45.9253]]},"properties":{"rank":10}},{"type":"Feature","geometry":{"type":"MultiLineString","coordinates":[[[56.078,24.7298],[56.0991,24.7305],[56.1183,24.7354],[56.1273,24.7457],[56.1333,24.7628],[56.1548,24.7867],[56.1712,24.824],[56.1863,24.8302],[56.2237,24.8345],[56.2417,24.8424],[56.2803,24.877],[56.3083,24.8952],[56.3136,24.9051],[56.3193,24.9625],[56.329,24.9727],[56.3833,24.9782]],[[55.9354,24.9777],[55.9784,24.9718],[56.0056,24.9562],[56.017,24.9266],[56.0293,24.8612]],[[55.8472,24.2114],[55.8303,24.2123],[55.7677,24.2249],[55.7557,24.2303],[55.7541,24.2455],[55.7621,24.263],[55.801,24.3263],[55.8074,24.3408],[55.8109,24.3892],[55.8086,24.3976],[55.8011,24.4065],[55.781,24.4189],[55.7746,24.4259],[55.7714,24.4411],[55.7737,24.4953],[55.7612,24.5374],[55.7598,24.5585],[55.77,24.5724],[55.784,24.5863],[55.7902,24.6199],[55.8182,24.6434],[55.8149,24.6627],[55.7948,24.7039],[55.7927,24.7223],[55.797,24.7595],[55.797,24.7784],[55.7887,24.8552],[55.7991,24.8861],[55.8294,24.9212],[55.8622,24.9485],[55.897,24.9686],[55.9354,24.9777]],[[56.0293,24.8612],[56.0053,24.877],[55.9924,24.883],[55.9784,24.8861]],[[55.9784,24.8861],[55.9609,24.8812],[55.9576,24.8687],[55.9648,24.8539],[56.0021,24.823],[56.0315,24.7541],[56.0621,24.7318],[56.078,24.7298]],[[55.8071,24.0075],[55.9235,24.0511],[55.9868,24.0654],[55.9979,24.0813],[55.9607,24.1424],[55.949,24.1848],[55.9332,24.2207],[55.9032,24.2322]],[[55.9032,24.2322],[55.8472,24.2114]],[[55.7624,24.0281],[55.7885,24.0096],[55.8071,24.0075]],[[55.7126,24.0192],[55.728,24.0196],[55.7444,24.0253],[55.7624,24.0281]],[[55.6469,24.025],[55.68,24.0243],[55.7126,24.0192]],[[55.1868,22.7036],[55.1976,22.8495],[55.1913,22.9955],[55.1948,23.0251],[55.2259,23.1213],[55.3211,23.2751],[55.3432,23.3363],[55.3641,23.436],[55.3753,23.4693],[55.394,23.4952],[55.4315,23.5329],[55.4453,23.5523],[55.4783,23.6764],[55.4874,23.6933],[55.5341,23.7568],[55.5383,23.77],[55.5351,23.8459],[55.5306,23.8747],[55.5146,23.8966],[55.4783,23.9166],[55.4616,23.9306],[55.4528,23.9486],[55.4568,23.9632],[55.4998,23.9706],[55.5423,23.9854],[55.5911,24.01],[55.6183,24.0201],[55.6469,24.025]]]},"properties":{"rank":10}},{"type":"Feature","geometry":{"type":"MultiLineString","coordinates":[[[46.4523,41.8862],[46.4309,41.8904]],[[46.5676,41.7867],[46.5499,41.7978],[46.5443,41.8148],[46.5491,41.8554],[46.5435,41.8743],[46.5255,41.8823],[46.4793,41.887]],[[46.4793,41.887],[46.4523,41.8862]],[[47.027,41.5569],[47.0126,41.5755],[47.0039,41.6054],[46.9792,41.6355],[46.9295,41.6672],[46.916,41.6809],[46.9069,41.7069],[46.9022,41.7128],[46.8906,41.7171],[46.8519,41.7223],[46.8348,41.7302],[46.7691,41.7757],[46.7594,41.7873],[46.754,41.8009],[46.745,41.8401],[46.7408,41.8512],[46.7324,41.8514]],[[46.7324,41.8514],[46.7156,41.8385],[46.6975,41.8282],[46.6571,41.822],[46.6365,41.8165],[46.604,41.7952],[46.5866,41.7868],[46.5676,41.7867]],[[48.579,41.8453],[48.5307,41.7874],[48.4554,41.7144],[48.4133,41.6276],[48.393,41.5989],[48.3702,41.5802],[48.2837,41.5395],[48.2314,41.5055],[48.2018,41.4935],[48.0866,41.4766],[48.0535,41.4613],[48.0346,41.4336],[48.0016,41.3621],[47.9792,41.3524]],[[47.5678,41.2055],[47.5473,41.2057],[47.5292,41.2166],[47.501,41.2463],[47.4791,41.252],[47.3756,41.2594],[47.3445,41.2682],[47.2684,41.3028],[47.2508,41.316],[47.2409,41.3389],[47.2428,41.3913],[47.2391,41.4157],[47.2315,41.4275],[47.2005,41.4569],[47.1871,41.4856],[47.177,41.4935],[47.1593,41.5035],[47.1522,41.5181],[47.1487,41.5351],[47.1414,41.5524],[47.1256,41.5663],[47.1075,41.5699]],[[47.1075,41.5699],[47.0883,41.567],[47.0691,41.5613],[47.027,41.5569]],[[47.9792,41.3524],[47.9532,41.3558]],[[47.9532,41.3558],[47.9427,41.3474],[47.9379,41.3317],[47.9295,41.3136],[47.9148,41.3002],[47.9014,41.293],[47.8921,41.2833],[47.8893,41.2624],[47.8938,41.2419],[47.8989,41.2291],[47.8946,41.2193],[47.8711,41.2082],[47.8287,41.1984],[47.7437,41.1927]],[[47.7437,41.1927],[47.7246,41.1957],[47.6425,41.2273],[47.6225,41.2291]],[[47.6225,41.2291],[47.6032,41.2233],[47.5678,41.2055]]]},"properties":{"rank":10}},{"type":"Feature","geometry":{"type":"MultiLineString","coordinates":[[[46.4309,41.8904],[46.3928,41.8317],[46.3713,41.8057],[46.3283,41.7664],[46.3137,41.7567],[46.2978,41.7508],[46.2769,41.7493]],[[46.2769,41.7493],[46.2301,41.7573]],[[46.2301,41.7573],[46.2083,41.7555],[46.189,41.7401],[46.1795,41.7059],[46.18,41.6552],[46.1928,41.6102],[46.2197,41.5933]],[[46.2539,41.6159],[46.2562,41.6103],[46.2784,41.5784],[46.2879,41.5321],[46.2967,41.5104],[46.3139,41.4937],[46.3662,41.4666],[46.3779,41.4625],[46.3983,41.4587],[46.4451,41.4259],[46.5425,41.395],[46.5916,41.3729],[46.6074,41.345]],[[46.2197,41.5933],[46.2285,41.5987],[46.2334,41.608],[46.2401,41.6155],[46.2539,41.6159]],[[45.3968,41.4233],[45.3812,41.4256],[45.3144,41.4516],[45.2817,41.4529]],[[45.2817,41.4529],[45.2496,41.4445],[45.0024,41.2905]],[[46.0174,41.1638],[45.9692,41.1683],[45.8207,41.2088],[45.7511,41.241],[45.7097,41.2677],[45.6859,41.2962],[45.7081,41.3171],[45.731,41.3233],[45.7453,41.3292],[45.7441,41.3354],[45.7207,41.3424],[45.6556,41.3524],[45.5118,41.3946],[45.4793,41.4177],[45.4648,41.4302],[45.45,41.4322]],[[45.45,41.4322],[45.4169,41.4246],[45.3968,41.4233]],[[46.6229,41.3496],[46.631,41.3455],[46.6378,41.337],[46.6571,41.3206],[46.6885,41.2844],[46.6948,41.2698],[46.6917,41.2685]],[[46.6074,41.345],[46.6229,41.3496]],[[46.6917,41.2685],[46.6834,41.2695]],[[46.6834,41.2695],[46.6746,41.2617],[46.6727,41.254],[46.6716,41.2365],[46.6695,41.2299],[46.6445,41.208],[46.6348,41.1811],[46.6295,41.1467],[46.6211,41.1146],[46.6018,41.094],[46.5821,41.0917]],[[46.4749,41.0441],[46.457,41.0524],[46.429,41.081],[46.4126,41.0919],[46.3531,41.1065],[46.3323,41.1159],[46.2734,41.1563],[46.2444,41.1837],[46.2286,41.1954],[46.2106,41.2002]],[[46.2106,41.2002],[46.1354,41.1999],[46.1131,41.196],[46.0614,41.1709],[46.0416,41.1654],[46.0174,41.1638]],[[46.5821,41.0917],[46.5631,41.0956],[46.5435,41.097]],[[46.5435,41.097],[46.5224,41.087],[46.5111,41.071],[46.5056,41.0553],[46.4968,41.0448],[46.4749,41.0441]]]},"properties":{"rank":10}},{"type":"Feature","geometry":{"type":"MultiLineString","coordinates":[[[45.1877,40.9984],[45.1918,40.9978],[45.2205,40.9791],[45.2099,40.968]],[[45.2099,40.968],[45.1868,40.9708],[45.1772,40.9938],[45.1803,40.9964],[45.1877,40.9984]]]},"properties":{"rank":10}},{"type":"Feature","geometry":{"type":"MultiLineString","coordinates":[[[45.5202,40.6604],[45.5347,40.6589],[45.5607,40.6476],[45.5472,40.6216],[45.5137,40.602]],[[45.5137,40.602],[45.4793,40.6098],[45.4733,40.6194],[45.4713,40.6299],[45.4734,40.6403],[45.4793,40.6502],[45.4918,40.6571],[45.5056,40.6602],[45.5202,40.6604]]]},"properties":{"rank":10}},{"type":"Feature","geometry":{"type":"MultiLineString","coordinates":[[[19.7905,46.1291],[19.773,46.1316],[19.6901,46.1684],[19.6693,46.1731],[19.6478,46.1739]],[[19.6478,46.1739],[19.5897,46.166]],[[19.5897,46.166],[19.5684,46.1664]],[[19.5684,46.1664],[19.5499,46.1642],[19.5252,46.1564],[19.502,46.1456],[19.4875,46.1342],[19.4893,46.126],[19.4967,46.1169],[19.4993,46.1086],[19.473,46.0987],[19.4537,46.0776],[19.4369,46.068],[19.4172,46.0643],[19.4047,46.0602],[19.3891,46.0415],[19.3789,46.0337],[19.3622,46.0296],[19.3252,46.0295],[19.307,46.0266],[19.2869,46.0162],[19.2795,46.0038],[19.2748,45.9916],[19.2635,45.9814],[19.2357,45.9777]],[[20.035,46.143],[19.9931,46.1594],[19.9292,46.1635]],[[19.9292,46.1635],[19.8889,46.1574],[19.7905,46.1291]],[[20.138,46.1365],[20.1304,46.1394],[20.1201,46.1492],[20.1148,46.1522],[20.0984,46.155]],[[20.0984,46.155],[20.0886,46.1541],[20.0634,46.1453],[20.035,46.143]],[[20.2428,46.1081],[20.1885,46.1404],[20.1705,46.1455]],[[20.1705,46.1455],[20.1454,46.1371],[20.138,46.1365]],[[19.2357,45.9777],[19.148,45.9841],[19.1258,45.9931],[19.111,46.013],[19.0885,46.0188]],[[19.0885,46.0188],[19.0654,46.012],[19.0497,45.9931],[19.0486,45.9634],[19.0309,45.96]],[[19.0309,45.96],[19.0056,45.9626]],[[19.0056,45.9626],[18.9818,45.9508],[18.9787,45.9472],[18.9777,45.9435],[18.9788,45.9398],[18.9887,45.927],[18.9875,45.9238],[18.9818,45.9218]],[[18.9818,45.9218],[18.9627,45.9279],[18.9013,45.9312]]]},"properties":{"rank":10}},{"type":"Feature","geometry":{"type":"MultiLineString","coordinates":[[[-11.8226,13.3067],[-11.8281,13.3073],[-11.84,13.3169],[-11.8446,13.3238],[-11.8546,13.3506],[-11.8623,13.3561],[-11.8888,13.3689],[-11.8976,13.3712],[-11.9,13.3822],[-11.8857,13.4358],[-11.8835,13.4535],[-11.8904,13.4651],[-11.8985,13.4685],[-11.9077,13.4696],[-11.9182,13.4747],[-11.939,13.5029],[-11.9968,13.5442],[-12.0152,13.5644],[-12.0373,13.5983],[-12.0498,13.6344],[-12.0704,13.6732],[-12.0839,13.693],[-12.0976,13.7044],[-12.0123,13.7512],[-11.9788,13.7848],[-11.9629,13.8295],[-11.957,13.87],[-11.9568,13.8903],[-11.9629,13.9092],[-11.9804,13.9296],[-11.999,13.9436],[-12.0153,13.9593],[-12.0253,13.9852],[-12.0252,14.0267],[-12.0028,14.1035],[-11.9954,14.144],[-11.9976,14.1662],[-12.0345,14.2503],[-12.0443,14.2649],[-12.0584,14.2741],[-12.0978,14.2881],[-12.11,14.2981],[-12.1196,14.3106],[-12.1278,14.3243],[-12.113,14.3296],[-12.1087,14.342],[-12.1156,14.3551],[-12.2088,14.3888],[-12.2217,14.3912],[-12.2199,14.4346],[-12.2224,14.4549],[-12.2342,14.4986],[-12.2364,14.5195],[-12.2304,14.5367],[-12.2115,14.548],[-12.2042,14.5543],[-12.1984,14.5876],[-12.191,14.598],[-12.1715,14.6164],[-12.1659,14.6252],[-12.165,14.6419],[-12.1726,14.6479],[-12.1828,14.6502],[-12.1898,14.656],[-12.1922,14.6669],[-12.1903,14.6737],[-12.1803,14.6928],[-12.2076,14.6966],[-12.2228,14.7033],[-12.2305,14.7146],[-12.2366,14.7285],[-12.2565,14.7458],[-12.2641,14.7749]],[[-11.6945,13.3792],[-11.704,13.3804],[-11.714,13.3881],[-11.7198,13.3979],[-11.7269,13.4058],[-11.7412,13.4078]],[[-11.7412,13.4078],[-11.7565,13.3998],[-11.7666,13.3832],[-11.7725,13.3627],[-11.7751,13.3433],[-11.8171,13.3123],[-11.8226,13.3067]],[[-11.6329,13.3544],[-11.644,13.3556],[-11.6466,13.3655],[-11.6453,13.3798],[-11.6498,13.3841]],[[-11.6498,13.3841],[-11.675,13.3832],[-11.6945,13.3792]],[[-11.4231,12.956],[-11.4387,12.9589],[-11.436,12.9688],[-11.4334,12.997],[-11.4245,13.0052],[-11.423,13.0094],[-11.4357,13.0167],[-11.4452,13.0352],[-11.459,13.0547],[-11.4569,13.0604],[-11.4514,13.0681],[-11.4503,13.0751],[-11.4771,13.0833],[-11.5154,13.1078],[-11.5331,13.1118],[-11.5381,13.128],[-11.5385,13.163],[-11.5478,13.1762],[-11.5597,13.1869],[-11.5693,13.1992],[-11.5723,13.2171],[-11.5686,13.2279],[-11.5558,13.2459],[-11.5543,13.2569],[-11.5585,13.2665],[-11.5812,13.2861],[-11.6058,13.3197],[-11.613,13.3391],[-11.6131,13.3608]],[[-11.6131,13.3608],[-11.6329,13.3544]],[[-11.4073,12.9163],[-11.4029,12.9164],[-11.3878,12.9271],[-11.3844,12.9331],[-11.3888,12.9706],[-11.3934,12.9808],[-11.4018,12.9895]],[[-11.4018,12.9895],[-11.4042,12.9721],[-11.4115,12.9607],[-11.4231,12.956]],[[-11.4207,12.922],[-11.4073,12.9163]],[[-11.4298,12.5083],[-11.4379,12.5154],[-11.4495,12.5352],[-11.4567,12.5398],[-11.4678,12.5435],[-11.4606,12.5498],[-11.4398,12.5593],[-11.4374,12.5708],[-11.4409,12.5849],[-11.4418,12.5955],[-11.4366,12.6271],[-11.4368,12.6375],[-11.4418,12.6478],[-11.461,12.6584],[-11.4619,12.6731],[-11.4558,12.6806],[-11.448,12.6859],[-11.4374,12.7122],[-11.4103,12.7188],[-11.4022,12.7317],[-11.404,12.7412],[-11.4146,12.7597],[-11.4146,12.7642],[-11.4076,12.7715],[-11.4054,12.7823],[-11.4085,12.8045],[-11.4117,12.8129],[-11.4197,12.8247],[-11.4321,12.8293],[-11.4325,12.8355],[-11.4255,12.8496],[-11.4286,12.8658],[-11.4151,12.8967],[-11.4173,12.902],[-11.428,12.9125],[-11.4272,12.9186],[-11.4207,12.922]],[[-11.4005,12.4795],[-11.4024,12.4885],[-11.417,12.5293]],[[-11.417,12.5293],[-11.4248,12.5264],[-11.4304,12.5157],[-11.4298,12.5083]],[[-11.3884,12.4039],[-11.3866,12.4305],[-11.3798,12.4569],[-11.3778,12.4802],[-11.3904,12.4975]],[[-11.3904,12.4975],[-11.4005,12.4795]]]},"properties":{"rank":10}},{"type":"Feature","geometry":{"type":"MultiLineString","coordinates":[[[-13.3386,12.6392],[-13.3566,12.6489],[-13.4048,12.6618],[-13.7283,12.6734]],[[-13.2547,12.6418],[-13.2634,12.6432],[-13.2757,12.6511],[-13.2841,12.6533]],[[-13.2841,12.6533],[-13.3229,12.6465],[-13.3277,12.6449],[-13.3328,12.6396],[-13.3386,12.6392]],[[-13.2019,12.6334],[-13.2065,12.6357],[-13.216,12.6457],[-13.2215,12.6484]],[[-13.2215,12.6484],[-13.2547,12.6418]],[[-13.1273,12.6348],[-13.1453,12.6439]],[[-13.1453,12.6439],[-13.1547,12.6328]],[[-13.1547,12.6328],[-13.1626,12.6381],[-13.1692,12.6388]],[[-13.1692,12.6388],[-13.1763,12.6377]],[[-13.0346,12.4706],[-13.052,12.4723],[-13.0667,12.4801],[-13.0783,12.4962],[-13.0827,12.5157],[-13.0791,12.5322],[-13.0642,12.5662],[-13.0604,12.5834],[-13.0593,12.6035],[-13.0636,12.6223],[-13.0765,12.6359],[-13.0917,12.6382]],[[-13.0917,12.6382],[-13.109,12.6354],[-13.1273,12.6348]],[[-13.1763,12.6377],[-13.1852,12.6378]],[[-13.1852,12.6378],[-13.2019,12.6334]],[[-12.7527,12.4324],[-12.7733,12.4351],[-12.7792,12.4433],[-12.7835,12.4531],[-12.7994,12.4606],[-12.8291,12.4628],[-12.8386,12.4664],[-12.8491,12.4758],[-12.8513,12.4844],[-12.8492,12.495],[-12.874,12.5164],[-12.9131,12.5363]],[[-12.9131,12.5363],[-12.9495,12.5359],[-12.9662,12.4961],[-12.9695,12.4768],[-12.981,12.467],[-12.9974,12.4659]],[[-12.9974,12.4659],[-13.0152,12.4727]],[[-13.0152,12.4727],[-13.0346,12.4706]],[[-12.5794,12.3612],[-12.5937,12.3616],[-12.5973,12.3654],[-12.5981,12.3724],[-12.6034,12.3819],[-12.6315,12.4127],[-12.648,12.4258],[-12.6675,12.4337],[-12.6881,12.436]],[[-12.6881,12.436],[-12.7527,12.4324]],[[-11.3884,12.4039],[-11.416,12.405],[-11.4816,12.4282],[-11.5154,12.4316]],[[-11.5154,12.4316],[-11.6015,12.4252],[-11.6431,12.4176],[-11.72,12.3895],[-11.7578,12.3833]],[[-11.7578,12.3833],[-11.8396,12.3867],[-11.8602,12.3911],[-11.9206,12.416],[-11.9239,12.4188]],[[-11.9239,12.4188],[-11.9309,12.4187],[-11.9352,12.417],[-11.9463,12.4094],[-11.9843,12.389],[-11.9976,12.3864]],[[-11.9976,12.3864],[-12.0189,12.3884],[-12.0792,12.4081]],[[-12.0792,12.4081],[-12.104,12.4074],[-12.1219,12.3987],[-12.155,12.369],[-12.192,12.3488],[-12.3609,12.3056]],[[-12.3609,12.3056],[-12.3771,12.3137],[-12.4055,12.3565],[-12.4234,12.3691],[-12.4668,12.3845],[-12.4878,12.3895],[-12.5051,12.3903]],[[-12.5051,12.3903],[-12.5219,12.3869],[-12.5415,12.3795],[-12.5706,12.3637],[-12.5794,12.3612]]]},"properties":{"rank":10}},{"type":"Feature","geometry":{"type":"MultiLineString","coordinates":[[[3.695,11.1191],[3.6867,11.1205],[3.6625,11.1431],[3.4833,11.3923],[3.4684,11.4195],[3.4667,11.4425],[3.493,11.5115],[3.5049,11.5566],[3.5744,11.673],[3.5964,11.6958]],[[3.7569,10.4053],[3.7725,10.4076],[3.7877,10.4264],[3.7943,10.4449],[3.7954,10.4965],[3.8043,10.5232],[3.8299,10.5731],[3.8374,10.5999],[3.8371,10.6548],[3.8321,10.6839],[3.8229,10.7032],[3.8102,10.7105],[3.7833,10.717],[3.7739,10.7281],[3.7645,10.7609],[3.7595,10.7716],[3.7351,10.7958],[3.73,10.8077],[3.7313,10.825],[3.753,10.8777],[3.7541,10.9071],[3.7335,10.9965],[3.7233,11.0135],[3.7159,11.0319],[3.7118,11.0519],[3.7118,11.0735],[3.7221,11.1123],[3.7137,11.1203],[3.7044,11.1208]],[[3.7044,11.1208],[3.695,11.1191]],[[3.6717,10.4421],[3.6928,10.4384],[3.7569,10.4053]],[[3.5131,9.8466],[3.5308,9.863],[3.5571,9.9106],[3.5895,9.9488],[3.5996,9.9687],[3.6058,10.0541],[3.6123,10.0703],[3.6278,10.085],[3.6424,10.0919],[3.6549,10.1011],[3.664,10.1231],[3.6675,10.1466],[3.6646,10.1622],[3.6556,10.1748],[3.5876,10.2442],[3.5734,10.267],[3.5724,10.2857],[3.593,10.3309],[3.6182,10.3693],[3.6221,10.3812],[3.6232,10.4009],[3.626,10.4073],[3.6326,10.4167],[3.6521,10.4358],[3.6717,10.4421]],[[3.4529,9.8531],[3.5131,9.8466]],[[3.2991,9.634],[3.3316,9.652],[3.3386,9.6782],[3.3307,9.7086],[3.3184,9.7394],[3.3149,9.7591],[3.3171,9.7817],[3.3259,9.8017],[3.342,9.8136],[3.414,9.8428],[3.4529,9.8531]],[[3.2618,9.6386],[3.2814,9.635],[3.2991,9.634]],[[2.9714,9.0605],[2.9831,9.0606],[3.0514,9.0782],[3.076,9.0952],[3.0913,9.1264],[3.1246,9.229],[3.1452,9.2679],[3.1514,9.2886],[3.1515,9.3536],[3.1481,9.3703],[3.1353,9.4017],[3.1286,9.4296],[3.1326,9.4573],[3.1518,9.4882],[3.159,9.4935],[3.1751,9.4989],[3.1826,9.5053],[3.2436,9.5844],[3.2447,9.5896],[3.2382,9.6091],[3.2457,9.6337],[3.2618,9.6386]],[[2.9299,9.0784],[2.9407,9.0771],[2.9714,9.0605]],[[2.8463,9.0508],[2.8597,9.0526],[2.8693,9.0597],[2.8778,9.0685],[2.8884,9.0754],[2.8992,9.0774],[2.9299,9.0784]],[[2.7692,9.057],[2.8463,9.0508]],[[2.7833,7.4192],[2.7865,7.4213],[2.7896,7.4358],[2.7923,7.4776],[2.7702,7.5143],[2.7406,7.5494],[2.7206,7.5866],[2.7153,7.6258],[2.7272,7.7933],[2.7244,7.8077],[2.7155,7.8221],[2.6915,7.8487],[2.6803,7.8773],[2.6722,7.8896],[2.6711,7.8979],[2.6734,7.9056],[2.6871,7.9335],[2.6909,7.9966],[2.7035,8.0599],[2.7057,8.1197],[2.7084,8.138],[2.7161,8.1549],[2.7266,8.1716],[2.7344,8.19],[2.735,8.2119],[2.7281,8.2332],[2.7085,8.2748],[2.7007,8.2969],[2.6971,8.3207],[2.6984,8.3399],[2.706,8.3813],[2.7037,8.4179],[2.709,8.4304],[2.729,8.4527],[2.7369,8.4645],[2.7448,8.4983],[2.7229,8.7723],[2.7232,8.7829],[2.7289,8.7905],[2.7457,8.7981],[2.7511,8.8034],[2.7523,8.8123],[2.7471,8.8277],[2.7459,8.8365],[2.7496,8.8519],[2.7621,8.8804],[2.7625,8.8957],[2.7587,8.9027],[2.7495,8.9066],[2.7478,8.9148],[2.7647,8.9398],[2.7702,8.9672],[2.7724,9.0305],[2.7692,9.057]],[[2.7513,7.4236],[2.7617,7.4235],[2.7833,7.4192]],[[2.7038,6.3684],[2.7043,6.4293],[2.7154,6.4945],[2.7373,6.558],[2.7394,6.5792],[2.7308,6.6214],[2.7311,6.6418],[2.7426,6.6633],[2.7607,6.6794],[2.773,6.6875],[2.7786,6.6988],[2.7753,6.7449],[2.7733,6.755],[2.7674,6.7596],[2.755,6.7607],[2.7448,6.7638],[2.7363,6.7698],[2.7286,6.78],[2.7236,6.7997],[2.7263,6.8214],[2.7369,6.8633],[2.732,6.9052],[2.7184,6.9436],[2.7151,6.9798],[2.7411,7.0158],[2.7527,7.0213],[2.7655,7.0251],[2.7758,7.0305],[2.7797,7.0413],[2.7739,7.0508],[2.7477,7.0722],[2.7391,7.083],[2.7353,7.096],[2.7363,7.1029],[2.7498,7.1286],[2.7578,7.1389],[2.7611,7.1484],[2.7621,7.1622],[2.7412,7.4082],[2.7436,7.4192],[2.7513,7.4236]]]},"properties":{"rank":10}},{"type":"Feature","geometry":{"type":"MultiLineString","coordinates":[[[16.5776,46.4707],[16.5643,46.4799],[16.5153,46.5017]],[[16.7551,46.3819],[16.7429,46.3996],[16.7124,46.4127],[16.6936,46.4296],[16.6775,46.4487],[16.6593,46.4642],[16.6377,46.4745],[16.6111,46.4781],[16.6021,46.482],[16.5943,46.483]],[[16.5943,46.483],[16.5881,46.4796],[16.5837,46.4707],[16.5776,46.4707]],[[16.8275,46.374],[16.8079,46.3874],[16.7765,46.3929],[16.7693,46.3961]],[[16.7693,46.3961],[16.7619,46.3819],[16.7551,46.3819]],[[17.3271,45.972],[17.3166,45.9738],[17.3048,45.981],[17.2901,45.9846],[17.2901,45.9915],[17.3168,45.9977],[17.3078,46.0064],[17.2915,46.0079],[17.2759,46.012],[17.2541,46.0708],[17.2486,46.0802],[17.2086,46.1166],[17.1973,46.1212],[17.1162,46.1231],[17.1012,46.1282],[17.0529,46.1535],[17.0413,46.1622],[17.0363,46.173],[17.028,46.1805],[16.9748,46.2106],[16.9653,46.2195],[16.9407,46.2515],[16.8892,46.2922],[16.8718,46.3272],[16.8751,46.3429],[16.8655,46.3591],[16.8505,46.3731],[16.8377,46.3819],[16.8324,46.3819]],[[16.8324,46.3819],[16.8275,46.374]],[[17.3453,45.9557],[17.3421,45.9586],[17.3437,45.9675],[17.3379,45.9846]],[[17.3379,45.9846],[17.3271,45.972]],[[17.4062,45.9437],[17.3997,45.9599],[17.3892,45.9631]],[[17.3892,45.9631],[17.3653,45.9567],[17.3453,45.9557]],[[17.8581,45.7717],[17.858,45.7759],[17.8382,45.7996],[17.8092,45.8144],[17.6873,45.8406],[17.6647,45.8416],[17.6565,45.8454],[17.6458,45.8918],[17.6384,45.9013],[17.5911,45.9362],[17.5543,45.9478],[17.5119,45.9539],[17.4267,45.9567]],[[17.4267,45.9567],[17.4182,45.953],[17.4062,45.9437]],[[18.9013,45.9312],[18.8865,45.9304],[18.8766,45.9224],[18.8654,45.9181],[18.8454,45.9139],[18.8283,45.9057],[18.8178,45.9055]],[[18.8178,45.9055],[18.8049,45.9136]],[[18.8049,45.9136],[18.7949,45.903],[18.786,45.8869],[18.7755,45.8828]],[[18.7755,45.8828],[18.7633,45.884],[18.7238,45.8984],[18.6743,45.9104]],[[18.6743,45.9104],[18.6556,45.9076],[18.633,45.8919],[18.6293,45.8869],[18.6236,45.8687],[18.6074,45.8567],[18.5855,45.8269],[18.5735,45.8167],[18.5303,45.7908],[18.5042,45.784]],[[18.0805,45.7717],[17.9754,45.7921]],[[17.9754,45.7921],[17.8898,45.7921],[17.8805,45.7885],[17.8701,45.7735],[17.8581,45.7717]],[[18.5042,45.784],[18.4818,45.7914]],[[18.4818,45.7914],[18.4655,45.7837],[18.4307,45.7536],[18.4117,45.7432],[18.3976,45.7413]],[[18.3177,45.7473],[18.3005,45.7518],[18.2833,45.7649],[18.2605,45.7651],[18.2298,45.7812],[18.2112,45.7854]],[[18.2112,45.7854],[18.1289,45.7854],[18.1202,45.7834],[18.1029,45.7746],[18.0921,45.7717],[18.0805,45.7717]],[[18.3976,45.7413],[18.3838,45.7432],[18.3672,45.7582],[18.3512,45.7584]],[[18.3512,45.7584],[18.3177,45.7473]]]},"properties":{"rank":10}},{"type":"Feature","geometry":{"type":"LineString","coordinates":[[13.6429,45.4594],[13.6428,45.4594]]},"properties":{"rank":10}},{"type":"Feature","geometry":{"type":"MultiLineString","coordinates":[[[16.3434,46.7142],[16.3341,46.7217],[16.3255,46.7333],[16.3142,46.7433],[16.2982,46.7758],[16.3022,46.787],[16.3149,46.802],[16.3218,46.8133],[16.3275,46.8255],[16.3298,46.8344],[16.3253,46.8394],[16.3107,46.84],[16.3019,46.8432],[16.2822,46.8599],[16.272,46.864]],[[16.272,46.864],[16.1354,46.8558]],[[16.1354,46.8558],[16.094,46.8628]],[[16.5153,46.5017],[16.5008,46.5448],[16.4671,46.5647],[16.4302,46.6044],[16.3946,46.619],[16.3764,46.6291],[16.3684,46.643],[16.3776,46.6529],[16.3967,46.6591],[16.4105,46.6684],[16.405,46.6873],[16.39,46.6942],[16.3714,46.6949],[16.3576,46.699],[16.3573,46.7158]],[[16.3573,46.7158],[16.3434,46.7142]]]},"properties":{"rank":10}},{"type":"Feature","geometry":{"type":"MultiLineString","coordinates":[[[51.0389,24.5599],[50.9789,24.5677],[50.9286,24.5872],[50.881,24.6364],[50.8079,24.7466]],[[51.2153,24.6259],[51.1475,24.5763],[51.0955,24.5602],[51.0389,24.5599]]]},"properties":{"rank":10}},{"type":"Feature","geometry":{"type":"MultiLineString","coordinates":[[[76.1898,35.805],[76.166,35.8062],[76.1381,35.8267],[76.1278,35.8621],[76.1238,35.9035],[76.1147,35.9418],[76.09,35.9781],[76.0614,35.9916],[75.9843,35.9956],[75.953,36.0073],[75.9223,36.0317],[75.9,36.0635],[75.8943,36.0974],[75.9014,36.1136],[75.9146,36.1239],[75.9642,36.1498],[75.9715,36.155],[75.9766,36.1628],[75.9774,36.1738],[75.9691,36.1917],[75.9701,36.2023],[75.9834,36.2154],[76.0016,36.2221],[76.0144,36.2304],[76.0119,36.2481],[76.0017,36.2615],[75.9766,36.287],[75.9688,36.302],[75.9686,36.3418],[75.9874,36.4212],[75.9768,36.4618]],[[76.7774,35.6461],[76.7634,35.6471],[76.7454,35.655],[76.7329,35.6666],[76.709,35.694],[76.6767,35.7138],[76.6042,35.7357],[76.5708,35.7513],[76.5511,35.784],[76.5653,35.8655],[76.5555,35.8979],[76.5372,35.9025]],[[76.5372,35.9025],[76.5002,35.8715],[76.4765,35.8653],[76.454,35.8648],[76.4321,35.8605],[76.4224,35.8543],[76.4104,35.8368],[76.4031,35.831],[76.3841,35.8282]],[[76.3841,35.8282],[76.3664,35.8309],[76.3489,35.831]],[[76.3489,35.831],[76.312,35.8096],[76.2966,35.8095]],[[76.2966,35.8095],[76.2805,35.8142],[76.2604,35.8178]],[[76.2604,35.8178],[76.2371,35.8155],[76.1898,35.805]]]},"properties":{"rank":10}},{"type":"Feature","geometry":{"type":"MultiLineString","coordinates":[[[27.5464,41.9012],[27.5332,41.9081],[27.5095,41.9332],[27.4943,41.9428],[27.4208,41.9737],[27.3969,41.9893],[27.3748,42.0087],[27.3325,42.0574],[27.3053,42.0776],[27.2734,42.0917],[27.2382,42.0979]],[[27.2382,42.0979],[27.2164,42.0956],[27.2038,42.0881],[27.1816,42.0659],[27.1782,42.0584],[27.1738,42.0571]],[[27.116,42.0618],[27.1007,42.0711],[27.0837,42.0784],[27.0655,42.0827],[27.0465,42.0829]],[[27.0465,42.0829],[27.0226,42.0739],[27.0004,42.0428],[26.9811,42.0329],[26.9672,42.0285],[26.9501,42.0062],[26.9389,41.9962],[26.9302,41.9945]],[[27.1738,42.0571],[27.1496,42.0618],[27.1272,42.0626]],[[27.1272,42.0626],[27.116,42.0618]],[[26.9302,41.9945],[26.9115,41.9968]],[[26.9115,41.9968],[26.9011,41.9935],[26.8903,41.9854]],[[27.917,41.9779],[27.9034,41.9811],[27.8769,41.9907],[27.8522,41.9954],[27.843,41.9958]],[[27.843,41.9958],[27.824,41.9935]],[[27.824,41.9935],[27.816,41.9951]],[[27.816,41.9951],[27.808,41.9935],[27.8049,41.9834],[27.8049,41.9699],[27.8027,41.96],[27.8183,41.9529],[27.8153,41.9468],[27.8028,41.9431],[27.7898,41.9427]],[[26.8903,41.9854],[26.8811,41.9855],[26.8717,41.9881]],[[26.8717,41.9881],[26.8608,41.9879],[26.85,41.9829],[26.8277,41.9688],[26.8194,41.9657]],[[26.8194,41.9657],[26.8084,41.9679],[26.7899,41.9799],[26.7806,41.9834]],[[26.7806,41.9834],[26.7686,41.9808],[26.747,41.9645],[26.7367,41.959],[26.7176,41.9573]],[[28.0168,41.9725],[27.9659,41.9821]],[[27.9659,41.9821],[27.917,41.9779]],[[26.7176,41.9573],[26.6236,41.969]],[[26.6236,41.969],[26.6057,41.9674],[26.5895,41.9588],[26.5606,41.9357],[26.5471,41.9269],[26.543,41.9204],[26.5447,41.9164],[26.5568,41.9108],[26.5598,41.9073],[26.559,41.9017],[26.5547,41.8929],[26.5478,41.8563],[26.5395,41.838],[26.5261,41.8242],[26.4784,41.8133]],[[27.7898,41.9427],[27.7762,41.9461],[27.724,41.9676],[27.6871,41.9686]],[[27.6871,41.9686],[27.6093,41.9535],[27.6069,41.9435],[27.6034,41.9386],[27.5981,41.9386]],[[27.5981,41.9386],[27.5905,41.9429]],[[27.5905,41.9429],[27.5824,41.9349],[27.5722,41.9298],[27.5508,41.9242],[27.5521,41.9218],[27.5607,41.9177],[27.5489,41.9109],[27.5627,41.9064],[27.5464,41.9012]],[[26.4784,41.8133],[26.3755,41.8166]],[[26.3755,41.8166],[26.3342,41.7895],[26.32,41.7655],[26.3163,41.7438],[26.3232,41.7237],[26.3334,41.713]]]},"properties":{"rank":10}},{"type":"Feature","geometry":{"type":"MultiLineString","coordinates":[[[-2.943,35.2679],[-2.9638,35.2862],[-2.9669,35.3139],[-2.9478,35.3298]],[[-2.9129,35.2769],[-2.943,35.2679]]]},"properties":{"rank":10}},{"type":"Feature","geometry":{"type":"MultiLineString","coordinates":[[[12.4822,43.9826],[12.4892,43.9731],[12.4924,43.9564],[12.4903,43.9392],[12.478,43.9232],[12.4783,43.917],[12.4605,43.8953],[12.4295,43.8921]],[[12.4295,43.8921],[12.3996,43.9032],[12.3856,43.9245],[12.3957,43.9484],[12.4214,43.9672],[12.4533,43.9791],[12.4822,43.9826]]]},"properties":{"rank":10}},{"type":"Feature","geometry":{"type":"MultiLineString","coordinates":[[[5.9949,50.7499],[5.9926,50.7463],[5.9942,50.7426],[6.0108,50.7371],[6.0113,50.7274],[6.0076,50.7169],[6.0115,50.7085],[6.0248,50.7076]],[[6.0644,50.7145],[6.081,50.7135],[6.1002,50.7013],[6.1611,50.6422],[6.1478,50.6368],[6.1594,50.6224],[6.18,50.6155],[6.2491,50.6144],[6.2513,50.6084],[6.2443,50.5995],[6.2329,50.5908],[6.2329,50.5871],[6.2106,50.5787],[6.1791,50.562],[6.1607,50.5436],[6.1773,50.5302],[6.1695,50.5225],[6.1708,50.518],[6.1789,50.5158],[6.1906,50.5152],[6.1826,50.5066],[6.1907,50.5018],[6.1992,50.4904],[6.2072,50.4863],[6.2171,50.486]],[[6.0248,50.7076],[6.0644,50.7145]],[[6.2556,50.4946],[6.2754,50.488],[6.3187,50.4817],[6.3369,50.481],[6.3257,50.474],[6.3233,50.466],[6.3316,50.4469],[6.3402,50.4379],[6.3473,50.437],[6.3512,50.4336],[6.3504,50.4169],[6.3433,50.3933],[6.3364,50.3799],[6.3377,50.3681],[6.3725,50.3294],[6.3745,50.3155],[6.362,50.307],[6.3355,50.3039]],[[6.2171,50.486],[6.2556,50.4946]],[[6.3355,50.3039],[6.2995,50.3089]],[[6.2995,50.3089],[6.286,50.3039],[6.276,50.2961],[6.2694,50.2865],[6.2673,50.2764],[6.2718,50.2674],[6.2534,50.2568],[6.2104,50.249],[6.1896,50.2427],[6.1798,50.233],[6.1572,50.2227],[6.1468,50.214],[6.1602,50.2045],[6.1658,50.1932],[6.1651,50.1819],[6.1591,50.1724],[6.1517,50.1693],[6.1317,50.1683],[6.1232,50.1649],[6.1158,50.1455],[6.126,50.1402],[6.1295,50.134],[6.1266,50.1273],[6.1175,50.1205]]]},"properties":{"rank":10}},{"type":"Feature","geometry":{"type":"LineString","coordinates":[[14.0649,13.078],[13.6073,13.7041]]},"properties":{"rank":10}},{"type":"Feature","geometry":{"type":"MultiLineString","coordinates":[[[47.6742,30.0982],[47.7314,30.0886],[47.948,29.994]],[[46.5324,29.0957],[46.7119,29.2714],[46.7745,29.3635],[46.8386,29.425],[46.8534,29.4446],[46.8831,29.5125],[46.9578,29.6204],[46.9774,29.658],[46.9837,29.6983],[46.9888,29.7127],[47.0254,29.7721],[47.1105,29.9609],[47.1447,30.0033],[47.1971,30.0342],[47.3582,30.0921],[47.4158,30.0982],[47.6742,30.0982]]]},"properties":{"rank":10}},{"type":"Feature","geometry":{"type":"MultiLineString","coordinates":[[[12.1806,47.0852],[12.2042,47.0797],[12.2036,47.0533],[12.1823,47.0336],[12.1217,47.0105],[12.1112,46.993],[12.1178,46.9831],[12.1282,46.9486],[12.1417,46.928],[12.1416,46.9188],[12.1269,46.9089],[12.1374,46.9059],[12.161,46.903],[12.1722,46.8992],[12.1835,46.8912],[12.1951,46.8801],[12.2087,46.8766],[12.2508,46.8756],[12.2666,46.8681],[12.2758,46.8463],[12.2761,46.834],[12.2696,46.8198],[12.2669,46.8083],[12.2667,46.7953],[12.2691,46.7886],[12.2844,46.78],[12.3053,46.7745],[12.326,46.7725],[12.3427,46.7651],[12.3515,46.7432],[12.3704,46.7112],[12.405,46.6901],[12.4456,46.6787],[12.4999,46.6721],[12.5308,46.6577],[12.5473,46.6522],[12.562,46.6512]],[[11.7349,46.9706],[11.7464,46.9725],[11.7771,46.9883],[11.8225,46.9933],[11.857,47.012],[11.8995,47.0277],[11.9436,47.0382],[12.015,47.0405],[12.1162,47.0766],[12.1806,47.0852]],[[11.4718,47.0071],[11.4894,47.0042],[11.4959,47.0016],[11.507,46.993],[11.5153,46.9895],[11.5244,46.9883]],[[11.4112,46.9705],[11.4452,46.993],[11.4529,47.0009],[11.4618,47.0055],[11.4718,47.0071]],[[11.5965,47.0004],[11.648,46.9933]],[[11.5244,46.9883],[11.5727,46.9989],[11.5965,47.0004]],[[11.6648,46.9933],[11.6838,46.9919],[11.7162,46.9755],[11.7349,46.9706]],[[11.6573,46.9925],[11.6648,46.9933]],[[11.6485,46.9933],[11.6573,46.9925]],[[11.648,46.9933],[11.6485,46.9933]],[[11.3138,46.9873],[11.3495,46.9819],[11.3806,46.9716],[11.4112,46.9705]],[[10.9827,46.7677],[10.9969,46.7691],[11.0109,46.7792],[11.0333,46.8056],[11.0485,46.8117],[11.0528,46.8149],[11.0546,46.8199],[11.0543,46.8341],[11.0731,46.865],[11.0836,46.9001],[11.0919,46.9124],[11.1566,46.9565],[11.1745,46.9639],[11.2437,46.9793],[11.3138,46.9873]],[[10.4538,46.8644],[10.4863,46.8464],[10.5277,46.8432]],[[10.6471,46.8638],[10.6625,46.861],[10.739,46.8295],[10.7487,46.8194],[10.7438,46.8125],[10.7216,46.8001],[10.7169,46.7952],[10.7229,46.7864],[10.7337,46.7862]],[[10.5277,46.8432],[10.6294,46.8624],[10.6471,46.8638]],[[10.7548,46.7908],[10.7664,46.7881],[10.7951,46.7769],[10.8049,46.7766]],[[10.7337,46.7862],[10.7548,46.7908]],[[10.8239,46.7803],[10.8341,46.7802],[10.8431,46.777],[10.8602,46.767],[10.8704,46.7641]],[[10.8049,46.7766],[10.8239,46.7803]],[[10.9309,46.774],[10.9657,46.7716],[10.9827,46.7677]],[[10.8704,46.7641],[10.8803,46.7646],[10.9137,46.7723],[10.9309,46.774]],[[12.6202,46.6565],[12.6696,46.653],[12.7066,46.6377]],[[12.562,46.6512],[12.6202,46.6565]],[[12.7399,46.643],[12.7736,46.6352],[12.8304,46.6096],[13.0645,46.598],[13.1465,46.585],[13.21,46.558],[13.2311,46.5522],[13.2714,46.5508]],[[12.7066,46.6377],[12.716,46.638],[12.7399,46.643]],[[13.3733,46.5658],[13.417,46.5605]],[[13.2714,46.5508],[13.3733,46.5658]],[[13.478,46.5636],[13.4849,46.5617],[13.4991,46.5506],[13.5068,46.5469],[13.5492,46.5458],[13.6703,46.5187],[13.6853,46.5176]],[[13.417,46.5605],[13.478,46.5636]],[[13.6853,46.5176],[13.701,46.5197]]]},"properties":{"rank":10}},{"type":"Feature","geometry":{"type":"MultiLineString","coordinates":[[[7.407,43.7635],[7.4262,43.7555],[7.4375,43.7434]],[[7.3658,43.7227],[7.3673,43.7341],[7.3727,43.7458],[7.3875,43.7579],[7.407,43.7635]]]},"properties":{"rank":10}},{"type":"Feature","geometry":{"type":"LineString","coordinates":[[-4.8216,24.9951],[-4.8212,24.9948]]},"properties":{"rank":10}},{"type":"Feature","geometry":{"type":"MultiLineString","coordinates":[[[13.701,46.5197],[13.7011,46.5119],[13.6992,46.5048],[13.6955,46.4986],[13.6899,46.4933],[13.6884,46.4678],[13.6775,46.4521],[13.6588,46.4451]],[[13.6588,46.4451],[13.6341,46.4457]],[[13.6341,46.4457],[13.6002,46.4426],[13.5757,46.4267],[13.5544,46.406],[13.53,46.3883],[13.4837,46.3712],[13.4597,46.359],[13.4473,46.3548],[13.4341,46.3539],[13.4232,46.3448],[13.4098,46.3236],[13.3913,46.3016],[13.3653,46.2903],[13.373,46.2803],[13.3786,46.2684],[13.3847,46.2433],[13.3981,46.2305],[13.4016,46.2167],[13.4101,46.208]],[[13.4228,46.2286],[13.4383,46.2249],[13.4683,46.2234],[13.4823,46.2179],[13.5102,46.214],[13.529,46.2048],[13.559,46.1841],[13.5845,46.1813]],[[13.4101,46.208],[13.4374,46.2109],[13.4228,46.2286]],[[13.6139,46.1835],[13.6374,46.1804],[13.645,46.1617],[13.6164,46.125],[13.5051,46.066],[13.4823,46.0448],[13.4903,46.0389],[13.4928,46.0325],[13.49,46.0256],[13.4823,46.0184],[13.4618,46.0064],[13.5094,45.9674]],[[13.5845,46.1813],[13.6139,46.1835]],[[13.6059,45.9854],[13.6228,45.9664],[13.6082,45.9266],[13.5693,45.8645],[13.566,45.8303],[13.5813,45.8092],[13.6092,45.7986],[13.6436,45.7957],[13.6603,45.792],[13.7095,45.7653],[13.7787,45.7434],[13.8584,45.6494],[13.8692,45.6411],[13.8841,45.6351],[13.8931,45.6347],[13.8947,45.6318],[13.887,45.6188],[13.8478,45.5847],[13.8005,45.5812]],[[13.5094,45.9674],[13.5394,45.969],[13.5717,45.9798],[13.6059,45.9854]],[[13.8005,45.5812],[13.7611,45.5962]],[[13.7611,45.5962],[13.7118,45.5932]]]},"properties":{"rank":10}},{"type":"Feature","geometry":{"type":"MultiLineString","coordinates":[[[-1.7474,43.291],[-1.7524,43.2991],[-1.7558,43.3185],[-1.7682,43.3309],[-1.7969,43.3411],[-1.7964,43.3744],[-1.7941,43.386]],[[-1.6111,43.2458],[-1.6219,43.247],[-1.6341,43.2511],[-1.639,43.2557],[-1.6463,43.2728],[-1.648,43.2815],[-1.6452,43.2876],[-1.645,43.2924],[-1.6549,43.2975],[-1.6739,43.3042],[-1.683,43.3049]],[[-1.683,43.3049],[-1.7033,43.2986],[-1.7248,43.2965],[-1.7366,43.2923],[-1.7474,43.291]],[[-1.4664,43.2608],[-1.5081,43.2768],[-1.5392,43.2836],[-1.559,43.2841]],[[-1.559,43.2841],[-1.574,43.2774],[-1.5876,43.2516],[-1.5985,43.247],[-1.6111,43.2458]],[[-1.3831,43.0292],[-1.4105,43.0309],[-1.435,43.0357],[-1.4571,43.0451],[-1.4753,43.0601],[-1.4878,43.0818],[-1.4796,43.0903],[-1.4384,43.1228],[-1.4258,43.1353],[-1.4105,43.1669],[-1.3997,43.2067],[-1.4035,43.2433],[-1.4322,43.265],[-1.4442,43.2651]],[[-1.4442,43.2651],[-1.4664,43.2608]],[[-1.1499,43.0057],[-1.1825,43.0253],[-1.2169,43.0393],[-1.2749,43.0468],[-1.2937,43.0552],[-1.3106,43.0695],[-1.3151,43.0829],[-1.307,43.096],[-1.286,43.1092],[-1.3086,43.1136]],[[-1.3086,43.1136],[-1.3311,43.1073],[-1.3483,43.0931],[-1.3552,43.073],[-1.3576,43.0468],[-1.3661,43.0333],[-1.3831,43.0292]],[[-0.8635,42.9431],[-0.9432,42.9479],[-0.9815,42.957],[-1.0163,42.9762],[-1.0285,42.9867],[-1.0451,42.9902],[-1.0797,42.9934],[-1.1037,43.0057],[-1.1124,43.0083]],[[-1.1124,43.0083],[-1.1499,43.0057]],[[-0.7203,42.8766],[-0.7301,42.8775],[-0.7403,42.8848],[-0.7459,42.8939],[-0.7448,42.8993],[-0.7414,42.9039],[-0.7409,42.9109],[-0.7597,42.9465],[-0.7864,42.9533]],[[-0.7864,42.9533],[-0.8635,42.9431]],[[-0.6036,42.7968],[-0.6102,42.7991],[-0.608,42.8072],[-0.6095,42.8114],[-0.6483,42.8498],[-0.6661,42.8607],[-0.7004,42.8764],[-0.7105,42.8777]],[[-0.7105,42.8777],[-0.7203,42.8766]],[[0.7763,42.8325],[0.7588,42.8353],[0.7243,42.8453],[0.7068,42.8466]],[[0.7068,42.8466],[0.6794,42.8451],[0.6563,42.8384],[0.6516,42.8241],[0.6537,42.8027],[0.6397,42.7747],[0.6507,42.7634],[0.6433,42.7591],[0.6335,42.7448],[0.6476,42.741],[0.6596,42.7299],[0.6664,42.7148],[0.6654,42.6987],[0.6567,42.688],[0.6436,42.6845]],[[-0.2084,42.7839],[-0.2351,42.7862],[-0.247,42.8048],[-0.3074,42.8318],[-0.3228,42.8425]],[[-0.3228,42.8425],[-0.3282,42.8326],[-0.3352,42.825],[-0.343,42.8227]],[[0.9211,42.7844],[0.9104,42.7877],[0.8858,42.8042],[0.8561,42.8128],[0.8129,42.8316],[0.7957,42.8338]],[[0.7957,42.8338],[0.7763,42.8325]],[[-0.343,42.8227],[-0.3517,42.8292]],[[-0.3517,42.8292],[-0.3997,42.8013],[-0.4239,42.7907],[-0.4545,42.7889]],[[-0.4545,42.7889],[-0.5084,42.8075],[-0.5339,42.808]],[[-0.5339,42.808],[-0.5356,42.7842],[-0.5444,42.782],[-0.5612,42.7735],[-0.569,42.7726]],[[-0.569,42.7726],[-0.5787,42.7773],[-0.5771,42.7898],[-0.5829,42.7958],[-0.5873,42.7968]],[[-0.5873,42.7968],[-0.6036,42.7968]],[[1.1625,42.7057],[1.1515,42.7067],[1.1343,42.716],[1.1241,42.7297],[1.1166,42.7452],[1.1067,42.7596],[1.0891,42.7713],[1.0682,42.7761],[0.9829,42.7804],[0.9587,42.7937],[0.9503,42.7961]],[[0.9503,42.7961],[0.94,42.7937],[0.9211,42.7844]],[[-0.0389,42.6851],[-0.0784,42.6967],[-0.0958,42.7107],[-0.119,42.7169],[-0.1231,42.7304],[-0.1292,42.7359],[-0.1457,42.7459],[-0.1578,42.7607],[-0.1636,42.778],[-0.1614,42.7953]],[[-0.1614,42.7953],[-0.1794,42.7897],[-0.2084,42.7839]],[[0.2754,42.6687],[0.2598,42.6824],[0.2384,42.7104],[0.2224,42.7162],[0.1692,42.7265]],[[0.1692,42.7265],[0.1529,42.7246],[0.1342,42.7152],[0.0728,42.7085],[-0.0043,42.6875],[-0.0389,42.6851]],[[0.4093,42.6823],[0.3893,42.6851],[0.3844,42.6886],[0.384,42.6969],[0.3818,42.7001],[0.3542,42.7175]],[[0.3542,42.7175],[0.336,42.7127],[0.3183,42.6995],[0.2902,42.6703],[0.2754,42.6687]],[[1.4293,42.5954],[1.4148,42.6093],[1.398,42.6436],[1.3788,42.6632],[1.3611,42.6867],[1.3527,42.6901],[1.3433,42.6904],[1.3382,42.6944],[1.3426,42.7087],[1.3191,42.7134],[1.1959,42.7136]],[[1.1959,42.7136],[1.1625,42.7057]],[[0.4835,42.6853],[0.4669,42.6904]],[[0.4669,42.6904],[0.4288,42.683],[0.4093,42.6823]],[[0.6436,42.6845],[0.6082,42.688]],[[0.6082,42.688],[0.4835,42.6853]]]},"properties":{"rank":10}},{"type":"Feature","geometry":{"type":"MultiLineString","coordinates":[[[1.5431,42.6494],[1.5973,42.6219],[1.6083,42.6181],[1.722,42.6099],[1.7133,42.5895],[1.7294,42.582],[1.7527,42.5767],[1.7651,42.5634],[1.74,42.5616],[1.7217,42.5485],[1.7106,42.5277],[1.707,42.5028]],[[1.4984,42.6402],[1.5278,42.6485],[1.5431,42.6494]],[[1.4668,42.6415],[1.4984,42.6402]],[[1.4293,42.5954],[1.4514,42.6021],[1.4668,42.6415]]]},"properties":{"rank":10}},{"type":"Feature","geometry":{"type":"MultiLineString","coordinates":[[[1.707,42.5028],[1.712,42.4993],[1.7122,42.4937],[1.7306,42.4881],[1.7927,42.4817],[1.8137,42.4752],[1.8698,42.4468],[1.8932,42.4427],[1.912,42.442],[1.9275,42.4369],[1.9411,42.4201],[1.9542,42.3827],[1.9637,42.3672],[1.9834,42.3545],[1.9957,42.3487],[2.0092,42.3471]],[[2.9337,42.4702],[2.9661,42.461]],[[2.8841,42.4492],[2.9008,42.4513],[2.9337,42.4702]],[[2.9831,42.4693],[3.0296,42.4657],[3.036,42.4546],[3.0439,42.4453],[3.0536,42.4376],[3.0656,42.432],[3.0861,42.4272],[3.1117,42.425]],[[2.9661,42.461],[2.9831,42.4693]],[[2.8669,42.4496],[2.8841,42.4492]],[[2.7677,42.4096],[2.7886,42.412],[2.8046,42.4196],[2.8348,42.4413],[2.8508,42.4484],[2.8669,42.4496]],[[3.1117,42.425],[3.1378,42.4259],[3.181,42.4315]],[[2.2774,42.4286],[2.3053,42.417],[2.3173,42.4096],[2.3755,42.3893],[2.4066,42.3843],[2.4225,42.3837],[2.4299,42.3675],[2.4456,42.352],[2.4649,42.3406],[2.4834,42.337],[2.5037,42.3285],[2.5148,42.3257]],[[2.1842,42.4118],[2.246,42.4261],[2.2774,42.4286]],[[2.137,42.4162],[2.1842,42.4118]],[[2.0092,42.3471],[2.0353,42.3493],[2.0517,42.3524],[2.0633,42.3579],[2.0801,42.3713],[2.104,42.3848],[2.1087,42.3906],[2.1163,42.4054],[2.121,42.4106],[2.137,42.4162]],[[2.7285,42.414],[2.7677,42.4096]],[[2.6354,42.3379],[2.6622,42.339],[2.6618,42.3434],[2.6494,42.3537],[2.6403,42.3728],[2.6482,42.3815],[2.6904,42.4062],[2.7081,42.4129],[2.7285,42.414]],[[2.5674,42.3526],[2.6134,42.341],[2.6354,42.3379]],[[2.5148,42.3257],[2.5253,42.3259],[2.532,42.3308],[2.5403,42.347],[2.5481,42.3522],[2.5674,42.3526]]]},"properties":{"rank":10}},{"type":"Feature","geometry":{"type":"MultiLineString","coordinates":[[[1.968,42.4857],[1.9783,42.475],[1.9884,42.4582],[1.9995,42.4439],[1.9834,42.4413]],[[1.9834,42.4413],[1.9606,42.4437],[1.9475,42.4512],[1.9456,42.4638],[1.9566,42.4818],[1.968,42.4857]]]},"properties":{"rank":10}},{"type":"Feature","geometry":{"type":"MultiLineString","coordinates":[[[1.4293,42.5954],[1.4193,42.5793],[1.418,42.5698],[1.4264,42.5656],[1.4263,42.5618],[1.4098,42.5406],[1.4065,42.5292]],[[1.429,42.5315],[1.4466,42.5199],[1.45,42.5041],[1.4302,42.4936],[1.4076,42.4868],[1.4364,42.4535],[1.4364,42.441],[1.4479,42.4346],[1.5085,42.4287]],[[1.4065,42.5292],[1.429,42.5315]],[[1.6742,42.4905],[1.6863,42.4906],[1.6975,42.4945],[1.707,42.5028]],[[1.657,42.4976],[1.6624,42.4937],[1.6742,42.4905]],[[1.5085,42.4287],[1.5166,42.4295],[1.5282,42.4342],[1.5444,42.4504],[1.6075,42.4564],[1.6395,42.4664],[1.6504,42.4934],[1.657,42.4976]]]},"properties":{"rank":10}},{"type":"Feature","geometry":{"type":"MultiLineString","coordinates":[[[74.0289,38.5272],[73.9329,38.5297],[73.9173,38.5371],[73.8871,38.559],[73.8697,38.5668],[73.8336,38.578],[73.8164,38.5866],[73.7974,38.6028],[73.7886,38.6186],[73.7791,38.6602],[73.7723,38.6746],[73.7364,38.7217],[73.7327,38.7372],[73.739,38.7811],[73.7359,38.8004],[73.7249,38.8146],[73.6958,38.8401],[73.6837,38.8549],[73.6808,38.873],[73.689,38.8911],[73.7029,38.907],[73.7172,38.9186],[73.7399,38.9269],[73.7879,38.9271],[73.8096,38.9327],[73.8239,38.9449],[73.8291,38.9602],[73.8261,38.9769],[73.816,38.9938],[73.8016,39.0014],[73.7687,39.0299],[73.7093,39.0655],[73.6982,39.0784],[73.6919,39.0945],[73.683,39.1287],[73.6738,39.1426],[73.6314,39.1751],[73.6078,39.2073],[73.6023,39.2358],[73.6101,39.2655],[73.6413,39.3353],[73.6438,39.3513],[73.6426,39.3718],[73.6319,39.4288],[73.6326,39.4483]],[[74.2214,38.6497],[74.202,38.6523],[74.1404,38.6692],[74.1234,38.6695]],[[74.1234,38.6695],[74.1091,38.6623],[74.095,38.6458],[74.0927,38.6377],[74.0914,38.6204],[74.0844,38.614],[74.0449,38.6035],[74.0373,38.5985],[74.0381,38.5792],[74.0508,38.5627],[74.0588,38.547],[74.0455,38.5304],[74.0289,38.5272]],[[74.7191,38.5215],[74.6965,38.524],[74.6796,38.5349],[74.6643,38.549],[74.6461,38.5611],[74.4766,38.6121],[74.3342,38.667],[74.3134,38.6692]],[[74.3134,38.6692],[74.2438,38.6502],[74.2214,38.6497]],[[74.8923,37.2311],[74.9127,37.239],[74.9237,37.2552],[74.9329,37.2725],[74.9515,37.2813],[74.9754,37.2843],[75.0684,37.3121],[75.0771,37.3242],[75.0796,37.3612],[75.0918,37.3784],[75.1152,37.3878],[75.1641,37.4006],[75.1325,37.4185],[75.104,37.4406],[75.0534,37.4938],[75.0359,37.5064],[74.9452,37.5486],[74.915,37.5707],[74.8919,37.5992],[74.8822,37.6344],[74.8861,37.6535],[74.8971,37.6676],[74.9109,37.6802],[74.9236,37.6953],[74.9319,37.7216],[74.9544,37.7477],[74.9618,37.7581],[74.9652,37.7675],[74.9614,37.7855],[74.9493,37.7953],[74.8984,37.8176],[74.8912,37.823],[74.8861,37.8306],[74.8832,37.8439],[74.8873,37.8489],[74.8946,37.8521],[74.9116,37.8738],[74.9137,37.8808],[74.9052,37.8869],[74.894,37.8923],[74.8908,37.8977],[74.8888,37.9309],[74.8928,37.994],[74.8804,38.0217],[74.8099,38.0532],[74.7907,38.0814],[74.7713,38.1963],[74.7711,38.2915],[74.7748,38.3096],[74.7843,38.3257],[74.8267,38.3632],[74.8383,38.3794],[74.8441,38.3978],[74.8444,38.4172],[74.8329,38.4636],[74.8262,38.4696],[74.8085,38.4777],[74.8013,38.4828],[74.7763,38.5107],[74.7603,38.52],[74.742,38.5231]],[[74.742,38.5231],[74.7191,38.5215]]]},"properties":{"rank":10}},{"type":"Feature","geometry":{"type":"MultiLineString","coordinates":[[[74.794,37.2139],[74.7833,37.2197],[74.744,37.2884],[74.7374,37.2961],[74.7215,37.2978]],[[74.7215,37.2978],[74.7094,37.2908],[74.6989,37.2803],[74.6763,37.2637],[74.6709,37.2613],[74.651,37.2596],[74.6463,37.2548],[74.643,37.2484],[74.63,37.2383],[74.6233,37.2308],[74.615,37.2284]],[[74.615,37.2284],[74.609,37.2302],[74.5965,37.2408],[74.59,37.2434]],[[74.59,37.2434],[74.5759,37.2421],[74.5322,37.2322],[74.5001,37.2316],[74.4873,37.2259],[74.4766,37.2101],[74.4676,37.1899],[74.4567,37.1773],[74.4416,37.1705],[74.4203,37.1681]],[[74.8923,37.2311],[74.8131,37.2154],[74.794,37.2139]],[[74.4203,37.1681],[74.3823,37.172]],[[74.3823,37.172],[74.3683,37.1671],[74.3661,37.1478],[74.3826,37.1266],[74.4144,37.1078],[74.4766,37.0831],[74.4941,37.0665],[74.5058,37.047],[74.5192,37.0302],[74.5424,37.0217]]]},"properties":{"rank":10}},{"type":"Feature","geometry":{"type":"MultiLineString","coordinates":[[[74.5212,37.3756],[74.5127,37.3772]],[[74.5298,37.3758],[74.5212,37.3756]]]},"properties":{"rank":10}},{"type":"Feature","geometry":{"type":"LineString","coordinates":[[74.6604,37.394],[74.6314,37.3811],[74.5298,37.3758]]},"properties":{"rank":10}},{"type":"Feature","geometry":{"type":"LineString","coordinates":[[74.8923,37.2311],[74.8626,37.2446],[74.8169,37.3069],[74.7885,37.3312],[74.6604,37.394]]},"properties":{"rank":10}},{"type":"Feature","geometry":{"type":"MultiLineString","coordinates":[[[22.826,41.341],[22.917,41.3358]],[[22.7049,41.1397],[22.7157,41.1456],[22.7272,41.1658],[22.7367,41.2044],[22.7409,41.2836],[22.7513,41.3152],[22.781,41.3349],[22.826,41.341]],[[22.6445,41.1802],[22.6561,41.1781],[22.6741,41.1566],[22.6919,41.1446],[22.7049,41.1397]],[[22.5492,41.1185],[22.5713,41.1195],[22.5902,41.1251],[22.6073,41.136],[22.6245,41.1526],[22.6268,41.1608],[22.6259,41.1698],[22.6293,41.1771],[22.6445,41.1802]],[[22.2058,41.1614],[22.2251,41.1596],[22.263,41.1505],[22.3026,41.1455],[22.3052,41.1416],[22.3067,41.1284],[22.3087,41.125],[22.3151,41.1244]],[[22.1034,41.1215],[22.1244,41.1272],[22.1603,41.1519],[22.1832,41.1599],[22.2058,41.1614]],[[22.0482,41.1519],[22.0555,41.1499],[22.0628,41.1372],[22.1034,41.1215]],[[21.737,40.9192],[21.7655,40.9239],[21.7781,40.9337],[21.7818,40.9451],[21.7819,40.9559],[21.7837,40.9642],[21.7936,40.9736],[21.8313,40.9935],[21.845,41.0124],[21.8807,41.0384],[21.8943,41.0538],[21.8962,41.0614],[21.8972,41.0813],[21.9012,41.0908],[21.9091,41.0975],[21.9347,41.1119],[21.9651,41.1244],[22.0291,41.1386],[22.0482,41.1519]],[[22.3677,41.1324],[22.3802,41.1317],[22.4104,41.1179],[22.4218,41.1146],[22.4515,41.1137]],[[22.3151,41.1244],[22.3234,41.1285],[22.3423,41.129],[22.3677,41.1324]],[[22.5166,41.1222],[22.5492,41.1185]],[[22.4515,41.1137],[22.4675,41.115],[22.5007,41.1221],[22.5166,41.1222]],[[21.6851,40.928],[21.737,40.9192]],[[21.6439,40.8945],[21.6488,40.8958],[21.6527,40.9014],[21.6548,40.9143],[21.6569,40.9182],[21.6851,40.928]],[[21.4294,40.909],[21.5095,40.9005],[21.5537,40.8704],[21.5816,40.8663]],[[21.261,40.8608],[21.2954,40.8609],[21.3293,40.8663],[21.3449,40.8731],[21.3813,40.9005],[21.4049,40.9086],[21.4294,40.909]],[[21.6295,40.8951],[21.6439,40.8945]],[[21.5816,40.8663],[21.5903,40.8707],[21.6237,40.8944],[21.6295,40.8951]],[[21.183,40.8702],[21.2091,40.8691],[21.261,40.8608]],[[20.9653,40.8494],[21.1121,40.8539],[21.183,40.8702]]]},"properties":{"rank":10}},{"type":"Feature","geometry":{"type":"MultiLineString","coordinates":[[[21.4993,42.2387],[21.4815,42.2478]],[[21.4815,42.2478],[21.4676,42.2351]],[[21.5618,42.2472],[21.5199,42.239],[21.4993,42.2387]],[[21.4676,42.2351],[21.4572,42.237],[21.4479,42.2441],[21.4363,42.2469]],[[21.4363,42.2469],[21.4199,42.2401],[21.4215,42.2314],[21.4287,42.2226],[21.4298,42.2158],[21.4191,42.215]],[[21.4191,42.215],[21.3843,42.2249]],[[21.3843,42.2249],[21.3668,42.2239],[21.3538,42.216],[21.295,42.149],[21.2937,42.1402],[21.2988,42.1294],[21.3013,42.1006],[21.2993,42.0914],[21.2889,42.0897]],[[21.2889,42.0897],[21.2378,42.0974],[21.2254,42.1068],[21.2162,42.1212],[21.1999,42.1411],[21.1644,42.167],[21.1264,42.1889],[21.113,42.1944],[21.0985,42.196]],[[21.0985,42.196],[21.0744,42.1845],[21.0292,42.1514],[21.0039,42.142],[20.8105,42.0929],[20.7849,42.082],[20.7654,42.0643],[20.7554,42.0428],[20.7431,41.9935],[20.7418,41.9708],[20.7544,41.9309],[20.7505,41.9068],[20.74,41.888],[20.7233,41.8666],[20.703,41.8496],[20.6815,41.844]],[[20.6815,41.844],[20.6718,41.8493],[20.6528,41.8693],[20.6434,41.8736]],[[20.6434,41.8736],[20.637,41.8704],[20.6262,41.8552],[20.6187,41.8505],[20.6024,41.8499]],[[20.6024,41.8499],[20.5903,41.8547],[20.5671,41.8732]]]},"properties":{"rank":10}},{"type":"Feature","geometry":{"type":"LineString","coordinates":[[21.5641,42.2463],[21.5618,42.2472]]},"properties":{"rank":10}},{"type":"Feature","geometry":{"type":"MultiLineString","coordinates":[[[22.345,42.3134],[22.3253,42.3143],[22.3076,42.3193],[22.2916,42.3284],[22.2769,42.3412],[22.274,42.3485],[22.2733,42.3655],[22.2689,42.3703]],[[22.2689,42.3703],[22.2598,42.3691],[22.2334,42.3489],[22.0955,42.3058],[22.0609,42.3011]],[[22.0609,42.3011],[22.0276,42.304],[21.995,42.3126],[21.9415,42.3331],[21.929,42.3351]],[[21.929,42.3351],[21.9183,42.3313],[21.8844,42.3095],[21.8774,42.3082]],[[21.8774,42.3082],[21.8374,42.3086]],[[21.8374,42.3086],[21.8172,42.3051],[21.7065,42.2551],[21.692,42.242],[21.677,42.2349]],[[21.575,42.242],[21.5641,42.2463]],[[21.677,42.2349],[21.6597,42.2356],[21.6247,42.2428]],[[21.6247,42.2428],[21.575,42.242]]]},"properties":{"rank":10}},{"type":"Feature","geometry":{"type":"MultiLineString","coordinates":[[[22.5752,44.0614],[22.593,44.0639],[22.6047,44.0794],[22.6046,44.0882],[22.5981,44.1093],[22.5971,44.1191],[22.5991,44.1303],[22.6094,44.1599],[22.606,44.1631],[22.6049,44.1685],[22.6062,44.1746],[22.6248,44.1894],[22.64,44.2073],[22.6488,44.214],[22.6916,44.2284]],[[22.5546,44.0624],[22.5752,44.0614]],[[22.6069,43.4274],[22.5963,43.4292],[22.5868,43.4344],[22.5658,43.4533],[22.5326,43.4648],[22.5189,43.4742],[22.5094,43.4933],[22.4906,43.5409],[22.4785,43.5592],[22.4787,43.5692],[22.4831,43.5793],[22.4771,43.5913],[22.482,43.5995],[22.4738,43.613],[22.4729,43.6359],[22.4663,43.6491],[22.4559,43.6564],[22.4265,43.6682],[22.414,43.6767],[22.4049,43.6872],[22.3905,43.7124],[22.3861,43.7255],[22.3858,43.7338],[22.3896,43.7505],[22.3885,43.7583],[22.3626,43.7808],[22.3495,43.8079],[22.3547,43.8297],[22.3676,43.8528],[22.3771,43.8835],[22.379,43.9135],[22.3945,43.9363],[22.3968,43.9519],[22.3973,43.9809],[22.3996,43.9933],[22.4118,44.0069],[22.4343,44.014],[22.4814,44.0194],[22.5037,44.0199],[22.5149,44.0303],[22.5226,44.0447],[22.5342,44.0572],[22.5546,44.0624]],[[22.6742,43.3941],[22.6647,43.3967],[22.6565,43.4032],[22.6454,43.4203],[22.6378,43.4264],[22.6285,43.4283]],[[22.6285,43.4283],[22.6069,43.4274]],[[22.6662,42.8719],[22.6966,42.8774],[22.727,42.8869],[22.7388,42.8974],[22.7455,42.9101],[22.7632,42.9586],[22.7694,42.9713],[22.7764,42.9797],[22.7881,42.9849],[22.829,42.9935],[22.8423,43.0075],[22.8842,43.0367],[22.8895,43.0444],[22.8967,43.0627],[22.9017,43.0697],[22.9102,43.0753],[22.9353,43.0856],[22.9556,43.1083],[22.974,43.1412],[22.9846,43.1746],[22.9814,43.199],[22.9647,43.2044],[22.9155,43.2122],[22.8978,43.2203],[22.8838,43.2306],[22.8573,43.2569],[22.8332,43.2746],[22.827,43.2814],[22.8239,43.2893],[22.8208,43.3075],[22.8171,43.3155],[22.8045,43.329],[22.733,43.3815],[22.7194,43.3887],[22.7029,43.394],[22.6932,43.3949]],[[22.6932,43.3949],[22.6742,43.3941]],[[22.5909,42.8869],[22.6662,42.8719]],[[22.5376,42.8683],[22.5445,42.8714],[22.55,42.8774],[22.5636,42.8843],[22.5909,42.8869]],[[22.5198,42.8704],[22.5376,42.8683]],[[22.345,42.3134],[22.3641,42.321],[22.4058,42.3216],[22.424,42.3259],[22.4385,42.3401],[22.4544,42.3768],[22.4698,42.3917],[22.4851,42.3972],[22.4976,42.3992],[22.5088,42.4049],[22.5195,42.4209],[22.5331,42.4576],[22.5365,42.4784],[22.5325,42.4936],[22.5249,42.5077],[22.5121,42.5192],[22.4814,42.5356],[22.4297,42.5714],[22.4253,42.5729],[22.4288,42.5928],[22.4446,42.6433],[22.4492,42.668],[22.4421,42.6817],[22.4681,42.7183],[22.4814,42.7277],[22.4829,42.7338],[22.4814,42.7398],[22.4666,42.7485],[22.4531,42.7636],[22.4294,42.8061],[22.4258,42.8098],[22.4274,42.8136],[22.4368,42.8243],[22.4455,42.8302],[22.4709,42.8401],[22.4814,42.8467],[22.4971,42.8644],[22.506,42.8701],[22.5198,42.8704]]]},"properties":{"rank":10}},{"type":"Feature","geometry":{"type":"LineString","coordinates":[[70.4837,39.8822],[70.4987,39.8819]]},"properties":{"rank":10}},{"type":"Feature","geometry":{"type":"MultiLineString","coordinates":[[[70.5816,39.7666],[70.5759,39.7701],[70.5473,39.8076],[70.5374,39.8173],[70.5035,39.8355],[70.4901,39.8502],[70.4826,39.8668],[70.4837,39.8822]],[[70.4987,39.8819],[70.6199,39.8507],[70.655,39.8498]],[[70.6866,39.8609],[70.6989,39.8584],[70.7064,39.84],[70.7048,39.8221],[70.6945,39.8148],[70.6616,39.8098],[70.633,39.7985],[70.5816,39.7666]],[[70.655,39.8498],[70.6866,39.8609]]]},"properties":{"rank":10}},{"type":"Feature","geometry":{"type":"MultiLineString","coordinates":[[[22.7251,42.0425],[22.7184,42.0445],[22.7057,42.0559],[22.6759,42.0606],[22.6178,42.0827],[22.5311,42.1291],[22.5102,42.1448],[22.4947,42.1646],[22.4814,42.1933],[22.4436,42.2144],[22.345,42.3134]],[[22.7989,42.0212],[22.7911,42.0258],[22.7853,42.0391],[22.7809,42.0432],[22.7706,42.044]],[[22.7706,42.044],[22.7251,42.0425]],[[22.917,41.3358],[22.9409,41.3498],[22.9445,41.3684],[22.9394,41.3894],[22.9373,41.4108],[22.9405,41.4169],[22.9521,41.4277],[22.9546,41.4324],[22.9534,41.4382],[22.9462,41.4532],[22.943,41.5386],[22.9487,41.561],[22.9464,41.5677],[22.9337,41.5846],[22.9321,41.598],[22.933,41.6123],[22.9361,41.6262],[22.9409,41.6376],[22.9458,41.6411],[22.967,41.647],[22.9766,41.6666],[22.9986,41.6931],[23.0096,41.7164],[23.0089,41.7399],[22.9912,41.761],[22.9805,41.7647],[22.9569,41.7657],[22.9459,41.7693],[22.9397,41.7767],[22.9183,41.8143],[22.9077,41.8486],[22.9014,41.8604],[22.8967,41.8644],[22.885,41.8692],[22.8808,41.8727],[22.8782,41.8803],[22.8786,41.895],[22.8771,41.902],[22.8663,41.9249],[22.8589,41.9479],[22.8571,41.9719],[22.8548,41.9826],[22.8466,41.9936],[22.8458,42.0069],[22.8437,42.0145],[22.8382,42.0195],[22.827,42.0251],[22.8213,42.0254]],[[22.8213,42.0254],[22.806,42.0214],[22.7989,42.0212]]]},"properties":{"rank":10}},{"type":"Feature","geometry":{"type":"LineString","coordinates":[[18.4374,42.5592],[18.442,42.543],[18.4364,42.5108],[18.4371,42.4934],[18.4443,42.4779],[18.4549,42.4647],[18.4677,42.4534],[18.4929,42.4424],[18.4978,42.4312],[18.4964,42.4163]]},"properties":{"rank":10}},{"type":"Feature","geometry":{"type":"MultiLineString","coordinates":[[[17.7867,42.9014],[17.7655,42.9041],[17.7236,42.9162],[17.7016,42.9195]],[[17.7016,42.9195],[17.6795,42.9157],[17.6659,42.9052],[17.6533,42.8909]],[[18.3116,42.6012],[18.2571,42.6149],[18.2241,42.6281],[17.9953,42.7404],[17.9719,42.755],[17.9289,42.7908],[17.9045,42.8045],[17.8694,42.8118],[17.8585,42.817],[17.8272,42.8531],[17.8251,42.8645],[17.8262,42.8886],[17.8233,42.8984],[17.8118,42.9099]],[[17.8118,42.9099],[17.8027,42.9096],[17.7867,42.9014]],[[18.4374,42.5592],[18.421,42.5636],[18.3853,42.5665],[18.3705,42.5736],[18.3496,42.5963],[18.3387,42.6025]],[[18.3387,42.6025],[18.3116,42.6012]]]},"properties":{"rank":10}},{"type":"Feature","geometry":{"type":"MultiLineString","coordinates":[[[20.7944,43.2631],[20.8194,43.2574],[20.8384,43.2459],[20.8551,43.2314],[20.8647,43.2173]],[[20.6409,43.1153],[20.6321,43.1173],[20.6261,43.1237],[20.6206,43.1333],[20.6121,43.1549],[20.6001,43.1738],[20.5975,43.185],[20.604,43.198],[20.6123,43.2023],[20.6449,43.2033],[20.667,43.2097],[20.7453,43.2529],[20.7695,43.2608],[20.7944,43.2631]],[[20.8647,43.2173],[20.8515,43.2198]],[[20.8515,43.2198],[20.84,43.2121],[20.8391,43.1925],[20.8361,43.1794],[20.832,43.1786],[20.8386,43.1705],[21.0052,43.0991],[21.0258,43.0934],[21.0926,43.0907],[21.1085,43.0816],[21.124,43.0583],[21.1393,43.0058],[21.1479,42.9926],[21.1654,42.9851]],[[20.5843,43.0069],[20.5964,43.0071],[20.6173,43.0221],[20.6438,43.0523],[20.6649,43.0854],[20.6692,43.1098],[20.6618,43.1159],[20.6517,43.1163]],[[20.6517,43.1163],[20.6409,43.1153]],[[20.5624,43.0095],[20.5728,43.0093],[20.5843,43.0069]],[[20.3454,42.8274],[20.428,42.8406],[20.4763,42.8555],[20.4988,42.8779],[20.4889,42.8992],[20.4667,42.9095],[20.451,42.922],[20.4595,42.95],[20.4764,42.9664],[20.4935,42.9702],[20.5111,42.9702],[20.5305,42.9752],[20.5384,42.9807],[20.5534,43.0026],[20.5624,43.0095]],[[21.1931,42.9979],[21.2098,42.9959],[21.2253,42.9736],[21.2267,42.9425],[21.2324,42.9109],[21.2605,42.8866],[21.2716,42.8843]],[[21.1654,42.9851],[21.1931,42.9979]],[[21.295,42.8844],[21.3063,42.8824],[21.317,42.8776],[21.3364,42.8655],[21.3467,42.8608],[21.3788,42.8553],[21.3989,42.8546],[21.4084,42.847],[21.4083,42.8207],[21.4041,42.804],[21.3906,42.7704],[21.3871,42.755],[21.3839,42.75],[21.3792,42.747],[21.3787,42.7441],[21.3887,42.739],[21.4055,42.7353]],[[21.2716,42.8843],[21.295,42.8844]],[[21.4418,42.7361],[21.5425,42.7258],[21.5652,42.7202],[21.5805,42.7102],[21.6127,42.6804],[21.6294,42.6722]],[[21.4055,42.7353],[21.4418,42.7361]],[[21.7089,42.6872],[21.7387,42.6822],[21.7644,42.6696],[21.7728,42.6475],[21.7671,42.6387],[21.7347,42.6242],[21.7356,42.6213],[21.7288,42.5983],[21.7202,42.5939],[21.7183,42.591],[21.7197,42.5867],[21.7268,42.5779],[21.7277,42.5741],[21.7177,42.5512],[21.6679,42.4901],[21.6279,42.4604],[21.619,42.4492],[21.6169,42.4339],[21.6219,42.4022],[21.6174,42.3866],[21.5966,42.3721],[21.5373,42.3586],[21.516,42.3419],[21.5149,42.3178],[21.5539,42.274],[21.5641,42.2463]],[[21.6294,42.6722],[21.6441,42.6723],[21.6874,42.6868],[21.7089,42.6872]]]},"properties":{"rank":10}},{"type":"Feature","geometry":{"type":"MultiLineString","coordinates":[[[20.3454,42.8274],[20.2644,42.8173],[20.2261,42.8068],[20.2176,42.8027],[20.2092,42.7917],[20.2084,42.7821],[20.21,42.773],[20.2084,42.7633],[20.1834,42.7425]],[[20.1834,42.7425],[20.1495,42.7499],[20.1121,42.7665],[20.0763,42.7734]],[[20.0763,42.7734],[20.0651,42.7695],[20.0347,42.7514],[20.0265,42.7432],[20.0248,42.7234],[20.0361,42.708],[20.0942,42.667],[20.1039,42.6531],[20.0906,42.6273],[20.0792,42.6113],[20.0757,42.6031],[20.0754,42.587],[20.0782,42.5729],[20.077,42.5599],[20.065,42.5468]]]},"properties":{"rank":10}},{"type":"Feature","geometry":{"type":"MultiLineString","coordinates":[[[19.1953,43.5328],[19.1752,43.5096],[19.1759,43.4809],[19.1922,43.4545],[19.2184,43.4382],[19.3556,43.3931],[19.3723,43.3842],[19.414,43.3384],[19.4731,43.2933],[19.4851,43.2801],[19.5023,43.2519],[19.5124,43.2406],[19.5499,43.2175],[19.5809,43.1878],[19.5981,43.1762],[19.6187,43.1682],[19.663,43.1585],[19.6846,43.1567]],[[19.7055,43.1662],[19.7136,43.1656],[19.7428,43.1265],[19.7612,43.1087],[19.7818,43.0965],[19.8051,43.09],[19.8383,43.0884]],[[19.6846,43.1567],[19.6973,43.1602],[19.7055,43.1662]],[[19.9166,43.1171],[19.9292,43.1139],[19.9366,43.1059],[19.9498,43.0859],[19.9597,43.0786],[20.0199,43.0473],[20.1169,42.9767],[20.1409,42.9708],[20.1946,42.9668],[20.2232,42.9577],[20.2756,42.9299],[20.3371,42.907],[20.3536,42.891],[20.3552,42.8662],[20.3454,42.8274]],[[19.8383,43.0884],[19.8722,43.0904],[19.8838,43.0957],[19.9071,43.1133],[19.9166,43.1171]]]},"properties":{"rank":10}},{"type":"Feature","geometry":{"type":"MultiLineString","coordinates":[[[3.4539,51.2356],[3.4219,51.238],[3.3917,51.2468],[3.3674,51.2635],[3.3532,51.2886],[3.3539,51.3119],[3.3581,51.3367],[3.3494,51.3752]],[[4.2215,51.368],[4.2135,51.3405],[4.2079,51.3306],[4.1686,51.2969],[4.119,51.2724],[3.995,51.2332],[3.9495,51.2108],[3.927,51.2063],[3.8087,51.2053]],[[3.8087,51.2053],[3.7963,51.2088],[3.7814,51.2199],[3.7797,51.2303],[3.7814,51.2414],[3.7762,51.2545],[3.7573,51.2623],[3.6351,51.2878],[3.6095,51.2904]],[[3.6095,51.2904],[3.5848,51.2895],[3.5143,51.281],[3.5034,51.274],[3.5015,51.2624],[3.5041,51.2497],[3.5012,51.2403],[3.4539,51.2356]]]},"properties":{"rank":10}},{"type":"Feature","geometry":{"type":"MultiLineString","coordinates":[[[4.8227,51.4137],[4.8154,51.4311],[4.8261,51.4606],[4.8239,51.4756],[4.8136,51.4841],[4.7968,51.491],[4.7787,51.4954],[4.7642,51.4962]],[[4.7642,51.4962],[4.7312,51.4856],[4.6539,51.4262],[4.6436,51.4214],[4.6301,51.4182],[4.6146,51.4176]],[[4.5539,51.4193],[4.5406,51.4201],[4.5215,51.4286],[4.5234,51.4384],[4.5318,51.4509],[4.5332,51.4676],[4.5252,51.4759],[4.5126,51.4774]],[[4.5126,51.4774],[4.4831,51.4743],[4.4294,51.462],[4.3771,51.4429],[4.3892,51.4346],[4.3872,51.4275],[4.3806,51.4197],[4.3799,51.4095],[4.3877,51.4005],[4.4101,51.3838],[4.4162,51.374],[4.4112,51.3567],[4.3922,51.3504]],[[5.1402,51.3074],[5.1229,51.3134],[5.1181,51.3199],[5.1026,51.3507],[5.0681,51.3745],[5.0617,51.3843],[5.0653,51.4059],[5.0764,51.4219],[5.0799,51.4385],[5.0603,51.462],[5.0303,51.4744],[5.0275,51.4768]],[[5.0275,51.4768],[5.0121,51.4743],[5.0061,51.4683],[4.9958,51.4467],[4.9802,51.4305],[4.9571,51.411],[4.9319,51.3956],[4.9103,51.3919]],[[4.7791,51.4264],[4.8227,51.4137]],[[4.9103,51.3919],[4.8717,51.403],[4.8533,51.4061],[4.7833,51.4076],[4.7621,51.4134],[4.7678,51.4254],[4.7791,51.4264]],[[4.6146,51.4176],[4.5827,51.4226]],[[4.5827,51.4226],[4.5539,51.4193]],[[4.3922,51.3504],[4.3456,51.3523],[4.3263,51.3564],[4.2901,51.3688],[4.2611,51.3694]],[[5.233,51.2559],[5.2154,51.2587],[5.2149,51.2943],[5.1973,51.3083],[5.1788,51.3095]],[[5.1788,51.3095],[5.1402,51.3074]],[[5.659,51.1791],[5.625,51.1969],[5.5684,51.2077],[5.5455,51.2199],[5.5423,51.2427],[5.5352,51.262],[5.5167,51.2772],[5.4932,51.2865],[5.4716,51.2881]],[[5.4716,51.2881],[5.4519,51.2821],[5.4099,51.2635],[5.3891,51.2587]],[[5.3891,51.2587],[5.2707,51.2618]],[[5.2707,51.2618],[5.233,51.2559]],[[5.7814,51.1524],[5.7681,51.1595],[5.7472,51.1776],[5.7308,51.1838],[5.718,51.1846]],[[5.718,51.1846],[5.6762,51.1792],[5.659,51.1791]],[[5.8159,51.0959],[5.8267,51.0969],[5.846,51.1034],[5.8232,51.1187],[5.8264,51.1302],[5.8405,51.1389],[5.838,51.1437],[5.8291,51.1565],[5.8121,51.1573]],[[5.8121,51.1573],[5.7814,51.1524]],[[5.8049,51.0966],[5.8159,51.0959]],[[5.7913,51.055],[5.8043,51.0686],[5.8118,51.0823],[5.8049,51.0966]],[[5.7796,51.0613],[5.7913,51.055]],[[5.7224,50.9594],[5.7617,50.9992],[5.7776,51.0236],[5.764,51.0352],[5.7664,51.0484],[5.7715,51.0581],[5.7796,51.0613]],[[5.7174,50.7528],[5.7066,50.7542],[5.6884,50.7608],[5.6987,50.7838],[5.7005,50.7956],[5.6849,50.7985],[5.6633,50.8051],[5.6407,50.815],[5.6245,50.8303],[5.6223,50.8527],[5.6945,50.9037],[5.7176,50.9092],[5.7224,50.9117],[5.7353,50.924],[5.7525,50.9472],[5.764,50.9594],[5.7543,50.9631],[5.7447,50.9632]],[[5.7447,50.9632],[5.7224,50.9594]],[[5.7932,50.7521],[5.7829,50.7567],[5.7625,50.771],[5.7524,50.7734]],[[5.7524,50.7734],[5.7436,50.7691],[5.7278,50.7542],[5.7174,50.7528]],[[5.9748,50.7475],[5.9022,50.749],[5.8799,50.7535]],[[5.8799,50.7535],[5.7932,50.7521]],[[5.9949,50.7499],[5.9748,50.7475]]]},"properties":{"rank":10}},{"type":"Feature","geometry":{"type":"LineString","coordinates":[[9.5475,47.5345],[9.5499,47.5335]]},"properties":{"rank":10}},{"type":"Feature","geometry":{"type":"MultiLineString","coordinates":[[[8.5582,47.8012],[8.5831,47.8002],[8.6016,47.7946],[8.6041,47.7744],[8.6076,47.7623],[8.6174,47.7573]],[[8.4827,47.7669],[8.5365,47.7741],[8.5516,47.7793],[8.5423,47.795],[8.5582,47.8012]],[[8.6441,47.791],[8.657,47.7881],[8.6819,47.7587],[8.6923,47.7572]],[[8.6174,47.7573],[8.6298,47.7628],[8.635,47.7846],[8.6441,47.791]],[[8.4715,47.7671],[8.4827,47.7669]],[[8.4583,47.6399],[8.4376,47.6478],[8.412,47.661],[8.3913,47.6655],[8.3977,47.6763],[8.3952,47.6848],[8.391,47.6921],[8.3921,47.6995],[8.4019,47.7071],[8.4273,47.7165],[8.4379,47.7232],[8.4455,47.7432],[8.4501,47.7505],[8.4636,47.7639],[8.4715,47.7671]],[[8.7033,47.7587],[8.7131,47.7574],[8.7198,47.7473],[8.7037,47.73],[8.7004,47.7235],[8.7047,47.7153],[8.7126,47.7087],[8.7171,47.6946]],[[8.6923,47.7572],[8.7033,47.7587]],[[8.7707,47.7209],[8.7976,47.72],[8.8302,47.7072],[8.8561,47.6907],[8.8377,47.6878],[8.8378,47.6808],[8.8527,47.6708],[8.8817,47.6561],[8.9062,47.6518]],[[8.7171,47.6946],[8.7699,47.6951],[8.7617,47.7012],[8.7707,47.7209]],[[9.0166,47.6789],[9.1281,47.6704]],[[8.9062,47.6518],[8.9454,47.6543],[8.9818,47.6622],[8.9977,47.6738],[9.0166,47.6789]],[[9.1834,47.6704],[9.1969,47.6561]],[[9.1281,47.6704],[9.1834,47.6704]],[[8.6016,47.6326],[8.6073,47.6563],[8.5682,47.6629]],[[8.5682,47.6629],[8.5197,47.6574],[8.4761,47.6404],[8.4583,47.6399]],[[9.2344,47.6562],[9.2732,47.6501],[9.5475,47.5345]],[[9.1969,47.6561],[9.2344,47.6562]],[[8.5936,47.6426],[8.5951,47.6348],[8.6016,47.6326]],[[8.5607,47.5894],[8.5741,47.5924],[8.5806,47.6002],[8.5825,47.6216],[8.5781,47.6335],[8.5803,47.639],[8.584,47.6411],[8.5936,47.6426]],[[8.2511,47.622],[8.277,47.6166],[8.2886,47.6158],[8.2939,47.6115],[8.3063,47.5922],[8.3162,47.5878],[8.3541,47.581],[8.4181,47.5808]],[[7.9122,47.5606],[8.0423,47.5606],[8.0872,47.5674],[8.097,47.5719],[8.1054,47.5813],[8.1139,47.5878],[8.1438,47.6001],[8.1621,47.6038],[8.1738,47.6135],[8.179,47.6158],[8.233,47.622],[8.2511,47.622]],[[8.5224,47.6219],[8.5378,47.6121],[8.5496,47.5986],[8.5607,47.5894]],[[8.4181,47.5808],[8.4489,47.5843],[8.4501,47.589],[8.4618,47.6061],[8.4924,47.6198],[8.5224,47.6219]],[[7.6597,47.5966],[7.6465,47.5715],[7.6359,47.5646]],[[7.586,47.5846],[7.637,47.595],[7.6597,47.5966]],[[7.8197,47.5953],[7.8337,47.5905],[7.8982,47.5878],[7.9043,47.5836],[7.9095,47.5648],[7.9122,47.5606]],[[7.6834,47.5443],[7.7667,47.556],[7.7856,47.5632],[7.8015,47.5761],[7.8197,47.5953]],[[7.6359,47.5646],[7.6097,47.5647]],[[7.6097,47.5647],[7.6614,47.5462],[7.6834,47.5443]]]},"properties":{"rank":10}},{"type":"Feature","geometry":{"type":"MultiLineString","coordinates":[[[6.3917,49.4667],[6.4027,49.4655],[6.4945,49.4355],[6.5117,49.4247],[6.5179,49.4164],[6.5206,49.4081],[6.5208,49.4026],[6.5188,49.4022],[6.5257,49.3955],[6.5743,49.3618],[6.5777,49.3558],[6.5734,49.3477],[6.5556,49.3472],[6.5501,49.338],[6.5564,49.3264],[6.5732,49.3131],[6.6397,49.2712],[6.6412,49.2669],[6.6392,49.2568],[6.6403,49.2528],[6.6457,49.25],[6.6595,49.2468],[6.6638,49.2439],[6.6806,49.2075]],[[6.3539,49.4548],[6.3645,49.4561],[6.3835,49.4646],[6.3917,49.4667]],[[6.7025,49.2136],[6.7088,49.1978],[6.7038,49.1851],[6.701,49.1729],[6.7138,49.1589],[6.7256,49.1556],[6.7701,49.1553],[6.8091,49.1458]],[[6.6806,49.2075],[6.685,49.2078],[6.6985,49.2136],[6.7025,49.2136]],[[6.8435,49.2111],[6.8852,49.2048]],[[6.8091,49.1458],[6.8218,49.1478],[6.839,49.1628],[6.8352,49.1794],[6.8277,49.1956],[6.8335,49.2095],[6.8435,49.2111]],[[6.9144,49.2067],[6.9254,49.2056],[6.9879,49.1824],[7.0095,49.1817],[7.009,49.1464],[7.0205,49.119],[7.0425,49.1076]],[[6.8852,49.2048],[6.9144,49.2067]],[[7.3911,49.17],[7.4105,49.1689],[7.4148,49.1578],[7.458,49.1559],[7.4761,49.1515],[7.4827,49.1371],[7.4753,49.1339],[7.471,49.1283],[7.4851,49.1187],[7.5077,49.0946],[7.5209,49.0837],[7.5427,49.0746],[7.5864,49.0696],[7.6086,49.062],[7.6159,49.056],[7.6257,49.043],[7.635,49.0378],[7.6488,49.0357]],[[7.2744,49.105],[7.2803,49.109],[7.2908,49.1231],[7.2971,49.1281],[7.3265,49.1318],[7.334,49.1342],[7.3391,49.1397],[7.3463,49.1542],[7.351,49.1592],[7.3676,49.1654],[7.3911,49.17]],[[7.0799,49.142],[7.0853,49.1415],[7.1236,49.1233],[7.155,49.1144],[7.2412,49.1139],[7.2681,49.1056],[7.2744,49.105]],[[7.0425,49.1076],[7.0732,49.1203],[7.0748,49.1254],[7.0716,49.1306],[7.0708,49.1361],[7.0799,49.142]],[[7.7737,49.0481],[7.8569,49.0323]],[[7.7269,49.0357],[7.7391,49.0377],[7.7626,49.0462],[7.7737,49.0481]],[[7.6851,49.0428],[7.7269,49.0357]],[[7.6488,49.0357],[7.6851,49.0428]],[[7.9138,49.0362],[7.9319,49.0348],[8.0904,48.9792],[8.1887,48.9657],[8.2003,48.9586],[8.1793,48.9427],[8.1481,48.9037],[8.1027,48.8213],[8.0903,48.8075],[8.0842,48.8041],[8.0475,48.791],[8.0388,48.7908],[8.0273,48.78],[8.023,48.7651],[8.0173,48.7618],[8.0096,48.7601],[7.9815,48.7598],[7.9701,48.7573],[7.9649,48.7483],[7.9636,48.7293],[7.9592,48.7214],[7.9484,48.7119],[7.9352,48.7033],[7.9233,48.6982],[7.8959,48.6765],[7.8806,48.6677],[7.8641,48.6642],[7.8524,48.6587],[7.8103,48.615],[7.8018,48.5824],[7.8017,48.5476],[7.8135,48.5263],[7.8135,48.5195],[7.7884,48.5063],[7.7765,48.4982],[7.7713,48.4891],[7.7692,48.4701],[7.7642,48.4604],[7.7507,48.4444],[7.7457,48.433],[7.7383,48.4066],[7.7372,48.3935],[7.7404,48.3814],[7.752,48.3553],[7.7507,48.3414],[7.737,48.3267],[7.7186,48.32],[7.7025,48.3112],[7.6955,48.2902],[7.6935,48.2699],[7.6872,48.2529],[7.6766,48.2384],[7.6134,48.1792],[7.6067,48.167],[7.6048,48.1526],[7.5997,48.1447],[7.5857,48.1297],[7.5726,48.095],[7.5757,48.0537],[7.6189,48.0027],[7.6211,47.9714],[7.6116,47.9594],[7.5849,47.9404],[7.5796,47.927],[7.5808,47.9108],[7.5789,47.9063],[7.5686,47.8914],[7.562,47.8871],[7.559,47.8827],[7.5579,47.8785],[7.559,47.869],[7.5642,47.8504],[7.562,47.8392],[7.5485,47.8342],[7.5429,47.8294],[7.5286,47.797],[7.5259,47.7832],[7.5383,47.7481],[7.5378,47.7318],[7.5319,47.7252],[7.5154,47.7133],[7.5119,47.7073],[7.5147,47.6858],[7.5179,47.675],[7.5218,47.6704],[7.5366,47.6652],[7.5501,47.6524],[7.5726,47.622],[7.5903,47.6079],[7.5925,47.5984],[7.586,47.5846]],[[7.8569,49.0323],[7.9138,49.0362]]]},"properties":{"rank":10}},{"type":"Feature","geometry":{"type":"LineString","coordinates":[[9.5212,47.2628],[9.5533,47.2999],[9.5874,47.3278],[9.601,47.3613],[9.6398,47.3945],[9.6495,47.4097],[9.6503,47.4521],[9.6217,47.4692],[9.5845,47.4807],[9.555,47.5109],[9.5475,47.5345]]},"properties":{"rank":10}},{"type":"Feature","geometry":{"type":"MultiLineString","coordinates":[[[9.5606,47.0524],[9.4996,47.0594],[9.477,47.0639],[9.4759,47.0732],[9.4876,47.0839],[9.5029,47.0947],[9.5124,47.108],[9.5119,47.1294],[9.5035,47.1454],[9.4926,47.1598],[9.485,47.1763],[9.4874,47.21],[9.5046,47.2437],[9.5212,47.2628]],[[9.5812,47.0569],[9.5606,47.0524]]]},"properties":{"rank":10}},{"type":"Feature","geometry":{"type":"MultiLineString","coordinates":[[[7.5017,47.533],[7.4827,47.5423],[7.5263,47.5665],[7.5503,47.5755],[7.586,47.5846]],[[7.4931,47.5155],[7.5011,47.5173],[7.5055,47.523],[7.5052,47.533]],[[7.5052,47.533],[7.5017,47.533]],[[7.4827,47.517],[7.4931,47.5155]],[[7.4674,47.4819],[7.4827,47.4913],[7.4858,47.4958],[7.4849,47.5009],[7.4756,47.5117],[7.4769,47.5149],[7.4827,47.517]],[[7.0098,47.4992],[7.0189,47.4977],[7.028,47.4929],[7.0539,47.4904]],[[6.8666,47.3542],[6.8716,47.367],[6.884,47.3826],[6.8988,47.3957],[6.9245,47.406],[6.9261,47.4249],[6.9523,47.4288],[6.9685,47.4352],[6.9834,47.4438],[6.991,47.4522],[6.9861,47.4641],[6.9758,47.478],[6.9733,47.4891],[6.9919,47.4929],[7.0008,47.4977],[7.0098,47.4992]],[[7.1037,47.4963],[7.1273,47.4929],[7.1403,47.4879],[7.1537,47.4864]],[[7.0539,47.4904],[7.1037,47.4963]],[[7.426,47.4925],[7.4415,47.4888],[7.4545,47.4832],[7.4674,47.4819]],[[7.3785,47.4306],[7.4063,47.4382],[7.4261,47.4558],[7.4293,47.4651],[7.4276,47.4707],[7.4144,47.484],[7.4143,47.4902],[7.426,47.4925]],[[7.1808,47.4883],[7.1626,47.4599],[7.1683,47.4436],[7.19,47.4347],[7.2194,47.4285],[7.2303,47.419],[7.2381,47.4168]],[[7.1537,47.4864],[7.1808,47.4883]],[[7.3091,47.4327],[7.3785,47.4306]],[[7.2381,47.4168],[7.2826,47.4289],[7.3091,47.4327]],[[6.0619,46.2412],[6.0897,46.2464],[6.094,46.253],[6.0936,46.2731],[6.1007,46.3014],[6.1041,46.3092],[6.1364,46.3593],[6.1351,46.3704],[6.1229,46.3855],[6.1082,46.3965],[6.0542,46.4194],[6.0657,46.427],[6.0676,46.4336],[6.0648,46.4511],[6.0602,46.4599],[6.0602,46.465],[6.0642,46.4711],[6.0755,46.4796],[6.1104,46.5208],[6.1457,46.5516],[6.1215,46.5703],[6.1184,46.5835],[6.1319,46.5956],[6.2663,46.6804],[6.3379,46.7074],[6.3479,46.7132],[6.3742,46.7336],[6.4074,46.7457],[6.4179,46.7511],[6.4292,46.7608],[6.433,46.7691],[6.4326,46.786],[6.4199,46.7965],[6.4171,46.8022],[6.4343,46.8395],[6.4468,46.8577],[6.4484,46.8716],[6.4452,46.8826],[6.4319,46.9],[6.4278,46.9091],[6.4426,46.9442],[6.4911,46.9634],[6.5987,46.9865],[6.6654,47.0213],[6.6883,47.0438],[6.6763,47.0624],[6.6897,47.0783],[6.6991,47.0846],[6.7242,47.0908],[6.7279,47.0971],[6.746,47.1039],[6.7448,47.1211],[6.7748,47.1282],[6.8403,47.1695],[6.8593,47.1909],[6.8883,47.2113],[6.9562,47.2452],[6.9522,47.27],[6.9586,47.2906],[6.9774,47.3037],[6.9919,47.306],[7.0065,47.3194],[7.0366,47.3295],[7.0443,47.3405],[7.0339,47.3507],[7.004,47.3681]],[[7.004,47.3681],[6.9856,47.3621],[6.8666,47.3542]],[[6.8486,46.085],[6.8682,46.1047],[6.8692,46.1123],[6.8539,46.1226],[6.7743,46.1348],[6.7657,46.1516],[6.7749,46.1859],[6.7922,46.2217],[6.8277,46.2695],[6.8049,46.2966],[6.7695,46.3227],[6.7504,46.3455],[6.7557,46.3571],[6.7821,46.3785],[6.7892,46.3952],[6.7871,46.4142],[6.7778,46.4241],[6.7627,46.4293],[6.6137,46.4559],[6.547,46.4574]],[[6.547,46.4574],[6.4829,46.4486],[6.3977,46.4082],[6.3652,46.4024],[6.3324,46.4014],[6.3016,46.3945],[6.2691,46.375],[6.2195,46.3291],[6.2141,46.3155],[6.2275,46.2885],[6.228,46.2845],[6.2376,46.2679],[6.2418,46.2637],[6.2523,46.2599]],[[6.269,46.2652],[6.276,46.2631],[6.2812,46.2401],[6.2554,46.2211],[6.1914,46.1917],[6.1403,46.1502],[6.1079,46.1386]],[[6.2523,46.2599],[6.269,46.2652]],[[6.0462,46.2435],[6.0619,46.2412]],[[5.9588,46.1305],[5.9798,46.1622],[5.9829,46.1708],[5.9652,46.1862],[5.9548,46.1999],[5.9585,46.212],[5.9829,46.2227],[6.0462,46.2435]],[[6.1079,46.1386],[6.0739,46.1492]],[[6.0739,46.1492],[6.0283,46.1479],[5.9829,46.1404],[5.9588,46.1305]],[[6.8692,46.0441],[6.8597,46.045],[6.8509,46.0496],[6.852,46.0647],[6.8534,46.0657],[6.8513,46.086]],[[6.8513,46.086],[6.8486,46.085]],[[7.0221,45.9253],[7.0152,45.9333],[7.0098,45.9434],[7.0028,45.9617],[6.9913,45.9825],[6.9877,45.9931],[6.9828,45.9954],[6.9151,46.0486],[6.8924,46.0556]],[[6.8924,46.0556],[6.884,46.0532],[6.8692,46.0441]]]},"properties":{"rank":10}},{"type":"Feature","geometry":{"type":"LineString","coordinates":[[-7.2704,38.6177],[-7.2735,38.6254],[-7.286,38.6319],[-7.2909,38.6382],[-7.293,38.6563],[-7.2909,38.6791],[-7.2841,38.7132],[-7.2704,38.7375],[-7.2115,38.7754],[-7.1964,38.78],[-7.1797,38.7909],[-7.1662,38.8034],[-7.1606,38.8129],[-7.151,38.8193],[-7.1049,38.8272]]},"properties":{"rank":10}},{"type":"Feature","geometry":{"type":"MultiLineString","coordinates":[[[13.7836,48.7153],[13.7859,48.7248],[13.8157,48.7664]],[[13.7373,48.5593],[13.7581,48.5615],[13.766,48.5638],[13.7743,48.5692],[13.7962,48.5986],[13.8024,48.6117],[13.8055,48.6261],[13.8062,48.6429],[13.8009,48.6752],[13.8035,48.6872],[13.8169,48.6956],[13.7994,48.7026],[13.7887,48.7165]],[[13.7887,48.7165],[13.7836,48.7153]],[[13.5207,48.5846],[13.6244,48.5654],[13.6418,48.5591],[13.6581,48.5511],[13.6734,48.5355],[13.7165,48.5217]],[[12.758,48.1219],[12.7641,48.1238],[12.7824,48.142],[12.8221,48.1607],[12.8352,48.1707],[12.8535,48.19],[12.8626,48.1966],[12.8776,48.202],[12.933,48.2093],[12.9317,48.2116],[12.9472,48.22],[12.9794,48.232],[13.0167,48.2559],[13.0328,48.2636],[13.1364,48.2911],[13.2742,48.3071],[13.3078,48.3196],[13.4056,48.3766],[13.4195,48.3922],[13.4272,48.4185],[13.4362,48.4306],[13.4382,48.441],[13.4364,48.4692],[13.4382,48.4785],[13.4564,48.5067],[13.4592,48.5164],[13.457,48.5252],[13.4477,48.5348],[13.4437,48.5529],[13.4401,48.561],[13.4456,48.5679],[13.4546,48.5734],[13.4872,48.5816],[13.5207,48.5846]],[[13.7339,48.5598],[13.7373,48.5593]],[[13.7165,48.5217],[13.7254,48.5484],[13.7339,48.5598]],[[12.7514,48.1221],[12.758,48.1219]],[[12.964,47.7054],[12.9083,47.7124],[12.892,47.7235],[12.9172,47.7502],[12.9213,47.7695],[12.9267,47.7774],[12.9912,47.8471],[12.965,47.872],[12.9311,47.9249],[12.9142,47.936],[12.9062,47.9389],[12.886,47.9529],[12.862,47.9626],[12.854,47.9705],[12.8486,47.9809],[12.8456,47.9931],[12.8306,48.0155],[12.7602,48.0649],[12.7509,48.0747],[12.742,48.0868],[12.737,48.1],[12.7389,48.1134],[12.745,48.1206],[12.7514,48.1221]],[[12.2422,47.732],[12.2391,47.7274],[12.233,47.7089],[12.2266,47.7029],[12.2233,47.6959],[12.2288,47.6849],[12.2387,47.6789]],[[12.1656,47.604],[12.1736,47.6051],[12.2021,47.6298],[12.2057,47.6362],[12.2068,47.6456],[12.2051,47.6723],[12.2023,47.6778],[12.1891,47.6856],[12.1818,47.6921],[12.1786,47.6977],[12.1766,47.7058],[12.1924,47.7102],[12.2252,47.7274],[12.2422,47.732]],[[13.0409,47.5833],[13.0571,47.5977],[13.072,47.6224],[13.0748,47.6467],[13.072,47.6595],[13.0641,47.674],[13.0446,47.6966],[13.0323,47.7066],[13.0199,47.7129],[13.0044,47.7146]],[[13.0044,47.7146],[12.979,47.7071],[12.964,47.7054]],[[12.4077,47.6937],[12.4241,47.6916],[12.4288,47.6858],[12.4447,47.6563],[12.4528,47.6498],[12.4825,47.6336],[12.4966,47.6289],[12.5171,47.6285]],[[12.3515,47.6817],[12.3684,47.6836],[12.4077,47.6937]],[[12.2937,47.69],[12.3515,47.6817]],[[12.2387,47.6789],[12.2496,47.68],[12.2719,47.6879],[12.2937,47.69]],[[12.6887,47.6751],[12.7448,47.6654]],[[12.5171,47.6285],[12.5382,47.6313],[12.5538,47.636],[12.5984,47.6629],[12.6174,47.6693],[12.6531,47.6751],[12.6887,47.6751]],[[12.762,47.6669],[12.7517,47.6494],[12.7674,47.6364],[12.7933,47.6248],[12.8132,47.6118],[12.7859,47.6027],[12.7737,47.5795],[12.7789,47.5548],[12.8036,47.5413],[12.8284,47.5373],[12.8369,47.5327],[12.8826,47.4986],[12.9316,47.4735],[12.9425,47.4705]],[[12.7448,47.6654],[12.762,47.6669]],[[11.9359,47.6107],[12.1656,47.604]],[[11.8203,47.5753],[11.8307,47.5776],[11.8407,47.5946],[11.852,47.5992],[11.9359,47.6107]],[[11.6205,47.5897],[11.639,47.5892],[11.6826,47.5833],[11.764,47.5831],[11.8203,47.5753]],[[11.4826,47.5026],[11.5295,47.5079],[11.5512,47.5137],[11.5694,47.5274],[11.5745,47.5366],[11.5823,47.5598],[11.5891,47.5704],[11.6205,47.5897]],[[9.7821,47.5884],[9.7963,47.585],[9.808,47.5763],[9.8113,47.5645],[9.8093,47.5523],[9.8131,47.5418],[9.8335,47.5346]],[[9.6126,47.5219],[9.6767,47.5226],[9.704,47.5314],[9.7185,47.5467],[9.7309,47.5649],[9.7527,47.5821],[9.7671,47.5873],[9.7821,47.5884]],[[13.0383,47.584],[13.0409,47.5833]],[[13.0391,47.5613],[13.0383,47.584]],[[10.4536,47.5811],[10.4571,47.5792],[10.4616,47.5699],[10.4603,47.566],[10.4517,47.5548],[10.4535,47.5462],[10.4588,47.5416],[10.4825,47.5329],[10.5251,47.5285]],[[10.1599,47.2711],[10.2394,47.2777],[10.2612,47.2835],[10.3059,47.3022],[10.3254,47.3143],[10.3434,47.3308],[10.3716,47.3674],[10.382,47.3721],[10.4031,47.3771],[10.4116,47.381],[10.4283,47.396],[10.4429,47.4163],[10.452,47.4388],[10.4517,47.4602],[10.4476,47.4726],[10.4422,47.4814],[10.4337,47.4879],[10.4196,47.493],[10.431,47.5422],[10.4157,47.5644],[10.4142,47.573],[10.4536,47.5811]],[[10.5837,47.5625],[10.6079,47.5623],[10.7399,47.5285],[10.7522,47.5154],[10.7608,47.5136]],[[10.5251,47.5285],[10.5369,47.5299],[10.5496,47.5368],[10.5699,47.5559],[10.5837,47.5625]],[[12.9911,47.4657],[13.0019,47.466],[13.0088,47.4701],[13.0373,47.493],[13.037,47.5014],[13.029,47.518],[13.0281,47.5416],[13.0413,47.5619]],[[13.0413,47.5619],[13.0391,47.5613]],[[9.8589,47.5413],[9.889,47.5338],[9.9188,47.5322]],[[9.8335,47.5346],[9.8415,47.535],[9.8589,47.5413]],[[9.9459,47.5408],[9.9487,47.5242],[9.9717,47.5064],[9.9808,47.4929],[9.9826,47.481],[9.9936,47.4766]],[[9.9188,47.5322],[9.9338,47.5342],[9.9459,47.5408]],[[9.5499,47.5335],[9.6126,47.5219]],[[10.8448,47.5313],[10.8586,47.5307],[10.8922,47.5149],[10.8839,47.508],[10.8516,47.4931],[10.8584,47.4852],[10.9099,47.469],[10.9598,47.4325],[10.9628,47.428],[10.9631,47.4212],[10.9609,47.4143],[10.9577,47.4097],[10.9553,47.4096],[10.9655,47.3961],[10.9795,47.3905],[11.0837,47.3895]],[[10.7608,47.5136],[10.7903,47.5161],[10.8306,47.5286],[10.8448,47.5313]],[[11.4354,47.5097],[11.46,47.5074],[11.4826,47.5026]],[[11.237,47.394],[11.2588,47.4007],[11.2863,47.4232],[11.3056,47.4354],[11.3242,47.4394],[11.3677,47.4401],[11.3839,47.4449],[11.3925,47.4548],[11.3886,47.4622],[11.3778,47.4671],[11.3655,47.4693],[11.4126,47.5061],[11.4354,47.5097]],[[10.0226,47.488],[10.0718,47.4391],[10.0806,47.4274],[10.076,47.4169],[10.0532,47.4049],[10.0642,47.3962],[10.0678,47.375],[10.0732,47.3655],[10.0829,47.3591]],[[9.9936,47.4766],[10.0226,47.488]],[[12.9697,47.4757],[12.9911,47.4657]],[[12.9425,47.4705],[12.9593,47.4755],[12.9697,47.4757]],[[11.1938,47.4289],[11.2152,47.423],[11.213,47.3958],[11.237,47.394]],[[11.0837,47.3895],[11.1033,47.3936],[11.1686,47.4243],[11.1938,47.4289]],[[10.1909,47.3792],[10.2093,47.3725],[10.2086,47.3545],[10.1905,47.3175],[10.1933,47.3049],[10.1908,47.2983],[10.1859,47.295],[10.1687,47.2904],[10.1554,47.2729],[10.1599,47.2711]],[[10.1308,47.3627],[10.147,47.3738],[10.1909,47.3792]],[[10.1104,47.3674],[10.1153,47.367],[10.1257,47.3627],[10.1308,47.3627]],[[10.0829,47.3591],[10.0896,47.3593],[10.1104,47.3674]]]},"properties":{"rank":10}},{"type":"Feature","geometry":{"type":"MultiLineString","coordinates":[[[16.094,46.8628],[16.032,46.8376],[15.9876,46.83],[15.9817,46.8277],[15.972,46.8206],[15.9729,46.8184],[15.9773,46.8162],[15.9782,46.8091],[15.9713,46.7781],[15.9697,46.7605],[15.9705,46.743],[15.982,46.7185],[16.0033,46.7092],[16.0146,46.6937],[16.0167,46.6706]],[[16.0167,46.6706],[15.9979,46.6869],[15.987,46.6922],[15.9463,46.6972],[15.8785,46.7207],[15.8507,46.7245]],[[15.8507,46.7245],[15.8229,46.7228],[15.7551,46.704],[15.7287,46.703]],[[15.7287,46.703],[15.6521,46.7108],[15.636,46.7176]],[[15.636,46.7176],[15.6329,46.7025],[15.633,46.6896],[15.627,46.6809],[15.6166,46.6756],[15.6037,46.673]],[[15.6037,46.673],[15.5886,46.676]],[[15.5886,46.676],[15.5673,46.6758],[15.546,46.6719],[15.5307,46.6638],[15.5208,46.6496],[15.5176,46.6382],[15.5112,46.6284],[15.4926,46.6183],[15.4627,46.6146]],[[15.2049,46.639],[15.062,46.6496]],[[15.062,46.6496],[15.0044,46.6368],[14.9672,46.6003]],[[15.4627,46.6146],[15.44,46.6244],[15.4176,46.638],[15.3881,46.6456]],[[15.3881,46.6456],[15.2049,46.639]],[[14.9672,46.6003],[14.948,46.6193],[14.9336,46.6211]],[[14.9336,46.6211],[14.8977,46.6056],[14.8771,46.6036]],[[14.8771,46.6036],[14.863,46.6048]],[[14.863,46.6048],[14.8504,46.6011],[14.8336,46.5844],[14.8223,46.5675],[14.8072,46.536],[14.7886,46.5066],[14.783,46.5033],[14.7609,46.4963],[14.7353,46.4933]],[[13.7821,46.5078],[13.7161,46.5189],[13.701,46.5197]],[[13.9988,46.4805],[13.9823,46.4819],[13.8909,46.5118],[13.8607,46.5152]],[[13.8607,46.5152],[13.7958,46.5079],[13.7821,46.5078]],[[14.7353,46.4933],[14.7264,46.4977]],[[14.7264,46.4977],[14.7097,46.4925],[14.7037,46.4878],[14.6988,46.481],[14.6871,46.4712],[14.68,46.4589]],[[14.3622,46.4359],[14.1499,46.4401],[14.1373,46.4424],[14.081,46.4759],[14.0664,46.481],[14.05,46.4844],[14.0325,46.4847]],[[14.0325,46.4847],[13.9988,46.4805]],[[14.68,46.4589],[14.6666,46.4605]],[[14.6666,46.4605],[14.6621,46.4597],[14.642,46.4452],[14.6317,46.4406],[14.5999,46.4372],[14.5901,46.4344],[14.5754,46.4197],[14.567,46.4004],[14.5577,46.3839],[14.5403,46.3786]],[[14.4677,46.4127],[14.4509,46.4145],[14.42,46.4244],[14.4144,46.429],[14.4065,46.4393],[14.3958,46.441]],[[14.3958,46.441],[14.3622,46.4359]],[[14.5403,46.3786],[14.5271,46.3882],[14.5158,46.4054],[14.5022,46.4184]],[[14.5022,46.4184],[14.4677,46.4127]]]},"properties":{"rank":10}},{"type":"Feature","geometry":{"type":"MultiLineString","coordinates":[[[19.0002,43.5479],[19.0143,43.5378],[19.025,43.523],[19.0381,43.511],[19.055,43.5067]],[[18.9463,43.4439],[18.9464,43.4491],[18.9507,43.4573],[18.9512,43.4638],[18.9379,43.4789],[18.9307,43.4823],[18.9153,43.4854],[18.9056,43.4906],[18.9051,43.4991],[18.911,43.5073],[18.9389,43.5189],[18.9627,43.5383],[18.9775,43.5462],[19.0002,43.5479]],[[19.1477,43.5381],[19.1953,43.5328]],[[19.055,43.5067],[19.0764,43.5072],[19.096,43.5129],[19.1228,43.5359],[19.1477,43.5381]],[[18.9925,43.2671],[19.0029,43.2739],[19.0247,43.2987],[19.0363,43.3033],[19.0625,43.3044],[19.0697,43.3088],[19.0396,43.3507],[19.0099,43.411],[18.9753,43.4443],[18.9683,43.4481]],[[18.9683,43.4481],[18.9463,43.4439]],[[18.8991,43.3519],[18.9234,43.3468],[18.9503,43.3331],[18.9573,43.3259],[18.9571,43.3118],[18.9595,43.3035],[18.9686,43.2922],[18.9889,43.2729],[18.9925,43.2671]],[[18.639,43.0202],[18.6211,43.0964],[18.6206,43.1226],[18.6291,43.1549],[18.6453,43.1802],[18.6884,43.2245],[18.6643,43.2332],[18.6795,43.2495],[18.8072,43.318],[18.8335,43.3242],[18.8212,43.3414],[18.8396,43.3478],[18.8991,43.3519]],[[18.5984,43.0245],[18.639,43.0202]],[[18.4818,42.5637],[18.4921,42.5648],[18.4959,42.5709],[18.4937,42.5798],[18.4867,42.5898],[18.5172,42.603],[18.5384,42.6183],[18.5496,42.6389],[18.55,42.6681],[18.5397,42.6955],[18.5225,42.7119],[18.5022,42.7274],[18.4674,42.7692],[18.4539,42.7932],[18.4446,42.8171],[18.4437,42.8345],[18.4535,42.8457],[18.466,42.8528],[18.4733,42.8626],[18.4676,42.8817],[18.444,42.9169],[18.434,42.9369],[18.4335,42.9542],[18.4528,42.9934],[18.483,43.0146],[18.539,43.0239],[18.5984,43.0245]],[[18.459,42.5697],[18.4705,42.5691],[18.4818,42.5637]],[[18.4374,42.5592],[18.4477,42.5662],[18.459,42.5697]]]},"properties":{"rank":10}},{"type":"Feature","geometry":{"type":"MultiLineString","coordinates":[[[16.9473,45.2357],[16.9415,45.2412],[16.9421,45.2498],[16.9407,45.2578],[16.9326,45.2788],[16.9244,45.2845]],[[16.9244,45.2845],[16.897,45.2681],[16.8858,45.2552],[16.8754,45.247],[16.8673,45.2434],[16.8617,45.2322],[16.8408,45.224],[16.8307,45.217],[16.8251,45.205],[16.8258,45.1964],[16.8242,45.1891],[16.8117,45.1812],[16.7863,45.1788]],[[16.9987,45.2314],[16.9881,45.2365],[16.9759,45.2472],[16.9612,45.2509]],[[16.9612,45.2509],[16.968,45.2373],[16.9473,45.2357]],[[17.0083,45.2162],[17.0125,45.2245],[17.0136,45.2306],[17.0083,45.2442]],[[17.0083,45.2442],[16.9987,45.2314]],[[17.1871,45.1486],[17.0984,45.1777],[17.0557,45.2004],[17.0363,45.2305]],[[17.0363,45.2305],[17.0083,45.2162]],[[16.7863,45.1788],[16.587,45.2209],[16.5289,45.2223]],[[16.5289,45.2223],[16.4819,45.1995],[16.4492,45.1481],[16.4355,45.1329],[16.4248,45.1273],[16.3985,45.1214],[16.3892,45.1168],[16.3818,45.1076],[16.384,45.0954],[16.382,45.0837],[16.357,45.0486],[16.3406,45.0059],[16.3162,45.0012]],[[16.3162,45.0012],[16.2793,45.0072],[16.2412,45.019],[16.213,45.0315],[16.1215,45.0962],[16.1041,45.1125],[16.0828,45.1516],[16.0675,45.1696],[16.055,45.1764],[16.0331,45.1797],[16.0244,45.1843],[16.0287,45.1963],[16.0292,45.205],[16.0204,45.2139],[16.0085,45.2182],[15.9975,45.2185]],[[15.9975,45.2185],[15.9746,45.2154]],[[15.9746,45.2154],[15.8789,45.2172]],[[15.8789,45.2172],[15.8248,45.211],[15.7923,45.1898],[15.781,45.168],[15.78,45.1603],[15.7838,45.1009],[15.7794,45.0854],[15.756,45.0422],[15.7556,45.0236],[15.7674,44.9932],[15.7636,44.9756],[15.7388,44.9449],[15.7309,44.9272],[15.7343,44.9021],[15.748,44.882],[15.764,44.864],[15.7734,44.845],[15.7687,44.8273],[15.7512,44.8216],[15.7306,44.817],[15.7161,44.8032],[15.7173,44.7865],[15.7285,44.7691],[15.7537,44.7393],[15.7593,44.7342],[15.7828,44.7226],[15.797,44.7033],[15.8057,44.6967]],[[17.3824,45.1396],[17.3265,45.1659],[17.3078,45.1714],[17.269,45.1895]],[[17.269,45.1895],[17.2455,45.1554],[17.1978,45.153],[17.1871,45.1486]],[[17.8357,45.0644],[17.8156,45.0702],[17.7975,45.082],[17.7414,45.1333],[17.7145,45.152],[17.6847,45.164],[17.6516,45.1654]],[[17.6516,45.1654],[17.63,45.1573],[17.5931,45.1296],[17.5724,45.1204],[17.5614,45.1194]],[[17.4604,45.1313],[17.4478,45.1343],[17.455,45.1406],[17.4581,45.1461],[17.4569,45.1518],[17.4512,45.1585],[17.4433,45.1621]],[[17.4433,45.1621],[17.4388,45.1581],[17.4341,45.1486],[17.4008,45.141],[17.3824,45.1396]],[[18.5411,45.0553],[18.517,45.0559],[18.4908,45.0628],[18.4661,45.074],[18.4293,45.1022],[18.412,45.1124],[18.3929,45.1186],[18.3223,45.1229],[18.3074,45.1275],[18.262,45.1507],[18.2379,45.1575]],[[18.2379,45.1575],[18.2133,45.1538],[18.2023,45.1441],[18.1993,45.119],[18.1925,45.1085],[18.1749,45.1008],[18.1537,45.0976]],[[18.1537,45.0976],[18.1318,45.0979],[18.1124,45.1006],[18.0903,45.108],[18.035,45.1433],[18.0191,45.1494]],[[18.0191,45.1494],[18.0035,45.1493],[17.9885,45.1438],[17.9277,45.092],[17.9112,45.0811],[17.9026,45.0778],[17.8752,45.074],[17.8457,45.0653],[17.8357,45.0644]],[[17.4819,45.1144],[17.487,45.1209],[17.4962,45.1417]],[[17.4962,45.1417],[17.4723,45.1328],[17.4604,45.1313]],[[17.5614,45.1194],[17.5395,45.121]],[[17.5395,45.121],[17.4893,45.1163],[17.4819,45.1144]],[[18.6487,45.0627],[18.6405,45.0654],[18.6279,45.08],[18.6211,45.0931],[18.6167,45.0977],[18.6091,45.1001]],[[18.6091,45.1001],[18.6025,45.0993],[18.5818,45.0914]],[[18.5818,45.0914],[18.5496,45.0948]],[[18.5496,45.0948],[18.5349,45.0904],[18.5344,45.0815],[18.5393,45.0693],[18.5411,45.0553]],[[18.8896,44.8612],[18.8587,44.8685],[18.8178,44.8875],[18.7834,44.9137],[18.7726,44.9425],[18.7799,44.9522],[18.8016,44.964],[18.8046,44.9738],[18.7958,44.9851],[18.7946,44.9954],[18.7918,45.0015],[18.7849,45.0085],[18.778,45.0103],[18.7501,45.0122],[18.7383,45.0159],[18.7263,45.0261],[18.689,45.0802],[18.6841,45.0848],[18.6782,45.0874]],[[18.6782,45.0874],[18.6713,45.0869],[18.6661,45.083],[18.6581,45.0663],[18.6487,45.0627]],[[19.0158,44.8656],[19.005,44.8633],[18.8896,44.8612]],[[15.8763,44.7248],[15.8888,44.7242],[15.8956,44.7186],[15.9054,44.6901],[15.9131,44.6845]],[[15.8057,44.6967],[15.8564,44.7036],[15.8639,44.71],[15.8692,44.7186],[15.8763,44.7248]],[[15.9298,44.6895],[15.9374,44.689],[15.9481,44.6781],[15.9556,44.6532],[15.969,44.6392],[15.9791,44.6344],[15.9916,44.6314],[16.016,44.629],[16.0283,44.6247],[16.0362,44.6153],[16.0447,44.5894],[16.0349,44.5854],[16.0305,44.5722],[16.0139,44.557],[16.0061,44.541],[16.0266,44.5252],[16.0473,44.5233]],[[15.9131,44.6845],[15.9298,44.6895]],[[16.0837,44.5349],[16.1049,44.5324],[16.1165,44.5215],[16.1283,44.4843],[16.1529,44.4351],[16.1597,44.4161],[16.1599,44.4007],[16.1539,44.3936],[16.1388,44.3854],[16.1383,44.3776]],[[16.0473,44.5233],[16.0837,44.5349]],[[16.142,44.3808],[16.1532,44.3804],[16.1713,44.3771],[16.1921,44.3674],[16.2029,44.3598],[16.2059,44.3498],[16.2032,44.3331],[16.1895,44.3085],[16.1866,44.2976],[16.1876,44.2824],[16.1971,44.2512],[16.2158,44.2082],[16.2321,44.191],[16.2755,44.1574],[16.29,44.1391],[16.3122,44.1],[16.3269,44.0824],[16.3574,44.0622],[16.3672,44.0581],[16.3779,44.0574]],[[16.1383,44.3776],[16.142,44.3808]],[[16.404,44.0588],[16.414,44.0558],[16.4269,44.0405],[16.4315,44.0258],[16.4396,44.014],[16.4835,44.0025],[16.501,43.9927],[16.5165,43.9795],[16.5558,43.9375],[16.6048,43.9011],[16.6374,43.8684],[16.6786,43.8407],[16.6861,43.8261],[16.6898,43.8093],[16.6982,43.7881],[16.7126,43.7715],[16.8238,43.7073],[16.9819,43.5897],[17.0305,43.5485],[17.0846,43.5132],[17.1428,43.4893],[17.2395,43.4784],[17.2705,43.4632],[17.2864,43.4374],[17.2676,43.3533],[17.2899,43.3034],[17.3287,43.2604],[17.3694,43.2326],[17.3897,43.2231],[17.4002,43.216],[17.4068,43.2054],[17.4152,43.185],[17.4268,43.1657],[17.4421,43.1524],[17.5874,43.0821],[17.6284,43.0466],[17.6593,42.9934],[17.6627,42.9657],[17.6345,42.9504],[17.5807,42.9421]],[[16.3779,44.0574],[16.404,44.0588]]]},"properties":{"rank":10}},{"type":"Feature","geometry":{"type":"MultiLineString","coordinates":[[[19.2019,44.9084],[19.1969,44.9132],[19.1932,44.9215],[19.1869,44.9275]],[[19.1869,44.9275],[19.1743,44.9254],[19.0846,44.879],[19.0158,44.8656]],[[19.2838,44.9084],[19.2395,44.9151]],[[19.2395,44.9151],[19.2296,44.9137],[19.2119,44.9084],[19.2019,44.9084]],[[19.3401,44.8962],[19.3302,44.8987],[19.3102,44.9124]],[[19.3102,44.9124],[19.3013,44.9124],[19.293,44.9094],[19.2838,44.9084]],[[19.2637,44.2702],[19.2495,44.2707],[19.22,44.2802],[19.1772,44.287],[19.157,44.2936],[19.1389,44.3093],[19.1167,44.3437],[19.1089,44.3636],[19.1072,44.3827],[19.1158,44.4036],[19.1296,44.4162],[19.1414,44.4308],[19.1434,44.4582],[19.1273,44.5026],[19.1299,44.5183],[19.1653,44.5267],[19.1731,44.5314],[19.1796,44.5383],[19.1853,44.5462],[19.1873,44.5533],[19.1862,44.5693],[19.1883,44.576],[19.1933,44.5806],[19.2087,44.5884],[19.2557,44.6456],[19.2701,44.6756],[19.2776,44.6849],[19.3084,44.7051],[19.318,44.7155],[19.3284,44.734],[19.3637,44.8546],[19.3678,44.8593],[19.3731,44.8603],[19.3766,44.863],[19.3757,44.8731],[19.3728,44.8814],[19.3687,44.8871],[19.3532,44.899]],[[19.3532,44.899],[19.3503,44.897],[19.3401,44.8962]],[[19.4426,44.1432],[19.3812,44.1771],[19.3624,44.1912],[19.3561,44.204],[19.354,44.2243],[19.3416,44.2458],[19.3243,44.264],[19.3074,44.2742],[19.2959,44.2758]],[[19.2959,44.2758],[19.2637,44.2702]],[[19.5802,44.0515],[19.5709,44.0569],[19.5546,44.0713],[19.522,44.085],[19.4982,44.1102],[19.4827,44.1207],[19.4764,44.127],[19.4742,44.1449],[19.4657,44.1528]],[[19.4657,44.1528],[19.4597,44.1527],[19.4485,44.1444],[19.4426,44.1432]],[[19.5041,43.9757],[19.5286,43.9772],[19.5522,43.9834],[19.5934,44.0056],[19.6104,44.0193],[19.6189,44.0357],[19.6114,44.0545],[19.5989,44.0626]],[[19.5989,44.0626],[19.5899,44.0603],[19.5802,44.0515]],[[19.2873,44.013],[19.3006,44.0095],[19.3259,43.9966],[19.3517,43.9791],[19.3646,43.9733]],[[19.4817,43.5608],[19.4896,43.5644],[19.4918,43.5686],[19.489,43.5732],[19.4817,43.5781],[19.4769,43.5887],[19.4756,43.6026],[19.4775,43.617],[19.4817,43.6289],[19.5074,43.6472],[19.5057,43.6736],[19.4817,43.7292],[19.4617,43.7621],[19.3595,43.8422],[19.3059,43.9047],[19.2754,43.9333],[19.2293,43.9577],[19.2407,43.9657],[19.2429,43.9728],[19.2381,43.9854],[19.238,43.9925],[19.2435,44.002],[19.2521,44.0075],[19.2728,44.0124],[19.2873,44.013]],[[19.4471,43.9798],[19.5041,43.9757]],[[19.3646,43.9733],[19.3791,43.9739],[19.394,43.9771],[19.4471,43.9798]],[[19.3465,43.6088],[19.3634,43.6016],[19.3804,43.5856],[19.3946,43.5665],[19.4029,43.5496],[19.4107,43.5408]],[[19.2892,43.5879],[19.3009,43.5883],[19.3127,43.5932],[19.3358,43.6065],[19.3465,43.6088]],[[19.2637,43.591],[19.2892,43.5879]],[[19.1953,43.5328],[19.2175,43.5328],[19.2295,43.5497],[19.2389,43.5721],[19.2527,43.5886],[19.2637,43.591]],[[19.4439,43.5719],[19.4817,43.5608]],[[19.4107,43.5408],[19.4193,43.5493],[19.4318,43.5711],[19.4439,43.5719]]]},"properties":{"rank":10}},{"type":"Feature","geometry":{"type":"LineString","coordinates":[[18.9013,45.9312],[18.907,45.9157],[18.8898,45.9079],[18.8729,45.8952],[18.8935,45.8839],[18.904,45.8757],[18.907,45.868],[18.8998,45.8614],[18.8553,45.8574],[18.8524,45.8301],[18.845,45.8157],[18.8487,45.8096],[18.864,45.7985],[18.8711,45.79],[18.9002,45.7649],[18.9048,45.7498],[18.909,45.7194],[18.9173,45.7066],[18.9311,45.6989],[18.9481,45.692],[18.9627,45.6831],[18.9685,45.6687],[18.9629,45.6601],[18.9354,45.6334],[18.9124,45.6192],[18.9082,45.6004],[18.907,45.5817],[18.9036,45.5731],[18.9121,45.5682],[18.932,45.5455],[18.9417,45.5389],[18.9602,45.5391],[18.9731,45.5463],[18.9832,45.5547],[19.0092,45.5655],[19.0181,45.5674],[19.0272,45.5626],[19.0409,45.545],[19.051,45.5389],[19.0678,45.5334],[19.0823,45.5312],[19.0951,45.5261],[19.1063,45.5116],[19.0772,45.4916],[19.0096,45.4987],[18.9964,45.4738],[18.9971,45.4555],[19.0023,45.4437],[19.0164,45.4336],[19.0313,45.4162],[19.0226,45.4024],[18.9974,45.3998],[18.9755,45.3911],[18.9775,45.3712],[18.9957,45.3623],[19.0075,45.3595]]},"properties":{"rank":10}},{"type":"Feature","geometry":{"type":"LineString","coordinates":[[17.1483,48.0054],[17.125,48.0195],[17.0926,48.0273],[17.0697,48.0357],[17.0751,48.0521],[17.0591,48.0604],[17.0648,48.079],[17.07,48.0892],[17.0802,48.0976],[17.0672,48.1069],[17.0475,48.131],[17.0369,48.1355],[17.0209,48.1372],[17.0072,48.1428],[16.9819,48.1613],[16.9748,48.1769],[16.9747,48.1986],[16.97,48.2166],[16.9543,48.2526],[16.9543,48.2731],[16.9506,48.2766],[16.9444,48.278],[16.9334,48.2847],[16.9166,48.2908],[16.9055,48.312],[16.8984,48.3162],[16.9065,48.3315],[16.9019,48.3394],[16.8917,48.347],[16.8755,48.355],[16.8553,48.3565],[16.8476,48.3596],[16.8445,48.3656],[16.8451,48.3766],[16.8519,48.3904],[16.8608,48.4438],[16.8649,48.4581],[16.8751,48.4715],[16.9012,48.4966],[16.9065,48.5099],[16.9139,48.5193],[16.9305,48.5282],[16.9469,48.5397],[16.9543,48.5574],[16.945,48.6042]]},"properties":{"rank":10}},{"type":"Feature","geometry":{"type":"MultiLineString","coordinates":[[[18.7045,49.4793],[18.7325,49.4803],[18.7736,49.5049],[18.7923,49.5095],[18.8332,49.5103]],[[18.6359,49.4967],[18.6428,49.4958],[18.6756,49.485],[18.7045,49.4793]],[[18.6004,49.486],[18.629,49.4958],[18.6359,49.4967]],[[18.5562,49.4902],[18.6004,49.486]],[[18.4168,49.3855],[18.4392,49.3951],[18.4818,49.4291],[18.5147,49.4406],[18.5229,49.4461],[18.528,49.4549],[18.5305,49.4735],[18.5356,49.4817],[18.5562,49.4902]],[[18.3876,49.3898],[18.4168,49.3855]],[[18.0129,49.0191],[18.0461,49.0292],[18.0755,49.0472],[18.0963,49.0703],[18.1029,49.0923],[18.1015,49.1429],[18.1051,49.1698],[18.1178,49.2026],[18.1365,49.2331],[18.1606,49.2587],[18.19,49.2769],[18.3246,49.3113],[18.3852,49.3423],[18.3876,49.3898]],[[17.9592,49.0219],[18.0129,49.0191]],[[17.8412,48.921],[17.8603,48.9217],[17.8787,48.9336],[17.8869,48.9472],[17.8946,48.9782],[17.9009,48.993],[17.9141,49.0105],[17.9351,49.0194],[17.9592,49.0219]],[[17.8201,48.9234],[17.8412,48.921]],[[17.5351,48.813],[17.7272,48.8629],[17.7449,48.8726],[17.7794,48.9117],[17.7955,48.9206],[17.8201,48.9234]],[[17.2122,48.8661],[17.2603,48.8578],[17.3744,48.8196]],[[16.945,48.6042],[16.9475,48.6232],[16.9633,48.6359],[16.9748,48.6499],[17.0253,48.7463],[17.0499,48.774],[17.0844,48.7937],[17.0987,48.8058],[17.1046,48.8246],[17.1137,48.8339],[17.1675,48.8598],[17.2122,48.8661]],[[17.4533,48.8428],[17.4679,48.8381],[17.4985,48.8168],[17.5351,48.813]],[[17.3744,48.8196],[17.3917,48.8218],[17.4296,48.8382],[17.4533,48.8428]]]},"properties":{"rank":10}},{"type":"Feature","geometry":{"type":"MultiLineString","coordinates":[[[20.8003,48.5692],[20.8158,48.5638],[20.8455,48.5458],[20.8599,48.5433],[20.8914,48.5411],[20.9458,48.519],[20.9815,48.5169]],[[20.2724,48.2525],[20.2952,48.2604],[20.3243,48.2799],[20.3493,48.3055],[20.3702,48.3343],[20.409,48.4137],[20.4206,48.4292],[20.4356,48.4424],[20.4682,48.4654],[20.4817,48.4787],[20.4828,48.4894],[20.4802,48.5102],[20.4817,48.5261],[20.5105,48.5338],[20.5725,48.5366],[20.7841,48.5691],[20.8003,48.5692]],[[21.4246,48.5613],[21.4391,48.5583],[21.4727,48.545],[21.4908,48.5403],[21.4994,48.5351],[21.506,48.5265],[21.5151,48.5071],[21.5218,48.5001],[21.5377,48.4952]],[[21.2618,48.5032],[21.2766,48.5087],[21.2882,48.5199],[21.2939,48.5306],[21.3023,48.5399],[21.3218,48.5476],[21.3386,48.5499],[21.3727,48.5503],[21.4246,48.5613]],[[21.2199,48.5187],[21.238,48.5134],[21.2504,48.5065],[21.2618,48.5032]],[[21.1093,48.4891],[21.1867,48.5137],[21.2199,48.5187]],[[21.0065,48.5182],[21.036,48.5146],[21.0639,48.5062],[21.084,48.493],[21.1093,48.4891]],[[20.9815,48.5169],[21.0065,48.5182]],[[21.5746,48.4956],[21.5917,48.493],[21.6004,48.4816],[21.6134,48.4404],[21.6216,48.4297],[21.6776,48.3723],[21.7012,48.3539],[21.7277,48.3409],[21.759,48.3338]],[[21.5377,48.4952],[21.5746,48.4956]],[[22.0779,48.3758],[22.0965,48.3794],[22.1139,48.3886],[22.1328,48.4048]],[[22.018,48.3797],[22.0779,48.3758]],[[21.759,48.3338],[21.7894,48.3355],[21.8412,48.3532],[21.8843,48.3575],[21.9148,48.3691],[21.9293,48.3729],[21.9815,48.3747],[21.9999,48.379],[22.018,48.3797]],[[20.2291,48.2709],[20.249,48.2642],[20.2603,48.2559],[20.2724,48.2525]],[[20.1709,48.244],[20.1876,48.249],[20.2178,48.2676],[20.2291,48.2709]],[[20.1431,48.2478],[20.1533,48.2453],[20.1709,48.244]],[[19.9051,48.1243],[19.9286,48.1301],[19.9739,48.1584],[19.9969,48.1679],[20.035,48.1759],[20.0781,48.1935],[20.097,48.1984],[20.1053,48.2028],[20.1126,48.2117],[20.1181,48.2297],[20.122,48.2367],[20.1345,48.2467],[20.1431,48.2478]],[[19.6232,48.227],[19.6439,48.2248],[19.6553,48.2183],[19.677,48.2004],[19.687,48.1969]],[[19.4282,48.0859],[19.4817,48.1113],[19.4838,48.1218],[19.4812,48.134],[19.4936,48.1507],[19.503,48.1894],[19.514,48.204],[19.5312,48.2107],[19.6232,48.227]],[[19.7331,48.2029],[19.7566,48.2003],[19.7743,48.1859],[19.7748,48.1761],[19.7692,48.1674],[19.7667,48.159],[19.7761,48.1495],[19.7856,48.1487]],[[19.687,48.1969],[19.7331,48.2029]],[[19.8217,48.1579],[19.8463,48.1527],[19.8843,48.1296],[19.9051,48.1243]],[[19.7856,48.1487],[19.8217,48.1579]],[[19.2932,48.0878],[19.4282,48.0859]],[[19.2225,48.0606],[19.2335,48.0621],[19.2932,48.0878]],[[19.0985,48.0707],[19.2225,48.0606]],[[19.0387,48.0649],[19.0985,48.0707]],[[18.9965,48.0662],[19.0387,48.0649]],[[18.6637,47.7759],[18.6928,47.778],[18.7172,47.7881],[18.7503,47.8136],[18.7677,47.8223],[18.8165,47.8326],[18.778,47.8514],[18.7488,47.8707],[18.7422,47.8895],[18.7447,47.9105],[18.7548,47.9518],[18.7514,47.9634],[18.7445,47.9674],[18.7432,47.9711],[18.7562,47.9818],[18.7653,47.9854],[18.7847,47.9876],[18.7942,47.9931],[18.821,48.0305],[18.8385,48.04],[18.9818,48.0616],[18.9965,48.0662]],[[17.1848,48.0203],[17.2727,48.0053],[17.3379,47.9987],[17.3694,47.9812],[17.472,47.8888],[17.4819,47.8827],[17.5173,47.8763],[17.5266,47.8721],[17.5604,47.838],[17.5726,47.8295]],[[17.1483,48.0054],[17.1848,48.0203]],[[17.6042,47.8342],[17.6191,47.8292],[17.6399,47.8192],[17.6584,47.8073],[17.6662,47.797],[17.6767,47.7892],[17.742,47.7654],[17.8257,47.75]],[[17.5726,47.8295],[17.5829,47.8298],[17.593,47.8331],[17.6042,47.8342]],[[18.5526,47.7928],[18.5974,47.7906],[18.6338,47.7798],[18.6637,47.7759]],[[18.2359,47.7539],[18.273,47.7563],[18.3479,47.7768],[18.5526,47.7928]],[[18.1126,47.7625],[18.2359,47.7539]],[[17.8257,47.75],[18.1126,47.7625]]]},"properties":{"rank":10}},{"type":"Feature","geometry":{"type":"LineString","coordinates":[[14.8104,50.8584],[14.8105,50.8771],[14.8247,50.8918],[14.8602,50.9168],[14.9106,50.9927],[14.9553,51.064],[14.9583,51.0755],[14.9585,51.0947],[14.9603,51.1046],[14.9656,51.1115],[14.9734,51.1161],[14.98,51.1228],[14.9832,51.1609],[14.9914,51.189],[15.0049,51.2156],[15.0221,51.2368],[15.0143,51.2427],[15.0195,51.2717],[15.0049,51.2913],[14.9823,51.308],[14.9638,51.3284],[14.9566,51.3532],[14.9469,51.4229],[14.9554,51.4354],[14.9451,51.4492],[14.9266,51.4613],[14.911,51.469],[14.8883,51.4757],[14.8414,51.4844],[14.7975,51.5021],[14.7322,51.5158],[14.71,51.5302],[14.7046,51.548],[14.7127,51.5674],[14.7322,51.5866],[14.7439,51.6066],[14.7423,51.633],[14.7325,51.6583],[14.7195,51.6756],[14.671,51.7008],[14.6484,51.7172],[14.6381,51.7426],[14.6342,51.769],[14.6203,51.7805],[14.6022,51.7883],[14.5858,51.8039],[14.5828,51.8251],[14.5959,51.8424],[14.6533,51.8786],[14.6717,51.8939],[14.6871,51.9119],[14.6956,51.9315],[14.6991,51.9925],[14.7045,52.0022],[14.7261,52.0264],[14.7354,52.054],[14.743,52.0625],[14.7614,52.0767],[14.6964,52.1067],[14.6864,52.121],[14.6925,52.147],[14.7032,52.1652],[14.707,52.1795],[14.6926,52.1934],[14.6926,52.1996],[14.7121,52.2154],[14.7124,52.2359],[14.6969,52.2535],[14.6689,52.261],[14.6405,52.2651],[14.6066,52.2758],[14.5842,52.2912],[14.5901,52.3094],[14.5692,52.3385],[14.5454,52.3822],[14.5398,52.4219],[14.5916,52.4498],[14.6158,52.4733],[14.6323,52.4967],[14.6277,52.5074],[14.6091,52.5178],[14.6168,52.541],[14.6448,52.5769],[14.6137,52.5925],[14.5499,52.6362],[14.4901,52.6506],[14.4614,52.6746],[14.4424,52.68],[14.4319,52.6861],[14.3977,52.7271],[14.3822,52.7382],[14.276,52.7857],[14.2487,52.7946],[14.216,52.818],[14.196,52.8234],[14.1737,52.8243],[14.1528,52.8283],[14.1354,52.8366],[14.1239,52.8507],[14.1505,52.8646],[14.1608,52.8767],[14.165,52.8957],[14.1627,52.9082],[14.1505,52.9436],[14.1445,52.9537],[14.1445,52.9599],[14.1929,52.9817],[14.2537,53.0009],[14.3126,53.0292],[14.3433,53.0486],[14.3568,53.0667],[14.3596,53.0751],[14.3895,53.1317],[14.3875,53.1461],[14.3815,53.1603],[14.3779,53.1765],[14.3807,53.1899],[14.3878,53.2021],[14.3977,53.211],[14.4082,53.2144],[14.4156,53.221],[14.4416,53.2518],[14.4286,53.2591],[14.4247,53.2647],[14.4094,53.2724],[14.4033,53.2788],[14.4002,53.2886],[14.398,53.3152],[14.3703,53.3923],[14.3599,53.4441],[14.3389,53.4652],[14.3285,53.4861],[14.3042,53.5085],[14.2969,53.5291],[14.2962,53.5513],[14.2989,53.5879],[14.297,53.5978],[14.2761,53.6366],[14.261,53.6562],[14.2651,53.6718],[14.2639,53.7]]},"properties":{"rank":10}},{"type":"Feature","geometry":{"type":"MultiLineString","coordinates":[[[22.2568,48.3573],[22.257,48.3732],[22.2718,48.4035],[22.2361,48.4153],[22.202,48.4182]],[[22.202,48.4182],[22.1692,48.4095],[22.1593,48.4023],[22.1565,48.4021]],[[22.1565,48.4021],[22.1328,48.4048]],[[22.3709,48.2374],[22.3636,48.2387],[22.3571,48.2431],[22.3081,48.2937],[22.2974,48.314],[22.2964,48.3278],[22.2987,48.3393],[22.2987,48.3491],[22.2913,48.3576],[22.2844,48.3584]],[[22.2844,48.3584],[22.2568,48.3573]],[[22.4342,48.2367],[22.3945,48.2448]],[[22.3945,48.2448],[22.3709,48.2374]],[[22.6081,48.0968],[22.6055,48.097],[22.6001,48.1011],[22.583,48.1248],[22.5689,48.1565],[22.5558,48.1772],[22.4814,48.2426],[22.4733,48.2445]],[[22.4733,48.2445],[22.4497,48.2377],[22.4342,48.2367]],[[22.8776,47.9467],[22.8408,47.9668],[22.8324,47.9789],[22.8495,47.9931],[22.8513,48.0088],[22.858,48.018],[22.8616,48.0284],[22.8548,48.0473],[22.8443,48.061],[22.831,48.0724],[22.8014,48.091],[22.7656,48.1045],[22.7621,48.1093],[22.7457,48.1163]],[[22.7457,48.1163],[22.7286,48.1131],[22.7116,48.1058],[22.6932,48.1018],[22.6212,48.1018],[22.6081,48.0968]]]},"properties":{"rank":10}},{"type":"Feature","geometry":{"type":"MultiLineString","coordinates":[[[22.6916,44.2284],[22.9064,44.1229],[22.9426,44.1115],[22.9881,44.107],[23.031,44.0931],[23.0401,44.0623],[23.023,44.0316],[22.9881,44.0177],[22.9663,44.0156],[22.9265,44.0062],[22.9058,44.004],[22.8859,43.9945],[22.8747,43.972],[22.8505,43.897],[22.851,43.8744],[22.8634,43.8554],[22.8888,43.8395],[22.9196,43.8342]],[[27.0275,44.177],[27.1002,44.1445],[27.2056,44.1292],[27.2267,44.1207]],[[25.5338,43.6687],[25.5566,43.6704],[25.5751,43.6774],[25.5939,43.6807],[25.6165,43.6877],[25.6379,43.6973],[25.6535,43.7081],[25.6714,43.7174],[25.7396,43.7189],[25.7811,43.732],[25.8063,43.7637],[25.8393,43.7884],[25.8693,43.8009],[25.9164,43.8444],[25.9245,43.8586],[25.934,43.8703],[26.0543,43.9343],[26.0616,43.9498],[26.0793,43.969],[26.1162,43.9989],[26.1507,44.0124],[26.2315,44.0275],[26.3105,44.0526],[26.6142,44.0849],[26.6478,44.0934],[26.6773,44.0971],[26.6972,44.1061],[26.7087,44.1081],[26.7537,44.1081],[26.7895,44.116],[26.8841,44.1565],[27.0015,44.1651],[27.0275,44.177]],[[27.2511,44.1224],[27.269,44.1124],[27.2643,44.0898],[27.2853,44.0725],[27.3417,44.0531],[27.3536,44.0453],[27.3729,44.0207],[27.3838,44.0151]],[[27.2267,44.1207],[27.2511,44.1224]],[[27.6334,44.0298],[27.6563,44.0239],[27.6761,43.9935],[27.7217,43.9487]],[[27.3838,44.0151],[27.5745,44.0163],[27.6334,44.0298]],[[27.9121,43.9933],[27.9358,43.9644],[27.981,43.8493],[28.0148,43.83],[28.2213,43.762],[28.4346,43.7352]],[[27.7217,43.9487],[27.7873,43.9604],[27.8565,43.9886],[27.9121,43.9933]],[[23.3252,43.8866],[23.4847,43.8806],[23.5927,43.8374],[23.6361,43.8322]],[[22.9196,43.8342],[23.1318,43.8479],[23.1619,43.8573],[23.197,43.8628],[23.2345,43.8773],[23.3252,43.8866]],[[23.7208,43.8458],[23.7429,43.8427],[23.7999,43.8185],[24.1594,43.7529]],[[23.6361,43.8322],[23.7208,43.8458]],[[24.4663,43.8024],[24.5001,43.7995],[24.7056,43.7438],[24.7526,43.7388]],[[24.1594,43.7529],[24.3582,43.76],[24.3755,43.7639],[24.4312,43.7942],[24.4663,43.8024]],[[24.9637,43.7496],[25.0816,43.7189],[25.2113,43.7119],[25.2523,43.7046],[25.2887,43.689],[25.323,43.6697],[25.3596,43.6543],[25.4031,43.65]],[[24.7526,43.7388],[24.9637,43.7496]],[[28.4346,43.7352],[28.5784,43.7413]],[[25.4888,43.6705],[25.5338,43.6687]],[[25.4031,43.65],[25.4261,43.6544],[25.4674,43.6677],[25.4888,43.6705]]]},"properties":{"rank":10}},{"type":"Feature","geometry":{"type":"MultiLineString","coordinates":[[[20.2428,46.1081],[20.3057,46.0536],[20.3177,46.0386],[20.3386,45.9928],[20.3539,45.9767],[20.371,45.9678],[20.4103,45.9556],[20.4291,45.9467],[20.4817,45.9127],[20.4999,45.9067],[20.538,45.9037],[20.5567,45.8984],[20.5721,45.8877],[20.6053,45.8461],[20.6297,45.8333],[20.6367,45.827],[20.6401,45.8187],[20.6423,45.7983],[20.6459,45.7887],[20.6556,45.7773],[20.6786,45.7566],[20.6881,45.7431],[20.7001,45.7354],[20.7134,45.7333]],[[20.7652,45.7668],[20.7775,45.7623],[20.7857,45.7526],[20.7855,45.7434],[20.7791,45.7237],[20.78,45.6717],[20.7773,45.6575],[20.7622,45.6306],[20.7544,45.6056],[20.758,45.5893],[20.7874,45.5537],[20.8002,45.5305],[20.7976,45.5165],[20.7832,45.5061],[20.7607,45.4933],[20.7671,45.4793],[20.7816,45.4726],[20.816,45.4629],[20.8304,45.4525],[20.863,45.4187],[20.9276,45.3775],[20.9662,45.3416],[20.9815,45.3328],[21.064,45.3063],[21.0916,45.2881],[21.1033,45.2861]],[[20.7134,45.7333],[20.7268,45.7362],[20.7394,45.7434],[20.7453,45.755],[20.7541,45.7636],[20.7652,45.7668]],[[21.1394,45.3037],[21.1556,45.2952],[21.1897,45.2596],[21.2061,45.2459],[21.2393,45.2294],[21.2571,45.2241],[21.2993,45.2232],[21.4055,45.1997],[21.4338,45.1888],[21.4594,45.174],[21.4933,45.1451],[21.4978,45.1319],[21.4941,45.1193],[21.4815,45.1116],[21.469,45.111],[21.4586,45.1073],[21.45,45.101],[21.4424,45.0929],[21.4444,45.0853],[21.4438,45.0729],[21.4295,45.0573],[21.4251,45.0362],[21.4219,45.0314],[21.4093,45.024],[21.3988,45.0214],[21.3733,45.0201],[21.3634,45.0165],[21.3561,45.0086],[21.3514,44.9982],[21.3535,44.9898],[21.367,44.9873],[21.3839,44.9867],[21.387,44.9815],[21.3846,44.9749],[21.3852,44.9695],[21.4084,44.9583],[21.4565,44.9523],[21.4815,44.9436],[21.5163,44.9339],[21.531,44.9246],[21.5391,44.9085],[21.5363,44.8893],[21.5221,44.8808],[21.4815,44.8726],[21.4534,44.8696]],[[21.1033,45.2861],[21.1131,45.2893],[21.1292,45.3019],[21.1394,45.3037]],[[21.4534,44.8696],[21.3953,44.8716]],[[21.3953,44.8716],[21.3685,44.8649],[21.3555,44.8566],[21.3464,44.8456],[21.3428,44.8319],[21.3606,44.8264],[21.3786,44.8166],[21.3959,44.7902],[21.4122,44.7848],[21.4972,44.778]],[[21.5584,44.7817],[21.578,44.7777],[21.5956,44.766],[21.6043,44.75],[21.6103,44.7319],[21.6197,44.7139],[21.6563,44.6877],[21.7052,44.6771]],[[21.4972,44.778],[21.5584,44.7817]],[[22.4261,44.7337],[22.4505,44.733],[22.4689,44.7302],[22.4837,44.724],[22.5533,44.6692],[22.5875,44.6494],[22.6212,44.6374],[22.7001,44.6306],[22.7147,44.6231],[22.7652,44.5828],[22.7593,44.5647],[22.7417,44.5519],[22.7194,44.5444],[22.7001,44.5418]],[[22.1482,44.5009],[22.1721,44.5053],[22.1851,44.5151],[22.299,44.6617],[22.3049,44.6774],[22.3197,44.6853],[22.3611,44.6921],[22.3807,44.7005],[22.4155,44.7278],[22.4261,44.7337]],[[21.8554,44.6985],[21.872,44.696],[21.9624,44.6623],[21.9943,44.6586],[22.0043,44.6515],[22.0322,44.6033],[22.0398,44.5769],[22.0452,44.5692],[22.0763,44.5507],[22.087,44.5218],[22.1043,44.5096],[22.1266,44.5027],[22.1482,44.5009]],[[21.7052,44.6771],[21.7568,44.6773],[21.8017,44.6839],[21.8383,44.6952],[21.8554,44.6985]],[[22.7001,44.5418],[22.6785,44.5456],[22.6422,44.5631],[22.6212,44.5692],[22.6003,44.5698]],[[22.6003,44.5698],[22.5805,44.5655],[22.5656,44.5554],[22.5598,44.5388],[22.5567,44.5215],[22.5484,44.5117],[22.5355,44.5075],[22.5004,44.5064],[22.4911,44.5042],[22.4841,44.4998],[22.4798,44.4904],[22.4772,44.477],[22.477,44.464],[22.48,44.4558],[22.501,44.4419],[22.5054,44.435],[22.5064,44.4275],[22.504,44.4117],[22.5051,44.4041],[22.5227,44.3751],[22.5494,44.349],[22.5828,44.3284],[22.6212,44.3159],[22.6625,44.3117],[22.6815,44.3053],[22.6895,44.2917],[22.6854,44.2437],[22.6916,44.2284]]]},"properties":{"rank":10}},{"type":"Feature","geometry":{"type":"MultiLineString","coordinates":[[[26.2118,41.7505],[26.2262,41.7497],[26.2344,41.7458],[26.261,41.7231],[26.2739,41.7149],[26.2949,41.7103]],[[26.1147,41.3552],[26.1209,41.3578],[26.1324,41.3715],[26.1478,41.3969],[26.159,41.4218],[26.1643,41.4279],[26.1756,41.4319],[26.1774,41.44],[26.1743,41.446],[26.1562,41.4604],[26.1459,41.478],[26.1476,41.4848],[26.1593,41.4938],[26.1645,41.5177],[26.1631,41.5291],[26.1581,41.5423],[26.1525,41.547],[26.1368,41.5492],[26.1312,41.5527],[26.1294,41.5594],[26.1303,41.5827],[26.1211,41.6082],[26.1153,41.6166],[26.1067,41.6243],[26.0669,41.6355],[26.055,41.6488],[26.0503,41.6605],[26.0475,41.6746],[26.0481,41.6891],[26.0537,41.7015],[26.0605,41.7073],[26.0815,41.7115],[26.1084,41.7279],[26.1351,41.7334],[26.1899,41.7347],[26.2118,41.7505]],[[26.2949,41.7103],[26.3334,41.713]],[[24.2507,41.5635],[24.2669,41.5498],[24.2864,41.5404],[24.2873,41.5316],[24.2851,41.5232],[24.2868,41.5176],[24.2961,41.5152]],[[24.1702,41.5116],[24.1731,41.5153],[24.1775,41.531],[24.1816,41.5374],[24.1963,41.547],[24.2144,41.5558],[24.2333,41.5618],[24.2507,41.5635]],[[24.5102,41.5617],[24.5309,41.5475],[24.5433,41.5213],[24.5465,41.4936],[24.5494,41.4854],[24.5677,41.4681],[24.5811,41.4602],[24.5822,41.4552],[24.5797,41.4442],[24.5804,41.4405],[24.5958,41.4298],[24.6095,41.4272]],[[24.424,41.5252],[24.4388,41.5277],[24.4592,41.5495],[24.4813,41.5532],[24.5102,41.5617]],[[24.0766,41.536],[24.1165,41.5334],[24.1463,41.5268],[24.154,41.5221],[24.1628,41.512],[24.1702,41.5116]],[[24.0347,41.4513],[24.0459,41.4555],[24.052,41.463],[24.0525,41.4715],[24.0473,41.5257],[24.0766,41.536]],[[24.4029,41.5279],[24.424,41.5252]],[[24.345,41.5184],[24.3875,41.5267],[24.4029,41.5279]],[[24.3182,41.5208],[24.345,41.5184]],[[24.2961,41.5152],[24.3096,41.5198],[24.3182,41.5208]],[[23.8948,41.4643],[23.9029,41.4635],[23.9499,41.4376]],[[23.8097,41.4338],[23.8309,41.4356],[23.8516,41.4396],[23.8677,41.4455],[23.8948,41.4643]],[[24.0007,41.4641],[24.0229,41.4531],[24.0347,41.4513]],[[23.9499,41.4376],[23.9647,41.4384],[23.9813,41.4509],[23.9971,41.457],[24.0007,41.4641]],[[23.7921,41.4345],[23.8097,41.4338]],[[23.7382,41.3975],[23.7544,41.4007],[23.7771,41.429],[23.7921,41.4345]],[[24.6443,41.4277],[24.6382,41.4177]],[[24.6095,41.4272],[24.6443,41.4277]],[[24.6613,41.4177],[24.6809,41.4155],[24.6992,41.4089],[24.7187,41.3957],[24.7526,41.3627],[24.7744,41.3481],[24.7943,41.3474]],[[24.6382,41.4177],[24.6613,41.4177]],[[23.7054,41.4032],[23.7382,41.3975]],[[23.6124,41.371],[23.6277,41.3785],[23.6529,41.3976],[23.6722,41.403],[23.7054,41.4032]],[[24.8729,41.4019],[24.8864,41.4006],[24.917,41.3864],[25.0804,41.3341]],[[24.7943,41.3474],[24.8029,41.3619],[24.8002,41.3793],[24.8033,41.3927],[24.8421,41.3947],[24.8729,41.4019]],[[23.4145,41.3999],[23.513,41.3977],[23.579,41.372],[23.6124,41.371]],[[23.326,41.3693],[23.3472,41.3712],[23.3651,41.3786],[23.3955,41.3953],[23.4145,41.3999]],[[23.2877,41.3982],[23.3062,41.3884],[23.3156,41.3769],[23.326,41.3693]],[[23.1152,41.3127],[23.1572,41.3163],[23.1797,41.3214],[23.1907,41.3261],[23.1995,41.333],[23.2048,41.3427],[23.2064,41.3609],[23.2098,41.3686],[23.2242,41.379],[23.2466,41.3897],[23.2699,41.3973],[23.2877,41.3982]],[[26.1073,41.3566],[26.1147,41.3552]],[[25.9486,41.314],[25.9596,41.315],[25.9823,41.3233],[26.0089,41.3368],[26.0219,41.3417],[26.1073,41.3566]],[[25.811,41.341],[25.8333,41.3346],[25.8627,41.3101],[25.882,41.304]],[[25.68,41.2972],[25.6912,41.2984],[25.7175,41.3141],[25.7287,41.3171],[25.7635,41.319],[25.8008,41.338],[25.811,41.341]],[[25.0968,41.3367],[25.1019,41.3367],[25.1165,41.3207],[25.1579,41.3061],[25.1771,41.2939],[25.2197,41.2497],[25.2391,41.2409],[25.2623,41.2381]],[[25.0804,41.3341],[25.0968,41.3367]],[[22.917,41.3358],[23.1152,41.3127]],[[25.9212,41.316],[25.9486,41.314]],[[25.882,41.304],[25.8963,41.3063],[25.9212,41.316]],[[25.5515,41.3157],[25.6398,41.3111],[25.6496,41.3085],[25.6705,41.2992],[25.68,41.2972]],[[25.5051,41.2806],[25.5149,41.2835],[25.5237,41.2917],[25.538,41.3122],[25.5515,41.3157]],[[25.4791,41.2838],[25.5051,41.2806]],[[25.2623,41.2381],[25.2857,41.2394],[25.4535,41.2804],[25.4791,41.2838]]]},"properties":{"rank":10}},{"type":"Feature","geometry":{"type":"MultiLineString","coordinates":[[[26.3596,41.7149],[26.3774,41.7106],[26.4044,41.6918],[26.4428,41.6845],[26.4604,41.6788],[26.4762,41.6757],[26.4732,41.6611],[26.4644,41.6485],[26.5212,41.6164],[26.5665,41.5988],[26.5764,41.591]],[[26.3334,41.713],[26.3596,41.7149]],[[26.5955,41.6124],[26.5963,41.5975],[26.6023,41.5852],[26.5978,41.5733],[26.6017,41.5473],[26.5955,41.5374],[26.6061,41.523],[26.611,41.5057],[26.6159,41.4685],[26.6322,41.4197],[26.6364,41.3996],[26.6366,41.3785],[26.6317,41.3575],[26.6226,41.3404],[26.6097,41.3307],[26.5911,41.3293]],[[26.5764,41.591],[26.5955,41.6124]],[[26.5911,41.3293],[26.5696,41.3336],[26.5506,41.3418],[26.5402,41.3518]],[[26.5402,41.3518],[26.4893,41.3109],[26.4788,41.3096],[26.4664,41.2972],[26.4385,41.2836],[26.4121,41.2657],[26.3951,41.259],[26.3317,41.2541],[26.3205,41.2462],[26.336,41.2289],[26.3255,41.207],[26.3211,41.1876],[26.3242,41.1699],[26.336,41.1526],[26.3173,41.1305],[26.3173,41.1223],[26.3323,41.119],[26.3395,41.1145],[26.3224,41.0886],[26.3251,41.0741],[26.339,41.0516],[26.3476,41.041],[26.3742,41.0311],[26.375,41.0195],[26.3681,41.0077],[26.3596,41.0024],[26.3446,41.0011],[26.3359,40.9971],[26.3332,40.9907],[26.336,40.9819],[26.3465,40.9717],[26.3562,40.9681],[26.3591,40.9647],[26.3491,40.9546],[26.335,40.9462],[26.3065,40.936],[26.2944,40.9267],[26.3033,40.9155],[26.304,40.909],[26.2907,40.9061]],[[26.2907,40.9061],[26.2822,40.9072],[26.2752,40.9103],[26.2665,40.9204]],[[26.2665,40.9204],[26.2604,40.9204],[26.2522,40.9006],[26.2463,40.8915],[26.2392,40.8857],[26.2324,40.8857]],[[26.2324,40.8857],[26.2262,40.8993]],[[26.2262,40.8993],[26.2253,40.8836],[26.2119,40.8795],[26.2112,40.8747],[26.2125,40.8731],[26.2186,40.872],[26.2087,40.8684],[26.2058,40.865],[26.2051,40.8584],[26.212,40.8474],[26.1583,40.8122],[26.143,40.7938],[26.1345,40.7671],[26.1123,40.747],[26.0816,40.7356]],[[26.0816,40.7356],[26.044,40.7385]]]},"properties":{"rank":10}},{"type":"Feature","geometry":{"type":"MultiLineString","coordinates":[[[19.7478,42.5789],[19.746,42.5989],[19.7375,42.6244],[19.7221,42.6461],[19.6993,42.6548]],[[19.6993,42.6548],[19.676,42.6467],[19.6479,42.6278],[19.6218,42.605],[19.605,42.5848],[19.5992,42.571],[19.5937,42.5448],[19.5881,42.5329],[19.5757,42.5223],[19.5613,42.5162],[19.5493,42.5086],[19.5437,42.4934],[19.5317,42.4748],[19.5178,42.458],[19.5015,42.4441],[19.4817,42.4345],[19.4684,42.4181],[19.4172,42.3741],[19.4121,42.3684],[19.4027,42.352],[19.4007,42.3448],[19.4004,42.3259],[19.3046,42.2151],[19.2749,42.1913],[19.272,42.1807],[19.2821,42.1646],[19.2978,42.1517],[19.355,42.12],[19.3725,42.1043],[19.3749,42.0947],[19.3566,42.0648],[19.3517,42.0476],[19.3506,42.0278],[19.3542,42.0087],[19.3634,41.9936],[19.371,41.9866],[19.3658,41.9697],[19.3598,41.966],[19.3516,41.9652],[19.3464,41.9615],[19.3529,41.9385],[19.3505,41.9314],[19.3467,41.9262],[19.3453,41.9103],[19.3477,41.9064],[19.357,41.8996],[19.3649,41.889],[19.3651,41.8524]],[[19.746,42.5799],[19.7478,42.5789]],[[19.8196,42.4665],[19.8014,42.4681],[19.7845,42.4746],[19.7516,42.4934],[19.7343,42.5244],[19.7309,42.5337],[19.7303,42.5404],[19.7339,42.5626],[19.746,42.5799]],[[20.065,42.5468],[20.0392,42.5578]],[[20.0392,42.5578],[20.0177,42.5462],[19.9818,42.5108],[19.9563,42.5053]],[[19.9563,42.5053],[19.9075,42.5064]],[[19.9075,42.5064],[19.8827,42.4936],[19.8733,42.4868],[19.8355,42.4703],[19.8196,42.4665]]]},"properties":{"rank":10}},{"type":"Feature","geometry":{"type":"MultiLineString","coordinates":[[[26.6885,48.2748],[26.7115,48.2613],[26.7224,48.2598]],[[26.6179,48.259],[26.6657,48.2742],[26.6885,48.2748]],[[26.7331,48.2707],[26.744,48.2556],[26.7637,48.2527]],[[26.7224,48.2598],[26.7331,48.2707]],[[26.8049,48.2583],[26.8219,48.2525],[26.8447,48.2333]],[[26.7637,48.2527],[26.8049,48.2583]],[[26.8555,48.2378],[26.8977,48.209],[26.904,48.2015],[26.908,48.1845]],[[26.8447,48.2333],[26.8555,48.2378]],[[26.9381,48.2048],[26.9506,48.1975],[26.9556,48.186],[26.9631,48.1754],[26.9976,48.1666],[26.9976,48.1579],[26.9862,48.1504],[26.9666,48.1496],[26.9666,48.1434],[26.994,48.1324],[27.0127,48.1281]],[[26.908,48.1845],[26.9177,48.188],[26.9291,48.199],[26.9381,48.2048]],[[27.0251,48.135],[27.0337,48.1324],[27.0428,48.1273],[27.048,48.1222],[27.0474,48.1165],[27.0369,48.1073],[27.0343,48.1018],[27.0417,48.0773],[27.0592,48.058],[27.0832,48.0437],[27.1093,48.0335],[27.1093,48.0261],[27.089,48.0198],[27.0915,48.0119],[27.0958,48.0056]],[[27.0127,48.1281],[27.0251,48.135]],[[27.1215,48.0132],[27.1346,48.0005],[27.1437,47.9868]],[[27.0958,48.0056],[27.1215,48.0132]],[[27.1572,47.992],[27.1688,47.9831],[27.1698,47.9738],[27.1629,47.965],[27.151,47.9578],[27.1783,47.9441],[27.1783,47.9379],[27.1607,47.9217],[27.1716,47.9126],[27.1942,47.9041],[27.2124,47.8895],[27.2124,47.8479],[27.2228,47.8427],[27.2458,47.8366],[27.2534,47.8281],[27.2192,47.8138],[27.2311,47.8071],[27.2449,47.7926],[27.2647,47.7646],[27.2875,47.7523],[27.2911,47.7424],[27.2896,47.7317],[27.2951,47.7244],[27.2951,47.7182],[27.272,47.715],[27.2811,47.693],[27.304,47.6665],[27.3692,47.6083],[27.3971,47.5891],[27.4284,47.581],[27.4403,47.5501],[27.4401,47.541],[27.4421,47.5366],[27.4595,47.5332],[27.4667,47.5064],[27.4731,47.4918],[27.4837,47.4854],[27.4926,47.4845],[27.5072,47.478],[27.533,47.4774]],[[27.1437,47.9868],[27.1572,47.992]],[[27.5345,47.478],[27.5632,47.4683],[27.5759,47.4604],[27.583,47.4507],[27.5748,47.4463],[27.5694,47.4386],[27.5625,47.4165],[27.5803,47.406],[27.5724,47.3752],[27.5999,47.3607],[27.624,47.3214],[27.6369,47.3067],[27.6447,47.304],[27.6717,47.2999],[27.6978,47.2875],[27.7228,47.2833],[27.7333,47.2756],[27.7536,47.2514],[27.7524,47.2389],[27.763,47.2263],[27.7883,47.2043],[27.8077,47.1625],[27.8059,47.1582],[27.7947,47.1558],[27.8066,47.1446],[27.8499,47.1285],[27.8499,47.1217],[27.8438,47.1144],[27.8482,47.1114],[27.8577,47.1093],[27.867,47.1046],[27.8976,47.0814],[27.9259,47.0688],[27.9384,47.0611],[27.9387,47.0466],[27.9631,47.0434],[27.9866,47.0332],[28.0083,47.0263]],[[27.533,47.4774],[27.5345,47.478]],[[28.028,47.033],[28.037,47.0165],[28.0691,46.9885],[28.0827,46.9715],[28.1023,46.9351],[28.1054,46.9177],[28.0969,46.9026],[28.1136,46.8948],[28.1143,46.8834],[28.1131,46.8714],[28.1243,46.8616],[28.1215,46.8343],[28.1378,46.8062],[28.1782,46.7586],[28.1781,46.7398],[28.2341,46.6624],[28.2442,46.6354],[28.2474,46.6208],[28.2471,46.6072],[28.2305,46.5839],[28.2254,46.5696],[28.2341,46.5531],[28.2248,46.5487],[28.2211,46.5412],[28.219,46.5037],[28.2211,46.4958],[28.2341,46.4781],[28.2381,46.4756]],[[28.0083,47.0263],[28.028,47.033]],[[28.2423,46.4765],[28.2458,46.4755],[28.2471,46.4672],[28.2461,46.4279],[28.2402,46.4203],[28.2261,46.4154],[28.2333,46.4018],[28.2286,46.3961],[28.2195,46.3933],[28.2129,46.3887],[28.2071,46.3582],[28.2024,46.3539],[28.1904,46.3511],[28.1879,46.3438],[28.192,46.3235],[28.1929,46.3112],[28.1913,46.3078],[28.1778,46.287],[28.1658,46.2788],[28.1352,46.2693],[28.1311,46.2624],[28.1345,46.2453],[28.1321,46.2399],[28.109,46.2341],[28.111,46.2256],[28.1415,46.192],[28.1447,46.1832],[28.1332,46.16],[28.1274,46.1353],[28.1008,46.082],[28.0928,46.0784],[28.0902,46.0734],[28.0905,46.068],[28.0966,46.065],[28.0969,46.0597],[28.0845,46.0246],[28.0827,46.0147],[28.0861,46.0006],[28.1105,45.9504],[28.1149,45.9332],[28.1208,45.9263],[28.125,45.9184],[28.1188,45.9031],[28.1174,45.8952],[28.1202,45.8878],[28.1311,45.8714],[28.1282,45.8664],[28.115,45.8597],[28.1105,45.8543],[28.1133,45.8254],[28.1289,45.795],[28.155,45.7618],[28.1637,45.6615],[28.1618,45.6454],[28.168,45.6325],[28.1537,45.6275]],[[28.2381,46.4756],[28.2423,46.4765]],[[28.1537,45.6275],[28.1208,45.6277]],[[28.1208,45.6277],[28.1077,45.6244],[28.0912,45.616],[28.0748,45.6049],[28.0621,45.5936],[28.118,45.5727],[28.1409,45.5602],[28.1654,45.5283],[28.1659,45.4946],[28.1729,45.4844],[28.1995,45.4618]]]},"properties":{"rank":10}},{"type":"Feature","geometry":{"type":"MultiLineString","coordinates":[[[26.3303,48.2085],[26.3473,48.2121],[26.3805,48.2232],[26.3974,48.2262],[26.4447,48.2277],[26.5874,48.2494],[26.6179,48.259]],[[26.3035,48.212],[26.3118,48.2097],[26.3303,48.2085]],[[25.9657,47.9649],[26.0293,47.9778],[26.1257,47.9784],[26.1731,47.9931],[26.1827,48.0033],[26.2048,48.0374],[26.2171,48.048],[26.2432,48.0629],[26.2553,48.0723],[26.2707,48.0936],[26.287,48.1247],[26.2975,48.1563],[26.2962,48.179],[26.3035,48.212]],[[23.1391,48.0981],[23.1617,48.0959],[23.2314,48.0797],[23.2486,48.0712],[23.2898,48.0382],[23.3375,48.0109],[23.3601,47.9931],[23.3747,47.9906]],[[23.0044,47.9831],[23.0203,47.9847],[23.0631,48.0075],[23.0766,48.0245],[23.099,48.0712],[23.1186,48.0915],[23.1391,48.0981]],[[23.5632,48.0058],[23.5817,48.0016],[23.6461,47.9966],[23.6873,47.9873],[23.7105,47.9851]],[[23.4608,47.9713],[23.4816,47.9722],[23.4943,47.9805],[23.5037,47.9929],[23.5145,47.999],[23.5632,48.0058]],[[22.9393,48.0056],[22.9571,48.0001],[22.9882,47.9864],[23.0044,47.9831]],[[22.8776,47.9467],[22.8979,47.951],[22.9158,47.9592],[22.9242,47.9727],[22.9157,47.993],[22.9241,48.0048],[22.9393,48.0056]],[[23.393,47.9936],[23.4608,47.9713]],[[23.3747,47.9906],[23.393,47.9936]],[[23.7801,47.9875],[23.7965,47.982],[23.8484,47.9497],[23.8552,47.9342]],[[23.7105,47.9851],[23.7801,47.9875]],[[25.9181,47.9682],[25.9657,47.9649]],[[24.8966,47.7101],[25.0174,47.7246],[25.0799,47.7429],[25.1219,47.7703],[25.219,47.8785],[25.2617,47.8986],[25.7525,47.9346],[25.8184,47.9526],[25.871,47.957],[25.9012,47.966],[25.9181,47.9682]],[[23.9773,47.9623],[24.0088,47.9612],[24.0252,47.9532],[24.0749,47.9442],[24.0948,47.9379],[24.1312,47.9145],[24.1487,47.9121]],[[23.8552,47.9342],[23.8766,47.9344],[23.9773,47.9623]],[[24.4285,47.9525],[24.4856,47.9432]],[[24.231,47.897],[24.2979,47.9198],[24.3472,47.9209],[24.3862,47.9437],[24.4092,47.9521],[24.4285,47.9525]],[[24.5421,47.9438],[24.5616,47.9405],[24.6085,47.9219],[24.6337,47.9083],[24.6493,47.8952],[24.656,47.8793],[24.6569,47.8662],[24.6615,47.8539],[24.6791,47.8401],[24.7128,47.8259],[24.7937,47.8045],[24.8082,47.7957],[24.8207,47.7841],[24.8544,47.7431],[24.8778,47.7187],[24.8966,47.7101]],[[24.4856,47.9432],[24.5421,47.9438]],[[24.1502,47.9129],[24.2093,47.8976],[24.231,47.897]],[[24.1487,47.9121],[24.1502,47.9129]],[[28.1995,45.4618],[28.2129,45.4502]],[[28.2376,45.4521],[28.2669,45.4405],[28.2864,45.4217],[28.2812,45.4018],[28.3108,45.3478],[28.3302,45.3229],[28.3533,45.3124],[28.3702,45.3092],[28.4052,45.2951],[28.4942,45.2789],[28.577,45.2481],[28.7101,45.227]],[[28.2129,45.4502],[28.2376,45.4521]],[[29.3221,45.4438],[29.3537,45.4359],[29.4306,45.4304],[29.5697,45.395],[29.6164,45.3653],[29.6281,45.3608],[29.6503,45.3461],[29.6671,45.3119],[29.6723,45.2729],[29.6593,45.2442],[29.665,45.2379],[29.6665,45.2306],[29.6642,45.2232],[29.6591,45.2159]],[[29.2608,45.422],[29.2818,45.4223],[29.2905,45.4246],[29.3221,45.4438]],[[29.2446,45.4242],[29.2608,45.422]],[[28.9299,45.2791],[28.9528,45.2851],[28.9574,45.292],[28.9604,45.3113],[28.9665,45.3199],[28.9737,45.3237],[28.9824,45.3255],[29.0046,45.3261],[29.0182,45.3309],[29.0695,45.3608],[29.1103,45.3691],[29.1275,45.3745],[29.1419,45.3851],[29.1501,45.3879],[29.1743,45.389],[29.1794,45.3919],[29.1831,45.399],[29.1916,45.4062],[29.2067,45.4154],[29.2282,45.4237],[29.2446,45.4242]],[[28.8163,45.3261],[28.8318,45.3223],[28.8581,45.3091],[28.8809,45.3062],[28.8936,45.2998],[28.91,45.2874],[28.9299,45.2791]],[[28.7101,45.227],[28.7474,45.2305],[28.7787,45.2311],[28.7914,45.235],[28.8027,45.2442],[28.7743,45.2534],[28.7673,45.2578],[28.7626,45.2651],[28.7597,45.2742],[28.7615,45.2818],[28.7902,45.2921],[28.7886,45.3071],[28.7897,45.3214],[28.8163,45.3261]]]},"properties":{"rank":10}},{"type":"Feature","geometry":{"type":"MultiLineString","coordinates":[[[27.583,48.486],[27.6048,48.4841],[27.6069,48.4578],[27.627,48.4513]],[[27.4035,48.4115],[27.4202,48.4171],[27.4809,48.4514],[27.5038,48.4724],[27.5452,48.4724],[27.5571,48.4744],[27.583,48.486]],[[27.7518,48.452],[27.7853,48.4416],[27.8499,48.4096],[27.8648,48.3989],[27.8967,48.3672],[27.9045,48.3625],[27.9264,48.3394],[27.9671,48.3289],[28.0559,48.3215],[28.0764,48.3149],[28.0928,48.3021],[28.0983,48.2841],[28.0787,48.2449],[28.0933,48.2374],[28.1156,48.2367]],[[27.627,48.4513],[27.7518,48.452]],[[27.3422,48.4361],[27.3614,48.4328],[27.3898,48.415],[27.4035,48.4115]],[[27.2086,48.3606],[27.2465,48.3737],[27.306,48.4237],[27.3422,48.4361]],[[27.0374,48.3997],[27.048,48.3977],[27.0688,48.3889],[27.1758,48.3618],[27.2086,48.3606]],[[27.0277,48.3577],[27.0331,48.3602],[27.0285,48.3708],[27.0282,48.3814],[27.0254,48.3899],[27.0263,48.3971],[27.0374,48.3997]],[[26.8428,48.3937],[26.876,48.384],[26.9087,48.3652],[26.9432,48.3513]],[[26.8169,48.3717],[26.8256,48.3778],[26.8319,48.3914],[26.8428,48.3937]],[[26.7936,48.3763],[26.8101,48.3719],[26.8169,48.3717]],[[26.7546,48.2861],[26.7744,48.2872],[26.7857,48.2941],[26.7901,48.3071],[26.7894,48.3259],[26.7841,48.3452],[26.7782,48.3572],[26.7775,48.3662],[26.7881,48.376],[26.7936,48.3763]],[[26.9906,48.3624],[26.9978,48.3615],[27.0046,48.3588]],[[26.9432,48.3513],[26.9811,48.3557],[26.9906,48.3624]],[[27.0156,48.3594],[27.0277,48.3577]],[[27.0046,48.3588],[27.0156,48.3594]],[[26.6798,48.3302],[26.6994,48.3251],[26.713,48.3149],[26.7236,48.3026],[26.7359,48.2918],[26.7546,48.2861]],[[26.6179,48.259],[26.6186,48.2672],[26.6251,48.2829],[26.6361,48.2949],[26.6691,48.3088],[26.674,48.3217],[26.6798,48.3302]],[[28.1785,48.2589],[28.1858,48.2424],[28.1894,48.2231],[28.1999,48.2117],[28.217,48.2081]],[[28.1156,48.2367],[28.1311,48.2396],[28.1621,48.2572],[28.1785,48.2589]],[[28.3406,48.2401],[28.3577,48.2386],[28.3682,48.2306],[28.37,48.2116],[28.3634,48.191],[28.3523,48.1819],[28.3379,48.1755],[28.3222,48.1632],[28.3156,48.1493],[28.3174,48.1354],[28.3286,48.127]],[[28.217,48.2081],[28.2403,48.2116],[28.2617,48.22],[28.2775,48.2291],[28.2945,48.2365],[28.3406,48.2401]],[[28.4116,48.1707],[28.4273,48.1634],[28.4369,48.1499],[28.4357,48.1347],[28.419,48.1222],[28.4474,48.0828],[28.4594,48.0745],[28.4796,48.0649]],[[28.3286,48.127],[28.3496,48.1297],[28.365,48.1415],[28.3756,48.1566],[28.3886,48.1686],[28.4116,48.1707]],[[28.5416,48.156],[28.5736,48.155],[28.6656,48.1293],[28.7351,48.1287],[28.7712,48.1245],[28.7993,48.1118],[28.8059,48.1038],[28.8116,48.0829],[28.8276,48.057],[28.8325,48.0248],[28.8393,48.0183],[28.8557,48.0079],[28.8826,47.9768],[28.9148,47.9531],[28.9504,47.9348],[28.9808,47.9264]],[[28.4796,48.0649],[28.49,48.0655],[28.4937,48.0748],[28.4942,48.0918],[28.5011,48.1128],[28.5193,48.1491],[28.5416,48.156]],[[29.0927,47.9802],[29.11,47.9797],[29.124,47.976],[29.1363,47.9682],[29.148,47.9554],[29.1558,47.9399],[29.1646,47.9056],[29.1726,47.891],[29.1866,47.8836],[29.226,47.8756],[29.236,47.8707],[29.2328,47.8571],[29.1867,47.8182],[29.1777,47.8007],[29.1778,47.7897],[29.1874,47.7832],[29.222,47.7748],[29.2347,47.7668],[29.2386,47.756],[29.2267,47.7432],[29.197,47.7175],[29.1915,47.6863],[29.1924,47.6509],[29.1821,47.6132],[29.1562,47.5828],[29.1305,47.5596],[29.1174,47.5333],[29.1304,47.4932],[29.14,47.4802],[29.1556,47.45],[29.1639,47.4394],[29.1821,47.4299]],[[28.9808,47.9264],[29.0172,47.9311],[29.061,47.9698],[29.0927,47.9802]],[[29.2184,47.4516],[29.2326,47.4463],[29.2507,47.4254],[29.2814,47.4115],[29.2882,47.4008],[29.2927,47.3889],[29.3008,47.3782],[29.3147,47.3727],[29.3304,47.3705],[29.3458,47.3658],[29.3589,47.3527],[29.3641,47.3369],[29.3645,47.3224],[29.3676,47.3082],[29.3808,47.293],[29.3945,47.2847],[29.4096,47.2798],[29.4256,47.2787]],[[29.1821,47.4299],[29.1924,47.4358],[29.2019,47.4466],[29.2184,47.4516]],[[29.5011,47.3398],[29.521,47.3389],[29.5399,47.3342],[29.5566,47.324],[29.5701,47.3068],[29.5793,47.2836],[29.5802,47.2604],[29.5687,47.2431],[29.544,47.2342],[29.5404,47.2125],[29.5506,47.1602],[29.5448,47.1356],[29.5304,47.1237],[29.5087,47.1194],[29.4809,47.1175],[29.4786,47.1146],[29.4779,47.1115],[29.4809,47.1052],[29.5115,47.066],[29.5201,47.0599]],[[29.4256,47.2787],[29.4417,47.2821],[29.4592,47.2935],[29.4661,47.3074],[29.4706,47.3227],[29.4809,47.3383],[29.5011,47.3398]],[[29.5702,47.0914],[29.5834,47.0852],[29.5949,47.0746],[29.6021,47.061],[29.603,47.0458],[29.5954,47.0321],[29.5834,47.0228],[29.5725,47.0118],[29.565,46.9745],[29.5598,46.9588],[29.5587,46.9457],[29.5675,46.9347],[29.5732,46.9337]],[[29.5201,47.0599],[29.531,47.066],[29.5397,47.0789],[29.5514,47.0902],[29.5702,47.0914]],[[29.5985,46.9354],[29.6076,46.932],[29.6319,46.9144],[29.6481,46.9104],[29.6809,46.9086],[29.6962,46.9047],[29.7125,46.8934],[29.7358,46.8672],[29.7541,46.858],[29.7858,46.8547]],[[29.5732,46.9337],[29.5985,46.9354]],[[29.8152,46.8566],[29.8436,46.8541],[29.8722,46.8377],[29.8769,46.8308],[29.8849,46.8127],[29.8896,46.8072],[29.8985,46.8067]],[[29.7858,46.8547],[29.8152,46.8566]],[[29.9174,46.814],[29.9282,46.8098],[29.9307,46.8031],[29.9305,46.7816],[29.9318,46.7724],[29.9511,46.7431],[29.9526,46.7247],[29.9444,46.6625],[29.9319,46.6324],[29.9313,46.6192],[29.9349,46.6088],[29.9474,46.5883],[29.9497,46.5789],[29.9381,46.5573],[29.8988,46.5531],[29.9019,46.5308],[29.9161,46.5188],[29.9602,46.5059],[29.967,46.4939],[29.9706,46.4917]],[[29.8985,46.8067],[29.9174,46.814]],[[29.2007,46.3571],[29.1837,46.3672],[29.1834,46.3776],[29.2056,46.4061],[29.2076,46.4179],[29.2068,46.5025],[29.2002,46.524],[29.1842,46.538],[29.1627,46.5381]],[[29.1627,46.5381],[29.0749,46.5037],[29.0203,46.4895],[28.9458,46.4548],[28.9254,46.4328],[28.9192,46.4047],[28.9273,46.368],[28.9449,46.3207],[28.9458,46.305],[28.9399,46.287],[28.9329,46.2726],[28.9335,46.259],[28.9506,46.2431],[29.0098,46.2044],[29.0154,46.1826],[29.0035,46.1589],[28.9808,46.1321],[28.9464,46.1051],[28.9388,46.0893],[28.9412,46.0647],[28.9589,46.021],[28.9569,46.0014],[28.932,45.9932],[28.7576,45.9612],[28.7402,45.9532],[28.7292,45.9386],[28.7284,45.922],[28.7423,45.8873],[28.7464,45.8706],[28.745,45.8505],[28.7383,45.8376],[28.7256,45.8288],[28.7064,45.8211],[28.6773,45.8166],[28.6698,45.812],[28.6694,45.8063],[28.6733,45.7869],[28.6698,45.7773],[28.6436,45.7665],[28.5767,45.7619],[28.5606,45.7432],[28.5676,45.7246],[28.5614,45.7166],[28.5325,45.7101],[28.5152,45.702],[28.5042,45.6937],[28.4809,45.6695],[28.474,45.6579],[28.4829,45.6508],[28.4985,45.6443],[28.5113,45.635],[28.5169,45.621],[28.5188,45.607],[28.5231,45.5932],[28.5369,45.5798],[28.5104,45.571],[28.5046,45.5672],[28.4982,45.5587],[28.5065,45.5206],[28.502,45.5087],[28.4809,45.502]],[[29.9893,46.4987],[29.9949,46.4985],[30.0029,46.4942],[30.0094,46.4881],[30.0217,46.4707],[30.0141,46.462],[30.06,46.4368],[30.077,46.4228]],[[29.9706,46.4917],[29.9893,46.4987]],[[29.6156,46.3618],[29.5986,46.3631],[29.583,46.3697],[29.5694,46.3823],[29.5556,46.4042],[29.5414,46.413],[29.5275,46.4167],[29.4961,46.4208],[29.4809,46.4252],[29.4751,46.4323],[29.4733,46.4398],[29.4753,46.4476],[29.4862,46.4625],[29.4882,46.4694],[29.4864,46.4759],[29.4809,46.482],[29.4576,46.4847]],[[29.4576,46.4847],[29.4368,46.4767],[29.4182,46.4625],[29.3747,46.4162],[29.3621,46.4159]],[[29.3621,46.4159],[29.3442,46.4342],[29.3208,46.4687],[29.3067,46.472]],[[29.3067,46.472],[29.2891,46.4516],[29.2859,46.4395],[29.2907,46.4193],[29.2901,46.4102],[29.2833,46.3974],[29.2782,46.3959]],[[29.8281,46.3394],[29.8082,46.3547],[29.8062,46.3616],[29.8067,46.3809],[29.8051,46.39],[29.8003,46.3984],[29.7796,46.4211],[29.7269,46.4558],[29.7141,46.4712]],[[29.7141,46.4712],[29.7138,46.4431],[29.7029,46.4283],[29.6827,46.4229],[29.6544,46.4227],[29.648,46.4164],[29.6529,46.3919],[29.6455,46.3756],[29.6321,46.3661],[29.6156,46.3618]],[[30.102,46.4307],[30.1182,46.4287],[30.1316,46.4228],[30.1072,46.3919],[30.0811,46.3742],[30.0373,46.3689]],[[30.077,46.4228],[30.0869,46.4289],[30.102,46.4307]],[[29.2782,46.3959],[29.2714,46.3974]],[[29.2714,46.3974],[29.2592,46.3944],[29.2229,46.3665],[29.2007,46.3571]],[[30.0373,46.3689],[29.9187,46.3737]],[[29.9187,46.3737],[29.9025,46.3712],[29.8847,46.3642],[29.8478,46.3415],[29.8281,46.3394]],[[28.4809,45.502],[28.4168,45.5038],[28.3419,45.5176],[28.2705,45.5215]],[[28.2705,45.5215],[28.2173,45.4933],[28.2085,45.4814],[28.2016,45.4689],[28.1995,45.4618]]]},"properties":{"rank":10}},{"type":"Feature","geometry":{"type":"MultiLineString","coordinates":[[[23.5647,53.7424],[23.5404,53.7636],[23.5299,53.7842],[23.5207,53.8373],[23.5104,53.8625],[23.4972,53.8855],[23.4869,53.91],[23.4856,53.9393]],[[23.2842,52.2197],[23.2123,52.2317],[23.1897,52.2405],[23.1977,52.2583],[23.1945,52.2715],[23.1835,52.2813],[23.1656,52.2894],[23.2121,52.3475],[23.2304,52.3651],[23.2705,52.3951],[23.3923,52.5096],[23.4805,52.5544],[23.569,52.5859],[23.7362,52.6149],[23.869,52.67],[23.9088,52.6999],[23.9225,52.7426],[23.9121,52.8939],[23.9095,52.9015],[23.902,52.9125],[23.9011,52.9233],[23.9039,52.9311],[23.915,52.9446],[23.918,52.9508],[23.9175,52.9588],[23.9091,52.9867],[23.9113,53.0051],[23.9097,53.0127],[23.8982,53.0275],[23.8679,53.051],[23.8593,53.068],[23.8607,53.0875],[23.8703,53.1013],[23.8824,53.1133],[23.8914,53.1277],[23.8937,53.152],[23.8831,53.164],[23.866,53.172],[23.8481,53.1838],[23.8362,53.1993],[23.8186,53.228],[23.8006,53.2425],[23.783,53.2709],[23.743,53.3655],[23.7229,53.3971],[23.6758,53.4557],[23.5909,53.6113],[23.5671,53.681],[23.5648,53.7424]],[[23.5648,53.7424],[23.5647,53.7424]],[[23.3914,52.1825],[23.3885,52.1842],[23.3958,52.1934],[23.3958,52.1996],[23.3748,52.2009],[23.3127,52.2153],[23.2996,52.2234]],[[23.2996,52.2234],[23.2842,52.2197]],[[23.4709,52.1716],[23.4544,52.1815],[23.4505,52.1859]],[[23.4505,52.1859],[23.4367,52.1757]],[[23.4367,52.1757],[23.4272,52.1768],[23.4182,52.1825],[23.4057,52.1859]],[[23.4057,52.1859],[23.3914,52.1825]],[[23.5319,52.1206],[23.5125,52.1244],[23.4847,52.1586],[23.4887,52.1621],[23.4915,52.1741],[23.4877,52.1816]],[[23.4877,52.1816],[23.4709,52.1716]],[[23.5672,51.5549],[23.574,51.5553],[23.5521,51.5788],[23.5434,51.5927],[23.5399,51.6071],[23.5452,51.6341],[23.5438,51.6438],[23.5324,51.6515],[23.5324,51.659],[23.5414,51.6597],[23.5475,51.6621],[23.5603,51.672],[23.5493,51.6832],[23.5461,51.6896],[23.55,51.6924],[23.5592,51.6952],[23.5569,51.7014],[23.5466,51.7136],[23.5523,51.7366],[23.5603,51.7545],[23.5773,51.7667],[23.5983,51.7747],[23.6175,51.7865],[23.6287,51.8098],[23.6103,51.8252],[23.5946,51.8433],[23.6057,51.8516],[23.6099,51.8733],[23.6218,51.8774],[23.6206,51.8832],[23.6149,51.8843],[23.6214,51.8956],[23.6222,51.9279],[23.6287,51.9463],[23.6476,51.9741],[23.6607,51.9869],[23.6764,51.9941],[23.6649,52.0112],[23.6508,52.0489],[23.6425,52.0614],[23.6415,52.0729],[23.6375,52.0845],[23.6159,52.0923],[23.5982,52.1145],[23.5794,52.1215]],[[23.5794,52.1215],[23.5319,52.1206]],[[23.5603,51.5553],[23.5672,51.5549]],[[23.6062,51.5174],[23.6023,51.5308],[23.5728,51.5397],[23.5603,51.5553]]]},"properties":{"rank":10}},{"type":"Feature","geometry":{"type":"MultiLineString","coordinates":[[[24.0469,50.8291],[24.0673,50.8348],[24.1005,50.835],[24.1309,50.8391],[24.1432,50.8564],[24.1302,50.8689],[24.0469,50.898],[23.9793,50.9375],[23.9644,50.9532],[23.9589,50.9663],[23.9551,50.9836],[23.944,50.9942],[23.9318,50.9995],[23.9191,51.0027],[23.9117,51.0068],[23.916,51.0147],[23.916,51.0209],[23.9042,51.0627],[23.8955,51.0761],[23.8693,51.1017],[23.8545,51.1215],[23.8582,51.1307],[23.8747,51.1361],[23.8636,51.1483],[23.816,51.1788],[23.7652,51.199],[23.7427,51.2163],[23.6873,51.2924],[23.6702,51.2994],[23.6509,51.2996],[23.6352,51.3047],[23.6287,51.326],[23.634,51.3393],[23.6478,51.354],[23.6656,51.3658],[23.6839,51.3703],[23.6777,51.3838],[23.6789,51.3941],[23.686,51.401],[23.6976,51.4044],[23.6894,51.4164],[23.6487,51.454],[23.6472,51.4602],[23.6628,51.4802],[23.6486,51.4862],[23.6305,51.4904],[23.6148,51.4972],[23.6062,51.5174]],[[24.0205,50.8386],[24.0469,50.8291]],[[22.6878,49.1559],[22.6817,49.1612],[22.6871,49.1734],[22.7029,49.195],[22.7171,49.2304],[22.7339,49.2609],[22.7378,49.2754],[22.7242,49.3671],[22.7198,49.383],[22.7142,49.3906],[22.6926,49.4055],[22.6796,49.4189],[22.6731,49.4358],[22.6669,49.4784],[22.6409,49.5288],[22.6658,49.5674],[22.7417,49.6337],[22.759,49.6656],[22.7662,49.6742],[22.7773,49.6805],[22.7988,49.6833],[22.8098,49.6863],[22.8266,49.6974],[22.8882,49.7697],[22.898,49.7774],[22.9067,49.7812],[22.9244,49.7854],[22.9331,49.7911],[22.9512,49.8266],[22.993,49.8544],[23.1015,49.9571],[23.1413,49.9855],[23.1778,50.004],[23.2079,50.0339],[23.4364,50.1935],[23.5653,50.2578],[23.6442,50.3127],[23.658,50.3256],[23.6712,50.3536],[23.6822,50.3682],[23.6957,50.3768],[23.713,50.3824],[23.7475,50.3894],[23.9287,50.3908],[23.9813,50.4048],[24.0032,50.4377],[24.0078,50.4485],[24.0094,50.4615],[24.0079,50.4807],[24.0107,50.4928],[24.075,50.5143],[24.094,50.5271],[24.1077,50.5408],[24.1025,50.5436],[24.0954,50.5569],[24.0853,50.6044],[24.1084,50.6299],[24.0828,50.6692],[24.0749,50.6902],[24.081,50.713],[24.0542,50.7172],[24.0269,50.728],[24.0128,50.7433],[24.0259,50.7608],[24.0259,50.767],[23.9979,50.7692],[23.9743,50.7762],[23.9595,50.7889],[23.9576,50.808],[23.9699,50.8252],[23.9929,50.8362],[24.0205,50.8386]],[[22.8553,48.994],[22.867,49.01],[22.8475,49.0337],[22.8432,49.0431],[22.8444,49.0567],[22.8535,49.0763],[22.8534,49.0848],[22.8413,49.0949],[22.7965,49.1114],[22.7781,49.1203],[22.7488,49.1456],[22.7164,49.1606],[22.7214,49.1616],[22.7057,49.1688]],[[22.7057,49.1688],[22.6925,49.1579],[22.6878,49.1559]],[[22.5607,49.0855],[22.5808,49.0814],[22.6183,49.0542],[22.6429,49.0432],[22.6644,49.0415]],[[22.5396,49.0722],[22.5607,49.0855]],[[22.7445,49.0455],[22.7553,49.0447],[22.7655,49.0384],[22.784,49.0213],[22.8129,49.0129],[22.835,48.9997],[22.8553,48.994]],[[22.722,49.041],[22.7445,49.0455]],[[22.6858,49.0428],[22.722,49.041]],[[22.6644,49.0415],[22.6858,49.0428]]]},"properties":{"rank":10}},{"type":"Feature","geometry":{"type":"MultiLineString","coordinates":[[[28.1489,56.1424],[28.111,56.1568]],[[28.111,56.1568],[28.0682,56.1476],[28.0238,56.1296],[27.981,56.118],[27.9397,56.1131],[27.9271,56.1094],[27.9115,56.1002],[27.8807,56.0639],[27.8125,56.0345],[27.7812,56.0164],[27.777,55.9924],[27.7444,55.9597],[27.645,55.9228],[27.6172,55.8786],[27.6101,55.831],[27.6015,55.8096],[27.5927,55.7942],[27.5646,55.7922]],[[27.263,55.7872],[27.2355,55.7958],[27.1732,55.8257],[27.1514,55.8325],[27.1108,55.8363]],[[27.1108,55.8363],[26.9811,55.8269],[26.9578,55.8186],[26.9001,55.7787],[26.8428,55.7193],[26.8228,55.7061],[26.743,55.6829],[26.7201,55.6819]],[[27.5646,55.7922],[27.4388,55.7987],[27.4059,55.8043],[27.3746,55.8148],[27.3496,55.8312]],[[27.3496,55.8312],[27.3292,55.8176],[27.2824,55.7919],[27.263,55.7872]],[[26.7201,55.6819],[26.6669,55.694],[26.6401,55.6956]],[[26.6401,55.6956],[26.6156,55.688],[26.5945,55.667]]]},"properties":{"rank":10}},{"type":"Feature","geometry":{"type":"MultiLineString","coordinates":[[[21.3748,55.29],[21.4055,55.2724],[21.4677,55.2112],[21.5039,55.1944],[21.6051,55.1925],[21.6458,55.181],[21.7162,55.1495],[21.7334,55.1363],[21.7506,55.128],[21.8199,55.1193],[21.8539,55.1022],[21.8732,55.0949],[21.9086,55.0899],[21.933,55.0805],[21.9428,55.0783]],[[21.2676,55.2487],[21.3498,55.2878],[21.3748,55.29]],[[22.0034,55.0935],[22.0154,55.0884],[22.0186,55.0773],[22.0186,55.0609],[22.0277,55.0444],[22.05,55.0335],[22.0768,55.0286]],[[21.9428,55.0783],[21.9514,55.0805],[21.9775,55.092],[22.0034,55.0935]],[[22.5411,55.0758],[22.5655,55.0678],[22.5807,55.0576],[22.5916,55.0376],[22.6084,54.9924],[22.6217,54.97],[22.6335,54.9579],[22.6499,54.9529]],[[22.4363,55.0578],[22.5411,55.0758]],[[22.2513,55.0709],[22.4363,55.0578]],[[22.0768,55.0286],[22.0999,55.0299],[22.1185,55.0378],[22.1298,55.047],[22.1427,55.0546],[22.2513,55.0709]],[[22.7061,54.9531],[22.7155,54.9514],[22.7388,54.9341],[22.7521,54.9311],[22.741,54.9176],[22.7492,54.9099],[22.8089,54.8938],[22.8213,54.8855],[22.8293,54.8727],[22.8443,54.8323],[22.8484,54.8138],[22.8458,54.7961],[22.8328,54.7787],[22.8178,54.7692],[22.7867,54.756],[22.773,54.7425],[22.7648,54.7371],[22.7473,54.7316],[22.7367,54.7263],[22.7248,54.7234],[22.7228,54.7186],[22.7275,54.7093],[22.727,54.7053],[22.7051,54.6865],[22.7009,54.6796],[22.7008,54.6693],[22.707,54.6465],[22.7081,54.6356],[22.7037,54.6175],[22.6817,54.5699],[22.6746,54.4923],[22.6804,54.4532],[22.707,54.4187],[22.7672,54.3563]],[[22.6499,54.9529],[22.7061,54.9531]]]},"properties":{"rank":10}},{"type":"Feature","geometry":{"type":"MultiLineString","coordinates":[[[28.3109,56.0427],[28.2898,56.0466],[28.2694,56.0582],[28.2385,56.0826],[28.1691,56.1253],[28.1489,56.1424]],[[28.809,55.9346],[28.7319,55.9468],[28.7064,55.9598],[28.6955,55.9802],[28.69,56.0039],[28.6806,56.0274],[28.6719,56.0376],[28.6371,56.0657],[28.6207,56.083],[28.6115,56.0885],[28.5947,56.0924],[28.5378,56.0977]],[[28.5378,56.0977],[28.3898,56.0886],[28.3665,56.0791],[28.3334,56.0502],[28.3109,56.0427]],[[29.4337,55.8995],[29.4406,55.9005],[29.4444,55.9069],[29.4411,55.9149],[29.4316,55.9242],[29.4131,55.938],[29.3956,55.9477],[29.3774,55.954],[29.224,55.9782],[29.1454,56.012],[29.0886,56.0232],[29.0308,56.0242]],[[29.0308,56.0242],[28.9808,56.0135],[28.9221,55.9921],[28.8597,55.9765],[28.8331,55.961],[28.8309,55.9377],[28.809,55.9346]],[[29.4256,55.9],[29.4337,55.8995]],[[29.4809,55.6811],[29.461,55.6873],[29.4131,55.7278],[29.3634,55.7515],[29.3507,55.7661],[29.3436,55.787],[29.3482,55.8028],[29.3719,55.8364],[29.3841,55.8799],[29.392,55.8884],[29.4256,55.9]],[[30.6391,55.6545],[30.6166,55.6574],[30.5964,55.6653],[30.5837,55.6791],[30.5837,55.6885],[30.5916,55.7057],[30.5875,55.7183],[30.5801,55.7248],[30.5696,55.7295],[30.4807,55.754],[30.4693,55.7626],[30.4718,55.771],[30.4778,55.7791],[30.4774,55.7877],[30.4688,55.7935],[30.2708,55.8307],[30.2515,55.8376],[30.2178,55.8551],[30.2003,55.858]],[[30.2003,55.858],[30.1773,55.8514],[30.1324,55.8269],[30.1063,55.8219]],[[30.1063,55.8219],[29.9882,55.8468],[29.9477,55.8482]],[[29.9477,55.8482],[29.9078,55.8432],[29.8695,55.8305],[29.8448,55.8126],[29.8057,55.7715],[29.7799,55.7638]],[[29.7799,55.7638],[29.7108,55.7738]],[[29.7108,55.7738],[29.6842,55.7706],[29.5854,55.738],[29.5081,55.6855],[29.4809,55.6811]],[[30.7707,55.5915],[30.7422,55.5944],[30.713,55.6267],[30.7033,55.6423],[30.6937,55.6522],[30.68,55.6563]],[[30.68,55.6563],[30.6391,55.6545]],[[30.9806,55.0187],[31.0056,55.023],[31.0064,55.0424],[30.9942,55.067],[30.9806,55.0863],[30.9731,55.094],[30.9703,55.1014],[30.9727,55.1086],[30.9806,55.1153],[30.9855,55.1258],[30.984,55.1309],[30.975,55.1395],[30.9588,55.1444],[30.9568,55.1495],[30.9612,55.1585],[30.9598,55.1626],[30.9472,55.1714],[30.9007,55.1921],[30.8865,55.2045],[30.8698,55.2415],[30.8568,55.2535],[30.8214,55.2644],[30.8041,55.273],[30.7943,55.2855],[30.7972,55.3043],[30.8112,55.3231],[30.8456,55.3511],[30.9059,55.376],[30.9183,55.3878],[30.9186,55.4076],[30.9053,55.4209],[30.8891,55.4334],[30.8813,55.4514],[30.8872,55.4681],[30.9132,55.4797],[30.9194,55.4923],[30.8994,55.4991],[30.9197,55.5345],[30.9128,55.5716],[30.8862,55.6005],[30.8477,55.611]],[[30.8477,55.611],[30.8041,55.6023],[30.7707,55.5915]],[[30.9335,55.0256],[30.9806,55.0187]],[[30.999,54.6713],[30.9955,54.6898],[30.9806,54.7057],[30.8273,54.771],[30.7861,54.7793],[30.7706,54.786],[30.7626,54.802],[30.7681,54.8299],[30.7879,54.8477],[30.8107,54.8615],[30.8261,54.8775],[30.8275,54.9025],[30.8174,54.9176],[30.8148,54.928],[30.8386,54.9392],[30.8995,54.9464],[30.9174,54.954],[30.9361,54.9732],[30.9314,54.9852],[30.917,54.996],[30.9066,55.0126],[30.9132,55.0246],[30.9335,55.0256]],[[31.7835,54.0458],[31.7713,54.0485],[31.7626,54.0603],[31.7558,54.0749],[31.7481,54.0863],[31.7367,54.0942],[31.7258,54.0975],[31.6978,54.0979],[31.6669,54.1019],[31.5831,54.1295],[31.5309,54.1374],[31.5064,54.1439],[31.3247,54.2292],[31.3098,54.2443],[31.2992,54.2726],[31.292,54.3313],[31.2848,54.3474],[31.2741,54.3566],[31.2617,54.3645],[31.2487,54.3768],[31.2254,54.428],[31.209,54.448],[31.1792,54.4531],[31.1679,54.4671],[31.0936,54.4794],[31.0646,54.4923],[31.0896,54.5359],[31.1395,54.5829],[31.1679,54.6216],[31.1286,54.6404],[31.1052,54.6683],[31.0209,54.6737]],[[31.0209,54.6737],[30.999,54.6713]],[[31.8732,53.7771],[31.7873,53.7944],[31.7447,53.7949],[31.7538,53.8196],[31.7926,53.8574],[31.8101,53.8826],[31.8265,53.9402],[31.8379,53.9621],[31.8414,53.9846],[31.8465,53.9923],[31.8236,54.0455],[31.8226,54.0534],[31.8139,54.0571]],[[31.8139,54.0571],[31.7835,54.0458]],[[32.3718,53.7144],[32.3574,53.7197],[32.3258,53.7455],[32.2904,53.7609],[32.1648,53.7817],[32.106,53.8069],[32.0836,53.8096]],[[32.0836,53.8096],[31.8732,53.7771]],[[32.5843,53.4842],[32.5768,53.486],[32.5543,53.5108],[32.5308,53.5214],[32.4806,53.5356],[32.4529,53.5464],[32.4294,53.5616],[32.4115,53.5824],[32.4011,53.6099],[32.398,53.6274],[32.3991,53.6354],[32.4061,53.6394],[32.4806,53.6624],[32.4878,53.6696],[32.4902,53.6771],[32.4878,53.6847],[32.4616,53.7068],[32.4421,53.7139],[32.4216,53.7158]],[[32.4216,53.7158],[32.3718,53.7144]],[[32.6582,53.4557],[32.6468,53.458],[32.6417,53.469],[32.6476,53.4793],[32.6503,53.4876],[32.6357,53.4927],[32.6181,53.4943]],[[32.6181,53.4943],[32.6006,53.4924],[32.5925,53.4865],[32.5843,53.4842]],[[32.6979,53.3259],[32.7175,53.3349],[32.7044,53.3664],[32.7195,53.4395],[32.7012,53.4621],[32.6885,53.4622]],[[32.6885,53.4622],[32.6582,53.4557]],[[32.6499,53.3337],[32.6667,53.3313],[32.6818,53.3268],[32.6979,53.3259]],[[32.5373,53.2951],[32.5692,53.2988],[32.5959,53.3083],[32.58,53.3244],[32.6499,53.3337]],[[32.4806,53.3052],[32.5056,53.2972],[32.5373,53.2951]],[[32.268,53.1248],[32.2952,53.1409],[32.3203,53.1628],[32.3528,53.1805],[32.3891,53.1876],[32.4055,53.1927],[32.4236,53.2044],[32.4557,53.2367],[32.4692,53.2555],[32.4791,53.2749],[32.456,53.2778],[32.4472,53.2888],[32.4548,53.3004],[32.4806,53.3052]],[[31.5936,53.2107],[31.614,53.2098],[31.6749,53.1952],[31.6945,53.1929],[31.7386,53.1925],[31.7563,53.1866],[31.7697,53.1693],[31.7805,53.1279],[31.7963,53.1124],[31.8068,53.11]],[[31.5121,53.1941],[31.5359,53.1949],[31.5737,53.2071],[31.5936,53.2107]],[[31.464,53.2],[31.5121,53.1941]],[[31.6108,52.536],[31.6243,52.5381],[31.6286,52.5481],[31.6152,52.5586],[31.579,52.5778],[31.5659,52.5902],[31.5361,52.6305],[31.4917,52.6671],[31.4806,52.6825],[31.5479,52.7057],[31.5702,52.7253],[31.5695,52.7675],[31.5608,52.7871],[31.5506,52.7947],[31.5384,52.7999],[31.5239,52.8117],[31.5152,52.8284],[31.5128,52.841],[31.5051,52.8489],[31.4806,52.8509],[31.451,52.8572],[31.4181,52.8702],[31.3879,52.888],[31.3662,52.9086],[31.3392,52.9581],[31.3226,52.9771],[31.2471,53.0144],[31.2693,53.0284],[31.3192,53.0764],[31.3294,53.0793],[31.3541,53.0821],[31.3637,53.0888],[31.3671,53.0989],[31.3612,53.1213],[31.3599,53.1338],[31.3785,53.182],[31.4164,53.2],[31.464,53.2]],[[32.2157,53.1255],[32.268,53.1248]],[[32.2011,53.0976],[32.2059,53.1004],[32.2067,53.1124],[32.2105,53.1218],[32.2157,53.1255]],[[31.8426,53.1122],[31.8555,53.1102],[31.9072,53.0919],[31.9307,53.0883]],[[31.8068,53.11],[31.8426,53.1122]],[[32.0099,53.1],[32.0828,53.082],[32.1173,53.0811]],[[31.9307,53.0883],[31.9547,53.09],[31.9806,53.098],[32.0099,53.1]],[[32.1886,53.0992],[32.2011,53.0976]],[[32.1173,53.0811],[32.1523,53.0963],[32.1886,53.0992]],[[31.5744,52.5413],[31.6108,52.536]],[[31.7643,52.1006],[31.7666,52.1301],[31.7626,52.1498],[31.749,52.1639],[31.6987,52.1854],[31.6895,52.1916],[31.6824,52.2019],[31.6795,52.2159],[31.6819,52.2305],[31.6889,52.2432],[31.6994,52.2515],[31.6834,52.2572],[31.6487,52.261],[31.6314,52.2648],[31.6137,52.273],[31.5971,52.2843],[31.5674,52.3114],[31.5796,52.3185],[31.5923,52.3286],[31.6028,52.3409],[31.6086,52.3544],[31.6081,52.3725],[31.6005,52.3834],[31.5904,52.3918],[31.5829,52.4028],[31.5833,52.4283],[31.5894,52.458],[31.5879,52.4826],[31.5655,52.4926],[31.553,52.5022],[31.5506,52.5119],[31.5582,52.52],[31.5759,52.5247],[31.5593,52.5405],[31.5744,52.5413]]]},"properties":{"rank":10}},{"type":"Feature","geometry":{"type":"MultiLineString","coordinates":[[[33.1965,52.3689],[33.2943,52.3573]],[[33.0704,52.3042],[33.0796,52.3056],[33.0874,52.3108],[33.099,52.3248],[33.128,52.3327],[33.1409,52.3404],[33.1666,52.3601],[33.1829,52.3673],[33.1965,52.3689]],[[33.7336,52.361],[33.779,52.3601],[33.8041,52.3546],[33.8152,52.3451],[33.8234,52.3315],[33.8391,52.3139],[33.8587,52.3022],[33.9007,52.2859],[33.9195,52.2698],[33.9444,52.2358],[33.9578,52.2247],[34.0219,52.1979],[34.0389,52.1865],[34.0557,52.1703],[34.0653,52.1586],[34.071,52.149],[34.0736,52.1396],[34.0739,52.1283],[34.0567,52.1058],[34.0601,52.0832],[34.0626,52.0502],[34.0682,52.031],[34.0803,52.0136],[34.1011,51.9925],[34.1044,51.9753],[34.0967,51.9606],[34.0962,51.9518],[34.1462,51.9516],[34.1664,51.9423],[34.2034,51.9123],[34.2284,51.8993],[34.231,51.8945],[34.2342,51.8783],[34.246,51.8755]],[[33.5101,52.2875],[33.5317,52.2888],[33.6002,52.3308],[33.6879,52.3558],[33.7336,52.361]],[[33.4805,52.3578],[33.4994,52.341],[33.493,52.3031],[33.5101,52.2875]],[[33.4193,52.3383],[33.4373,52.3392],[33.4653,52.3527],[33.4805,52.3578]],[[33.359,52.3576],[33.3762,52.3553],[33.4037,52.343],[33.4193,52.3383]],[[33.2943,52.3573],[33.359,52.3576]],[[32.3943,52.3268],[32.4806,52.3071]],[[32.0771,52.04],[32.0956,52.0407],[32.2333,52.0809],[32.2777,52.1027],[32.3067,52.1412],[32.3188,52.2014],[32.3282,52.2192],[32.3378,52.2255],[32.3613,52.2359],[32.367,52.2472],[32.3633,52.2557],[32.3445,52.2765],[32.3395,52.2872],[32.3536,52.3216],[32.3943,52.3268]],[[32.5284,52.3162],[32.7254,52.2521]],[[32.4806,52.3071],[32.5284,52.3162]],[[33.0482,52.3091],[33.0573,52.3086],[33.0704,52.3042]],[[32.909,52.2411],[32.9269,52.2469],[33.0301,52.3036],[33.0482,52.3091]],[[32.8442,52.2623],[32.861,52.2572],[32.8908,52.2423],[32.909,52.2411]],[[32.7254,52.2521],[32.7556,52.2524],[32.8148,52.262],[32.8442,52.2623]],[[31.8258,52.1041],[31.8587,52.0999],[31.8821,52.0864],[31.8875,52.07],[31.8877,52.0516],[31.892,52.0362],[31.9104,52.0291]],[[31.7643,52.1006],[31.8258,52.1041]],[[32.0169,52.0498],[32.0771,52.04]],[[31.9104,52.0291],[31.9272,52.0311],[31.9806,52.0476],[32.0169,52.0498]],[[34.2767,51.8812],[34.2946,51.8739],[34.3278,51.8505],[34.3473,51.8417],[34.3857,51.8177],[34.4127,51.7777],[34.4142,51.7365],[34.3763,51.7086],[34.3569,51.7056]],[[34.246,51.8755],[34.2649,51.8812],[34.2767,51.8812]],[[34.3569,51.7056],[34.2982,51.7061]],[[34.2982,51.7061],[34.128,51.6807],[34.0891,51.6666],[34.0795,51.6431],[34.0907,51.6332],[34.126,51.627],[34.1401,51.6212],[34.1445,51.6138],[34.1489,51.5932],[34.153,51.584],[34.1603,51.5761],[34.2024,51.5462],[34.2154,51.532],[34.2237,51.5148],[34.226,51.4929],[34.2238,51.4824],[34.215,51.4647],[34.2121,51.455],[34.2132,51.4448],[34.2196,51.4273],[34.2171,51.4171],[34.2088,51.4115],[34.187,51.4083],[34.1819,51.4023],[34.1859,51.3942],[34.196,51.3856],[34.2157,51.3738],[34.2305,51.3677],[34.2473,51.3634],[34.2644,51.3612]],[[34.3002,51.3684],[34.3087,51.3346],[34.2836,51.3012],[34.2439,51.2741],[34.186,51.2489],[34.2579,51.2296],[34.2818,51.2264]],[[34.2644,51.3612],[34.2803,51.3613],[34.3002,51.3684]],[[34.3718,51.2568],[34.409,51.2531],[34.5135,51.2296]],[[34.2818,51.2264],[34.2995,51.2316],[34.337,51.2511],[34.3718,51.2568]],[[34.5782,51.2367],[34.6084,51.234],[34.6224,51.2248],[34.6332,51.1956],[34.6428,51.1806],[34.6574,51.1717],[34.6749,51.1677],[34.7481,51.1647]],[[34.5135,51.2296],[34.5782,51.2367]],[[34.9618,51.2153],[34.9994,51.2021]],[[34.7481,51.1647],[34.8175,51.1747],[34.8996,51.1965],[34.9461,51.2143],[34.9618,51.2153]],[[35.0594,51.2123],[35.0787,51.2076],[35.0913,51.1977],[35.0992,51.1832],[35.1238,51.0913],[35.1436,51.0585],[35.1726,51.0406],[35.2065,51.0389]],[[34.9994,51.2021],[35.0188,51.2046],[35.0387,51.2102],[35.0594,51.2123]],[[35.2743,51.0488],[35.3087,51.0473],[35.3284,51.0432],[35.3464,51.0366],[35.3551,51.0256],[35.3467,51.0083],[35.3326,50.9999],[35.2781,50.9927],[35.2822,50.9815],[35.2822,50.9543],[35.2848,50.9443],[35.2936,50.9376],[35.3172,50.9342],[35.3291,50.9291],[35.3417,50.9159],[35.343,50.9041],[35.3404,50.8918],[35.3414,50.8765],[35.3486,50.8638],[35.369,50.846],[35.3777,50.8337],[35.3797,50.8196],[35.3774,50.8075],[35.3791,50.7972],[35.3931,50.7884],[35.4182,50.7789],[35.4294,50.7721],[35.4385,50.7624],[35.4471,50.7343],[35.4438,50.7095],[35.4454,50.6875],[35.4689,50.6685],[35.3916,50.6464],[35.3762,50.6346],[35.3777,50.6218],[35.4253,50.5005],[35.4464,50.476],[35.4801,50.4669],[35.5019,50.4643],[35.5227,50.4595],[35.5408,50.45],[35.5547,50.4333],[35.5623,50.4096],[35.5639,50.3918],[35.5702,50.3765],[35.5922,50.3605],[35.6114,50.3517],[35.6316,50.345],[35.6521,50.3411],[35.6732,50.3402]],[[35.2065,51.0389],[35.2743,51.0488]],[[37.4152,50.4319],[37.4353,50.4249],[37.4503,50.399],[37.4638,50.3665],[37.48,50.34],[37.5682,50.3125],[37.5992,50.2909],[37.6016,50.249],[37.5915,50.2253],[37.5886,50.2146],[37.5903,50.2038],[37.5971,50.1969],[37.6318,50.1741],[37.7277,50.0787],[37.7634,50.0626],[37.8428,50.0391],[37.8817,50.023],[37.9159,50.0033],[37.9466,49.9782],[37.979,49.9414],[37.9953,49.9213],[37.9959,49.9059],[38.0004,49.8998]],[[37.0517,50.3353],[37.197,50.3624],[37.2267,50.3771],[37.2852,50.4153],[37.3148,50.423],[37.4152,50.4319]],[[35.9319,50.4302],[36.1058,50.4211],[36.1332,50.4116],[36.1408,50.3929],[36.1693,50.3837],[36.269,50.2814],[36.292,50.274]],[[35.6732,50.3402],[35.6969,50.3451],[35.7103,50.3556],[35.7213,50.3687],[35.7377,50.3816],[35.7462,50.384],[35.7654,50.3845],[35.7744,50.3869],[35.7855,50.3945],[35.8054,50.4122],[35.8193,50.419],[35.8374,50.4232],[35.9319,50.4302]],[[36.9801,50.3421],[37.0517,50.3353]],[[36.5944,50.2044],[36.6169,50.2064],[36.6358,50.214],[36.6444,50.2223],[36.6604,50.2439],[36.6698,50.253],[36.6826,50.2607],[36.8486,50.3237],[36.9141,50.3391],[36.9801,50.3421]],[[36.4002,50.3066],[36.41,50.3046],[36.4306,50.2969],[36.4527,50.2936],[36.4802,50.2809],[36.5121,50.2764],[36.5364,50.2675],[36.5389,50.265],[36.5361,50.2609],[36.5317,50.2288],[36.5346,50.2199],[36.5495,50.2122],[36.571,50.2069],[36.5944,50.2044]],[[36.292,50.274],[36.3159,50.2749],[36.3395,50.2815],[36.3614,50.2917],[36.381,50.3041],[36.388,50.3064],[36.4002,50.3066]],[[38.1898,50.0628],[38.2538,50.0591]],[[38.119,49.9192],[38.1662,49.9406],[38.1713,49.9841],[38.1641,50.0304],[38.1739,50.0601],[38.1898,50.0628]],[[38.2812,50.0624],[38.2999,50.0605],[38.3141,50.0495],[38.3442,49.9921],[38.356,49.9806],[38.3763,49.9749],[38.4201,49.9718],[38.4378,49.9673],[38.4611,49.9569],[38.4975,49.9482]],[[38.2538,50.0591],[38.2812,50.0624]],[[38.6646,49.9652],[38.6643,49.9627],[38.6728,49.943],[38.6756,49.927],[38.681,49.9183],[38.6873,49.9138],[38.7478,49.8854],[38.8522,49.8658],[38.8863,49.8452],[38.9105,49.8206],[38.9374,49.8035]],[[38.6195,49.9508],[38.6378,49.9572],[38.6622,49.9626],[38.6646,49.9652]],[[38.5702,49.9566],[38.6195,49.9508]],[[38.4975,49.9482],[38.5702,49.9566]],[[38.0792,49.9299],[38.0903,49.9284],[38.1084,49.9207],[38.119,49.9192]],[[38.0004,49.8998],[38.0665,49.9272],[38.0792,49.9299]],[[39.1558,49.8736],[39.1828,49.8585],[39.238,49.7651],[39.2609,49.7445],[39.2899,49.7321],[39.3277,49.7263]],[[38.9374,49.8035],[39.0323,49.8073],[39.0491,49.8106],[39.0683,49.8211],[39.0999,49.8516],[39.1171,49.8644],[39.1558,49.8736]],[[39.4436,49.7495],[39.4799,49.7336],[39.4991,49.7281],[39.5575,49.724],[39.5704,49.7133],[39.5816,49.6907],[39.5974,49.648],[39.6229,49.6135],[39.6533,49.5998],[39.6887,49.5935],[39.7292,49.5808],[39.7811,49.5484],[39.8015,49.5422],[39.8287,49.5415]],[[39.3277,49.7263],[39.3672,49.7318],[39.406,49.7443],[39.4436,49.7495]],[[39.9981,49.6082],[40.0177,49.6079],[40.1155,49.5906],[40.1307,49.5798],[40.1261,49.5591],[40.1107,49.5453],[40.072,49.5307],[40.0543,49.5198],[40.0349,49.4871],[40.0409,49.4555],[40.062,49.4258],[40.1014,49.3855],[40.1481,49.3496],[40.1595,49.3336],[40.1572,49.3159],[40.1427,49.2819],[40.1417,49.2458],[40.134,49.2363],[40.1102,49.2276],[40.0909,49.2173],[40.0577,49.1828],[40.0384,49.1685],[39.9796,49.1419],[39.9521,49.1245],[39.9309,49.1006],[39.9261,49.0865],[39.9234,49.058],[39.9187,49.0478],[39.9073,49.0426],[39.8913,49.0418]],[[39.8287,49.5415],[39.8594,49.5456],[39.8894,49.5533],[39.9147,49.563],[39.974,49.6026],[39.9981,49.6082]],[[39.8913,49.0418],[39.862,49.0451],[39.8315,49.0453]],[[39.8315,49.0453],[39.7489,49.0262]],[[39.7489,49.0262],[39.6983,49.0284]],[[39.6983,49.0284],[39.6811,49.0203],[39.674,48.9701],[39.6875,48.9576],[39.7078,48.9488],[39.726,48.937],[39.7394,48.919],[39.7474,48.9053],[39.7587,48.8954],[39.7823,48.8884],[39.8619,48.8764]],[[40.0089,48.8878],[40.0343,48.8856],[40.0538,48.8692],[40.0528,48.8497],[40.0387,48.83],[40.0196,48.8131],[39.9753,48.7897],[39.935,48.7867]],[[39.9504,48.8528],[39.9723,48.8603],[39.9899,48.8757],[40.0089,48.8878]],[[39.8965,48.8799],[39.9082,48.8784],[39.9186,48.8725],[39.9376,48.8562],[39.9504,48.8528]],[[39.8619,48.8764],[39.8965,48.8799]],[[39.935,48.7867],[39.8242,48.8156]],[[39.8242,48.8156],[39.8012,48.8149],[39.7794,48.8077],[39.7594,48.7928],[39.7445,48.7705],[39.7363,48.7615],[39.7114,48.7548],[39.7029,48.7466],[39.6317,48.5869]],[[39.6901,48.5937],[39.8092,48.5838],[39.8353,48.5735],[39.8551,48.5561],[39.8639,48.5227],[39.8695,48.5099],[39.8654,48.5015],[39.856,48.4994]],[[39.6317,48.5869],[39.6703,48.5884],[39.6901,48.5937]],[[39.856,48.4994],[39.8467,48.4998]],[[39.8467,48.4998],[39.8421,48.4991],[39.8447,48.4835],[39.8543,48.4754],[39.8648,48.4698],[39.8962,48.4239],[39.9068,48.3983],[39.9145,48.3847],[39.9241,48.3761],[39.9015,48.3612],[39.8841,48.3464],[39.8159,48.3082],[39.8848,48.279]],[[39.9574,48.2934],[39.9789,48.2901],[39.9932,48.2732],[39.9907,48.2537],[39.9776,48.2355],[39.9605,48.2221],[39.9126,48.1977],[39.8937,48.183],[39.8431,48.1198],[39.8312,48.1],[39.829,48.0768],[39.8443,48.0457],[39.843,48.0364],[39.8403,48.035]],[[39.8848,48.279],[39.9052,48.2806],[39.9574,48.2934]],[[39.8403,48.035],[39.8336,48.0362]],[[39.8336,48.0362],[39.7788,48.0292],[39.7681,48.0243],[39.7599,48.015],[39.7619,48.0098],[39.7701,48.0041],[39.7802,47.9931],[39.7944,47.9713],[39.7962,47.9614],[39.794,47.9457],[39.7905,47.9377],[39.7798,47.9225],[39.777,47.9137],[39.7776,47.9066],[39.7829,47.8866],[39.7756,47.858],[39.7591,47.8329],[39.7338,47.816],[39.7008,47.8115]],[[39.1135,47.8286],[39.0929,47.8321],[39.0391,47.8569],[38.8772,47.8612]],[[38.8772,47.8612],[38.8309,47.8482],[38.7962,47.8199],[38.771,47.7808],[38.7533,47.7351],[38.7452,47.6931],[38.7345,47.6771],[38.713,47.6757]],[[39.3916,47.8226],[39.3735,47.8283],[39.3401,47.8436],[39.3197,47.846]],[[39.3197,47.846],[39.1736,47.8371],[39.1332,47.8295],[39.1135,47.8286]],[[39.5094,47.8228],[39.4799,47.8261],[39.4571,47.8313]],[[39.4571,47.8313],[39.414,47.8232],[39.3916,47.8226]],[[39.7008,47.8115],[39.6006,47.8295],[39.57,47.8309]],[[39.57,47.8309],[39.5094,47.8228]],[[38.713,47.6757],[38.6779,47.6852]],[[38.6779,47.6852],[38.6622,47.6833],[38.6434,47.6735],[38.6064,47.6451],[38.5876,47.6343],[38.5622,47.6266],[38.3529,47.6071],[38.319,47.5913],[38.2934,47.5628],[38.2744,47.5278],[38.2603,47.4929],[38.2636,47.4217],[38.258,47.3932],[38.2334,47.3624],[38.2034,47.3346],[38.1906,47.3169],[38.1887,47.301],[38.201,47.2906],[38.2203,47.2888]],[[38.2576,47.2927],[38.2757,47.2918],[38.2919,47.287],[38.3009,47.276],[38.2982,47.256],[38.2847,47.2411],[38.2225,47.2152],[38.2035,47.1923],[38.197,47.1624],[38.2014,47.1307],[38.2167,47.1033]],[[38.2203,47.2888],[38.2576,47.2927]]]},"properties":{"rank":10}},{"type":"Feature","geometry":{"type":"MultiLineString","coordinates":[[[46.3782,38.9247],[46.3919,38.9224],[46.4961,38.8861],[46.514,38.8822]],[[46.1359,38.8637],[46.2025,38.8705],[46.2199,38.8772],[46.2719,38.9066],[46.2913,38.9139],[46.3045,38.9163],[46.3434,38.9175],[46.3676,38.9236],[46.3782,38.9247]]]},"properties":{"rank":10}},{"type":"Feature","geometry":{"type":"MultiLineString","coordinates":[[[43.4404,41.1066],[43.4363,41.0832],[43.4446,41.0514],[43.4605,41.0229],[43.4796,41.0091],[43.5224,41.0045],[43.5654,40.9881],[43.6049,40.9633],[43.6362,40.9335],[43.6477,40.9139],[43.6595,40.852],[43.6698,40.8321],[43.7113,40.7816],[43.7206,40.7629],[43.7241,40.7464],[43.7294,40.6771],[43.7264,40.669],[43.6995,40.6346],[43.7072,40.6119],[43.6648,40.5741],[43.6515,40.5534],[43.6525,40.5294]],[[43.6525,40.5294],[43.6465,40.533],[43.6315,40.5369]],[[43.6315,40.5369],[43.639,40.5226],[43.6153,40.5204],[43.5937,40.509],[43.5595,40.4779],[43.5636,40.4647],[43.5849,40.4466],[43.6253,40.4202],[43.6253,40.4133],[43.6096,40.373],[43.601,40.3618],[43.5942,40.3454],[43.6044,40.3298],[43.6315,40.3103],[43.676,40.266],[43.6914,40.2386],[43.6731,40.2277],[43.6837,40.2101],[43.7149,40.1806],[43.7214,40.1694],[43.7116,40.1565],[43.6664,40.1489],[43.6525,40.139],[43.6654,40.1102],[43.7112,40.0907],[43.8028,40.0707],[43.9121,40.0243],[44.0324,40.0086]],[[44.2891,40.0434],[44.3256,40.0347],[44.4643,39.9723],[44.5222,39.9335],[44.5479,39.9115],[44.5591,39.8969],[44.5675,39.873],[44.576,39.8664],[44.5911,39.8578],[44.5942,39.8481],[44.5945,39.8368],[44.5982,39.831]],[[44.1355,40.0223],[44.1664,40.028],[44.195,40.0308],[44.2553,40.0434],[44.2891,40.0434]],[[44.1045,40.036],[44.1143,40.0339],[44.127,40.0245],[44.1355,40.0223]],[[44.0324,40.0086],[44.0483,40.0129],[44.0831,40.0316],[44.1045,40.036]],[[44.6115,39.8373],[44.6477,39.8051],[44.6662,39.7964],[44.6713,39.7959]],[[44.5982,39.831],[44.6115,39.8373]],[[44.6824,39.7972],[44.6872,39.7964],[44.692,39.793],[44.6978,39.7853],[44.7591,39.7231],[44.7746,39.7028]],[[44.6713,39.7959],[44.6824,39.7972]]]},"properties":{"rank":10}},{"type":"Feature","geometry":{"type":"MultiLineString","coordinates":[[[47.9573,39.7073],[47.9714,39.7046],[47.9907,39.6943],[48.052,39.6501],[48.2201,39.494],[48.2886,39.445],[48.3167,39.4152],[48.3389,39.3789],[48.3025,39.3699],[48.2499,39.3424],[48.1872,39.3326],[48.1535,39.319],[48.1246,39.2976],[48.1062,39.2692],[48.1043,39.2348],[48.1178,39.208],[48.1422,39.1812],[48.1991,39.1382],[48.2563,39.1198],[48.2713,39.1083],[48.3015,39.058],[48.3068,39.0454],[48.3063,39.0315],[48.3014,39.0175],[48.2937,39.0046],[48.2844,38.9938],[48.2432,38.9739],[48.0585,38.9484],[48.0551,38.9419],[48.0553,38.9344],[48.0524,38.9279],[48.0,38.9026],[47.9907,38.8912],[47.9931,38.8501],[48.013,38.8216],[48.078,38.7809],[48.2104,38.7298],[48.223,38.7215],[48.2303,38.6986],[48.2262,38.6791],[48.228,38.6622],[48.2765,38.6318],[48.2922,38.6136],[48.3103,38.6002],[48.3411,38.5996]],[[47.9229,39.6841],[47.9352,39.6865],[47.9457,39.694],[47.9573,39.7073]],[[47.8469,39.6853],[47.9229,39.6841]],[[46.9416,39.1589],[46.9538,39.1607],[47.0205,39.19],[47.0309,39.1996],[47.0361,39.207],[47.0529,39.2449],[47.0891,39.2899],[47.0925,39.2998],[47.1022,39.3084],[47.1501,39.3311],[47.2497,39.3613],[47.2914,39.3796],[47.3245,39.406],[47.3742,39.4556],[47.4069,39.4768],[47.4488,39.4947],[47.5187,39.5132],[47.5412,39.5152],[47.5541,39.522],[47.607,39.5636],[47.7453,39.6238],[47.8038,39.6699],[47.8231,39.6803],[47.8469,39.6853]],[[44.807,39.6399],[44.8096,39.637],[44.8278,39.6288],[44.8492,39.6256],[44.8723,39.6251],[44.8654,39.6176],[44.8864,39.606],[44.8984,39.5844],[44.9284,39.4882],[44.9407,39.4681],[44.9616,39.4538],[44.9533,39.4416],[44.957,39.4345],[44.9825,39.4202],[44.9877,39.4194]],[[44.9986,39.4196],[45.0064,39.418],[45.0156,39.406],[45.0517,39.3868],[45.0572,39.3817],[45.0605,39.3746],[45.0686,39.3642],[45.0787,39.3548],[45.088,39.3507],[45.096,39.3411],[45.1204,39.2989],[45.1358,39.2785],[45.1463,39.2287],[45.1527,39.2135]],[[44.9877,39.4194],[44.9986,39.4196]],[[45.1789,39.2198],[45.2831,39.1931]],[[45.1527,39.2135],[45.1789,39.2198]],[[45.3017,39.2014],[45.3111,39.2005],[45.3139,39.1942],[45.3113,39.1848],[45.3111,39.1763],[45.3209,39.1726],[45.3349,39.1704],[45.3482,39.1639],[45.3539,39.1532],[45.3453,39.1384],[45.3519,39.1283],[45.3699,39.119],[45.3793,39.1112],[45.3913,39.0817],[45.3964,39.0733],[45.4058,39.0679],[45.4297,39.0595],[45.4345,39.0528],[45.4323,39.0425],[45.4253,39.0256],[45.4271,39.0149],[45.4386,39.0042],[45.4598,38.9931],[45.4826,38.9844],[45.5103,38.9787],[45.5308,38.9693],[45.5431,38.9671],[45.5708,38.9664],[45.6278,38.9555],[45.7169,38.9548],[45.7911,38.9321],[46.0018,38.8975],[46.068,38.8741],[46.1261,38.8627]],[[45.2831,39.1931],[45.2926,39.1986],[45.3017,39.2014]],[[46.8987,39.1717],[46.9266,39.1621],[46.9416,39.1589]],[[46.514,38.8822],[46.5321,38.883],[46.5537,38.8898],[46.5698,38.8977],[46.5854,38.9077],[46.5992,38.9197],[46.6107,38.934],[46.6388,38.9795],[46.6522,38.9929],[46.6704,39.0049],[46.7284,39.028],[46.7448,39.0403],[46.7616,39.0706],[46.7738,39.0854],[46.806,39.1024],[46.8374,39.1432],[46.851,39.1555],[46.8662,39.1654],[46.883,39.1714],[46.8987,39.1717]],[[46.1261,38.8627],[46.1359,38.8637]],[[48.4153,38.6181],[48.4267,38.5965],[48.4337,38.57],[48.4466,38.5564],[48.4627,38.5449],[48.4791,38.5248],[48.4959,38.5103],[48.5486,38.4563],[48.5759,38.4204],[48.6079,38.396],[48.6591,38.3926]],[[48.3411,38.5996],[48.3918,38.6181],[48.4153,38.6181]],[[48.7777,38.4448],[48.8097,38.4446],[48.8743,38.4341]],[[48.6591,38.3926],[48.6832,38.398],[48.7103,38.4071],[48.7356,38.4196],[48.7553,38.4352],[48.7777,38.4448]]]},"properties":{"rank":10}},{"type":"Feature","geometry":{"type":"LineString","coordinates":[[44.7746,39.7028],[44.7843,39.6902],[44.7957,39.6524],[44.807,39.6399]]},"properties":{"rank":10}},{"type":"Feature","geometry":{"type":"MultiLineString","coordinates":[[[70.7032,40.7889],[70.7051,40.8074],[70.6969,40.8162],[70.5144,40.9726],[70.4829,40.9935],[70.4772,40.9998],[70.4457,41.0259],[70.4012,41.04]],[[70.4012,41.04],[70.3635,41.0324],[70.3359,40.927],[70.2804,40.8777],[70.208,40.8446],[70.1042,40.8133],[70.0097,40.758],[69.8253,40.714],[69.8033,40.7056],[69.7835,40.693],[69.7416,40.6525],[69.7177,40.6363],[69.6909,40.63]],[[70.6487,40.8175],[70.6835,40.7945],[70.7032,40.7889]],[[70.372,40.413],[70.357,40.4304],[70.3554,40.4351],[70.3538,40.4561],[70.3696,40.4755],[70.3994,40.4902],[70.4682,40.5025],[70.4778,40.5055],[70.4879,40.5156],[70.512,40.5468],[70.5255,40.5571],[70.5693,40.5704],[70.5821,40.5788],[70.6172,40.6119],[70.7072,40.669],[70.7157,40.6721],[70.7321,40.675],[70.7407,40.6877],[70.7562,40.6951],[70.7671,40.7376],[70.7289,40.7545],[70.6374,40.7706],[70.6218,40.786],[70.6193,40.8032],[70.6287,40.8159],[70.6487,40.8175]],[[69.6909,40.63],[69.6601,40.6387],[69.6475,40.6474],[69.6372,40.6579],[69.6189,40.6817],[69.6078,40.6918],[69.5826,40.7044],[69.5708,40.7125],[69.5319,40.7586],[69.5092,40.7747],[69.4773,40.777],[69.4617,40.7843],[69.4492,40.7945],[69.4358,40.8027],[69.4178,40.8042]],[[69.4178,40.8042],[69.3853,40.7961],[69.3693,40.7894],[69.3551,40.7804],[69.3296,40.7553],[69.3142,40.7293],[69.3072,40.6993],[69.3066,40.6625],[69.3135,40.6094],[69.3093,40.5958],[69.295,40.5892],[69.2343,40.5853],[69.1984,40.5665],[69.198,40.5458],[69.2382,40.494]],[[69.2383,40.494],[69.2597,40.4376],[69.2694,40.4198],[69.2955,40.3839],[69.3063,40.365],[69.3127,40.3428],[69.3053,40.2938],[69.2731,40.2896]],[[69.2382,40.494],[69.2383,40.494]],[[70.3714,40.4133],[70.372,40.413]],[[70.4422,40.3433],[70.4212,40.348],[70.3714,40.3649],[70.3849,40.3997],[70.3821,40.4039],[70.3714,40.4133]],[[70.6643,40.1975],[70.6221,40.1996],[70.5818,40.2217],[70.5639,40.2642],[70.5506,40.3105],[70.524,40.3437],[70.5019,40.3508]],[[70.5019,40.3508],[70.4829,40.3493],[70.4641,40.3448],[70.4422,40.3433]],[[69.2731,40.2896],[69.2346,40.3008]],[[69.2346,40.3008],[69.2084,40.2983],[69.2125,40.2688],[69.2853,40.2186],[69.2853,40.195],[69.2477,40.1817]],[[70.959,40.2384],[70.9383,40.2399]],[[70.9383,40.2399],[70.8497,40.2338],[70.7072,40.2002],[70.6643,40.1975]],[[69.2477,40.1817],[69.1979,40.183],[69.108,40.2036],[69.042,40.2292],[69.0192,40.2321]],[[69.0192,40.2321],[68.8566,40.2127],[68.8367,40.2064],[68.8019,40.1911],[68.7785,40.1888]],[[68.7785,40.1888],[68.7205,40.1965]],[[68.7205,40.1965],[68.6983,40.195],[68.602,40.1754],[68.5811,40.1642],[68.607,40.1423],[68.6517,40.1208],[68.6871,40.1103]],[[68.9307,40.1468],[68.9773,40.121],[68.9838,40.107],[68.987,40.0917],[68.9854,40.0771],[68.9773,40.0649],[68.9545,40.0621]],[[68.6871,40.1103],[68.9307,40.1468]],[[68.8131,40.0389],[68.7904,40.0702],[68.7747,40.0799]],[[68.7747,40.0799],[68.7617,40.0615],[68.7638,40.0525],[68.7816,40.0415],[68.785,40.0339],[68.7829,40.0134],[68.7844,40.004],[68.7894,39.994],[68.8774,39.9006],[68.8808,39.8783],[68.8383,39.8646]],[[68.9545,40.0621],[68.8818,40.0708]],[[68.8818,40.0708],[68.8615,40.0658],[68.8261,40.0421],[68.8131,40.0389]],[[68.8383,39.8646],[68.8154,39.8919],[68.8001,39.9351],[68.7798,39.9694],[68.7589,39.9806]],[[68.7589,39.9806],[68.752,39.9728],[68.7556,39.954],[68.7652,39.9324],[68.7876,39.8958],[68.7874,39.8817],[68.7752,39.8625],[68.7575,39.8575],[68.7504,39.8425],[68.7483,39.8261],[68.7416,39.8196]],[[68.7416,39.8196],[68.7282,39.825],[68.7015,39.8584],[68.6851,39.868]],[[68.6851,39.868],[68.6511,39.8447]],[[68.6511,39.8447],[68.6378,39.8489],[68.6262,39.8496]],[[68.6262,39.8496],[68.6158,39.8281],[68.6058,39.6669],[68.6003,39.6429],[68.587,39.6232],[68.5629,39.6036],[68.5202,39.5825],[68.5067,39.5676],[68.5175,39.5484],[68.4977,39.5414],[68.4363,39.5288],[68.3866,39.5252]],[[68.3866,39.5252],[68.3376,39.5279],[68.2559,39.5506],[68.1062,39.5541],[67.7645,39.6226],[67.7176,39.6234]],[[67.7176,39.6234],[67.6804,39.6141],[67.5874,39.5627],[67.5074,39.5529],[67.4876,39.538],[67.4946,39.4937],[67.487,39.4872],[67.4774,39.4844]],[[67.4774,39.4844],[67.4517,39.4872]],[[67.4517,39.4872],[67.4365,39.4857],[67.4273,39.4766],[67.4148,39.4381],[67.4082,39.3979],[67.4071,39.361],[67.3944,39.3274],[67.3869,39.2942],[67.3803,39.2923]],[[67.3803,39.2923],[67.3713,39.2945]],[[67.3713,39.2945],[67.3606,39.2918],[67.3465,39.2808],[67.3427,39.2596],[67.3501,39.2198],[67.3782,39.1995],[67.499,39.166],[67.5803,39.1636],[67.6198,39.1513],[67.6377,39.1315],[67.6445,39.1306]],[[67.6612,39.1334],[67.6676,39.1318],[67.6767,39.1196],[67.6786,39.1059],[67.6672,39.0284],[67.6722,39.0038],[67.6905,38.9896],[67.8184,38.9734]],[[67.6445,39.1306],[67.6612,39.1334]],[[67.9489,39.002],[67.9633,39.0019],[67.9801,38.9974],[67.988,38.9938],[68.0034,38.9821],[68.0198,38.9797]],[[67.8184,38.9734],[67.8452,38.9738],[67.9489,39.002]],[[68.0691,38.9961],[68.0851,38.994]],[[68.0198,38.9797],[68.0364,38.9844],[68.0531,38.994],[68.0691,38.9961]],[[68.0853,38.994],[68.1009,38.9793],[68.1347,38.921],[68.1637,38.8875],[68.1737,38.8673],[68.1726,38.8453],[68.1637,38.8286],[68.1513,38.8151],[68.136,38.8045],[68.119,38.7967],[68.0956,38.7929]],[[68.0851,38.994],[68.0853,38.994]],[[68.0956,38.7929],[68.0779,38.7934]],[[68.0779,38.7934],[68.0667,38.788],[68.0633,38.7663],[68.0663,38.7562],[68.0767,38.7381],[68.0759,38.7269],[68.0708,38.7207],[68.0455,38.7067],[68.0376,38.6916],[68.0403,38.6734],[68.0537,38.6359],[68.0559,38.6157],[68.0525,38.5583],[68.0552,38.5363],[68.0626,38.5231],[68.0869,38.494],[68.0926,38.4788],[68.0946,38.447],[68.098,38.4324],[68.1076,38.4183],[68.1467,38.3887],[68.1837,38.3355],[68.2008,38.3217],[68.2527,38.2987],[68.332,38.243],[68.3562,38.2126],[68.3607,38.1741],[68.3443,38.1155],[68.3195,38.0602],[68.2806,38.0132],[68.2683,37.9938],[68.2608,37.9768],[68.2562,37.9616],[68.2487,37.949],[68.233,37.9398],[68.2177,37.9361],[68.1711,37.9311],[68.14,37.9227],[68.1222,37.9083],[68.0796,37.8063],[68.0502,37.7604],[67.9773,37.6797],[67.9234,37.6388],[67.8719,37.5868],[67.8292,37.5279],[67.8012,37.4664],[67.7973,37.4244],[67.8172,37.3454],[67.8206,37.3033],[67.8154,37.2673],[67.804,37.2334],[67.7851,37.2036],[67.7805,37.1889]]]},"properties":{"rank":10}},{"type":"Feature","geometry":{"type":"MultiLineString","coordinates":[[[71.0498,38.4087],[71.0395,38.4153],[71.033,38.4237],[71.0246,38.4419],[71.0186,38.4498],[71.0086,38.4586],[70.9982,38.4657],[70.9868,38.4709],[70.974,38.4737]],[[70.974,38.4737],[70.9507,38.4731],[70.9435,38.4659],[70.9468,38.4432],[70.9362,38.433]],[[70.9362,38.433],[70.9122,38.4377],[70.871,38.4532]],[[70.871,38.4532],[70.8593,38.4517],[70.8498,38.4428],[70.843,38.4402]],[[70.843,38.4402],[70.8341,38.4406],[70.8089,38.4464],[70.7773,38.4465]],[[70.7773,38.4465],[70.7611,38.4435],[70.7418,38.4194],[70.6833,38.4146],[70.6649,38.4054],[70.6649,38.3986],[70.6848,38.3867],[70.6767,38.3749],[70.6321,38.3501]],[[71.2635,37.9244],[71.2583,37.9265],[71.2545,37.9393],[71.2558,37.9499],[71.2659,37.9725],[71.2726,37.998],[71.3024,38.0423],[71.316,38.0833],[71.3345,38.1117],[71.3409,38.1409],[71.3591,38.1841],[71.3645,38.2068],[71.3582,38.2513],[71.3344,38.2807],[71.3001,38.2987],[71.2177,38.3258],[71.1559,38.3762],[71.1174,38.3986],[71.0894,38.4099],[71.077,38.4122]],[[71.077,38.4122],[71.0649,38.4118],[71.0571,38.409],[71.0498,38.4087]],[[70.6321,38.3501],[70.6093,38.3512]],[[70.6093,38.3512],[70.6,38.3471],[70.5958,38.3382],[70.5966,38.3092],[70.5831,38.2751],[70.573,38.2711],[70.5594,38.2682],[70.5472,38.2627],[70.5379,38.2381],[70.5085,38.1925],[70.4826,38.1374],[70.4703,38.1205],[70.4601,38.1122],[70.426,38.1006],[70.4154,38.0945],[70.3712,38.0583],[70.3263,38.0113],[70.2938,37.9961],[70.2887,37.9908],[70.2838,37.9819],[70.2727,37.9782],[70.2609,37.9765],[70.2539,37.9734],[70.2504,37.9641],[70.2502,37.9556],[70.2537,37.9474],[70.2615,37.9393],[70.2381,37.9324],[70.2147,37.9293]],[[71.6999,36.6786],[71.653,36.687],[71.6111,36.7048],[71.5774,36.7333],[71.5639,36.7507],[71.5529,36.7696],[71.5453,36.79],[71.5385,36.8361],[71.5285,36.8561],[71.4717,36.93],[71.4631,36.9481],[71.46,36.9698],[71.46,37.0107],[71.4564,37.0225],[71.4392,37.0441],[71.4332,37.0547],[71.4311,37.067],[71.4332,37.1273],[71.441,37.1684],[71.4468,37.1836],[71.4538,37.1926],[71.4501,37.2167],[71.487,37.2671],[71.4879,37.295],[71.4939,37.3075],[71.4965,37.3285],[71.4947,37.3707],[71.4871,37.4091],[71.4902,37.4234],[71.5015,37.4458],[71.5112,37.4859],[71.4972,37.5665],[71.5015,37.6103],[71.5172,37.6292],[71.5221,37.6376],[71.5295,37.6786],[71.5409,37.7097],[71.5425,37.7196],[71.5403,37.7305],[71.5312,37.7518],[71.5295,37.7611],[71.5378,37.779],[71.5747,37.798],[71.5903,37.8157],[71.5942,37.8338],[71.595,37.8575],[71.5934,37.8793],[71.5903,37.8914],[71.5977,37.8984],[71.5673,37.9281],[71.5371,37.9445],[71.5012,37.9462]],[[71.5012,37.9462],[71.3792,37.9129],[71.361,37.902],[71.3412,37.8933]],[[70.2147,37.9293],[70.1922,37.9329],[70.1721,37.9461]],[[70.1721,37.9461],[70.1605,37.9207],[70.1652,37.8899],[70.1792,37.8608],[70.196,37.8399],[70.2075,37.8356],[70.2403,37.8276],[70.2472,37.8192],[70.2499,37.8049],[70.2565,37.7918],[70.2656,37.7812],[70.2751,37.7742],[70.2696,37.7626],[70.2718,37.7487],[70.2819,37.7196],[70.2831,37.7048],[70.277,37.688],[70.2751,37.6755],[70.2626,37.6609],[70.2536,37.6546],[70.2552,37.6375],[70.2539,37.6308],[70.2483,37.6233],[70.241,37.6171]],[[71.3412,37.8933],[71.3198,37.9006],[71.2818,37.925],[71.2712,37.9262]],[[71.2712,37.9262],[71.2635,37.9244]],[[70.048,37.5414],[70.0169,37.546],[70.0076,37.5488],[69.9985,37.5556],[69.9947,37.5623],[69.9895,37.5673],[69.9766,37.5693],[69.9554,37.5755],[69.9445,37.5897],[69.9352,37.6057],[69.9188,37.6171],[69.8952,37.6182]],[[69.8952,37.6182],[69.8533,37.6012],[69.823,37.593],[69.8127,37.5858],[69.8022,37.5815]],[[70.241,37.6171],[70.2377,37.6181]],[[70.2377,37.6181],[70.2165,37.6171],[70.2019,37.588],[70.1994,37.5793],[70.1927,37.576],[70.1579,37.5414],[70.1291,37.5323]],[[69.8022,37.5815],[69.7845,37.5904],[69.7543,37.5967]],[[69.7543,37.5967],[69.7296,37.5941],[69.6873,37.5796],[69.665,37.5762]],[[69.665,37.5762],[69.5287,37.586]],[[69.5287,37.586],[69.5087,37.579],[69.4914,37.537],[69.4697,37.5201],[69.4254,37.4942],[69.4117,37.4725],[69.3896,37.4588],[69.3845,37.4533],[69.3784,37.4374],[69.3763,37.4189],[69.377,37.3807],[69.3789,37.3771],[69.3883,37.3751],[69.3912,37.3707],[69.3909,37.3653],[69.3858,37.3631],[69.3845,37.3601],[69.3864,37.3415],[69.3894,37.3329],[69.4031,37.3112],[69.4097,37.2767],[69.4179,37.2677],[69.4099,37.2457],[69.4269,37.2395],[69.4452,37.2364],[69.4421,37.2236],[69.4077,37.1775],[69.3912,37.1647],[69.3508,37.1441],[69.3239,37.121],[69.3121,37.1175],[69.2856,37.1129],[69.2658,37.1054],[69.2457,37.1039]],[[70.1291,37.5323],[70.0991,37.5366],[70.0692,37.5452],[70.0417,37.5488]],[[70.0417,37.5488],[70.048,37.5414]],[[73.6745,37.431],[73.605,37.4458],[73.4853,37.481]],[[73.4853,37.481],[73.4406,37.4799],[73.3784,37.4525]],[[73.3784,37.4525],[73.3619,37.4564],[73.345,37.4645],[73.3212,37.467]],[[73.3212,37.467],[73.2963,37.4649],[73.2761,37.4595],[73.2603,37.45],[73.2115,37.4083],[73.2006,37.4042]],[[73.6177,37.2332],[73.6016,37.2409],[73.5973,37.2618],[73.6099,37.2814],[73.631,37.296],[73.652,37.3021],[73.6904,37.3052],[73.705,37.311],[73.7222,37.3225],[73.7391,37.3383],[73.7457,37.3529],[73.7459,37.3949],[73.7535,37.4284],[73.7178,37.4318]],[[73.7178,37.4318],[73.6745,37.431]],[[74.3209,37.4139],[74.3156,37.4269]],[[74.3156,37.4269],[74.3038,37.4002],[74.2794,37.3975]],[[74.4183,37.3892],[74.3781,37.3938],[74.3682,37.3964],[74.3536,37.4159],[74.3438,37.421]],[[74.3438,37.421],[74.3324,37.4204],[74.3209,37.4139]],[[73.2006,37.4042],[73.179,37.4107]],[[73.179,37.4107],[73.1702,37.4083],[73.1321,37.3844],[73.1164,37.3691],[73.0992,37.3399],[73.0878,37.3261],[73.0675,37.3151],[72.9956,37.3093],[72.9243,37.2748],[72.9022,37.2538],[72.8774,37.2469],[72.8305,37.2398],[72.7907,37.2203],[72.761,37.1875],[72.7144,37.11],[72.6727,37.0576],[72.6666,37.0383],[72.6577,37.0288],[72.5087,37.0111],[72.475,36.9975]],[[74.2794,37.3975],[74.2504,37.4037]],[[74.2504,37.4037],[74.2239,37.4034],[74.2077,37.3899],[74.206,37.3557],[74.1876,37.3384],[74.1633,37.3301],[74.0522,37.3122],[73.9767,37.2903],[73.9556,37.2868],[73.8993,37.2655],[73.8564,37.2616],[73.8362,37.2567],[73.7982,37.2285],[73.784,37.2259]],[[74.5127,37.3772],[74.4766,37.3861],[74.4548,37.3936]],[[74.4548,37.3936],[74.4359,37.3923],[74.4183,37.3892]],[[69.2457,37.1039],[69.1236,37.1692],[69.1143,37.1775],[69.0964,37.213],[69.0784,37.2252],[69.0556,37.2371],[69.0358,37.2516],[69.021,37.288],[69.0055,37.3055],[68.9852,37.3204],[68.9654,37.3291],[68.8972,37.336],[68.8879,37.3381]],[[68.8879,37.3381],[68.8851,37.3348],[68.8903,37.3229],[68.8968,37.3165],[68.913,37.3068],[68.9176,37.3024],[68.9211,37.288],[68.9158,37.2791],[68.9047,37.2767]],[[68.9047,37.2767],[68.8903,37.282],[68.877,37.2961],[68.868,37.3121],[68.8568,37.3249],[68.8358,37.3291]],[[68.8358,37.3291],[68.8138,37.3234],[68.8102,37.3121],[68.822,37.282],[68.8246,37.2606],[68.8204,37.2509]],[[68.7259,37.2745],[68.6869,37.279]],[[68.6869,37.279],[68.6689,37.2783],[68.6575,37.2677],[68.6627,37.2637],[68.6712,37.2472],[68.6486,37.2444],[68.6364,37.2299],[68.6269,37.2063],[68.6088,37.2041],[68.5714,37.1947],[68.5515,37.1926],[68.5465,37.1882],[68.5327,37.169],[68.5239,37.1647],[68.5133,37.164],[68.4658,37.1554],[68.4037,37.1516],[68.418,37.1283],[68.4115,37.1134],[68.3919,37.1054],[68.3658,37.1032]],[[68.8204,37.2509],[68.8085,37.2516],[68.7713,37.2707],[68.7596,37.2752],[68.7465,37.2762]],[[68.7465,37.2762],[68.7259,37.2745]],[[73.7092,37.217],[73.7024,37.2212],[73.688,37.2369],[73.6805,37.2425],[73.6599,37.2437]],[[73.6599,37.2437],[73.6177,37.2332]],[[73.784,37.2259],[73.7687,37.2289],[73.7461,37.2305]],[[73.7461,37.2305],[73.7362,37.2277],[73.72,37.2175],[73.7092,37.217]],[[68.0327,36.9252],[68.0202,36.9257],[68.0111,36.9309],[67.9962,36.9558],[67.9618,36.9899],[67.9529,36.9962],[67.9293,37.0062],[67.9184,37.0138],[67.9025,37.0344],[67.892,37.052],[67.8781,37.0644],[67.8329,37.0731],[67.808,37.0832],[67.7854,37.0965],[67.7731,37.11],[67.772,37.125],[67.7805,37.1889]],[[68.3658,37.1032],[68.3461,37.1069],[68.3267,37.113],[68.3073,37.1142]],[[68.3073,37.1142],[68.2883,37.1032],[68.2808,37.0867],[68.2816,37.0665],[68.2883,37.0244],[68.2778,37.0101]],[[68.2778,37.0101],[68.2537,37.0102],[68.2126,37.0213]],[[68.2126,37.0213],[68.1864,37.0183],[68.168,37.0061],[68.152,36.9928],[68.1334,36.9865],[68.1211,36.9803],[68.0549,36.9346],[68.0447,36.9292],[68.0327,36.9252]],[[72.475,36.9975],[72.4059,37.0077]],[[72.4059,37.0077],[72.361,37.0003],[72.2598,36.9673],[72.2203,36.9455],[72.2104,36.9366],[72.1959,36.919],[72.1868,36.9114],[72.1528,36.8957],[72.1267,36.8727],[71.8366,36.6992],[71.7976,36.6861],[71.7485,36.6786],[71.6999,36.6786]]]},"properties":{"rank":10}},{"type":"Feature","geometry":{"type":"MultiLineString","coordinates":[[[66.1746,37.3755],[66.1631,37.3769],[66.1429,37.3851],[66.1256,37.3987],[66.0979,37.4284],[66.0797,37.4409],[65.8552,37.5079],[65.8361,37.5192],[65.8291,37.5256],[65.8211,37.5352],[65.8043,37.5653],[65.7965,37.5693],[65.7765,37.5729],[65.7614,37.5784]],[[65.7614,37.5784],[65.7527,37.5379],[65.7394,37.5291]],[[65.7394,37.5291],[65.6983,37.5294]],[[65.6983,37.5294],[65.681,37.5264],[65.6688,37.5206],[65.6587,37.5103],[65.6358,37.4741],[65.6257,37.4528],[65.621,37.4304],[65.6289,37.3875],[65.6295,37.3654],[65.6241,37.3451],[65.6113,37.3311],[65.5832,37.3081],[65.5369,37.2571],[65.5014,37.2423],[65.0631,37.2332],[64.9891,37.2137],[64.8079,37.1355],[64.7788,37.118],[64.7602,37.0926],[64.7556,37.0536],[64.7746,36.9776],[64.7788,36.9385],[64.7652,36.9046],[64.6214,36.6926],[64.6048,36.6606],[64.592,36.6211],[64.5888,36.6005],[64.589,36.5802],[64.5937,36.5598],[64.6078,36.5216],[64.6105,36.5009],[64.6059,36.4611],[64.5944,36.4242],[64.5767,36.3896],[64.4982,36.2914],[64.4777,36.2716],[64.4446,36.25],[64.4109,36.2399],[64.3372,36.226],[64.3189,36.2198],[64.3037,36.2115],[64.2919,36.1994],[64.2761,36.1592],[64.2661,36.1525]],[[66.3207,37.3291],[66.2944,37.3312],[66.2744,37.3433],[66.2577,37.3568],[66.2419,37.3633],[66.2325,37.3654],[66.2185,37.3748],[66.2077,37.3769]],[[66.2077,37.3769],[66.1746,37.3755]],[[66.5196,37.3642],[66.5029,37.3557],[66.4615,37.3244],[66.4511,37.3229]],[[66.4511,37.3229],[66.4387,37.3279],[66.4236,37.3457],[66.4135,37.3496]],[[66.4135,37.3496],[66.3896,37.3472],[66.3207,37.3291]],[[64.2661,36.1525],[64.2371,36.1604],[64.1959,36.1659]],[[64.1959,36.1659],[64.1587,36.1603],[64.1234,36.1461],[64.0573,36.1052],[64.0446,36.0923],[64.0362,36.0764],[64.0364,36.0586],[64.0456,36.0113],[64.0451,35.9987]],[[64.0451,35.9987],[63.95,36.0289],[63.922,36.0337]],[[63.922,36.0337],[63.8898,36.0296],[63.8599,36.0221],[63.7659,35.9773],[63.7257,35.9689],[63.6023,35.9627],[63.5821,35.959],[63.5634,35.9506],[63.5496,35.939],[63.5259,35.9127],[63.5111,35.9018],[63.4302,35.871],[63.3429,35.8563]],[[63.3429,35.8563],[63.1253,35.8602]],[[63.1253,35.8602],[63.1041,35.8565],[63.0886,35.8434],[63.0844,35.8261],[63.0913,35.8133],[63.1013,35.8006],[63.1057,35.7829],[63.112,35.7699],[63.1633,35.7323],[63.1773,35.7169],[63.1839,35.7123],[63.2094,35.7045],[63.2144,35.6993],[63.2136,35.6923],[63.2077,35.6832],[63.1799,35.6665],[63.1032,35.646],[63.0766,35.6247],[63.0749,35.6098],[63.0774,35.5588],[63.0806,35.5465],[63.0972,35.5355],[63.1007,35.525],[63.0905,35.4935],[63.0863,35.4557],[63.0802,35.4371],[63.0668,35.4256],[63.0471,35.4214],[63.0055,35.4184],[62.9853,35.4146],[62.9182,35.3882],[62.8276,35.3293],[62.7605,35.3024],[62.7342,35.2807],[62.7216,35.2664],[62.7086,35.256],[62.6936,35.2484],[62.6211,35.2227],[62.6045,35.2194]],[[61.3639,35.5982],[61.3515,35.6071],[61.3609,35.621],[61.3515,35.6278],[61.3442,35.6309]],[[61.3442,35.6309],[61.3357,35.6309],[61.2833,35.6226],[61.2697,35.6185]],[[61.7396,35.4138],[61.6047,35.4306],[61.5387,35.4523],[61.4927,35.4942],[61.4277,35.5428],[61.4126,35.5483],[61.4012,35.5498],[61.3932,35.5536],[61.3803,35.5673],[61.38,35.5713],[61.3839,35.5821],[61.3835,35.5865],[61.3655,35.5985]],[[61.3655,35.5985],[61.3639,35.5982]],[[62.2862,35.1406],[62.2757,35.151],[62.2569,35.1872],[62.251,35.2023],[62.2526,35.2428],[62.2512,35.2604],[62.2443,35.2781],[62.2337,35.2938],[62.219,35.3063],[62.1639,35.3262],[62.1363,35.3414],[62.0338,35.424],[62.0075,35.4389],[61.9777,35.4509],[61.9194,35.4518]],[[61.9194,35.4518],[61.799,35.4175],[61.7396,35.4138]],[[62.5355,35.2274],[62.5246,35.2322],[62.4589,35.2819]],[[62.4589,35.2819],[62.4319,35.2806],[62.3993,35.2559],[62.302,35.1475],[62.2862,35.1406]],[[62.6045,35.2194],[62.5956,35.2206],[62.5662,35.2308]],[[62.5662,35.2308],[62.5355,35.2274]]]},"properties":{"rank":10}},{"type":"Feature","geometry":{"type":"MultiLineString","coordinates":[[[67.2591,37.1851],[67.2368,37.1924],[67.2253,37.2077],[67.218,37.2263],[67.208,37.2435],[67.1878,37.2582],[67.1435,37.2719],[67.1233,37.282],[67.1139,37.2972],[67.0974,37.3406],[67.0851,37.3496],[67.0641,37.3546],[67.0241,37.3775],[67.0059,37.3844],[66.9576,37.3852]],[[66.9576,37.3852],[66.8658,37.3679],[66.735,37.3633],[66.7244,37.3601],[66.7047,37.3465],[66.6941,37.3434]],[[66.6941,37.3434],[66.6547,37.3461],[66.5886,37.3685],[66.5646,37.3707]],[[66.5646,37.3707],[66.539,37.3691],[66.5196,37.3642]],[[67.5614,37.2199],[67.545,37.2315],[67.5261,37.2729],[67.5031,37.282]],[[67.5031,37.282],[67.4824,37.2774],[67.464,37.2663],[67.4311,37.2398],[67.4113,37.2279],[67.3912,37.2196],[67.3695,37.2147],[67.3452,37.213],[67.3196,37.2084],[67.2815,37.1887],[67.2591,37.1851]],[[67.6902,37.2323],[67.6775,37.2335],[67.6664,37.238],[67.6446,37.2512],[67.6332,37.2541]],[[67.6332,37.2541],[67.5923,37.2472],[67.586,37.2426],[67.5722,37.2232],[67.5614,37.2199]],[[67.7805,37.1889],[67.776,37.2075],[67.7643,37.2209],[67.7466,37.2294],[67.7259,37.2335]],[[67.7259,37.2335],[67.6902,37.2323]]]},"properties":{"rank":10}},{"type":"Feature","geometry":{"type":"MultiLineString","coordinates":[[[42.2112,37.3249],[42.2226,37.314],[42.2232,37.2881],[42.2368,37.2863],[42.2672,37.2745]],[[41.2013,37.065],[41.4798,37.0756],[42.0092,37.1756],[42.053,37.1966],[42.1283,37.2533],[42.1785,37.3063],[42.193,37.3132],[42.2112,37.3249]],[[42.2858,37.2866],[42.292,37.2851],[42.3058,37.2645],[42.3399,37.2426],[42.3467,37.2398],[42.3532,37.227],[42.3353,37.1712],[42.3467,37.1584],[42.3546,37.1524],[42.3565,37.1383],[42.3572,37.11]],[[42.2672,37.2745],[42.2729,37.2767],[42.2858,37.2866]],[[40.8964,37.1227],[41.1351,37.0842],[41.1797,37.0696],[41.2013,37.065]],[[39.1859,36.6595],[39.2396,36.6613],[39.7653,36.7422],[39.9798,36.807],[40.0792,36.8549],[40.1152,36.8647],[40.1527,36.8704],[40.1901,36.8844],[40.4139,37.004],[40.4352,37.0106],[40.457,37.0141],[40.4798,37.0152],[40.5257,37.0259],[40.6595,37.0853],[40.709,37.1005],[40.8964,37.1227]],[[38.2243,36.9084],[38.2899,36.9017],[38.48,36.8557],[38.5294,36.8337],[38.6641,36.7195],[38.725,36.6939],[38.7954,36.6867]],[[37.4461,36.6342],[37.5934,36.7105],[37.6541,36.7321],[37.8197,36.7605],[37.98,36.8197],[38.0079,36.8258],[38.123,36.8846],[38.1901,36.9055],[38.2243,36.9084]],[[36.6492,36.8286],[36.6586,36.8275],[36.8437,36.7758],[36.9068,36.7726],[36.9259,36.769],[36.9459,36.7627],[36.9647,36.7538],[37.0106,36.7195],[37.0184,36.7066],[37.0195,36.6858],[37.0108,36.6537],[37.0145,36.6423],[37.0333,36.6287],[37.0531,36.6199]],[[36.5935,36.2181],[36.6643,36.229],[36.67,36.2373],[36.6691,36.2599],[36.6655,36.274],[36.6585,36.2905],[36.6486,36.3059],[36.6371,36.3168],[36.6207,36.322],[36.5878,36.3248],[36.5776,36.3329],[36.5822,36.3331],[36.5943,36.3571],[36.5934,36.3735],[36.5857,36.387],[36.565,36.3956],[36.558,36.4006],[36.5527,36.4082],[36.5338,36.4625],[36.5312,36.479],[36.5355,36.494],[36.5653,36.5325],[36.57,36.5757],[36.5693,36.6201],[36.5828,36.6624],[36.5947,36.6858],[36.5981,36.7055],[36.5989,36.7248],[36.6033,36.747],[36.6157,36.7666],[36.632,36.7843],[36.6433,36.8036],[36.6399,36.8281],[36.6492,36.8286]],[[39.0322,36.7012],[39.1859,36.6595]],[[38.7954,36.6867],[38.958,36.6929],[38.98,36.6982],[39.0322,36.7012]],[[37.2419,36.6586],[37.4045,36.6345],[37.4461,36.6342]],[[37.1561,36.6439],[37.2197,36.6571],[37.2419,36.6586]],[[37.1044,36.651],[37.121,36.6499],[37.1374,36.6459],[37.1561,36.6439]],[[37.0531,36.6199],[37.0624,36.6221],[37.0701,36.6315],[37.0856,36.6442],[37.1044,36.651]],[[36.4986,36.2279],[36.5744,36.2184],[36.5935,36.2181]],[[36.4452,36.1999],[36.4507,36.1999],[36.4592,36.2031],[36.464,36.2088],[36.4653,36.2159],[36.4689,36.2224],[36.4802,36.2255],[36.4986,36.2279]],[[36.373,36.2276],[36.3856,36.2155],[36.3981,36.2082],[36.4119,36.2045],[36.4452,36.1999]],[[36.3367,35.9882],[36.358,35.994],[36.3555,36.0224],[36.3586,36.167],[36.3605,36.1817],[36.3663,36.1892],[36.3745,36.1959],[36.3758,36.2045],[36.3614,36.2182],[36.373,36.2276]],[[36.2973,36.0007],[36.3367,35.9882]],[[36.2531,35.9556],[36.269,35.9587],[36.2775,35.9942],[36.2973,36.0007]],[[36.229,35.9612],[36.2531,35.9556]],[[36.1385,35.8198],[36.1576,35.8226],[36.1688,35.8521],[36.1749,35.9227],[36.1969,35.9517],[36.229,35.9612]],[[35.9803,35.9269],[35.9928,35.9153],[35.9931,35.9024],[35.9901,35.8893],[35.9924,35.8773],[36.0039,35.8692],[36.0194,35.8662],[36.0507,35.8654],[36.0803,35.8542],[36.1385,35.8198]],[[35.9208,35.9151],[35.9406,35.9184],[35.9607,35.9244],[35.9803,35.9269]],[[35.9113,35.9178],[35.9208,35.9151]]]},"properties":{"rank":10}},{"type":"Feature","geometry":{"type":"MultiLineString","coordinates":[[[44.8112,37.0419],[44.8019,37.0435],[44.7973,37.0485],[44.7922,37.0637],[44.7884,37.0702],[44.7811,37.0745],[44.7665,37.079],[44.7607,37.0856],[44.7527,37.1033],[44.7525,37.1131],[44.7661,37.1419]],[[44.8772,36.7765],[44.8512,36.7812],[44.8312,36.7919],[44.8234,36.8093],[44.8341,36.834],[44.8696,36.869],[44.8834,36.8868],[44.8888,36.9109],[44.8841,36.9334],[44.8749,36.9497],[44.8692,36.9674],[44.8748,36.994],[44.8857,37.0051],[44.8874,37.0159],[44.8808,37.0249],[44.8589,37.0341],[44.8476,37.044],[44.8406,37.0472]],[[44.8406,37.0472],[44.8309,37.0468],[44.8112,37.0419]],[[45.1108,36.4025],[45.0837,36.4128],[45.0723,36.4234],[45.0621,36.4553],[45.0391,36.4798],[45.0382,36.494],[45.0253,36.5052],[45.0059,36.5187],[44.9914,36.5337],[44.9934,36.5497],[45.0133,36.5579],[45.0142,36.579],[45.0249,36.6132],[45.0443,36.6493],[45.0459,36.668],[45.0353,36.6896],[45.011,36.7256],[44.9962,36.7417],[44.9795,36.749],[44.9664,36.7493],[44.9548,36.7523],[44.9444,36.7583],[44.9352,36.7671],[44.9227,36.7759],[44.9082,36.7779]],[[44.9082,36.7779],[44.8772,36.7765]],[[45.3596,35.9769],[45.3381,35.9793],[45.3202,35.9941],[45.3137,36.0104],[45.3196,36.031],[45.3319,36.0516],[45.3442,36.0675],[45.3483,36.0875],[45.3356,36.1077],[45.3046,36.1404],[45.2995,36.1614],[45.302,36.2076],[45.2974,36.2267],[45.2828,36.2384],[45.2642,36.2502],[45.2585,36.2622],[45.2827,36.2749],[45.2639,36.2943],[45.257,36.3117],[45.2545,36.3548],[45.2496,36.3779],[45.2389,36.403],[45.2213,36.4209],[45.196,36.4224]],[[45.196,36.4224],[45.14,36.4044],[45.1108,36.4025]],[[45.749,35.811],[45.731,35.8151],[45.7187,35.8283],[45.6932,35.8799],[45.6469,35.9332],[45.617,35.9554],[45.5899,35.9596],[45.5769,35.9662],[45.54,35.994],[45.4793,36.012]],[[45.4793,36.012],[45.4531,36.0117],[45.4199,35.9983],[45.4016,35.994],[45.3818,35.983],[45.3596,35.9769]],[[46.1635,35.7975],[46.1434,35.8045],[46.1291,35.8155],[46.1248,35.8225],[46.1199,35.8429],[46.115,35.8464],[46.077,35.857],[46.0604,35.8572]],[[46.0604,35.8572],[46.0443,35.8523],[46.025,35.8433],[46.0049,35.838]],[[46.0049,35.838],[45.9413,35.8403]],[[45.9413,35.8403],[45.9091,35.8313]],[[45.9091,35.8313],[45.8783,35.8352]],[[45.8783,35.8352],[45.8541,35.8183],[45.8348,35.8105],[45.8142,35.8093]],[[46.217,35.7136],[46.2379,35.7155],[46.2535,35.7277],[46.2671,35.7441],[46.2975,35.7599],[46.3134,35.7715],[46.3251,35.7878],[46.3271,35.8035],[46.3196,35.8169],[46.303,35.8265],[46.2814,35.8283]],[[46.2814,35.8283],[46.2635,35.8211],[46.2464,35.8114],[46.2274,35.8057],[46.185,35.7982],[46.1635,35.7975]],[[45.8142,35.8093],[45.7979,35.8184],[45.7867,35.8202]],[[45.7867,35.8202],[45.749,35.811]],[[46.1777,35.7154],[46.217,35.7136]],[[46.107,35.6898],[46.1276,35.6937],[46.1777,35.7154]],[[46.0371,35.6916],[46.107,35.6898]],[[45.9992,35.5721],[46.002,35.5859],[45.9923,35.6244],[45.9924,35.6409],[45.9959,35.6584],[46.0038,35.6743],[46.0165,35.6857],[46.0371,35.6916]],[[45.9687,35.5797],[45.9992,35.5721]],[[46.1154,35.2263],[46.1015,35.2343],[46.0988,35.25],[46.1077,35.2628],[46.1201,35.2749],[46.1274,35.2891],[46.1202,35.3185],[46.0963,35.3412],[46.041,35.3816],[45.977,35.4653],[45.964,35.4942],[45.9636,35.5034],[45.9661,35.5115],[45.9713,35.518],[45.9832,35.527],[45.9846,35.5311],[45.968,35.5585],[45.9593,35.5787],[45.9687,35.5797]],[[46.0945,35.0858],[46.1324,35.0948],[46.1431,35.0995],[46.1511,35.1116],[46.1304,35.1314],[46.1438,35.1596],[46.1655,35.1899],[46.1693,35.2162],[46.1542,35.2266]],[[46.1542,35.2266],[46.1154,35.2263]],[[46.0766,35.0897],[46.0945,35.0858]],[[46.0092,35.0609],[46.0251,35.0643],[46.0398,35.0755],[46.0666,35.0888],[46.0766,35.0897]],[[45.9202,35.0896],[45.935,35.0855],[45.956,35.0742],[45.9664,35.0707]],[[45.835,34.8902],[45.8502,34.9068],[45.8579,34.9313],[45.8663,34.9495],[45.869,34.9684],[45.8597,34.9942],[45.8568,35.008],[45.857,35.0213],[45.8619,35.0328],[45.8725,35.0414],[45.8931,35.0444],[45.8991,35.0469],[45.9012,35.0516],[45.8984,35.0639],[45.8994,35.0686],[45.9132,35.0873],[45.9202,35.0896]],[[45.9792,35.0716],[46.0092,35.0609]],[[45.9664,35.0707],[45.9792,35.0716]],[[45.7783,34.9109],[45.808,34.8979],[45.835,34.8902]],[[45.6956,34.5502],[45.7015,34.5513],[45.7056,34.5577],[45.7083,34.5684],[45.7086,34.5791],[45.7056,34.5856],[45.6945,34.5986],[45.6912,34.6155],[45.6908,34.6343],[45.6876,34.6532],[45.6835,34.6602],[45.6735,34.6712],[45.6669,34.69],[45.6595,34.6972],[45.6423,34.7069],[45.6274,34.7208],[45.635,34.737],[45.6628,34.7633],[45.6659,34.7747],[45.6636,34.7949],[45.6668,34.8069],[45.6766,34.8183],[45.6892,34.8226],[45.7177,34.8251],[45.7454,34.841],[45.7505,34.8654],[45.7485,34.8907],[45.7551,34.91],[45.7783,34.9109]],[[45.5007,34.5917],[45.5396,34.5822],[45.5739,34.5673],[45.6048,34.5611],[45.6736,34.5567],[45.6956,34.5502]],[[45.4793,34.3291],[45.4608,34.3405],[45.448,34.3621],[45.4171,34.4444],[45.4268,34.4575],[45.4793,34.4673],[45.493,34.479],[45.5035,34.4942],[45.5048,34.5238],[45.4965,34.5642],[45.5007,34.5917]],[[45.4497,33.9374],[45.4237,33.9388],[45.401,33.9495],[45.3804,33.9736],[45.4018,33.9816],[45.4115,33.9872],[45.4199,33.9943],[45.4352,34.0221],[45.4436,34.0477],[45.4549,34.0699],[45.4793,34.0876],[45.4939,34.1007],[45.5344,34.1282],[45.5445,34.1395],[45.5445,34.1506],[45.5315,34.1679],[45.5267,34.1793],[45.5287,34.1886],[45.5477,34.2165],[45.561,34.2646],[45.563,34.2893],[45.5576,34.312],[45.5422,34.3316],[45.5215,34.3425]],[[45.5215,34.3425],[45.4992,34.3424],[45.4793,34.3291]],[[45.7346,33.5831],[45.7277,33.5901],[45.728,33.6256],[45.7211,33.6408],[45.674,33.669],[45.6588,33.6817],[45.6452,33.6979],[45.6351,33.7142],[45.6282,33.7318],[45.6239,33.7521],[45.6167,33.7687],[45.5748,33.8039],[45.4858,33.9387],[45.4793,33.9412]],[[45.4793,33.9412],[45.4497,33.9374]],[[45.8994,33.4763],[45.8697,33.4821],[45.8526,33.4944],[45.8682,33.5116],[45.9156,33.5358],[45.9279,33.5509],[45.9209,33.573],[45.8997,33.5852],[45.882,33.6002],[45.886,33.6309]],[[45.886,33.6309],[45.8644,33.6264],[45.8158,33.6258],[45.7975,33.6193],[45.7685,33.5959],[45.752,33.5868],[45.7346,33.5831]],[[46.0892,33.1157],[46.1054,33.1184],[46.1265,33.1318],[46.1534,33.1543],[46.1672,33.1683],[46.1743,33.1812],[46.1737,33.1902],[46.1621,33.1964],[46.1577,33.2057],[46.1584,33.2139],[46.1644,33.2331],[46.1642,33.2433],[46.1553,33.2602],[46.1413,33.2721],[46.1095,33.2937],[46.0697,33.3409],[46.0362,33.3679],[46.0311,33.3825],[46.0305,33.3992],[46.0275,33.4195],[46.0194,33.4384],[46.008,33.4557],[45.9744,33.4908],[45.9633,33.4966],[45.9582,33.4974]],[[45.9582,33.4974],[45.9482,33.4943],[45.9297,33.4795],[45.8994,33.4763]],[[46.0724,33.1168],[46.0892,33.1157]],[[46.1556,32.9484],[46.097,32.9543],[46.0757,32.9943],[46.088,33.0067],[46.1047,33.0181],[46.1195,33.031],[46.1262,33.048],[46.1204,33.0617],[46.106,33.0725],[46.0872,33.0792],[46.0433,33.0835],[46.0293,33.0935],[46.0303,33.1057],[46.0504,33.1151],[46.0724,33.1168]],[[47.0584,32.4945],[46.7573,32.7162],[46.7159,32.756],[46.6504,32.7894],[46.6044,32.8207],[46.5073,32.868],[46.4793,32.8918],[46.3796,32.9318],[46.2734,32.9595]],[[46.2734,32.9595],[46.1556,32.9484]],[[47.1526,32.4552],[47.121,32.461],[47.0906,32.4746],[47.0586,32.4945]],[[47.0586,32.4945],[47.0584,32.4945]],[[48.223,30.3181],[48.2112,30.3196],[48.2001,30.3239],[48.1921,30.3313],[48.1877,30.3408],[48.1795,30.3849],[48.1705,30.4067],[48.1577,30.4263],[48.1409,30.4419],[48.1306,30.4475],[48.1194,30.4508],[48.0136,30.4639],[48.012,30.4946],[48.0154,30.9762],[48.0122,30.9891],[48.0015,30.9946],[47.6729,30.9947],[47.6789,31.4079],[47.8313,31.7618],[47.8373,31.7845],[47.8345,31.8057],[47.8208,31.8236],[47.7814,31.8489],[47.7653,31.8641],[47.7565,31.8892],[47.751,31.8982],[47.7433,31.9043],[47.7252,31.9143],[47.7184,31.9223],[47.6826,31.9769],[47.6779,31.9947],[47.6681,32.0124],[47.6331,32.0269],[47.6178,32.0419],[47.595,32.0854],[47.5781,32.1062],[47.5587,32.113],[47.5436,32.1146],[47.5267,32.1334],[47.5138,32.1403],[47.4982,32.1441],[47.4913,32.1486],[47.4904,32.1565],[47.4925,32.1705],[47.4964,32.1813],[47.5077,32.1998],[47.5092,32.2138],[47.504,32.2267],[47.4845,32.2394],[47.4791,32.2521],[47.4694,32.2561],[47.463,32.2618],[47.4369,32.2937],[47.4071,32.3178],[47.4025,32.3235],[47.3958,32.337],[47.3959,32.342],[47.4,32.3458],[47.4088,32.3643],[47.4143,32.3699],[47.418,32.3764],[47.4164,32.388],[47.4108,32.3953],[47.3841,32.4126],[47.3673,32.4308],[47.3561,32.4462],[47.3433,32.4587],[47.3219,32.4682],[47.2653,32.4847],[47.2513,32.4855]],[[47.2513,32.4855],[47.2055,32.464],[47.1878,32.4584],[47.1526,32.4552]],[[48.531,29.9614],[48.493,29.9718],[48.4782,29.9796],[48.4578,29.9949],[48.4531,30.0014],[48.4443,30.0209],[48.4422,30.0339],[48.4239,30.0836],[48.4212,30.0853],[48.4155,30.0956],[48.3956,30.1152],[48.3831,30.1384],[48.3811,30.1453],[48.3833,30.1565],[48.4007,30.1723],[48.408,30.1809],[48.4106,30.1915],[48.4087,30.2023],[48.4036,30.2125],[48.397,30.221],[48.3582,30.2518],[48.326,30.2835],[48.3057,30.3128],[48.2964,30.3198],[48.2843,30.3233],[48.2717,30.3238]],[[48.2717,30.3238],[48.2351,30.3185],[48.223,30.3181]]]},"properties":{"rank":10}},{"type":"Feature","geometry":{"type":"MultiLineString","coordinates":[[[35.6122,32.6815],[35.5938,32.6704],[35.5787,32.6534],[35.5698,32.6468],[35.5627,32.6442],[35.5605,32.6409],[35.56,32.6327],[35.5641,32.6255],[35.5725,32.6212],[35.5725,32.615],[35.5656,32.615],[35.5656,32.6075],[35.5713,32.5986],[35.5744,32.5728],[35.58,32.5604],[35.5744,32.5544]],[[35.5744,32.5544],[35.5725,32.5604]],[[35.5725,32.5604],[35.5656,32.5461]],[[35.5656,32.5461],[35.5594,32.5529]],[[35.5594,32.5529],[35.5628,32.532],[35.5656,32.5256],[35.552,32.5256],[35.552,32.5188]],[[35.5572,32.5193],[35.5614,32.5192],[35.5706,32.506],[35.58,32.4977],[35.58,32.4915],[35.571,32.4892],[35.565,32.4839],[35.5613,32.4771],[35.5594,32.4704],[35.5681,32.465],[35.5725,32.4642],[35.5725,32.4567],[35.5594,32.4505],[35.5656,32.4437],[35.552,32.4362],[35.5541,32.4345]],[[35.552,32.5188],[35.5572,32.5193]],[[35.5562,32.4348],[35.5579,32.4341],[35.5594,32.4294],[35.552,32.4294],[35.552,32.4232],[35.5582,32.418],[35.5591,32.414],[35.5549,32.4112],[35.5451,32.4096],[35.5496,32.3985],[35.561,32.3847]],[[35.5541,32.4345],[35.5562,32.4348]],[[35.4581,31.4919],[35.4569,31.4235],[35.4529,31.4008],[35.4351,31.3606],[35.4165,31.3318],[35.4239,31.3246],[35.4223,31.303],[35.4082,31.282],[35.3957,31.2577],[35.4012,31.2303],[35.4107,31.2046],[35.4362,31.1595],[35.4432,31.1322],[35.4385,31.1037],[35.3916,31.0239],[35.3852,30.9946],[35.3853,30.9633],[35.3741,30.9451],[35.3349,30.9126],[35.3222,30.89],[35.3195,30.8673],[35.32,30.8449],[35.3166,30.8228],[35.3108,30.8133],[35.2861,30.7923],[35.2795,30.7802],[35.2716,30.7437],[35.2638,30.7198],[35.2053,30.6171],[35.1621,30.4947],[35.1574,30.4709],[35.14,30.4302],[35.14,30.4062],[35.145,30.3959],[35.1593,30.3756],[35.1621,30.3614],[35.16,30.3475],[35.1418,30.314],[35.1324,30.2619],[35.1252,30.2447],[35.1248,30.2161],[35.1453,30.1549],[35.1453,30.1234],[35.129,30.0897],[35.0863,30.034],[35.0747,29.9946],[35.0741,29.9826],[35.0615,29.9573],[35.0541,29.9234],[35.0532,29.8626],[35.049,29.8423],[35.0025,29.7331],[34.9951,29.7082],[34.9898,29.652],[34.9803,29.627],[34.967,29.6081],[34.9599,29.5862],[34.9556,29.559]]]},"properties":{"rank":10}},{"type":"Feature","geometry":{"type":"MultiLineString","coordinates":[[[35.561,32.3847],[35.5656,32.3679],[35.5594,32.3679]],[[35.5594,32.3679],[35.5594,32.3748]],[[35.5594,32.3748],[35.552,32.3748],[35.552,32.3679],[35.5573,32.3582],[35.5565,32.3282],[35.5656,32.3134],[35.5612,32.3017],[35.5609,32.2826],[35.5646,32.2636],[35.5725,32.2519],[35.5638,32.2468],[35.5594,32.2376]],[[35.5725,32.2376],[35.5552,32.1744],[35.5594,32.1625],[35.5594,32.1551],[35.5512,32.1515],[35.5467,32.147],[35.5467,32.1416],[35.552,32.1352],[35.5352,32.1108],[35.5346,32.0992],[35.5451,32.0868],[35.5283,32.0751],[35.5228,32.0578],[35.5247,32.0117],[35.5355,31.9882],[35.54,31.9556],[35.5459,31.9446],[35.5451,31.9366],[35.5406,31.932],[35.5275,31.9274],[35.5247,31.9192],[35.5491,31.8392],[35.5383,31.8267],[35.5383,31.8193],[35.5594,31.7653],[35.5276,31.7351],[35.4801,31.6411],[35.4642,31.5686],[35.4587,31.4916]],[[35.5594,32.2376],[35.5725,32.2376]],[[35.4587,31.4916],[35.4581,31.4919]]]},"properties":{"rank":10}},{"type":"Feature","geometry":{"type":"MultiLineString","coordinates":[[[25.5437,5.3753],[25.5618,5.373]],[[25.5045,5.3423],[25.529,5.3519],[25.5408,5.3544],[25.5328,5.3722],[25.5437,5.3753]],[[25.5813,5.3749],[25.589,5.3623],[25.5923,5.3492],[25.6005,5.3405]],[[25.5618,5.373],[25.5813,5.3749]],[[25.482,5.3569],[25.4956,5.3445],[25.5045,5.3423]],[[25.4134,5.3236],[25.4351,5.3287],[25.4799,5.3532],[25.482,5.3569]],[[25.6229,5.3408],[25.6142,5.3299],[25.6092,5.3265],[25.6092,5.3203],[25.6234,5.3099]],[[25.6005,5.3405],[25.6229,5.3408]],[[25.3957,5.334],[25.4134,5.3236]],[[25.1637,5.0056],[25.2275,5.0096],[25.2393,5.0155],[25.2485,5.0241],[25.2923,5.0283],[25.3076,5.0323],[25.3168,5.0423],[25.321,5.0523],[25.3219,5.077],[25.325,5.0881],[25.3392,5.1052],[25.3424,5.1115],[25.3493,5.1417],[25.3486,5.149],[25.3412,5.1556],[25.3215,5.1592],[25.3145,5.1633],[25.3077,5.1853],[25.3162,5.2022],[25.3289,5.216],[25.3355,5.2284],[25.3372,5.2517],[25.3434,5.2719],[25.3559,5.2864],[25.3765,5.293],[25.3637,5.3106],[25.3707,5.3168],[25.3854,5.3215],[25.3957,5.334]],[[25.6501,5.3203],[25.6558,5.3178],[25.6631,5.3092],[25.6689,5.3061],[25.6911,5.2998],[25.7051,5.2896],[25.7328,5.2589],[25.7437,5.2506],[25.758,5.2444]],[[25.6234,5.3099],[25.6311,5.3118],[25.6379,5.318],[25.6501,5.3203]],[[25.7784,5.2691],[25.7923,5.2628],[25.7947,5.2384]],[[25.758,5.2444],[25.7717,5.2455],[25.7811,5.2589],[25.7693,5.2652],[25.7784,5.2691]],[[26.13,5.2589],[26.1442,5.2518],[26.1508,5.24],[26.1573,5.2325]],[[26.1125,5.2384],[26.1196,5.2415],[26.1251,5.2486],[26.13,5.2589]],[[26.0884,5.2446],[26.0984,5.2396],[26.1125,5.2384]],[[26.0952,5.2111],[26.0917,5.2191],[26.0884,5.2446]],[[25.8146,5.2446],[25.8114,5.2309],[25.8261,5.1947]],[[25.7947,5.2384],[25.8146,5.2446]],[[26.1983,5.2384],[26.2072,5.2077],[26.2136,5.1991]],[[26.1845,5.2253],[26.1983,5.2384]],[[26.1709,5.2384],[26.1817,5.2296],[26.1845,5.2253]],[[26.1573,5.2325],[26.1709,5.2384]],[[25.9719,5.2277],[25.986,5.2253],[25.9966,5.2192],[26.0139,5.1992],[26.0269,5.19]],[[25.9586,5.1974],[25.9584,5.2148],[25.9628,5.2245],[25.9719,5.2277]],[[25.8494,5.2179],[25.8724,5.2171],[25.8836,5.2035],[25.893,5.1852],[25.9109,5.1701]],[[25.8261,5.1947],[25.8362,5.2],[25.846,5.2117],[25.8494,5.2179]],[[26.0771,5.2163],[26.086,5.2152],[26.0952,5.2111]],[[26.0627,5.2001],[26.0678,5.2008],[26.0705,5.2122],[26.0771,5.2163]],[[26.2262,5.2043],[26.2262,5.1831]],[[26.2136,5.1991],[26.2262,5.2043]],[[25.9432,5.2041],[25.9586,5.1974]],[[25.9109,5.1701],[25.9125,5.1904],[25.9256,5.2018],[25.9432,5.2041]],[[27.0737,5.2033],[27.1164,5.2003],[27.1575,5.1854],[27.2397,5.1449],[27.2628,5.1384],[27.2844,5.136],[27.3019,5.132],[27.3428,5.1006],[27.3612,5.0955],[27.3914,5.0922],[27.4053,5.0828],[27.4148,5.0807],[27.4413,5.0707]],[[26.8671,5.0375],[26.8841,5.0534],[26.8896,5.0621],[26.904,5.0944],[26.9337,5.1266],[26.9616,5.1512],[26.9917,5.1713],[27.0275,5.19],[27.0737,5.2033]],[[26.051,5.2002],[26.0627,5.2001]],[[26.0269,5.19],[26.0374,5.198],[26.051,5.2002]],[[26.2466,5.19],[26.254,5.1723],[26.2725,5.1591],[26.2918,5.151],[26.3173,5.1464]],[[26.2262,5.1831],[26.2466,5.19]],[[19.5688,5.1552],[19.6056,5.1383],[19.7196,5.136],[19.7287,5.1338],[19.7488,5.1244],[19.7792,5.1182],[19.8247,5.097],[19.8386,5.0875],[19.8502,5.0737],[19.8755,5.0311],[19.8804,5.0155],[19.8909,5.0021],[19.9154,4.9931],[20.004,4.9745],[20.0311,4.958],[20.0546,4.9378],[20.0863,4.9163],[20.1526,4.8907],[20.1717,4.8784],[20.2172,4.8224],[20.2366,4.8063],[20.2548,4.7971],[20.3017,4.7816],[20.3225,4.7791],[20.3389,4.7719],[20.354,4.7554],[20.3737,4.7244],[20.3955,4.6771],[20.4037,4.6698],[20.4206,4.6624],[20.4402,4.6441],[20.4565,4.6215],[20.4631,4.6009],[20.4572,4.5864],[20.4471,4.5697],[20.4421,4.5505],[20.4523,4.5289],[20.5598,4.4284],[20.5803,4.415],[20.6031,4.4097]],[[19.4965,5.1338],[19.5171,5.136],[19.5486,5.1514],[19.5688,5.1552]],[[26.3906,5.149],[26.4001,5.1336],[26.4419,5.1043],[26.4627,5.0596],[26.4752,5.0573],[26.5025,5.0475],[26.5198,5.046]],[[26.3627,5.136],[26.3694,5.1406],[26.3906,5.149]],[[26.3364,5.1486],[26.3533,5.1478],[26.3627,5.136]],[[26.3173,5.1464],[26.3364,5.1486]],[[19.4315,5.136],[19.4965,5.1338]],[[19.179,4.9464],[19.1957,4.9503],[19.2147,4.9761],[19.2298,5.0022],[19.237,5.0108],[19.2838,5.0323],[19.3731,5.0875],[19.3942,5.117],[19.409,5.1304],[19.4315,5.136]],[[24.3964,5.1223],[24.4016,5.1115],[24.4115,5.0819],[24.4169,5.0733],[24.4307,5.0674]],[[24.253,4.9299],[24.2592,4.9299],[24.2677,4.9357],[24.2697,4.9525],[24.273,4.964],[24.2846,4.9924],[24.2966,5.0033],[24.3685,5.0124],[24.3861,5.0224],[24.3986,5.036],[24.3969,5.0482],[24.372,5.0534],[24.3612,5.0629],[24.3678,5.0845],[24.3825,5.1079],[24.3964,5.1223]],[[24.4596,5.1074],[24.4872,5.1008],[24.5137,5.0872],[24.533,5.0733],[24.5387,5.0656],[24.5474,5.0465],[24.5535,5.0391],[24.5634,5.0349],[24.5886,5.0311],[24.6012,5.0261],[24.6101,5.0167],[24.61,4.9967],[24.6155,4.9851],[24.6275,4.9769],[24.6569,4.9673],[24.6708,4.9572],[24.6574,4.9398],[24.6542,4.9294],[24.6644,4.9244],[24.7306,4.9175]],[[24.4307,5.0674],[24.4335,5.0755],[24.4331,5.0893],[24.4367,5.1006],[24.4596,5.1074]],[[26.7394,5.0944],[26.7537,5.0923],[26.7606,5.0881],[26.8084,5.0391]],[[26.6576,5.0733],[26.6676,5.0783],[26.6812,5.0893],[26.6917,5.0944],[26.7394,5.0944]],[[26.5984,5.0806],[26.6155,5.0782],[26.6235,5.0671]],[[26.5682,5.0596],[26.5799,5.0743],[26.5984,5.0806]],[[26.644,5.0783],[26.6576,5.0733]],[[26.6235,5.0671],[26.6297,5.0671],[26.6357,5.0776],[26.644,5.0783]],[[26.5614,5.0671],[26.5682,5.0596]],[[26.5198,5.046],[26.5415,5.0531],[26.5542,5.0598],[26.5614,5.0671]],[[26.8327,5.0534],[26.8395,5.0512],[26.845,5.0463],[26.8493,5.0391],[26.8671,5.0375]],[[26.8084,5.0391],[26.8157,5.0402],[26.8261,5.0508],[26.8327,5.0534]],[[25.1295,5.0186],[25.1402,5.018],[25.1637,5.0056]],[[25.0761,4.9518],[25.0848,4.9542],[25.0905,4.9745],[25.1009,4.9946],[25.1053,4.9988],[25.1143,5.0018],[25.1295,5.0186]],[[24.9694,4.9914],[25.0065,4.9809],[25.0406,4.9621],[25.0761,4.9518]],[[24.8483,4.9367],[24.8682,4.9444],[24.9044,4.9668],[24.9271,4.9715],[24.9581,4.9914],[24.9694,4.9914]],[[24.2298,4.9612],[24.2462,4.9541],[24.253,4.9299]],[[24.1528,4.9026],[24.1629,4.9078],[24.1909,4.9442],[24.2096,4.9562],[24.2298,4.9612]],[[19.133,4.9469],[19.179,4.9464]],[[18.6339,4.356],[18.6541,4.3572],[18.6743,4.3613],[18.7211,4.3774],[18.7533,4.4006],[18.777,4.4335],[18.8282,4.56],[18.8524,4.5941],[18.8865,4.6214],[18.8979,4.6506],[18.9045,4.6559],[18.9238,4.6629],[18.9282,4.6664],[18.9623,4.7244],[18.9805,4.7394],[18.998,4.7506],[19.0116,4.765],[19.0197,4.8033],[19.0441,4.8269],[19.049,4.8365],[19.0578,4.8678],[19.069,4.8913],[19.0833,4.9093],[19.1162,4.9404],[19.133,4.9469]],[[24.8195,4.9445],[24.8369,4.9377],[24.8483,4.9367]],[[24.7783,4.9185],[24.7894,4.9199],[24.811,4.9404],[24.8195,4.9445]],[[24.7664,4.9299],[24.7783,4.9185]],[[24.7306,4.9175],[24.7498,4.9187],[24.7664,4.9299]],[[24.1084,4.9231],[24.1199,4.9189],[24.1392,4.9054],[24.1528,4.9026]],[[23.978,4.8541],[23.9958,4.8651],[24.0469,4.8889],[24.0725,4.9103],[24.0896,4.9202],[24.1084,4.9231]],[[23.9571,4.8708],[23.9631,4.8687],[23.978,4.8541]],[[23.9483,4.8177],[23.9474,4.8306],[23.9428,4.8405],[23.9432,4.8517],[23.9465,4.8616],[23.9508,4.8678],[23.9571,4.8708]],[[22.965,4.8353],[22.9774,4.8343],[22.9857,4.8264],[22.9962,4.7995],[23.0072,4.7784],[23.0111,4.7636],[23.0173,4.7505],[23.0293,4.7449],[23.0428,4.743],[23.0552,4.7378],[23.0774,4.7211],[23.0994,4.7117]],[[22.9297,4.8206],[22.965,4.8353]],[[23.8819,4.8269],[23.9244,4.8178],[23.9483,4.8177]],[[23.8552,4.8132],[23.8644,4.8161],[23.8747,4.825],[23.8819,4.8269]],[[22.9059,4.8242],[22.9152,4.8212],[22.9297,4.8206]],[[22.8538,4.7113],[22.8653,4.7387],[22.8873,4.7555],[22.8956,4.7654],[22.8868,4.7767],[22.8824,4.7885],[22.8829,4.8007],[22.8888,4.8132],[22.8984,4.8236],[22.9059,4.8242]],[[23.8167,4.8206],[23.8552,4.8132]],[[23.4145,4.5908],[23.4226,4.5941],[23.4274,4.6013],[23.43,4.6288],[23.4372,4.6466],[23.4483,4.6594],[23.4651,4.6672],[23.4884,4.6698],[23.5061,4.6764],[23.5666,4.7244],[23.588,4.7339],[23.634,4.7451],[23.6727,4.7672],[23.6928,4.7734],[23.7379,4.7791],[23.76,4.7874],[23.7985,4.8147],[23.8167,4.8206]],[[23.1687,4.7381],[23.1837,4.7253],[23.2086,4.6905],[23.2518,4.663],[23.2649,4.6351],[23.2951,4.6276],[23.2996,4.6251],[23.3164,4.6077],[23.3359,4.6068],[23.354,4.6036],[23.3712,4.5973],[23.3884,4.5873]],[[23.0994,4.7117],[23.1239,4.7156],[23.1687,4.7381]],[[22.8029,4.7306],[22.8181,4.7246],[22.8373,4.7142],[22.8538,4.7113]],[[22.6544,4.4828],[22.6756,4.4847],[22.6895,4.4917],[22.6951,4.5015],[22.6971,4.512],[22.697,4.5357],[22.7001,4.5411],[22.7137,4.5512],[22.7311,4.5873],[22.7238,4.617],[22.7236,4.6288],[22.7379,4.6378],[22.7487,4.6483],[22.7574,4.6608],[22.7652,4.676],[22.7764,4.7101],[22.786,4.7246],[22.8029,4.7306]],[[23.396,4.5916],[23.4145,4.5908]],[[23.3884,4.5873],[23.396,4.5916]],[[22.6103,4.4842],[22.6544,4.4828]],[[22.3033,4.1287],[22.4226,4.1348],[22.4574,4.1491],[22.4927,4.174],[22.5105,4.1913],[22.5182,4.2068],[22.5405,4.2273],[22.5461,4.2372],[22.5457,4.2459],[22.5397,4.2669],[22.5393,4.2782],[22.5686,4.3315],[22.5765,4.3408],[22.588,4.3442],[22.5999,4.3526],[22.6093,4.3634],[22.6137,4.3744],[22.6113,4.3819],[22.594,4.4023],[22.589,4.422],[22.587,4.4494],[22.5924,4.4737],[22.6103,4.4842]],[[20.8715,4.4534],[20.9635,4.4337],[21.0596,4.3986],[21.0761,4.3955],[21.0842,4.3882],[21.1034,4.3533],[21.1136,4.3408],[21.138,4.3327],[21.1501,4.3267],[21.1581,4.3102],[21.1656,4.3072],[21.1856,4.3061],[21.1957,4.3029],[21.2109,4.2916]],[[20.6031,4.4097],[20.6884,4.4228],[20.7679,4.4228],[20.7918,4.4262],[20.8324,4.4507],[20.8715,4.4534]],[[18.5765,4.3728],[18.5958,4.3713],[18.6143,4.3598],[18.6339,4.356]],[[18.6264,3.4769],[18.593,3.7098],[18.6128,3.8337],[18.6117,3.8791],[18.6137,3.9015],[18.6346,3.9357],[18.6416,3.9583],[18.6453,3.9824],[18.6465,4.046],[18.6327,4.1304],[18.6197,4.1696],[18.5839,4.2358],[18.5786,4.2549],[18.5725,4.2657],[18.545,4.289],[18.5371,4.3061],[18.5419,4.3279],[18.5568,4.3542],[18.5765,4.3728]],[[21.2883,4.3334],[21.2989,4.3302],[21.3104,4.3161],[21.3583,4.2856],[21.3748,4.2782],[21.3977,4.2716],[21.4169,4.2701]],[[21.2109,4.2916],[21.2234,4.2925],[21.2324,4.2978],[21.2507,4.3204],[21.2659,4.3301],[21.2753,4.3325],[21.2883,4.3334]],[[21.6511,4.2957],[21.6889,4.2925]],[[21.5381,4.2447],[21.6342,4.2942],[21.6511,4.2957]],[[21.7229,4.2951],[21.7373,4.2934],[21.7585,4.2856],[21.771,4.2735],[21.7821,4.2719]],[[21.6889,4.2925],[21.7229,4.2951]],[[21.811,4.2732],[21.8199,4.2719],[21.8381,4.2633],[21.8519,4.2517],[21.8677,4.2416],[21.8916,4.2372],[21.9499,4.2335]],[[21.7821,4.2719],[21.811,4.2732]],[[21.4602,4.2719],[21.4731,4.2693],[21.4972,4.2515],[21.5081,4.2494],[21.5278,4.2493],[21.5381,4.2447]],[[21.4169,4.2701],[21.4602,4.2719]],[[22.0015,4.2447],[22.0578,4.2195],[22.1084,4.2098],[22.1279,4.2031],[22.1517,4.1795],[22.1619,4.1732],[22.1847,4.1646],[22.2073,4.1503],[22.3033,4.1287]],[[21.9499,4.2335],[21.9708,4.2372],[21.9896,4.2442],[22.0015,4.2447]]]},"properties":{"rank":10}},{"type":"Feature","geometry":{"type":"MultiLineString","coordinates":[[[36.0994,12.6957],[36.115,12.7018],[36.1236,12.7214],[36.1433,12.8326],[36.143,12.8569],[36.1387,12.8719],[36.1153,12.9117],[36.1144,12.9339],[36.126,12.951],[36.1409,12.9655],[36.1499,12.9802],[36.1496,12.9888],[36.1384,13.0133],[36.1369,13.0324],[36.2336,13.3616],[36.3821,13.571],[36.3913,13.5994],[36.3948,13.6559],[36.3984,13.676],[36.4582,13.8201],[36.4554,13.87],[36.438,13.92],[36.4325,13.9445],[36.4321,13.9699],[36.4366,13.9912],[36.5264,14.2635]],[[36.0385,12.7175],[36.0506,12.7155],[36.0721,12.7031],[36.0994,12.6957]],[[34.8276,10.7278],[34.8385,10.7291],[34.8513,10.7458],[34.8573,10.7636],[34.8574,10.7757],[34.8616,10.7876],[34.8798,10.8046],[34.9338,10.8453],[34.9507,10.8692],[34.9583,10.9034],[34.9528,10.9184],[34.9232,10.9399],[34.9136,10.953],[34.9143,10.964],[34.9803,11.1553],[34.9841,11.1864],[34.9714,11.2069],[34.954,11.2261],[34.9443,11.2532],[34.9471,11.2749],[35.0731,11.549],[35.0769,11.5686],[35.0744,11.5874],[35.0535,11.6281],[35.0463,11.6486],[35.0481,11.6895],[35.0406,11.7274],[35.0412,11.7476],[35.0482,11.7714],[35.0591,11.7959],[35.0727,11.8189],[35.088,11.8382],[35.1267,11.8629],[35.2156,11.8966],[35.2457,11.9299],[35.2478,11.9396],[35.2485,11.9625],[35.2514,11.9717],[35.2604,11.9804],[35.2978,12.0016],[35.3174,12.0237],[35.326,12.0475],[35.336,12.1023],[35.3537,12.146],[35.3613,12.1573],[35.3711,12.1655],[35.3929,12.1767],[35.4033,12.1851],[35.4125,12.1986],[35.4154,12.2111],[35.4181,12.239],[35.4288,12.267],[35.6169,12.5752],[35.6259,12.5851],[35.6344,12.5886],[35.6538,12.59],[35.6625,12.5937],[35.6724,12.6043],[35.6843,12.6508],[35.6841,12.6561],[35.6877,12.6592],[35.7028,12.666],[35.7284,12.6744],[36.0385,12.7175]],[[34.5748,10.8841],[34.5871,10.8793],[34.7081,10.7741],[34.7374,10.7554],[34.7507,10.7439],[34.757,10.7288],[34.7529,10.6987],[34.7544,10.6841],[34.7648,10.6803]],[[34.0707,9.4546],[34.0669,9.5312],[34.0982,9.6797],[34.2219,10.026],[34.2808,10.0801],[34.3035,10.1135],[34.305,10.1246],[34.3016,10.149],[34.3018,10.1603],[34.3174,10.1813],[34.3259,10.2236],[34.3249,10.2687],[34.2762,10.4887],[34.2717,10.5301],[34.2795,10.5655],[34.3656,10.6858],[34.4042,10.7598],[34.42,10.7808],[34.4373,10.7957],[34.5578,10.8778],[34.5748,10.8841]],[[34.8154,10.7313],[34.8276,10.7278]],[[34.7648,10.6803],[34.7729,10.6883],[34.7862,10.719],[34.7985,10.7297],[34.8154,10.7313]]]},"properties":{"rank":10}},{"type":"Feature","geometry":{"type":"MultiLineString","coordinates":[[[33.741,8.3671],[33.7562,8.3701],[33.7977,8.4056],[33.8081,8.4126],[33.8241,8.4195],[33.8409,8.424],[33.8752,8.4279],[33.9317,8.4281],[33.9503,8.4332],[33.9708,8.4454],[34.0696,8.5336],[34.0902,8.5565],[34.1032,8.5793],[34.1119,8.6266],[34.0707,9.4546]],[[33.5051,8.4749],[33.522,8.4653],[33.5371,8.4532],[33.5521,8.4468]],[[33.4131,8.4497],[33.4805,8.4577],[33.4899,8.4629],[33.4903,8.4665],[33.4848,8.474],[33.5051,8.4749]],[[33.6001,8.464],[33.6204,8.4607],[33.6517,8.4345],[33.6713,8.4003],[33.6955,8.3729],[33.741,8.3671]],[[33.5521,8.4468],[33.5712,8.4501],[33.5854,8.4581],[33.6001,8.464]],[[33.2527,8.4582],[33.3614,8.4343]],[[33.1209,7.7833],[33.1075,7.7852],[33.0854,7.795],[33.0583,7.798],[33.0513,7.8011],[33.0408,7.8248],[33.0235,7.8351],[33.015,7.8506],[32.9898,7.9172],[32.9936,7.9281],[33.0068,7.9425],[33.012,7.9533],[33.0216,7.9653],[33.0261,7.9863],[33.0311,7.9963],[33.0439,8.0135],[33.1006,8.071],[33.1113,8.0906],[33.1134,8.0991],[33.1175,8.1042],[33.1475,8.1091],[33.1648,8.1171],[33.1773,8.1271],[33.1851,8.1411],[33.1878,8.1609],[33.1847,8.1662],[33.1711,8.176],[33.168,8.1814],[33.1699,8.2055],[33.174,8.2146],[33.1816,8.2257],[33.1905,8.2324],[33.1999,8.2355],[33.2069,8.2407],[33.2083,8.2537],[33.1858,8.2645],[33.1644,8.2928],[33.1612,8.3046],[33.1718,8.3309],[33.1741,8.3431],[33.1723,8.3465],[33.1612,8.3561],[33.1619,8.3615],[33.1668,8.3683],[33.168,8.3728],[33.1679,8.3897],[33.1695,8.3974],[33.1741,8.4045],[33.1878,8.411],[33.2029,8.4141],[33.2104,8.4208],[33.2064,8.4306],[33.2352,8.4556],[33.2527,8.4582]],[[33.4002,8.4526],[33.4131,8.4497]],[[33.3614,8.4343],[33.3709,8.4374],[33.3846,8.448],[33.3921,8.4519],[33.4002,8.4526]],[[33.3471,7.719],[33.2916,7.7331],[33.2735,7.7492],[33.2578,7.7674],[33.2424,7.7807],[33.2015,7.7882],[33.1729,7.7996],[33.1645,7.8011]],[[33.1645,7.8011],[33.1321,7.7939],[33.1269,7.7916],[33.1209,7.7833]],[[33.5723,7.6852],[33.5509,7.6913],[33.5404,7.6989],[33.5265,7.7171],[33.5168,7.7261],[33.5068,7.731],[33.4885,7.7362],[33.4795,7.7431],[33.4623,7.7495]],[[33.4623,7.7495],[33.4365,7.7486],[33.3933,7.7397],[33.3598,7.7193],[33.3471,7.719]],[[34.1324,7.1634],[34.1132,7.1775],[34.0859,7.2115],[34.04,7.2473],[34.0336,7.2503],[34.0311,7.2554],[34.0306,7.3487],[34.0237,7.3824],[34.0065,7.4099],[33.8824,7.5361],[33.8525,7.5535],[33.8115,7.561],[33.7611,7.5981],[33.7294,7.6421],[33.7161,7.6572],[33.7066,7.6619],[33.675,7.6709],[33.6477,7.6886],[33.6372,7.6913]],[[33.6372,7.6913],[33.5723,7.6852]],[[35.2693,5.4918],[35.262,5.5119],[35.2234,5.543],[35.1433,5.5897],[35.0987,5.6225],[35.0882,5.6417],[35.0795,5.6998],[35.0653,5.7264],[34.9844,5.841],[34.9744,5.8631],[34.9727,5.8763],[34.9799,5.9128],[34.9768,5.924],[34.9604,5.9417],[34.9553,5.9526],[34.9557,5.9642],[34.9592,5.9755],[34.9698,5.9967],[34.9594,6.0617],[34.9515,6.0812],[34.9344,6.1024],[34.9155,6.1197],[34.8989,6.1387],[34.88,6.1876],[34.8447,6.2487],[34.8398,6.2687],[34.839,6.3276],[34.8326,6.3535],[34.7927,6.4217],[34.7843,6.4418],[34.7761,6.4994],[34.7539,6.5564],[34.7335,6.6376],[34.7266,6.6419],[34.7145,6.6557],[34.7096,6.674],[34.7035,6.6849],[34.6355,6.7298],[34.6185,6.7365],[34.5967,6.7392],[34.554,6.7393],[34.5363,6.7431],[34.5247,6.7529],[34.5179,6.7938],[34.5111,6.8143],[34.5247,6.8246],[34.5233,6.8442],[34.5191,6.8616],[34.5123,6.8768],[34.5037,6.89],[34.4392,6.9349],[34.2976,6.9686],[34.2945,6.9722],[34.2807,6.9801],[34.2757,6.9974],[34.2708,7.0034],[34.2299,7.0334],[34.22,7.0461],[34.2138,7.052],[34.206,7.0545],[34.1983,7.0644],[34.1958,7.087],[34.1958,7.129],[34.1909,7.1495],[34.1814,7.1672],[34.1678,7.1754]],[[34.1678,7.1754],[34.1511,7.1675],[34.1324,7.1634]]]},"properties":{"rank":10}},{"type":"Feature","geometry":{"type":"MultiLineString","coordinates":[[[22.5558,10.979],[22.5347,10.9805],[22.5119,11.0008]],[[22.5119,11.0008],[22.5028,10.9922]],[[22.5028,10.9922],[22.4908,10.9932],[22.4763,10.998],[22.4605,11.0008]],[[22.4605,11.0008],[22.4471,10.9983],[22.4376,10.9916],[22.4192,10.9707],[22.407,10.9631],[22.3918,10.9585],[22.3611,10.9536],[22.3394,10.9477],[22.3188,10.9394],[22.306,10.9326],[22.2872,10.9159],[22.2765,10.9085]],[[22.6383,10.9741],[22.6282,10.9761],[22.6008,10.9878]],[[22.6008,10.9878],[22.5771,10.9851],[22.5558,10.979]],[[22.8611,10.9192],[22.806,10.9245],[22.7451,10.9438],[22.7199,10.9647],[22.6827,10.9741],[22.6732,10.9751]],[[22.6732,10.9751],[22.6383,10.9741]],[[22.2765,10.9085],[22.2684,10.909],[22.253,10.9153]],[[22.253,10.9153],[22.2401,10.9059],[22.2294,10.892],[22.2006,10.8687],[22.1898,10.8373],[22.1764,10.8162]],[[22.1324,10.8285],[22.0486,10.837]],[[22.0486,10.837],[22.0295,10.8287],[22.0183,10.8099],[22.0114,10.7893],[22.0049,10.7755],[22.0146,10.7546],[22.0039,10.7433],[21.9431,10.7283],[21.9256,10.7201],[21.895,10.6992],[21.8721,10.6776],[21.8684,10.6762],[21.8636,10.6679]],[[22.1764,10.8162],[22.1482,10.8308]],[[22.1482,10.8308],[22.1324,10.8285]],[[21.8636,10.6679],[21.8528,10.6702],[21.8329,10.6799]],[[21.8329,10.6799],[21.8226,10.6788],[21.7849,10.6693],[21.7742,10.6552],[21.7684,10.652],[21.7534,10.6507],[21.7365,10.6462],[21.7226,10.6367],[21.7168,10.621],[21.7147,10.6014],[21.7055,10.5718],[21.7033,10.5524],[21.7055,10.532],[21.7147,10.4937],[21.7168,10.4773],[21.7205,10.468],[21.7442,10.4391],[21.7428,10.4258],[21.7436,10.419],[21.7511,10.4118],[21.7205,10.3608],[21.7168,10.3398],[21.7178,10.329],[21.723,10.306],[21.7188,10.2966],[21.7089,10.2935],[21.6974,10.2924],[21.6889,10.2889],[21.677,10.2692],[21.6689,10.2492],[21.6563,10.2337],[21.6306,10.2274],[21.6253,10.2245],[21.5934,10.2145]],[[21.5793,10.2123],[21.545,10.22]],[[21.545,10.22],[21.5132,10.2005],[21.4854,10.1643],[21.4333,10.0461],[21.4069,10.0056],[21.3743,9.9731],[21.3395,9.9599]],[[21.5934,10.2145],[21.5897,10.2166]],[[21.5897,10.2166],[21.5793,10.2123]],[[21.3395,9.9599],[21.3261,9.9628],[21.2851,9.9786],[21.2713,9.9872]],[[21.2713,9.9872],[21.2569,9.9757],[21.2057,9.9168],[21.1984,9.903],[21.1954,9.8873],[21.1873,9.8851],[21.132,9.8494],[21.1217,9.8319],[21.1068,9.7954],[21.1068,9.7781],[21.1052,9.774]],[[21.1052,9.774],[21.097,9.7754]],[[21.097,9.7754],[21.0931,9.7743],[21.0732,9.7576],[21.0658,9.7545]],[[21.0658,9.7545],[21.0622,9.7562],[21.0529,9.7659],[21.0484,9.7682]],[[21.0484,9.7682],[21.0427,9.7671],[21.0378,9.7607],[21.0256,9.7533],[21.0174,9.7436],[21.0143,9.7245],[21.0001,9.6974],[20.9969,9.6822],[20.9961,9.6483],[20.99,9.6356],[20.9758,9.631],[20.9758,9.6242],[20.9818,9.6168],[20.9831,9.6037]],[[20.9831,9.6037],[20.9676,9.6106]],[[20.9676,9.6106],[20.9623,9.6069],[20.9605,9.5981],[20.956,9.5894],[20.9343,9.5771],[20.9251,9.5696],[20.9212,9.559],[20.9127,9.5443],[20.8742,9.5025],[20.8638,9.4938],[20.8414,9.4844],[20.8343,9.4625],[20.8327,9.4373],[20.8261,9.4181],[20.8203,9.4162]],[[20.8203,9.4162],[20.802,9.4255]],[[20.802,9.4255],[20.7982,9.4234],[20.7924,9.414],[20.7765,9.4078],[20.7666,9.3866],[20.7579,9.3771]],[[20.7579,9.3771],[20.7505,9.3845]],[[20.7505,9.3845],[20.7409,9.3771],[20.6958,9.3635],[20.6549,9.343],[20.6679,9.302],[20.6167,9.302]],[[20.5723,9.3082],[20.5509,9.3203],[20.5418,9.3216]],[[20.5418,9.3216],[20.5382,9.3119],[20.5373,9.2992],[20.5337,9.2896],[20.5264,9.2836],[20.5142,9.2815],[20.4961,9.2709],[20.5027,9.2474],[20.513,9.2239],[20.5072,9.2133],[20.4818,9.2047],[20.4676,9.1841],[20.4554,9.1593],[20.4352,9.1381]],[[20.5923,9.3081],[20.5736,9.3091]],[[20.5736,9.3091],[20.5723,9.3082]],[[20.6167,9.302],[20.5929,9.3082]],[[20.5929,9.3082],[20.5923,9.3081]],[[20.1546,9.1164],[20.1376,9.1218],[20.1257,9.1338],[20.1171,9.1457],[20.1096,9.1512]],[[20.1096,9.1512],[20.101,9.1481],[20.0994,9.1307]],[[20.257,9.1164],[20.223,9.1419],[20.2126,9.145]],[[20.2126,9.145],[20.198,9.1405],[20.1695,9.1209],[20.1546,9.1164]],[[20.4352,9.1381],[20.4231,9.1432]],[[20.4231,9.1432],[20.4124,9.1421],[20.3783,9.1201],[20.3594,9.1164]],[[20.0994,9.1307],[20.0906,9.1311],[20.0769,9.1367],[20.0687,9.1381]],[[20.0687,9.1381],[20.0605,9.1344],[20.0312,9.1102],[20.0284,9.1046],[20.0303,9.0939],[20.0243,9.0898]],[[20.3594,9.1164],[20.2768,9.1207]],[[20.2768,9.1207],[20.257,9.1164]],[[20.0243,9.0898],[20.0179,9.091],[20.0144,9.1063],[20.0069,9.1102]],[[20.0069,9.1102],[20.0029,9.1085],[19.9995,9.1043],[19.993,9.0846],[19.9855,9.0832]],[[19.9855,9.0832],[19.9765,9.0842]],[[19.9765,9.0842],[19.969,9.0829],[19.9434,9.0659],[19.9287,9.0626]],[[19.9287,9.0626],[19.9145,9.0693]],[[19.9145,9.0693],[19.9022,9.0518],[19.8895,9.0464]],[[19.8895,9.0464],[19.8055,9.0511]],[[19.8055,9.0511],[19.7847,9.0488],[19.7584,9.042],[19.7382,9.0394],[19.714,9.0291],[19.709,9.0246],[19.7,9.0206]],[[19.6401,9.014],[19.6136,9.0317]],[[19.6136,9.0317],[19.5831,9.0253],[19.5538,9.0133]],[[19.2955,9.0095],[19.2858,9.0128],[19.2752,9.022],[19.2632,9.0283]],[[19.2632,9.0283],[19.2534,9.028],[19.2329,9.0223],[19.192,9.0202],[19.1796,9.0153],[19.1746,9.0038],[19.1688,9.0022]],[[19.7,9.0206],[19.6564,9.0213]],[[19.6564,9.0213],[19.6401,9.014]],[[19.3694,9.0004],[19.3522,9.0021],[19.3333,9.0066],[19.3163,9.0131],[19.3048,9.0208]],[[19.3048,9.0208],[19.2955,9.0095]],[[19.4302,9.0129],[19.421,9.0174]],[[19.421,9.0174],[19.3826,9.0032],[19.3694,9.0004]],[[19.1267,9.0072],[19.1006,9.0153]],[[19.1006,9.0153],[19.0607,9.0042],[19.0219,8.9852],[18.9995,8.9696],[18.9848,8.9564],[18.9785,8.9495],[18.9759,8.942],[18.9719,8.9382],[18.9521,8.932],[18.9364,8.9234],[18.9286,8.9217],[18.9229,8.9182],[18.9177,8.8988],[18.9106,8.8942],[18.9014,8.894]],[[19.5538,9.0133],[19.5308,9.014]],[[19.5308,9.014],[19.5213,9.0088]],[[19.5213,9.0088],[19.5158,9.0095],[19.5066,9.014]],[[19.5066,9.014],[19.4302,9.0129]],[[19.1688,9.0022],[19.1421,9.0087]],[[19.1421,9.0087],[19.1336,9.0072],[19.1267,9.0072]],[[18.9014,8.894],[18.8927,8.8979]],[[18.8927,8.8979],[18.8697,8.8641],[18.8698,8.8494],[18.8865,8.8358]],[[18.903,8.8448],[18.9097,8.8353],[18.9125,8.8184],[18.9173,8.8051],[18.9291,8.7965],[19.0487,8.7457],[19.0578,8.7297],[19.0735,8.7205],[19.1039,8.698],[19.1241,8.6751],[19.0915,8.6529],[19.0817,8.6372],[19.0613,8.6256],[19.0205,8.5456],[18.9205,8.4321],[18.9104,8.413],[18.9013,8.3886],[18.8875,8.371],[18.8549,8.3398],[18.813,8.2764],[18.7912,8.2574],[18.7738,8.2486],[18.7151,8.2287],[18.6726,8.2075],[18.6386,8.1776],[18.6186,8.1387],[18.6179,8.0901],[18.5893,8.0479],[18.5083,8.0307],[18.0705,8.0192],[17.9772,7.9972],[17.8979,7.9675],[17.8588,7.9604]],[[18.8865,8.8358],[18.903,8.8448]],[[17.8588,7.9604],[17.8172,7.9621],[17.6798,7.9852],[17.6618,7.9863]],[[17.6618,7.9863],[17.6399,7.985],[17.6207,7.9787],[17.6,7.9504],[17.5808,7.9406],[17.5598,7.9347],[17.5238,7.931],[17.5037,7.9262],[17.4872,7.9145],[17.4783,7.8918],[17.4664,7.8841]],[[17.4664,7.8841],[17.4191,7.8982]],[[17.4191,7.8982],[17.406,7.883],[17.3857,7.8705],[17.2509,7.8228],[17.2346,7.8116],[17.2207,7.7982],[17.2145,7.7868],[17.2111,7.7683],[17.2046,7.7638]],[[16.7824,7.5411],[16.7686,7.5502],[16.7467,7.5866],[16.7098,7.6278],[16.6869,7.6458],[16.6632,7.6574],[16.6245,7.6687],[16.6142,7.6796],[16.6099,7.7016],[16.6118,7.7139],[16.6162,7.7239],[16.6181,7.7343],[16.6131,7.7482],[16.6052,7.7572],[16.5764,7.7678],[16.5602,7.7797],[16.5493,7.7947],[16.5449,7.813],[16.5502,7.8435],[16.5508,7.8527],[16.5487,7.87]],[[16.5487,7.87],[16.5092,7.8583],[16.4917,7.8492],[16.4757,7.8358],[16.4694,7.8258],[16.4572,7.7996],[16.4509,7.7921],[16.4374,7.7884]],[[16.4374,7.7884],[16.4181,7.7959],[16.4074,7.7961]],[[16.4074,7.7961],[16.3922,7.7836],[16.387,7.7626],[16.3871,7.6947],[16.383,7.6807],[16.3708,7.6725],[16.2828,7.6601],[16.2619,7.6519],[16.2273,7.6256],[16.2072,7.6135],[16.1856,7.6108]],[[17.2046,7.7638],[17.1964,7.7652]],[[17.1964,7.7652],[17.1886,7.7641],[17.1706,7.7475],[17.1355,7.7051],[17.1163,7.6869],[17.1019,7.6777]],[[17.1019,7.6777],[17.0955,7.6782],[17.0903,7.6838],[17.0791,7.6899],[17.0594,7.6965]],[[17.0594,7.6965],[17.0456,7.6847],[17.0411,7.6755],[17.0421,7.667],[17.039,7.6625]],[[17.039,7.6625],[17.0083,7.6676]],[[17.0083,7.6676],[16.9975,7.6667],[16.989,7.6608],[16.9819,7.6487]],[[16.9819,7.6487],[16.9627,7.6507]],[[16.9627,7.6507],[16.9196,7.6441],[16.8807,7.6329],[16.8655,7.6244],[16.8548,7.6115],[16.8472,7.5916],[16.8481,7.5847],[16.8558,7.5754],[16.8539,7.5675],[16.8504,7.5659]],[[16.1856,7.6108],[16.1627,7.6111]],[[16.1627,7.6111],[16.1288,7.5995],[16.0652,7.5912],[16.043,7.5839],[16.0263,7.5749],[16.0123,7.5603],[15.9904,7.5294],[15.9757,7.5152],[15.9431,7.4953],[15.9253,7.4882],[15.7939,7.458],[15.7583,7.4556]],[[16.8504,7.5659],[16.8367,7.5675]],[[16.8367,7.5675],[16.8129,7.5477],[16.8055,7.5437],[16.7824,7.5411]],[[15.5519,7.5099],[15.5156,7.5122],[15.481,7.5233]],[[15.7583,7.4556],[15.72,7.4686],[15.6685,7.5163],[15.6248,7.5197]],[[15.6248,7.5197],[15.5519,7.5099]]]},"properties":{"rank":10}},{"type":"Feature","geometry":{"type":"MultiLineString","coordinates":[[[11.7681,2.2802],[11.7527,2.2819],[11.7014,2.2987],[11.681,2.3154],[11.6712,2.321],[11.6573,2.3225]],[[11.6573,2.3225],[11.6446,2.3197],[11.6186,2.3104],[11.3516,2.3006],[11.3498,2.2915],[11.3543,2.2785],[11.356,2.2652],[11.35,2.2511],[11.3359,2.2292],[11.3324,2.188],[11.3285,2.1763],[11.3221,2.1658]],[[12.3849,2.2859],[12.3668,2.2896],[12.334,2.3096],[12.3216,2.3141]],[[12.3216,2.3141],[12.3121,2.3129],[12.2912,2.3018],[12.261,2.2962],[12.2226,2.2833],[12.2026,2.2796]],[[12.5515,2.2723],[12.4784,2.2959],[12.4399,2.2985]],[[12.4399,2.2985],[12.3849,2.2859]],[[12.0419,2.284],[11.9662,2.2888]],[[11.9662,2.2888],[11.8898,2.2821]],[[12.2026,2.2796],[12.1592,2.2814],[12.1188,2.2878],[12.1007,2.2885]],[[12.1007,2.2885],[12.0419,2.284]],[[11.8898,2.2821],[11.8022,2.2848]],[[11.8022,2.2848],[11.7681,2.2802]],[[13.2216,2.2639],[13.2123,2.264],[13.2057,2.2669],[13.1917,2.2777],[13.1638,2.2832],[13.1333,2.2845]],[[13.1333,2.2845],[13.1247,2.2811],[13.1131,2.2727],[13.093,2.2535],[13.0835,2.2495],[13.0409,2.2442]],[[12.7499,2.2367],[12.6146,2.2569],[12.5907,2.2657],[12.5748,2.2777]],[[12.5748,2.2777],[12.5515,2.2723]],[[13.2946,2.1611],[13.2943,2.1858],[13.2984,2.2158],[13.2942,2.2305],[13.2846,2.2422],[13.2697,2.2557],[13.2542,2.2669],[13.2429,2.2715]],[[13.2429,2.2715],[13.2216,2.2639]],[[12.9722,2.2504],[12.9548,2.2532],[12.9248,2.264]],[[12.9248,2.264],[12.9145,2.2545],[12.9032,2.2504]],[[12.8678,2.245],[12.8481,2.2493],[12.8252,2.2592],[12.8082,2.264]],[[12.8082,2.264],[12.7956,2.2588],[12.7702,2.2407],[12.7499,2.2367]],[[13.0409,2.2442],[13.0129,2.2563],[12.9969,2.26]],[[12.9969,2.26],[12.9832,2.2535],[12.9722,2.2504]],[[12.9032,2.2504],[12.8905,2.2514],[12.8764,2.2572]],[[12.8764,2.2572],[12.8678,2.245]]]},"properties":{"rank":10}},{"type":"Feature","geometry":{"type":"MultiLineString","coordinates":[[[13.1644,1.5378],[13.1459,1.5634],[13.1296,1.5925],[13.1468,1.6123],[13.15,1.6363],[13.144,1.6818],[13.1478,1.7029],[13.1546,1.7217],[13.1575,1.7391],[13.1502,1.7563],[13.1628,1.7636],[13.173,1.7769],[13.1807,1.792],[13.191,1.8287],[13.1925,1.8447],[13.1883,1.8566],[13.1832,1.864],[13.1751,1.8821],[13.1622,1.8998],[13.1663,1.9044],[13.1782,1.9078],[13.1917,1.9351],[13.2102,1.9563],[13.2123,1.9664],[13.2066,1.9852],[13.2069,1.9936],[13.2213,2.0008],[13.2395,2.0207],[13.2455,2.0253],[13.2811,2.045],[13.2914,2.0689],[13.2949,2.1011],[13.2946,2.1611]],[[13.1955,1.2211],[13.1849,1.2225],[13.1818,1.2365],[13.1723,1.2429],[13.1603,1.2477],[13.1502,1.2566],[13.1692,1.2586],[13.1766,1.2709],[13.1804,1.2848],[13.1883,1.2914],[13.2024,1.2934],[13.2193,1.2992],[13.2336,1.3088],[13.243,1.3289],[13.2491,1.3324],[13.2513,1.3376],[13.2396,1.3565],[13.2384,1.4196],[13.2395,1.428],[13.2235,1.438],[13.2055,1.4864],[13.1849,1.4969],[13.1909,1.5111],[13.1897,1.5247],[13.1826,1.5365],[13.1713,1.5453]],[[13.1713,1.5453],[13.1644,1.5378]],[[14.0707,1.3751],[14.0495,1.3764],[14.0338,1.3876],[14.019,1.4021],[14.0008,1.413],[13.9836,1.4168],[13.7947,1.4344]],[[13.7947,1.4344],[13.7806,1.431],[13.7704,1.4004],[13.7582,1.3765],[13.7441,1.3703]],[[14.1816,0.5399],[14.2318,0.5426],[14.2453,0.5477],[14.3288,0.6212],[14.3354,0.6426],[14.3384,0.6939],[14.3673,0.7355],[14.4134,0.775],[14.4476,0.8162],[14.441,0.8628],[14.4376,0.8751],[14.4451,0.8833],[14.457,0.8903],[14.4662,0.8996],[14.4681,0.9132],[14.4604,0.9212],[14.4366,0.9333],[14.4175,0.9506],[14.4008,0.9703],[14.3867,0.9922],[14.3757,1.0156],[14.3601,1.0668],[14.3464,1.0871],[14.2985,1.1092],[14.2829,1.1301],[14.2747,1.1556],[14.2757,1.2311],[14.2731,1.2572],[14.2582,1.3197],[14.2522,1.3308],[14.2414,1.3392],[14.2215,1.3495],[14.2184,1.3606],[14.2065,1.3628],[14.1839,1.3808],[14.1445,1.3916],[14.1244,1.3936]],[[14.1244,1.3936],[14.1065,1.3889],[14.0707,1.3751]],[[13.7441,1.3703],[13.7244,1.378]],[[13.7244,1.378],[13.7175,1.3754],[13.6991,1.3628],[13.6715,1.3588]],[[13.6715,1.3588],[13.6621,1.3592]],[[13.6621,1.3592],[13.6422,1.3574],[13.6151,1.3374],[13.5792,1.3235],[13.5564,1.2928],[13.5434,1.2835],[13.51,1.2773],[13.4798,1.2771]],[[13.4798,1.2771],[13.4489,1.2831],[13.4139,1.2955],[13.3987,1.2969]],[[13.3987,1.2969],[13.3769,1.2944],[13.3574,1.2891],[13.3493,1.2816],[13.3429,1.2639],[13.326,1.2593],[13.3078,1.2567],[13.2892,1.234],[13.2709,1.226],[13.2502,1.2218]],[[13.2502,1.2218],[13.2158,1.2244]],[[13.2158,1.2244],[13.1955,1.2211]],[[14.1255,0.5462],[14.1816,0.5399]],[[13.9224,0.0],[13.9314,0.0116],[13.9329,0.0221],[13.9251,0.0344],[13.9014,0.0368],[13.8949,0.0437],[13.8907,0.1159],[13.8859,0.1403],[13.8762,0.1713],[13.8712,0.1964],[13.8758,0.2203],[13.9098,0.2709],[13.9452,0.3504],[13.9665,0.3731],[14.0404,0.4138],[14.0591,0.4353],[14.063,0.4559],[14.0568,0.4764],[14.0456,0.4973],[14.076,0.5395],[14.1255,0.5462]]]},"properties":{"rank":10}},{"type":"Feature","geometry":{"type":"MultiLineString","coordinates":[[[14.5607,12.7662],[14.5548,12.7669],[14.5511,12.7716],[14.549,12.7805],[14.549,12.8182],[14.531,12.8362],[14.5004,12.8591],[14.4901,12.8736],[14.4906,12.8863],[14.5061,12.9321],[14.5077,12.9524],[14.5047,12.969],[14.4963,12.9838],[14.4821,12.9988],[14.4354,13.0703],[14.4182,13.0811]],[[14.4182,13.0811],[14.0649,13.078]],[[14.5753,12.7449],[14.5707,12.7504],[14.5694,12.7694]],[[14.5694,12.7694],[14.5607,12.7662]],[[14.6645,12.716],[14.6481,12.7251],[14.6417,12.7309],[14.6243,12.7419],[14.6207,12.7479],[14.6184,12.7592],[14.6106,12.7623]],[[14.6106,12.7623],[14.604,12.7608],[14.5849,12.7464],[14.5753,12.7449]],[[14.7137,12.6525],[14.7021,12.669],[14.7168,12.7018],[14.7099,12.7182],[14.694,12.7237]],[[14.694,12.7237],[14.6645,12.716]],[[14.7862,12.6312],[14.7688,12.6332],[14.7587,12.6588],[14.7521,12.6689],[14.7433,12.6772],[14.7341,12.6804]],[[14.7341,12.6804],[14.7288,12.6772],[14.7137,12.6525]],[[14.8638,12.447],[14.8555,12.4545],[14.851,12.4552],[14.8496,12.457],[14.852,12.4747],[14.8638,12.4955],[14.8308,12.6182],[14.8192,12.6388]],[[14.8192,12.6388],[14.7862,12.6312]],[[14.9648,12.0924],[14.9507,12.1033],[14.9287,12.1286],[14.9031,12.1459],[14.898,12.1528],[14.8948,12.1674],[14.8999,12.1718],[14.9074,12.1735],[14.9116,12.1801],[14.9101,12.1904],[14.9009,12.2],[14.898,12.2075],[14.898,12.2195],[14.9031,12.2363],[14.9049,12.2484],[14.9063,12.318],[14.9083,12.3269],[14.8912,12.4027],[14.8775,12.4272],[14.8785,12.4431],[14.8775,12.447],[14.8659,12.4526]],[[14.8659,12.4526],[14.8619,12.452],[14.8638,12.447]],[[15.0863,11.7222],[15.0931,11.7229],[15.0972,11.7277],[15.096,11.7341],[15.0853,11.744],[15.0836,11.7482],[15.0891,11.7576],[15.1054,11.7727],[15.1109,11.7829],[15.0863,11.8405],[15.0798,11.8512],[15.0628,11.8535],[15.051,11.8616],[15.0442,11.8773],[15.042,11.9024],[15.047,11.9102],[15.0566,11.9184],[15.0634,11.9273],[15.0506,11.9529],[15.0483,11.9628],[15.0525,11.9672],[15.0812,11.9717],[15.0768,11.9828],[15.0597,11.9973],[15.0494,12.0119],[15.0537,12.0319],[15.0531,12.038],[15.0457,12.0461],[15.0406,12.0556],[15.0409,12.0676],[15.0446,12.0784],[15.0494,12.0846],[15.0304,12.1009],[15.0118,12.1086]],[[15.0118,12.1086],[14.9938,12.1067],[14.9768,12.0941],[14.9648,12.0924]],[[15.0798,11.7226],[15.0863,11.7222]],[[15.383,9.9302],[15.4394,9.9317],[15.6812,9.9913],[15.6379,10.03],[15.6028,10.041],[15.5361,10.0805],[15.4901,10.1201],[15.4907,10.1244],[15.4764,10.1327],[15.4392,10.1852],[15.3014,10.3117],[15.2906,10.329],[15.2843,10.3493],[15.2822,10.3746],[15.2784,10.3943],[15.2688,10.4063],[15.2556,10.417],[15.2412,10.4329],[15.2272,10.4701],[15.2183,10.4872],[15.1982,10.4965],[15.1866,10.5059],[15.1536,10.512],[15.1444,10.5163],[15.1382,10.5217],[15.1317,10.5407],[15.1323,10.5654],[15.1384,10.5897],[15.1485,10.6073],[15.1499,10.6231],[15.1423,10.6472],[15.0659,10.7931],[15.0631,10.8308],[15.0756,10.8735],[15.079,10.8981],[15.0727,10.9158],[15.0625,10.9307],[15.0352,10.9946],[15.0212,11.1825],[15.0283,11.2445],[15.0333,11.2603],[15.0564,11.2934],[15.0631,11.3099],[15.0623,11.32],[15.0525,11.3298],[15.0494,11.3373],[15.0494,11.3487],[15.0543,11.3641],[15.0606,11.4161],[15.067,11.4356],[15.0761,11.4533],[15.1223,11.5032],[15.1356,11.5308],[15.1239,11.5632],[15.0957,11.5982],[15.0852,11.6159],[15.0694,11.6608],[15.0665,11.6806],[15.0683,11.7001],[15.0761,11.7215],[15.0798,11.7226]],[[14.4405,9.9953],[14.7325,9.9238],[14.7726,9.9217]],[[14.8099,8.8086],[14.7939,8.8136],[14.3495,9.1684],[14.3311,9.2002],[14.3213,9.2432],[14.0365,9.5688],[13.9476,9.6378],[13.9459,9.6526],[14.0067,9.7393],[14.0885,9.8096],[14.1198,9.852],[14.1684,9.9477],[14.1735,9.975],[14.1817,9.9782],[14.4405,9.9953]],[[15.1555,9.9865],[15.2149,9.9841],[15.383,9.9302]],[[15.033,9.9429],[15.0612,9.9492],[15.0717,9.956],[15.0894,9.9722],[15.1007,9.9789],[15.1096,9.9815],[15.1555,9.9865]],[[14.8981,9.9605],[14.9441,9.9588],[15.0024,9.9451],[15.033,9.9429]],[[14.7726,9.9217],[14.8981,9.9605]],[[15.481,7.5233],[15.522,7.5761],[15.549,7.6308],[15.5622,7.6902],[15.5629,7.7924],[15.5094,7.804],[15.4879,7.805],[15.4407,7.8394],[15.4065,7.9216],[15.3453,8.136],[15.1837,8.4791],[15.1685,8.4986],[15.1107,8.5551],[15.0686,8.6239],[15.0519,8.6438],[15.0313,8.6587],[15.0058,8.6666],[14.9685,8.6722],[14.9551,8.6762],[14.9515,8.6828],[14.9515,8.6921],[14.9491,8.7043],[14.9401,8.7296],[14.9344,8.739],[14.9273,8.7451],[14.9199,8.7477],[14.9133,8.7524],[14.9083,8.7648],[14.8994,8.7743],[14.8599,8.8033],[14.846,8.811],[14.828,8.8132]],[[14.828,8.8132],[14.8099,8.8086]]]},"properties":{"rank":10}},{"type":"Feature","geometry":{"type":"LineString","coordinates":[[14.0649,13.078],[14.1774,12.5456],[14.1787,12.4683],[14.1854,12.447],[14.1851,12.4279],[14.1791,12.3973],[14.1798,12.3856],[14.1889,12.3704],[14.2022,12.3625],[14.2176,12.3593],[14.4231,12.3531],[14.4871,12.3378],[14.5144,12.3235],[14.5176,12.3134],[14.5124,12.2986],[14.5144,12.2894],[14.5215,12.2824],[14.5512,12.2604],[14.5621,12.2558],[14.5621,12.2484],[14.5485,12.2416],[14.5681,12.2277],[14.5883,12.2172],[14.6041,12.2043],[14.6106,12.1835],[14.6163,12.1789],[14.6515,12.1938],[14.6634,12.1876],[14.6683,12.1781],[14.6699,12.1674],[14.6506,12.1481],[14.6372,12.1242],[14.6199,12.0525],[14.6222,12.042],[14.6043,12.0304],[14.6063,12.0113],[14.6252,11.9681],[14.6271,11.9501],[14.6234,11.9165],[14.6121,11.885],[14.5907,11.7832],[14.5832,11.7664],[14.5465,11.7186],[14.5419,11.7098],[14.5433,11.7011],[14.5524,11.689],[14.5565,11.6875],[14.5735,11.6877],[14.5809,11.6833],[14.5886,11.6697],[14.6102,11.6468],[14.6214,11.6298],[14.6271,11.6097],[14.6276,11.5844],[14.6238,11.5635],[14.6162,11.5387],[14.6058,11.5147],[14.5938,11.4964],[14.5766,11.4873],[14.5249,11.4688],[14.504,11.4563],[14.4673,11.4239],[14.4463,11.4117],[14.3871,11.3934],[14.3682,11.383],[14.2792,11.3018],[14.2713,11.2986],[14.2443,11.2954],[14.2321,11.2903],[14.2046,11.2621],[14.1868,11.2492],[14.1655,11.2383],[14.1432,11.2327],[14.1226,11.2357],[14.0525,11.2652],[14.0131,11.2764],[13.9823,11.2763],[13.9439,11.2457],[13.9063,11.208],[13.8732,11.1665],[13.8492,11.1246],[13.8321,11.0848],[13.8201,11.0693],[13.782,11.0475],[13.7659,11.0339],[13.7548,11.0167],[13.7504,10.9962],[13.757,10.9582],[13.7444,10.9305],[13.5663,10.679],[13.5388,10.6214],[13.5013,10.4963],[13.4672,10.3076],[13.4448,10.2455],[13.4445,10.2325],[13.4514,10.2121],[13.453,10.2005],[13.4508,10.1872],[13.4349,10.1534],[13.4232,10.1385],[13.402,10.1224],[13.3784,10.1086],[13.3598,10.1005],[13.2813,10.0921],[13.248,10.0794],[13.2302,10.0453],[13.2305,10.0254],[13.2425,9.9927],[13.2464,9.9735],[13.2423,9.9498],[13.2187,9.913],[13.2111,9.8928],[13.2127,9.8701],[13.2229,9.8541],[13.252,9.8242],[13.2629,9.8017],[13.2605,9.7857],[13.2511,9.7692],[13.2413,9.7453],[13.2284,9.6779],[13.2235,9.6131],[13.1955,9.5422],[13.1303,9.5165],[13.0517,9.5045],[12.9824,9.4746],[12.969,9.4641],[12.9401,9.4271],[12.929,9.4161],[12.9207,9.4105],[12.862,9.3829],[12.8554,9.3781],[12.8484,9.3599],[12.8531,9.3566],[12.8816,9.3522],[12.8913,9.332],[12.8993,9.302],[12.8984,9.2624],[12.8946,9.244],[12.8884,9.2267],[12.8422,9.1444],[12.8221,9.0968],[12.821,9.0564],[12.8282,9.02],[12.8057,8.8315],[12.7945,8.7886],[12.7729,8.7591],[12.7596,8.7534],[12.7202,8.7565],[12.7089,8.7509],[12.7016,8.7392],[12.6928,8.7109],[12.6782,8.6787],[12.6604,8.6593],[12.558,8.6057],[12.5426,8.602],[12.5278,8.6049],[12.4955,8.6196],[12.4825,8.6232],[12.4643,8.6212],[12.4403,8.6066],[12.4244,8.5998],[12.4106,8.5985],[12.3963,8.6008],[12.3688,8.6096],[12.377,8.5951],[12.4005,8.5384],[12.4033,8.5242],[12.4039,8.4965],[12.3952,8.4873],[12.3651,8.4666],[12.3432,8.4327],[12.3313,8.4243],[12.3102,8.4213],[12.2718,8.4278],[12.25,8.4188],[12.227,8.3863],[12.2193,8.3432],[12.2218,8.2977],[12.2377,8.2169],[12.2368,8.197],[12.2291,8.1755],[12.1883,8.1178],[12.1826,8.0935],[12.1827,8.0547],[12.1882,8.0163],[12.1951,7.9917],[12.1978,7.9752],[12.1921,7.9607],[12.1543,7.9213],[12.055,7.7839],[12.019,7.7189],[12.0122,7.6983],[12.0091,7.6763],[12.0107,7.6552],[12.025,7.5966],[12.0211,7.5762],[12.0085,7.5649],[11.9928,7.554],[11.9662,7.5144],[11.8447,7.3964],[11.7827,7.3045],[11.7625,7.2856],[11.7446,7.2722],[11.7366,7.2633],[11.7424,7.2574],[11.7662,7.2529],[11.7802,7.2411],[11.83,7.1694],[11.8689,7.1271],[11.8813,7.102],[11.8722,7.0794],[11.8626,7.0754],[11.8451,7.0819],[11.834,7.083],[11.8203,7.0788],[11.8089,7.0719],[11.7664,7.0335],[11.7515,7.024],[11.7469,7.0054],[11.7411,6.9975],[11.7342,6.9951],[11.7186,6.9945],[11.7075,6.9918],[11.6972,6.9929],[11.6925,6.9916],[11.6885,6.9869],[11.6848,6.9738],[11.6811,6.9686],[11.6232,6.9323],[11.5618,6.8761],[11.5437,6.8507],[11.5381,6.8239],[11.5446,6.8089],[11.5666,6.7842],[11.5715,6.7662],[11.5689,6.7391],[11.5624,6.7125],[11.5334,6.6451],[11.5098,6.6123],[11.4826,6.5972],[11.4431,6.5933],[11.4167,6.572],[11.4018,6.5382],[11.3957,6.4967],[11.3894,6.4739],[11.3698,6.4558],[11.3442,6.4431],[11.3195,6.4373],[11.3085,6.4379],[11.2868,6.4432],[11.2759,6.4442],[11.2615,6.4326],[11.2555,6.43],[11.2483,6.431],[11.2317,6.4398],[11.1404,6.4303],[11.1135,6.434],[11.0971,6.4491],[11.0774,6.4967],[11.0606,6.574],[11.0574,6.613],[11.059,6.6527],[11.0559,6.7004],[11.0367,6.7405],[11.0026,6.7673],[10.9094,6.7843],[10.8775,6.8161],[10.8574,6.8598],[10.8482,6.9053],[10.8319,6.9452],[10.7991,6.9673],[10.7169,6.9981],[10.647,7.0351],[10.6206,7.0438],[10.6025,7.0581],[10.5972,7.1073],[10.5787,7.1308],[10.5642,7.1027],[10.5518,7.0663],[10.5433,7.0287],[10.5374,6.9521],[10.5212,6.9428],[10.5007,6.9128],[10.4966,6.8972],[10.496,6.8747],[10.2384,6.871],[10.2108,6.8792],[10.1898,6.8954],[10.1794,6.9149],[10.165,6.9885],[10.1569,7.0047],[10.1429,7.0077],[10.1195,6.9944],[9.8746,6.7877],[9.8512,6.7779],[9.8317,6.7836],[9.8123,6.793],[9.7885,6.7948],[9.7698,6.7737],[9.693,6.5313],[9.6805,6.5214],[9.6327,6.5212],[9.603,6.5152],[9.5881,6.5027],[9.5648,6.4586],[9.549,6.4432],[9.5286,6.433],[9.4826,6.416],[9.4531,6.3977],[9.4229,6.3394],[9.395,6.3225],[9.3548,6.3215],[9.341,6.314],[9.3274,6.2985],[9.2988,6.2384],[9.2733,6.2028],[9.1362,6.0925],[9.0439,5.9968],[9.0225,5.9658],[9.0099,5.9524],[8.9938,5.9441],[8.9885,5.9373],[8.9863,5.9088],[8.9827,5.8958],[8.965,5.8936],[8.9432,5.9014],[8.9217,5.9045],[8.9047,5.8881],[8.8912,5.8711],[8.8559,5.8475],[8.8452,5.831],[8.8471,5.8108],[8.8578,5.7949],[8.8666,5.7775],[8.8622,5.7523],[8.8446,5.7309],[8.8269,5.7178],[8.8193,5.7035],[8.8324,5.6782],[8.8526,5.6587],[8.8749,5.6414],[8.8937,5.6218],[8.9039,5.5951],[8.8995,5.571],[8.8843,5.5514],[8.8655,5.5335],[8.8505,5.514],[8.8443,5.4924],[8.8457,5.4728],[8.8493,5.4535],[8.8498,5.4324],[8.8432,5.41],[8.8217,5.3677],[8.8153,5.3435],[8.8164,5.3303],[8.8247,5.3061],[8.8257,5.2955],[8.7989,5.1596],[8.7917,5.1467],[8.7813,5.142],[8.7695,5.1399],[8.7583,5.1349],[8.7483,5.1242],[8.7289,5.0945],[8.7227,5.0812],[8.7079,5.0375],[8.6986,5.0178],[8.6837,4.997],[8.6444,4.9349],[8.6383,4.9168],[8.611,4.8967],[8.6022,4.8813],[8.6054,4.86],[8.6122,4.8319],[8.5942,4.8153]]},"properties":{"rank":10}},{"type":"Feature","geometry":{"type":"MultiLineString","coordinates":[[[5.5218,13.8803],[5.5543,13.8734],[6.1204,13.6541],[6.1424,13.6408]],[[5.2276,13.7413],[5.262,13.7477],[5.2735,13.7525],[5.3042,13.7739],[5.3181,13.7899],[5.3348,13.8267],[5.3463,13.8416],[5.3741,13.8553],[5.5218,13.8803]],[[4.8569,13.7741],[4.8798,13.764],[4.9024,13.743],[4.9251,13.7331],[4.9832,13.7297]],[[3.5964,11.6958],[3.6478,11.726],[3.6599,11.7381],[3.667,11.7597],[3.662,11.7795],[3.6497,11.7978],[3.6263,11.8225],[3.6186,11.8284],[3.6129,11.839],[3.6097,11.8488],[3.6039,11.9056],[3.6085,11.922],[3.6196,11.9363],[3.6366,11.9536],[3.6536,11.9868],[3.6489,12.021],[3.624,12.0942],[3.6245,12.1377],[3.6515,12.269],[3.6416,12.518],[3.6457,12.5285],[3.8644,12.6897],[3.9291,12.7504],[4.0888,12.9962],[4.1237,13.2336],[4.1258,13.473],[4.1905,13.475],[4.2205,13.4806],[4.2485,13.4941],[4.4058,13.6412],[4.4526,13.6738],[4.5067,13.6947],[4.8249,13.7707],[4.8569,13.7741]],[[5.0844,13.7475],[5.2276,13.7413]],[[4.9832,13.7297],[5.0844,13.7475]],[[13.36,13.7144],[13.6073,13.7041]],[[13.2508,13.5928],[13.2573,13.5942],[13.26,13.6021],[13.2586,13.6078],[13.2535,13.6149],[13.2538,13.6189],[13.2592,13.629],[13.2661,13.638],[13.306,13.6746],[13.3212,13.6851],[13.3207,13.7023],[13.3299,13.7094],[13.36,13.7144]],[[6.2298,13.6792],[6.3022,13.6638],[6.3689,13.6263],[6.5093,13.4961],[6.6725,13.3212],[6.7787,13.1303],[6.8379,13.0635],[6.8742,13.0305],[6.9066,13.0069],[6.9371,12.9954],[6.9705,12.9918]],[[6.1424,13.6408],[6.1528,13.6436],[6.2106,13.6753],[6.2298,13.6792]],[[13.2438,13.5933],[13.2508,13.5928]],[[13.1502,13.5227],[13.177,13.5345],[13.2039,13.5394],[13.2281,13.548],[13.2464,13.5711],[13.2322,13.5729],[13.2302,13.5778],[13.2395,13.5916],[13.2438,13.5933]],[[13.144,13.5506],[13.1537,13.5488],[13.1559,13.5408],[13.1502,13.5227]],[[13.1235,13.5227],[13.131,13.5298],[13.1384,13.5465],[13.144,13.5506]],[[13.0825,13.5506],[13.0825,13.5444],[13.077,13.5347],[13.0883,13.5306]],[[12.9117,13.4899],[12.9393,13.4951],[13.0293,13.5392],[13.0549,13.5484],[13.0825,13.5506]],[[13.1235,13.537],[13.1235,13.5227]],[[13.0883,13.5306],[13.1071,13.5316],[13.1235,13.537]],[[12.8838,13.496],[12.9117,13.4899]],[[12.8706,13.4789],[12.8797,13.4797],[12.8838,13.496]],[[12.8423,13.4891],[12.8578,13.4849],[12.8706,13.4789]],[[12.8263,13.4061],[12.8293,13.4066],[12.83,13.4094],[12.8293,13.4203],[12.8571,13.4507],[12.8702,13.4612],[12.8576,13.4753],[12.8506,13.4794],[12.8423,13.4817],[12.8423,13.4891]],[[12.8176,13.4073],[12.8263,13.4061]],[[12.7911,13.3718],[12.8052,13.373],[12.8048,13.3769],[12.7985,13.3843],[12.7945,13.3961],[12.7973,13.3996],[12.8176,13.4073]],[[12.7774,13.3867],[12.7833,13.3823],[12.7911,13.3718]],[[12.6743,13.2837],[12.6831,13.2889],[12.6901,13.312],[12.7017,13.3173],[12.7244,13.3223],[12.7408,13.3348],[12.7665,13.3657],[12.7733,13.3822],[12.7774,13.3867]],[[10.7713,13.3827],[10.953,13.3619]],[[9.8877,13.0755],[9.8918,13.0762],[9.8997,13.0843],[9.9044,13.0943],[9.9082,13.1188],[9.9124,13.1292],[9.9301,13.146],[10.1198,13.2501],[10.1615,13.2672],[10.675,13.3751],[10.7713,13.3827]],[[11.44,13.3644],[11.7423,13.2894],[11.8528,13.2454],[11.9919,13.1621],[12.038,13.1264],[12.0576,13.1168],[12.1164,13.1028]],[[10.953,13.3619],[11.44,13.3644]],[[7.824,13.3453],[8.0775,13.31],[8.1051,13.2997],[8.1166,13.2911],[8.1401,13.2691],[8.1676,13.2524],[8.2014,13.2264],[8.216,13.2196],[8.2457,13.2118],[8.2598,13.2052],[8.2731,13.1939],[8.298,13.1646],[8.3978,13.0754],[8.4052,13.0709],[8.419,13.0667]],[[7.3607,13.1026],[7.392,13.1125],[7.7556,13.3271],[7.7897,13.342],[7.824,13.3453]],[[12.63,13.3104],[12.6592,13.2866],[12.6743,13.2837]],[[12.6061,13.2742],[12.6133,13.2765],[12.6268,13.2883],[12.6288,13.2942],[12.63,13.3104]],[[12.6027,13.28],[12.6061,13.2742]],[[12.4727,13.0642],[12.4867,13.0708],[12.4912,13.0826],[12.4998,13.136],[12.5043,13.1396],[12.5345,13.1459],[12.5426,13.1548],[12.5479,13.1655],[12.5543,13.1875],[12.5383,13.1934],[12.5452,13.2082],[12.5582,13.2265],[12.5611,13.2428],[12.6027,13.28]],[[12.2014,13.1254],[12.2518,13.108],[12.2632,13.1019],[12.267,13.0952],[12.2692,13.0859],[12.2772,13.0845]],[[12.1164,13.1028],[12.1638,13.108],[12.1848,13.1221],[12.2014,13.1254]],[[7.2205,13.1216],[7.3248,13.1028],[7.3607,13.1026]],[[6.9705,12.9918],[7.0449,12.9922],[7.0687,12.9961],[7.0901,13.0064],[7.1374,13.0472],[7.1982,13.1174],[7.2205,13.1216]],[[12.301,13.0981],[12.311,13.0926],[12.3184,13.0839],[12.3257,13.0788]],[[12.2772,13.0845],[12.2915,13.0968],[12.301,13.0981]],[[12.3352,13.0845],[12.3516,13.0798],[12.4143,13.0776],[12.4373,13.074],[12.4564,13.0674],[12.4727,13.0642]],[[12.3257,13.0788],[12.3352,13.0845]],[[8.4708,13.0817],[8.4827,13.0816],[8.5096,13.0759],[8.5335,13.0646],[8.5772,13.0324],[8.5968,13.0114],[8.6255,12.9648],[8.6427,12.9444],[8.6793,12.9236],[8.9428,12.8472],[9.2694,12.8098]],[[8.419,13.0667],[8.4345,13.0751],[8.446,13.0787],[8.4708,13.0817]],[[9.8827,13.0762],[9.8877,13.0755]],[[9.5903,12.8014],[9.6115,12.8029],[9.6184,12.8058],[9.6407,12.8225],[9.8193,13.0292],[9.8528,13.0604],[9.872,13.0726],[9.8827,13.0762]],[[9.3779,12.8258],[9.5903,12.8014]],[[9.2694,12.8098],[9.3065,12.8098],[9.3598,12.8246],[9.3779,12.8258]]]},"properties":{"rank":10}},{"type":"Feature","geometry":{"type":"MultiLineString","coordinates":[[[2.8443,12.3992],[2.8923,12.3571],[2.9126,12.3463],[2.9226,12.3356],[2.9304,12.3233],[2.9368,12.3009],[2.945,12.2925],[2.9678,12.2826],[3.001,12.2789],[3.0094,12.2763],[3.0229,12.2525],[3.0634,12.1938],[3.2354,12.0395],[3.2385,12.0342],[3.252,12.0241],[3.2551,12.0188],[3.2576,11.9974],[3.2626,11.9747],[3.2699,11.9565],[3.2927,11.9187],[3.3155,11.8946],[3.3278,11.8864],[3.3416,11.8829]],[[2.7984,12.3812],[2.8086,12.3832],[2.8324,12.3841],[2.8443,12.3992]],[[2.7782,12.3819],[2.7984,12.3812]],[[2.7218,12.3443],[2.7323,12.3468],[2.7415,12.3541],[2.7575,12.3729],[2.7685,12.3801],[2.7782,12.3819]],[[2.7113,12.3512],[2.7218,12.3443]],[[2.6638,12.2916],[2.6729,12.2967],[2.6869,12.3184],[2.6951,12.3412],[2.7004,12.3471],[2.7113,12.3512]],[[2.6286,12.3008],[2.6638,12.2916]],[[2.6036,12.2878],[2.6217,12.2995],[2.6286,12.3008]],[[2.5861,12.294],[2.5986,12.2883],[2.6036,12.2878]],[[2.5237,12.2692],[2.5312,12.2697],[2.5506,12.2845],[2.5861,12.294]],[[2.4951,12.2832],[2.5163,12.2814],[2.519,12.2791],[2.5237,12.2692]],[[2.4777,12.2576],[2.488,12.2804],[2.4951,12.2832]],[[2.4595,12.2667],[2.467,12.265],[2.4726,12.2593],[2.4777,12.2576]],[[2.4309,12.248],[2.4437,12.2492],[2.4544,12.263],[2.4595,12.2667]],[[2.4079,12.2489],[2.4309,12.248]],[[2.4494,11.9775],[2.4567,11.9791],[2.4573,11.9962],[2.4553,12.0087],[2.4488,12.0134],[2.4393,12.0156],[2.4286,12.0204],[2.4183,12.0287],[2.4111,12.0368],[2.4056,12.0467],[2.3719,12.1404],[2.3621,12.1962],[2.3612,12.2189],[2.37,12.2363],[2.3942,12.2472],[2.4079,12.2489]],[[2.439,11.9813],[2.4494,11.9775]],[[2.3987,11.9488],[2.4074,11.9512],[2.4141,11.9587],[2.422,11.9732],[2.4289,11.9804],[2.439,11.9813]],[[2.3893,11.9501],[2.3987,11.9488]],[[2.3902,11.8965],[2.3882,11.9068],[2.3765,11.9241],[2.3752,11.935],[2.3809,11.9479],[2.3893,11.9501]],[[3.3691,11.8973],[3.3809,11.895],[3.3917,11.8888],[3.4028,11.8853],[3.4477,11.858],[3.4843,11.8452],[3.4954,11.8375],[3.5035,11.83],[3.537,11.7829],[3.5537,11.7697],[3.5717,11.7219],[3.5801,11.7174],[3.5894,11.7015],[3.5964,11.6958]],[[3.3416,11.8829],[3.3691,11.8973]]]},"properties":{"rank":10}},{"type":"Feature","geometry":{"type":"MultiLineString","coordinates":[[[2.3902,11.8965],[2.3541,11.7998],[2.34,11.7739],[2.3016,11.7315],[2.2908,11.7032],[2.2911,11.6748],[2.2874,11.6653],[2.2736,11.6521],[2.2201,11.6225],[2.147,11.5637],[2.0108,11.4269],[1.9834,11.414]],[[1.5632,11.426],[1.5693,11.4533],[1.4753,11.4608],[1.456,11.4647],[1.4396,11.4738]],[[1.4396,11.4738],[1.4338,11.4594],[1.4236,11.4539],[1.4111,11.4498],[1.3981,11.4403],[1.3898,11.4284],[1.3886,11.42],[1.3981,11.3987],[1.3817,11.3887],[1.359,11.3789],[1.3391,11.3661],[1.3304,11.3472],[1.3362,11.33],[1.3459,11.3163],[1.3479,11.3035],[1.3304,11.2888]],[[1.9834,11.414],[1.948,11.4167],[1.9058,11.4328],[1.8798,11.4449],[1.8676,11.4466]],[[1.8676,11.4466],[1.858,11.4403]],[[1.858,11.4403],[1.8406,11.4455]],[[1.8406,11.4455],[1.8215,11.4416],[1.7822,11.426],[1.7633,11.4247]],[[1.7633,11.4247],[1.7191,11.4278]],[[1.7191,11.4278],[1.7035,11.4229],[1.6844,11.4139],[1.6382,11.4042],[1.6211,11.3953],[1.6016,11.3887]],[[1.6016,11.3887],[1.5806,11.4271]],[[1.5806,11.4271],[1.5632,11.426]],[[1.3025,11.2888],[1.2962,11.2996],[1.2845,11.3127],[1.2733,11.3182]],[[1.2733,11.3182],[1.2684,11.3062],[1.2705,11.2983],[1.2804,11.2887],[1.2826,11.2789],[1.2811,11.2711],[1.2684,11.2479]],[[1.3304,11.2888],[1.3235,11.2971],[1.3163,11.2999]],[[1.3163,11.2999],[1.3093,11.2971],[1.3025,11.2888]],[[1.1809,11.2614],[1.1722,11.2615],[1.1735,11.2666],[1.166,11.278],[1.1563,11.2855]],[[1.1563,11.2855],[1.1459,11.2699],[1.1356,11.2601],[1.1306,11.2476],[1.1493,11.2172],[1.1532,11.1832],[1.1584,11.1659]],[[1.2684,11.2479],[1.2352,11.2635],[1.219,11.268],[1.2001,11.269]],[[1.2001,11.269],[1.1914,11.267],[1.1809,11.2614]],[[1.1584,11.1659],[1.1281,11.1789],[1.1175,11.179]],[[1.1175,11.179],[1.113,11.1739],[1.1062,11.1557],[1.1004,11.1516],[1.0623,11.1421],[1.0633,11.127]],[[1.0734,11.1339],[1.0828,11.1318],[1.0839,11.1277],[1.0828,11.1107],[1.0952,11.1044]],[[1.0633,11.127],[1.067,11.1283],[1.0734,11.1339]],[[1.097,11.1045],[1.1009,11.0704],[1.1072,11.0598],[1.1186,11.0482],[1.1175,11.0322],[1.1142,11.0277]],[[1.0952,11.1044],[1.097,11.1045]],[[1.035,11.0493],[1.028,11.0613],[1.0197,11.0657],[1.0079,11.0751],[0.9814,11.0801]],[[0.9814,11.0801],[0.9769,11.0784],[0.9559,11.0447],[0.9524,11.0424],[0.9518,11.0211],[0.9553,11.012],[0.9633,11.0083],[0.9691,11.0029],[0.97,10.9912],[0.9675,10.9795],[0.9633,10.9741]],[[1.1142,11.0277],[1.1068,11.0344],[1.097,11.0493],[1.0869,11.0527],[1.0561,11.0561]],[[1.0561,11.0561],[1.0413,11.0496],[1.035,11.0493]],[[0.9633,10.9741],[0.932,10.9761],[0.9015,10.9927]]]},"properties":{"rank":10}},{"type":"Feature","geometry":{"type":"MultiLineString","coordinates":[[[-0.1033,11.0875],[-0.1217,11.0922],[-0.1421,11.1033],[-0.1587,11.1184],[-0.1661,11.135]],[[0.1799,10.3942],[0.126,10.4916],[0.1102,10.5082],[0.0573,10.5411],[0.049,10.551],[0.0373,10.5732],[0.0294,10.5825],[0.0203,10.588],[-0.0109,10.5983],[-0.0334,10.6151],[-0.0565,10.618],[-0.0684,10.6211],[-0.0793,10.6263],[-0.0881,10.6335],[-0.0983,10.6542],[-0.0977,10.675],[-0.0881,10.7144],[-0.0828,10.7562],[-0.0752,10.7737],[-0.0611,10.7914],[-0.0407,10.805],[-0.0321,10.8132],[-0.0302,10.8238],[-0.0353,10.8434],[-0.0361,10.8531],[-0.0144,10.9536],[-0.0096,10.963],[-0.0016,10.9713],[0.0072,10.9768],[0.0142,10.9837],[0.0166,10.9962],[0.0194,11.0316],[0.0162,11.0626],[0.0011,11.086],[-0.0323,11.0986]],[[-0.0323,11.0986],[-0.0511,11.0983],[-0.085,11.0894],[-0.1033,11.0875]],[[0.2332,10.3986],[0.2236,10.4],[0.1971,10.4103]],[[0.1971,10.4103],[0.1875,10.3949],[0.1799,10.3942]],[[0.3088,10.2971],[0.3176,10.3173],[0.3071,10.3333],[0.29,10.3485],[0.2788,10.3666],[0.2836,10.3858],[0.2831,10.3968],[0.2732,10.4066],[0.263,10.4089]],[[0.263,10.4089],[0.2332,10.3986]],[[0.3827,10.0296],[0.3939,10.0325],[0.3981,10.0521],[0.3951,10.0724],[0.3871,10.0789],[0.3761,10.0816],[0.3634,10.0897],[0.3536,10.1155],[0.3588,10.1863],[0.3572,10.22],[0.3644,10.2334],[0.3673,10.2498],[0.372,10.2651],[0.3966,10.2832],[0.3762,10.2999],[0.3666,10.3045]],[[0.3666,10.3045],[0.3227,10.2973],[0.3088,10.2971]],[[0.3673,10.0321],[0.3827,10.0296]],[[0.3187,9.6486],[0.3367,9.6508],[0.3471,9.6632],[0.3499,9.6807],[0.3476,9.6988],[0.343,9.7135],[0.3291,9.7313],[0.3239,9.7421],[0.3224,9.7607],[0.3439,9.8384],[0.3442,9.8498],[0.3397,9.8898],[0.3417,9.9038],[0.3498,9.919],[0.3696,9.9388],[0.3702,9.947],[0.3634,9.9668],[0.3514,9.9905],[0.3498,9.9972],[0.3517,10.0064],[0.3551,10.0126],[0.3557,10.019],[0.3498,10.0288],[0.3673,10.0321]],[[0.2753,9.6856],[0.3019,9.6578],[0.3187,9.6486]],[[0.3088,9.6037],[0.2776,9.607],[0.2617,9.6279],[0.261,9.6572],[0.2753,9.6856]],[[0.3546,9.5711],[0.3708,9.5756],[0.3777,9.5894],[0.3692,9.6101],[0.3494,9.6139]],[[0.3494,9.6139],[0.3088,9.6037]],[[0.3224,9.5831],[0.3362,9.5742],[0.3546,9.5711]],[[0.2805,9.5702],[0.3046,9.5716],[0.3224,9.5831]],[[0.2302,9.5757],[0.2805,9.5702]],[[0.2535,9.5143],[0.2431,9.5187],[0.2234,9.5348],[0.2231,9.5412],[0.2277,9.5693],[0.2302,9.5757]],[[0.2499,9.4169],[0.2314,9.419],[0.2268,9.4323],[0.235,9.4438],[0.2279,9.4597],[0.2281,9.474],[0.2697,9.4823],[0.2853,9.4884],[0.2981,9.4971],[0.3019,9.5075],[0.2931,9.5183],[0.279,9.519]],[[0.279,9.519],[0.2535,9.5143]],[[0.4447,8.9966],[0.4313,9.0276],[0.4416,9.0582],[0.4585,9.0892],[0.4637,9.1215],[0.4636,9.1371],[0.47,9.1467],[0.4926,9.1668],[0.5047,9.1872],[0.5044,9.2031],[0.492,9.2389],[0.4929,9.2586],[0.5011,9.2682],[0.5124,9.2747],[0.5225,9.2851],[0.5266,9.2977],[0.5283,9.327],[0.5376,9.3776],[0.5314,9.4011],[0.5133,9.4168],[0.4828,9.4279],[0.4894,9.441],[0.4917,9.4513],[0.4899,9.4611],[0.4835,9.47],[0.4304,9.4892],[0.4117,9.4922]],[[0.4117,9.4922],[0.3714,9.49],[0.3489,9.486],[0.3338,9.4795],[0.3288,9.4716],[0.3257,9.4513],[0.3218,9.4428],[0.3142,9.4365],[0.2685,9.4206],[0.2499,9.4169]],[[0.4625,8.7883],[0.4735,8.7935],[0.477,8.8068],[0.4785,8.8223],[0.4835,8.8348],[0.5056,8.8663],[0.4931,8.9152],[0.4449,8.9966]],[[0.4449,8.9966],[0.4447,8.9966]],[[0.4301,8.7947],[0.4625,8.7883]],[[0.4078,8.7591],[0.4183,8.7706],[0.425,8.7873],[0.4196,8.7912],[0.4301,8.7947]],[[0.3853,8.7861],[0.3971,8.7815],[0.4078,8.7591]],[[0.6123,7.6994],[0.6095,7.719],[0.6117,7.7713],[0.6026,7.8284],[0.6034,7.8883],[0.5929,7.9593],[0.5932,8.0157],[0.584,8.053],[0.5803,8.1001],[0.575,8.1246],[0.5799,8.1317],[0.5878,8.1377],[0.5933,8.1507],[0.5915,8.1645],[0.5768,8.1805],[0.5727,8.191],[0.5738,8.2039],[0.579,8.2078],[0.5867,8.2088],[0.595,8.2127],[0.6283,8.2425],[0.6451,8.2534],[0.6892,8.2729],[0.7052,8.2828],[0.7128,8.298],[0.7088,8.3226],[0.7051,8.326],[0.6931,8.3279],[0.6892,8.3313],[0.6894,8.3461],[0.6851,8.3826],[0.6467,8.4142],[0.6338,8.452],[0.6163,8.4888],[0.5508,8.5193],[0.5248,8.538],[0.5006,8.5602],[0.4835,8.5798],[0.4435,8.6069],[0.4037,8.6621],[0.3744,8.7248],[0.3659,8.7743],[0.3727,8.7838],[0.3853,8.7861]],[[0.5834,7.7043],[0.6123,7.6994]],[[0.5664,7.3808],[0.5482,7.3833],[0.5167,7.411],[0.5006,7.455],[0.4956,7.5043],[0.4994,7.5624],[0.503,7.5747],[0.5093,7.5854],[0.5194,7.5952],[0.5325,7.601],[0.5485,7.6054],[0.5621,7.6123],[0.5677,7.6257],[0.5674,7.6529],[0.5705,7.6839],[0.5834,7.7043]],[[0.6776,6.5849],[0.6682,6.5858],[0.6594,6.6017],[0.6322,6.624],[0.6267,6.6449],[0.6353,6.6954],[0.6343,6.7116],[0.6258,6.7278],[0.6113,6.7415],[0.5938,6.7511],[0.5766,6.7547],[0.57,6.7635],[0.5411,6.8172],[0.5193,6.8322],[0.5161,6.8418],[0.5228,6.8628],[0.5439,6.8979],[0.5463,6.9148],[0.5345,6.9359],[0.506,6.9578],[0.4946,6.9731],[0.5091,6.9776],[0.5238,6.9787],[0.566,6.9897],[0.5789,6.9968],[0.598,7.0312],[0.5988,7.0747],[0.5943,7.1197],[0.5977,7.1589],[0.6218,7.2188],[0.6311,7.2652],[0.6444,7.3019],[0.6457,7.3236],[0.6297,7.3892],[0.623,7.3979]],[[0.623,7.3979],[0.5862,7.3844],[0.5664,7.3808]],[[1.1854,6.1005],[1.188,6.1356],[1.1762,6.1515],[1.0934,6.1609],[1.0797,6.1679],[1.0689,6.1803],[1.0558,6.2006],[1.0481,6.2094],[1.0331,6.2165],[1.0252,6.2223],[1.0097,6.2445],[0.9835,6.3246],[0.9073,6.3249],[0.8868,6.3304],[0.8739,6.3401],[0.8413,6.3792],[0.8162,6.3951],[0.7668,6.4194],[0.7457,6.4409],[0.7299,6.4651],[0.7179,6.4888],[0.7117,6.5134],[0.7135,6.54],[0.7198,6.5527],[0.7268,6.5621],[0.7274,6.5714],[0.7146,6.5839],[0.7055,6.5858]],[[0.7055,6.5858],[0.6776,6.5849]]]},"properties":{"rank":10}},{"type":"Feature","geometry":{"type":"MultiLineString","coordinates":[[[-2.6892,9.4887],[-2.6757,9.4717],[-2.6746,9.4575],[-2.6787,9.4255],[-2.6724,9.401],[-2.6724,9.374],[-2.6775,9.357],[-2.7031,9.3433],[-2.7133,9.3299],[-2.715,9.3111],[-2.7071,9.2956],[-2.693,9.2853],[-2.6755,9.2815],[-2.6598,9.2729],[-2.6612,9.2539],[-2.6731,9.2349],[-2.7048,9.2184],[-2.7165,9.2003],[-2.7339,9.1648],[-2.7552,9.1431],[-2.7594,9.1348],[-2.7613,9.0848],[-2.7654,9.0691],[-2.7748,9.055],[-2.7651,9.0495],[-2.7508,9.0374],[-2.737,9.0351],[-2.7113,9.0339],[-2.6861,9.0283],[-2.6608,9.0149],[-2.6543,8.9988],[-2.6533,8.9784],[-2.6377,8.9315],[-2.6317,8.927],[-2.6194,8.9236],[-2.6172,8.915],[-2.6159,8.8978],[-2.5956,8.8281],[-2.5967,8.8144],[-2.6073,8.8086],[-2.6146,8.8019],[-2.6172,8.7892],[-2.6122,8.781]],[[-2.6031,8.7851],[-2.5984,8.7695],[-2.5063,8.2093],[-2.5132,8.194],[-2.5581,8.1677],[-2.5718,8.1631]],[[-2.6122,8.781],[-2.6031,8.7851]],[[-2.5718,8.1631],[-2.5833,8.1643],[-2.596,8.1703],[-2.6043,8.1708]],[[-2.6043,8.1708],[-2.6107,8.1649],[-2.6176,8.1515],[-2.6219,8.1357],[-2.6194,8.1231],[-2.6062,8.0943],[-2.5998,8.0704],[-2.6007,8.0529],[-2.6106,8.04],[-2.6312,8.0296],[-2.6909,8.0097],[-2.7093,7.9967],[-2.7549,7.9444],[-2.7712,7.9307]],[[-2.7712,7.9307],[-2.7777,7.9396],[-2.7843,7.944]],[[-2.7843,7.944],[-2.7906,7.9433],[-2.7935,7.936],[-2.7979,7.8613],[-2.8012,7.8502],[-2.8092,7.8417],[-2.8314,7.8284],[-2.84,7.8202],[-2.8408,7.8152],[-2.8379,7.8023],[-2.8382,7.7968],[-2.8559,7.7716],[-2.9282,7.6177],[-2.9415,7.5772],[-2.9905,7.2707],[-2.9895,7.2589],[-2.9832,7.245],[-2.9721,7.2286],[-2.9728,7.215],[-2.9817,7.1955],[-3.0275,7.1384],[-3.0326,7.1284],[-3.0409,7.0783],[-3.0459,7.0712],[-3.0955,7.0552],[-3.1096,7.0464],[-3.2249,6.8494],[-3.2417,6.8109],[-3.2431,6.7748],[-3.2387,6.7646],[-3.2262,6.7486],[-3.2104,6.716],[-3.2301,6.6611],[-3.2355,6.6546],[-3.2539,6.6444],[-3.2611,6.6339],[-3.2625,6.6171],[-3.1836,6.2639],[-3.1688,6.2461],[-3.1394,6.2193],[-3.1181,6.1635],[-3.0878,5.9967],[-3.0732,5.961],[-3.0347,5.8907],[-3.0225,5.8545],[-3.02,5.8184],[-3.0298,5.7043]],[[-2.9648,5.7098],[-2.9749,5.6473],[-2.9695,5.6214],[-2.9459,5.6083]],[[-3.0298,5.7043],[-2.9648,5.7098]],[[-2.8775,5.6368],[-2.8063,5.6185],[-2.7934,5.6081],[-2.7856,5.595],[-2.7818,5.5789],[-2.7794,5.5265],[-2.7617,5.4549],[-2.7344,5.3911],[-2.7301,5.3732],[-2.7327,5.3557],[-2.7426,5.3431],[-2.7559,5.3407]],[[-2.9459,5.6083],[-2.9263,5.6107],[-2.8937,5.6304],[-2.8775,5.6368]],[[-2.7559,5.3407],[-2.7896,5.3469]],[[-2.7896,5.3469],[-2.7961,5.285],[-2.7933,5.2711],[-2.7793,5.2511],[-2.7749,5.2396],[-2.7796,5.2101],[-2.7788,5.201],[-2.757,5.1799],[-2.7666,5.161],[-2.7809,5.1509],[-2.8039,5.1476]],[[-2.8039,5.1476],[-2.8437,5.1491]]]},"properties":{"rank":10}},{"type":"Feature","geometry":{"type":"MultiLineString","coordinates":[[[-5.3655,10.2957],[-5.3857,10.2965],[-5.4025,10.3006],[-5.4162,10.3075],[-5.427,10.3169],[-5.4378,10.34],[-5.4438,10.3435],[-5.4599,10.3452],[-5.4742,10.3503],[-5.4753,10.3677],[-5.4875,10.3929],[-5.5051,10.4156],[-5.5226,10.4255]],[[-5.2336,10.3157],[-5.2798,10.3224],[-5.2966,10.323]],[[-5.2966,10.323],[-5.3041,10.3184],[-5.3155,10.3053],[-5.3271,10.3026],[-5.3385,10.3022]],[[-5.1684,10.2913],[-5.2176,10.3199]],[[-5.2176,10.3199],[-5.2336,10.3157]],[[-5.3385,10.3022],[-5.3438,10.3031],[-5.3533,10.3083]],[[-5.3533,10.3083],[-5.3608,10.2988],[-5.3655,10.2957]],[[-5.1049,10.2069],[-5.1171,10.208],[-5.1182,10.2125],[-5.1118,10.2237],[-5.1118,10.2787],[-5.1192,10.2935],[-5.1357,10.3043],[-5.1521,10.3056]],[[-5.1521,10.3056],[-5.1595,10.2923],[-5.1684,10.2913]],[[-5.0907,10.1779],[-5.0901,10.1888],[-5.0816,10.2069],[-5.0844,10.2274]],[[-5.0844,10.2274],[-5.0919,10.2143],[-5.0978,10.2093],[-5.1049,10.2069]],[[-5.0372,10.0838],[-5.0483,10.0854],[-5.0565,10.0971],[-5.0429,10.1033],[-5.0617,10.1101],[-5.0701,10.1102],[-5.061,10.1185],[-5.0376,10.1265],[-5.0395,10.1343],[-5.0647,10.1508],[-5.0707,10.161],[-5.0639,10.179]],[[-5.0639,10.179],[-5.0907,10.1779]],[[-4.928,9.8709],[-4.9367,9.874],[-4.9661,9.901],[-4.9673,9.9124],[-4.9529,9.9534],[-4.9657,9.9831],[-4.9769,9.9976],[-4.9814,10.0077],[-4.9602,10.0085],[-4.9564,10.022],[-4.9633,10.0403],[-4.9745,10.0555],[-4.9998,10.0695],[-5.0105,10.079],[-5.0156,10.0971]],[[-5.0156,10.0971],[-5.0255,10.0887],[-5.0372,10.0838]],[[-3.6063,9.9182],[-3.6233,9.9217],[-3.634,9.9292],[-3.6482,9.9446],[-3.6617,9.9489]],[[-3.6617,9.9489],[-3.6743,9.9353],[-3.6796,9.9322]],[[-3.6796,9.9322],[-3.6859,9.9335],[-3.699,9.9408],[-3.7065,9.9418]],[[-3.7065,9.9418],[-3.755,9.9359],[-3.7696,9.9313],[-3.7797,9.9247],[-3.7958,9.9077],[-3.8043,9.9014],[-3.8235,9.8957],[-3.8897,9.8945],[-3.9101,9.8885],[-3.9477,9.8644],[-3.9692,9.859],[-3.984,9.8512],[-3.9883,9.8348],[-3.9946,9.8208],[-4.0267,9.8203],[-4.035,9.8176],[-4.0503,9.8103],[-4.0537,9.7976],[-4.0599,9.7963]],[[-3.3483,9.887],[-3.359,9.8925],[-3.3766,9.9085],[-3.3892,9.9132],[-3.5465,9.9261]],[[-3.5465,9.9261],[-3.6063,9.9182]],[[-3.0591,9.7186],[-3.0771,9.7194],[-3.0946,9.7339],[-3.1044,9.7571],[-3.1169,9.8053],[-3.1369,9.8295],[-3.1601,9.8347],[-3.1826,9.8352],[-3.2,9.8454],[-3.2044,9.8654],[-3.2022,9.889],[-3.2026,9.9082],[-3.2148,9.9156]],[[-3.2148,9.9156],[-3.2302,9.9047],[-3.2641,9.8571],[-3.2779,9.8435],[-3.3017,9.8411]],[[-3.3017,9.8411],[-3.3118,9.8541],[-3.3136,9.8746],[-3.3127,9.8945],[-3.3172,9.9013]],[[-3.3172,9.9013],[-3.3483,9.887]],[[-4.8176,9.8365],[-4.8243,9.857],[-4.8385,9.8695],[-4.8583,9.8757],[-4.8817,9.8774],[-4.8901,9.8795],[-4.898,9.8889],[-4.9094,9.8911]],[[-4.9094,9.8911],[-4.9171,9.8865],[-4.928,9.8709]],[[-4.8004,9.7811],[-4.7919,9.7823],[-4.7759,9.788],[-4.7854,9.8048],[-4.7903,9.8275],[-4.7985,9.8425]],[[-4.7985,9.8425],[-4.8176,9.8365]],[[-4.0599,9.7963],[-4.0762,9.8038],[-4.1331,9.8204]],[[-4.1331,9.8204],[-4.1503,9.8183],[-4.1683,9.8048],[-4.197,9.765],[-4.2154,9.7549],[-4.2531,9.7501],[-4.2703,9.7439],[-4.2836,9.732],[-4.2675,9.7273],[-4.2978,9.6958],[-4.3033,9.6867],[-4.3005,9.6543],[-4.303,9.6417],[-4.3159,9.6166],[-4.3225,9.6089]],[[-4.8101,9.7818],[-4.8004,9.7811]],[[-4.7964,9.7545],[-4.8012,9.7665],[-4.8101,9.7743],[-4.8101,9.7818]],[[-4.77,9.7374],[-4.7832,9.7584]],[[-4.7832,9.7584],[-4.7964,9.7545]],[[-4.6811,9.6821],[-4.6815,9.6867],[-4.6866,9.6924],[-4.7001,9.6979],[-4.7055,9.7021],[-4.7091,9.7203],[-4.7128,9.7268],[-4.7244,9.7371],[-4.7333,9.7496],[-4.7383,9.7532],[-4.7486,9.7545]],[[-4.7486,9.7545],[-4.7586,9.7533],[-4.7621,9.7499],[-4.7605,9.7453],[-4.7548,9.7402],[-4.77,9.7374]],[[-4.4692,9.6518],[-4.5017,9.655],[-4.5159,9.6757],[-4.5136,9.694],[-4.5038,9.7199],[-4.5016,9.7371],[-4.504,9.742],[-4.51,9.7451],[-4.5178,9.7466]],[[-4.5178,9.7466],[-4.5359,9.7466],[-4.5391,9.7447],[-4.548,9.7203],[-4.5484,9.7068],[-4.5522,9.6965],[-4.5667,9.6924]],[[-2.7637,9.3919],[-2.7876,9.3937],[-2.8104,9.4111],[-2.9102,9.5427],[-2.9599,9.6386],[-2.9778,9.6852],[-2.99,9.7084],[-3.0057,9.7242],[-3.0246,9.7286]],[[-3.0246,9.7286],[-3.0591,9.7186]],[[-4.5667,9.6924],[-4.5783,9.6965],[-4.5927,9.7178],[-4.604,9.7272]],[[-4.604,9.7272],[-4.6169,9.7139],[-4.6287,9.7077],[-4.6411,9.706]],[[-4.6411,9.706],[-4.6558,9.7061]],[[-4.6558,9.7061],[-4.6547,9.7035],[-4.6648,9.6909],[-4.6811,9.6821]],[[-4.3712,9.583],[-4.3849,9.5894],[-4.3916,9.6003],[-4.4002,9.6331],[-4.4091,9.6477],[-4.4334,9.6535]],[[-4.4334,9.6535],[-4.4692,9.6518]],[[-4.3225,9.6089],[-4.3497,9.62],[-4.365,9.6242]],[[-4.365,9.6242],[-4.368,9.6084],[-4.3678,9.592],[-4.3712,9.583]],[[-2.6892,9.4887],[-2.7205,9.4592],[-2.7449,9.4081],[-2.7637,9.3919]]]},"properties":{"rank":10}},{"type":"Feature","geometry":{"type":"MultiLineString","coordinates":[[[-0.4679,15.0799],[-0.4586,15.0755],[-0.4356,15.0152],[-0.4257,15.0026],[-0.3977,15.0021]],[[-1.837,14.4796],[-1.7667,14.4832],[-1.6969,14.4961],[-1.3503,14.715],[-1.3077,14.7347],[-1.1167,14.7804],[-1.0786,14.7964],[-1.0433,14.8179],[-0.8362,14.9961],[-0.7828,15.0484],[-0.7529,15.0697],[-0.7197,15.0785],[-0.4679,15.0799]],[[-0.2367,15.0656],[-0.167,15.0497],[-0.0334,14.9959]],[[-0.3977,15.0021],[-0.3615,15.0177],[-0.2992,15.0547],[-0.2367,15.0656]],[[-0.0332,14.9959],[0.2185,14.911]],[[-0.0334,14.9959],[-0.0332,14.9959]],[[-1.9191,14.4859],[-1.837,14.4796]],[[-2.1198,14.1488],[-2.1043,14.1512],[-2.0359,14.1812],[-2.0273,14.1881],[-2.0234,14.1986],[-2.005,14.4442],[-1.9971,14.4707],[-1.967,14.4837],[-1.9191,14.4859]],[[-2.4617,14.2809],[-2.3856,14.2647],[-2.1519,14.1561],[-2.1198,14.1488]],[[-2.8673,14.0005],[-2.8409,14.043],[-2.6932,14.1232],[-2.6198,14.2036],[-2.5974,14.2223],[-2.5161,14.2679],[-2.4617,14.2809]],[[-2.9723,13.6245],[-2.965,13.6257],[-2.8952,13.6516],[-2.9234,13.746],[-2.9281,13.7996],[-2.9122,13.8379],[-2.8945,13.8666],[-2.8554,13.9962],[-2.8616,14.0017]],[[-2.8616,14.0017],[-2.8673,14.0005]],[[-3.2671,13.717],[-3.2404,13.708],[-3.1958,13.6749],[-3.1679,13.6721]],[[-3.4616,13.1658],[-3.4495,13.1688],[-3.4395,13.1849],[-3.4406,13.2028],[-3.4523,13.2375],[-3.4485,13.2658],[-3.4265,13.2742],[-3.2624,13.2839],[-3.2486,13.2928],[-3.284,13.5422],[-3.2692,13.5791],[-3.2639,13.6027],[-3.2597,13.6583],[-3.2663,13.6823],[-3.287,13.6978],[-3.2671,13.717]],[[-3.1251,13.6773],[-3.1,13.6627],[-3.0822,13.6462],[-3.0773,13.6368],[-3.0745,13.6221],[-3.0675,13.6068]],[[-3.1679,13.6721],[-3.146,13.6767],[-3.1251,13.6773]],[[-3.0191,13.6375],[-2.9948,13.635],[-2.9723,13.6245]],[[-3.0675,13.6068],[-3.056,13.6108],[-3.0386,13.6296],[-3.0191,13.6375]],[[-3.9777,13.4999],[-3.9703,13.4962],[-3.9645,13.4878],[-3.9593,13.4679],[-3.9561,13.4617],[-3.9475,13.4582],[-3.9234,13.4538],[-3.918,13.4511],[-3.9186,13.4403],[-3.9255,13.4363],[-3.9427,13.4319],[-3.963,13.4132],[-3.9716,13.4083],[-3.984,13.3965],[-3.9716,13.3868],[-3.9484,13.3808],[-3.9288,13.3803]],[[-4.1769,13.2724],[-4.166,13.2782],[-4.1471,13.2996],[-4.1316,13.3238],[-4.1147,13.3645],[-4.1043,13.3827],[-4.0875,13.398],[-4.0793,13.4021],[-4.0525,13.409],[-4.0435,13.4145],[-4.0282,13.4315],[-4.0054,13.4395],[-3.9902,13.4491],[-3.9769,13.4606],[-3.9716,13.47],[-3.9795,13.4754],[-3.9922,13.4762],[-3.998,13.4805],[-3.9845,13.4961],[-3.9777,13.4999]],[[-3.9089,13.382],[-3.8926,13.3789],[-3.8581,13.3655],[-3.8171,13.3547],[-3.7986,13.3471],[-3.7244,13.2888],[-3.6787,13.2617],[-3.5969,13.1994],[-3.5898,13.1974]],[[-3.9288,13.3803],[-3.9089,13.382]],[[-4.1958,13.2747],[-4.1769,13.2724]],[[-4.2462,13.1725],[-4.2348,13.1756],[-4.2278,13.1844],[-4.23,13.1931],[-4.2512,13.2048],[-4.2581,13.2141],[-4.2535,13.2291],[-4.2388,13.2468],[-4.2207,13.2628],[-4.2055,13.273],[-4.1958,13.2747]],[[-3.5766,13.1993],[-3.57,13.1968],[-3.5539,13.1803],[-3.5451,13.1745],[-3.5385,13.1734]],[[-3.5898,13.1974],[-3.5766,13.1993]],[[-4.3102,13.1756],[-4.2462,13.1725]],[[-4.2972,12.7121],[-4.2763,12.7147],[-4.2576,12.7209],[-4.244,12.7299],[-4.2341,12.7423],[-4.2133,12.8072],[-4.2119,12.8192],[-4.2246,12.8645],[-4.2213,12.9213],[-4.2293,12.949],[-4.2478,12.9719],[-4.2769,12.9962],[-4.2897,13.0135],[-4.3164,13.0709],[-4.3454,13.0971],[-4.3511,13.1061],[-4.3511,13.1183],[-4.3396,13.1353],[-4.327,13.1686],[-4.3102,13.1756]],[[-3.5161,13.1739],[-3.4616,13.1658]],[[-3.5385,13.1734],[-3.5161,13.1739]],[[-4.3689,12.739],[-4.3394,12.7328],[-4.3109,12.716],[-4.2972,12.7121]],[[-4.4749,12.7158],[-4.4643,12.7173],[-4.4353,12.7284],[-4.402,12.7366],[-4.3689,12.739]],[[-4.4817,12.7174],[-4.4749,12.7158]],[[-4.4358,12.3017],[-4.4061,12.3075],[-4.4154,12.3503],[-4.4516,12.4353],[-4.4437,12.4594],[-4.4266,12.4797],[-4.4076,12.4979],[-4.3934,12.5164],[-4.3869,12.5302],[-4.3872,12.534],[-4.3926,12.5374],[-4.4014,12.5504],[-4.4225,12.5972],[-4.4391,12.6133],[-4.4825,12.6463],[-4.4913,12.6628],[-4.4853,12.7147],[-4.4817,12.7174]],[[-4.4625,12.3282],[-4.4527,12.3203],[-4.4448,12.3094],[-4.4358,12.3017]],[[-4.6837,12.0591],[-4.6736,12.0597],[-4.6537,12.0691],[-4.6487,12.082],[-4.6467,12.098],[-4.6361,12.1176],[-4.6003,12.1376],[-4.5702,12.1389],[-4.5605,12.1495],[-4.5855,12.1972],[-4.4974,12.2687],[-4.4935,12.2728],[-4.4923,12.2788],[-4.494,12.2901],[-4.4905,12.3058],[-4.4907,12.3138],[-4.4882,12.3207],[-4.4772,12.3273],[-4.4625,12.3282]],[[-4.704,12.0615],[-4.6837,12.0591]],[[-4.8068,11.9963],[-4.7895,12.0018],[-4.7613,12.0066],[-4.7469,12.0151],[-4.739,12.0252],[-4.7251,12.0501],[-4.7146,12.059],[-4.704,12.0615]],[[-4.8472,12.0131],[-4.8262,12.0127],[-4.8068,11.9963]],[[-4.89,11.9979],[-4.8472,12.0131]],[[-4.9537,12.0051],[-4.9321,12.0031],[-4.9107,11.9981],[-4.89,11.9979]],[[-5.0047,11.9807],[-4.9942,11.9832],[-4.9845,11.9886],[-4.9755,11.9963],[-4.9537,12.0051]],[[-5.016,11.9813],[-5.0047,11.9807]],[[-5.0343,11.9793],[-5.016,11.9813]],[[-5.0738,11.9805],[-5.0343,11.9793]],[[-5.2825,11.8364],[-5.2752,11.8374],[-5.2682,11.8431],[-5.2482,11.8704],[-5.2095,11.9015],[-5.1829,11.9309],[-5.1678,11.9437],[-5.137,11.9531],[-5.1039,11.9728],[-5.0893,11.9793],[-5.0738,11.9805]],[[-5.3002,11.8464],[-5.2825,11.8364]],[[-5.3699,11.8202],[-5.3646,11.8218],[-5.3538,11.8317],[-5.319,11.8374],[-5.3065,11.846],[-5.3002,11.8464]],[[-5.3923,11.8324],[-5.3699,11.8202]],[[-5.3706,11.7911],[-5.3745,11.7953],[-5.406,11.8123],[-5.4122,11.8236],[-5.4124,11.8285],[-5.3923,11.8324]],[[-5.291,11.6045],[-5.3,11.6064],[-5.3076,11.6176],[-5.3078,11.629],[-5.2893,11.6604],[-5.2807,11.6995],[-5.2786,11.7215],[-5.2795,11.739],[-5.2871,11.7589],[-5.299,11.7727],[-5.3148,11.7825],[-5.3343,11.7908],[-5.3447,11.7939],[-5.3533,11.7945]],[[-5.3533,11.7945],[-5.3706,11.7911]],[[-5.5018,10.9702],[-5.4956,10.9962],[-5.5073,11.0569],[-5.5042,11.0727],[-5.4898,11.0821],[-5.3901,11.0947],[-5.373,11.0998],[-5.3563,11.1069],[-5.3325,11.1216],[-5.3223,11.1355],[-5.3162,11.1763],[-5.3067,11.1994],[-5.2753,11.2307],[-5.2629,11.2516],[-5.2609,11.2677],[-5.2679,11.372],[-5.2635,11.3902],[-5.2482,11.4032],[-5.2264,11.4135],[-5.2183,11.4222],[-5.2192,11.4351],[-5.2246,11.458],[-5.2247,11.5408],[-5.2339,11.576],[-5.2695,11.6041],[-5.2807,11.6058]],[[-5.2807,11.6058],[-5.291,11.6045]],[[-5.5226,10.4255],[-5.5171,10.44],[-5.509,10.4909],[-5.5052,10.4992],[-5.4817,10.5353],[-5.4681,10.5878],[-5.4711,10.5974],[-5.4785,10.6042],[-5.4774,10.6196],[-5.4705,10.6356],[-5.4606,10.6446],[-5.4759,10.6504],[-5.4821,10.6752],[-5.4826,10.6842],[-5.4731,10.7379],[-5.468,10.7527],[-5.4612,10.76],[-5.4465,10.7687],[-5.4453,10.787],[-5.4314,10.8447],[-5.4351,10.8569],[-5.447,10.878],[-5.4656,10.9479],[-5.4791,10.9755]],[[-5.4791,10.9755],[-5.5018,10.9702]]]},"properties":{"rank":10}},{"type":"Feature","geometry":{"type":"MultiLineString","coordinates":[[[-8.4854,7.558],[-8.4436,7.5371],[-8.4256,7.5019],[-8.4051,7.4313],[-8.393,7.3343],[-8.3877,7.315],[-8.3811,7.303],[-8.364,7.2789],[-8.3575,7.2657],[-8.3497,7.2347],[-8.333,7.2119],[-8.329,7.204],[-8.3285,7.1974],[-8.3306,7.1847],[-8.3297,7.1783],[-8.3262,7.1721],[-8.3115,7.1573],[-8.3054,7.1469],[-8.3026,7.1376],[-8.3012,7.1132],[-8.2841,7.0179],[-8.2866,6.9938],[-8.2941,6.9844],[-8.3146,6.9686],[-8.32,6.96],[-8.3209,6.9102],[-8.3337,6.8826],[-8.3288,6.8751],[-8.3206,6.8697],[-8.3157,6.8638],[-8.315,6.8503],[-8.3166,6.8363],[-8.325,6.8063],[-8.3375,6.7773],[-8.3518,6.7554],[-8.4613,6.6334],[-8.5336,6.5763],[-8.5471,6.56]],[[-8.5471,6.56],[-8.5495,6.5601]],[[-8.5495,6.5601],[-8.5672,6.5506],[-8.5661,6.5491],[-8.5727,6.5308],[-8.5773,6.528],[-8.5941,6.5239],[-8.6187,6.4928],[-8.5921,6.4897]],[[-8.5681,6.4904],[-8.5565,6.487],[-8.5453,6.4772],[-8.5156,6.4376],[-8.4972,6.4314]],[[-8.5921,6.4897],[-8.5681,6.4904]],[[-8.4675,6.4871],[-8.4612,6.4829],[-8.4496,6.4679],[-8.4183,6.4512],[-8.4051,6.4363],[-8.4065,6.4305],[-8.4139,6.4242],[-8.419,6.4076],[-8.4172,6.3982],[-8.406,6.3722],[-8.411,6.3632],[-8.4202,6.3581],[-8.4237,6.352],[-8.4118,6.34]],[[-8.4972,6.4314],[-8.4848,6.4416],[-8.4769,6.4601],[-8.4724,6.4786],[-8.4675,6.4871]],[[-8.3529,6.3611],[-8.3426,6.357],[-8.3224,6.3365]],[[-8.366,6.3501],[-8.3529,6.3611]],[[-8.3888,6.3551],[-8.3766,6.3547],[-8.366,6.3501]],[[-8.4118,6.34],[-8.4011,6.3504],[-8.3888,6.3551]],[[-8.31,6.3446],[-8.3027,6.3406],[-8.2977,6.3326],[-8.2951,6.3134],[-8.286,6.3101],[-8.2085,6.2925],[-8.1966,6.2881],[-8.1791,6.2769],[-8.1706,6.274]],[[-8.3224,6.3365],[-8.3175,6.337],[-8.31,6.3446]],[[-8.033,6.3018],[-8.0157,6.2978],[-7.9994,6.2867],[-7.9295,6.2708]],[[-8.1706,6.274],[-8.1544,6.2742],[-8.1406,6.2776],[-8.1066,6.2947],[-8.0601,6.3011],[-8.033,6.3018]],[[-7.9205,6.2738],[-7.9144,6.2717],[-7.91,6.2568],[-7.9066,6.252],[-7.8621,6.2164],[-7.8466,6.1975],[-7.8441,6.184],[-7.8574,6.1454],[-7.862,6.1244],[-7.8645,6.1017],[-7.8618,6.0815],[-7.8509,6.0676]],[[-7.9295,6.2708],[-7.9205,6.2738]],[[-7.8284,6.0807],[-7.8194,6.0801],[-7.8097,6.0712],[-7.8057,6.062],[-7.8024,6.0392],[-7.7992,6.0357],[-7.7887,6.0315],[-7.7865,6.0251],[-7.7886,6.0198],[-7.7977,6.0148],[-7.8,6.0102],[-7.7996,5.9745],[-7.7866,5.9582],[-7.7471,5.9376],[-7.7349,5.9256],[-7.7172,5.9008]],[[-7.8509,6.0676],[-7.8505,6.0722],[-7.8409,6.0774],[-7.8284,6.0807]],[[-7.6805,5.9409],[-7.674,5.9357],[-7.6631,5.9231],[-7.6483,5.9113],[-7.6306,5.9086],[-7.6291,5.9049],[-7.6085,5.8937],[-7.5842,5.8837],[-7.5791,5.8772],[-7.5872,5.8668],[-7.5795,5.8603],[-7.5663,5.8437],[-7.5591,5.8399]],[[-7.7172,5.9008],[-7.7032,5.9079],[-7.6915,5.9277],[-7.6805,5.9409]],[[-7.4786,5.8599],[-7.4465,5.8459],[-7.442,5.8113],[-7.4486,5.7691],[-7.4495,5.7324],[-7.431,5.654],[-7.3967,5.5851],[-7.3841,5.569]],[[-7.4944,5.8062],[-7.4866,5.8138],[-7.4817,5.8302],[-7.4786,5.8599]],[[-7.5278,5.8588],[-7.5311,5.842],[-7.5156,5.8392],[-7.5088,5.8262],[-7.5039,5.8121],[-7.4944,5.8062]],[[-7.5591,5.8399],[-7.5476,5.8454],[-7.5352,5.8558],[-7.5278,5.8588]],[[-7.3841,5.569],[-7.4051,5.5724]],[[-7.4051,5.5724],[-7.4119,5.5604],[-7.4071,5.5414],[-7.3936,5.524],[-7.4135,5.5228]],[[-7.4135,5.5228],[-7.42,5.5231]],[[-7.42,5.5231],[-7.4081,5.5118],[-7.4135,5.5035],[-7.4251,5.4942],[-7.4324,5.4796],[-7.4317,5.4419],[-7.4362,5.4313]],[[-7.4362,5.4313],[-7.4502,5.4387]],[[-7.4502,5.4387],[-7.45,5.4228],[-7.446,5.4049],[-7.4391,5.3878],[-7.4297,5.3743],[-7.4149,5.366]],[[-7.4044,5.368],[-7.3969,5.3664],[-7.3915,5.3477],[-7.3888,5.3284],[-7.3898,5.3171],[-7.4077,5.2899],[-7.4138,5.2667],[-7.4188,5.2605],[-7.4285,5.2561]],[[-7.4149,5.366],[-7.4044,5.368]],[[-7.4285,5.2561],[-7.4308,5.26],[-7.4309,5.2675],[-7.4352,5.2793],[-7.4301,5.2843],[-7.4285,5.2882],[-7.4399,5.2902]],[[-7.4399,5.2902],[-7.4424,5.2874],[-7.4682,5.2735],[-7.4757,5.2642],[-7.4799,5.2552],[-7.4905,5.2222],[-7.4823,5.1751],[-7.483,5.1582],[-7.4889,5.1407],[-7.5158,5.0918]],[[-7.5158,5.0918],[-7.5299,5.0974],[-7.5468,5.0977]],[[-7.5468,5.0977],[-7.5632,5.0902],[-7.5758,5.0721],[-7.5782,5.0547],[-7.5704,4.9969]],[[-7.5702,4.9969],[-7.5716,4.9754],[-7.5646,4.9616],[-7.5553,4.9484],[-7.5496,4.9291],[-7.5495,4.9139]],[[-7.5704,4.9969],[-7.5702,4.9969]],[[-7.5495,4.9139],[-7.5535,4.9142],[-7.5618,4.9202],[-7.575,4.9216]],[[-7.575,4.9216],[-7.6055,4.8974],[-7.606,4.888],[-7.5988,4.8571],[-7.6002,4.8458],[-7.6059,4.8251],[-7.606,4.8162],[-7.601,4.8046],[-7.5856,4.7915],[-7.5796,4.7843],[-7.5769,4.7753],[-7.5725,4.7234],[-7.5769,4.5093],[-7.5709,4.4807],[-7.5728,4.4554],[-7.5657,4.4352],[-7.5643,4.4258],[-7.5674,4.4159],[-7.5779,4.3973],[-7.5792,4.3871],[-7.5738,4.3754],[-7.5407,4.3528]]]},"properties":{"rank":10}},{"type":"Feature","geometry":{"type":"MultiLineString","coordinates":[[[-9.7221,8.4356],[-9.7359,8.4505],[-9.7463,8.4681],[-9.7509,8.4859],[-9.7573,8.5327],[-9.763,8.55],[-9.7736,8.563],[-9.7906,8.5654]],[[-9.7906,8.5654],[-9.79,8.5531],[-9.7948,8.5445],[-9.8089,8.5285],[-9.8088,8.5205],[-9.8055,8.5128],[-9.8068,8.5063],[-9.8316,8.499],[-9.8497,8.4897],[-9.8586,8.4871]],[[-10.0617,8.4222],[-10.075,8.4266],[-10.0794,8.44],[-10.0693,8.4869],[-10.0761,8.5015],[-10.0911,8.5101],[-10.148,8.5243],[-10.1649,8.5246]],[[-10.1649,8.5246],[-10.1818,8.5196],[-10.2156,8.4866],[-10.2324,8.4771]],[[-9.8586,8.4871],[-9.8682,8.4981],[-9.8728,8.5004]],[[-9.8728,8.5004],[-9.8919,8.4959],[-9.9114,8.4957],[-9.9281,8.4934],[-9.9442,8.4883],[-9.9611,8.4796],[-10.0002,8.4493],[-10.0404,8.4257],[-10.0617,8.4222]],[[-10.2324,8.4771],[-10.2403,8.4937]],[[-10.2403,8.4937],[-10.2608,8.4859],[-10.2713,8.4841]],[[-9.6684,8.3887],[-9.6773,8.3915],[-9.6759,8.4096],[-9.6665,8.4224],[-9.6534,8.4315],[-9.6451,8.4434],[-9.6505,8.4648],[-9.6635,8.4779],[-9.6835,8.4871],[-9.7033,8.4873]],[[-9.7033,8.4873],[-9.7155,8.4733],[-9.7182,8.4383],[-9.7221,8.4356]],[[-10.2713,8.4841],[-10.2822,8.4846]],[[-9.4742,8.0288],[-9.4728,8.0404],[-9.4619,8.0584],[-9.4598,8.0688],[-9.478,8.1413],[-9.4781,8.1528],[-9.4814,8.1647],[-9.4913,8.17],[-9.5156,8.1749],[-9.5301,8.1855],[-9.5319,8.2123],[-9.5254,8.2408],[-9.5156,8.2566],[-9.5108,8.261],[-9.5092,8.2656],[-9.5108,8.2701],[-9.5156,8.2744],[-9.5212,8.2844],[-9.5302,8.306],[-9.5394,8.3146],[-9.5223,8.3307],[-9.4991,8.3435],[-9.5044,8.3462],[-9.5115,8.3538],[-9.5291,8.3663],[-9.5792,8.3873],[-9.592,8.4051],[-9.6002,8.4109]],[[-9.6002,8.4109],[-9.6121,8.3963],[-9.6195,8.3927],[-9.6281,8.3916]],[[-9.6281,8.3916],[-9.6361,8.3926]],[[-9.6361,8.3926],[-9.6534,8.3921],[-9.6684,8.3887]],[[-9.4866,7.3728],[-9.4907,7.376],[-9.4797,7.3854],[-9.4735,7.3956],[-9.4709,7.4074],[-9.4702,7.421],[-9.4662,7.4334],[-9.4567,7.4431],[-9.4361,7.4586],[-9.4134,7.4923],[-9.4049,7.5136],[-9.4087,7.5274],[-9.3908,7.5482],[-9.3837,7.5595],[-9.3788,7.5863],[-9.373,7.6013],[-9.3644,7.6143],[-9.3535,7.6224],[-9.3747,7.6469],[-9.3762,7.6806],[-9.3664,7.7162],[-9.3555,7.7419],[-9.381,7.7744],[-9.3897,7.7915],[-9.4157,7.8244],[-9.4387,7.8662],[-9.4484,7.9078],[-9.446,7.9501],[-9.4331,7.9935],[-9.4246,8.0058],[-9.4223,8.0158],[-9.4241,8.0262],[-9.4293,8.0369],[-9.4409,8.0506],[-9.4515,8.0518]],[[-9.4515,8.0518],[-9.4622,8.0435],[-9.4742,8.0288]],[[-8.4854,7.558],[-8.5156,7.5772],[-8.5478,7.6008],[-8.5665,7.6234],[-8.5728,7.6507],[-8.5674,7.6882],[-8.6866,7.6944]],[[-8.6866,7.6944],[-8.6945,7.6744],[-8.7207,7.6427],[-8.7276,7.622],[-8.73,7.5874],[-8.7392,7.5657],[-8.738,7.5595],[-8.7295,7.5564],[-8.7268,7.5518],[-8.7257,7.5285],[-8.7296,7.5087],[-8.7395,7.4906],[-8.7565,7.4724],[-8.7904,7.4508],[-8.794,7.4415],[-8.7955,7.4211],[-8.7992,7.4122],[-8.8077,7.4045],[-8.824,7.3998],[-8.8334,7.3939],[-8.8516,7.3715],[-8.8606,7.3576],[-8.8654,7.3469],[-8.8633,7.3299],[-8.8559,7.3119],[-8.8514,7.2929],[-8.8578,7.273],[-8.8689,7.2666],[-8.9122,7.2502],[-8.9254,7.2486]],[[-9.2838,7.3741],[-9.2995,7.3766],[-9.3055,7.3835],[-9.3124,7.4033],[-9.3194,7.412],[-9.335,7.4197],[-9.3492,7.4216]],[[-9.3492,7.4216],[-9.3752,7.4193],[-9.3792,7.4158],[-9.3814,7.405],[-9.3923,7.3999],[-9.4074,7.3781]],[[-9.4074,7.3781],[-9.4187,7.3878],[-9.4381,7.4216]],[[-9.4381,7.4216],[-9.4493,7.4051],[-9.4784,7.3769],[-9.4866,7.3728]],[[-9.1754,7.2746],[-9.1815,7.2757],[-9.2063,7.2984],[-9.2199,7.361],[-9.2343,7.3813],[-9.2497,7.3831]],[[-9.2497,7.3831],[-9.2838,7.3741]],[[-8.9254,7.2486],[-8.9444,7.2787],[-8.9572,7.2865]],[[-8.9572,7.2865],[-8.9626,7.263]],[[-9.1254,7.1902],[-9.1161,7.2247],[-9.1196,7.238],[-9.1392,7.2479],[-9.1469,7.2541],[-9.1475,7.2714],[-9.1531,7.2755]],[[-9.1531,7.2755],[-9.1754,7.2746]],[[-8.9626,7.263],[-8.9731,7.2677]],[[-8.9731,7.2677],[-8.9777,7.2662],[-8.981,7.2506],[-9.0076,7.2435],[-9.0157,7.2389]],[[-9.0157,7.2389],[-9.0329,7.2403]],[[-9.0329,7.2403],[-9.0467,7.2327],[-9.0731,7.2113],[-9.1139,7.2004],[-9.1254,7.1902]]]},"properties":{"rank":10}},{"type":"Feature","geometry":{"type":"MultiLineString","coordinates":[[[-6.256,10.5116],[-6.2613,10.5141],[-6.2609,10.5292],[-6.2562,10.5372],[-6.2379,10.5519],[-6.2314,10.5602],[-6.23,10.572],[-6.2329,10.5841],[-6.2387,10.598],[-6.2307,10.6069],[-6.2098,10.6178],[-6.2044,10.6296],[-6.2078,10.6375],[-6.2169,10.6451],[-6.2278,10.6508],[-6.2466,10.6576],[-6.2495,10.6656],[-6.2444,10.7069],[-6.2458,10.7207],[-6.256,10.7265]],[[-6.256,10.7265],[-6.28,10.7233],[-6.3036,10.7132],[-6.3222,10.7005],[-6.3417,10.6914]],[[-6.3417,10.6914],[-6.3675,10.6923],[-6.3881,10.6955]],[[-6.3881,10.6955],[-6.4098,10.6944],[-6.427,10.6861],[-6.434,10.6679],[-6.4359,10.6287],[-6.4307,10.615],[-6.4067,10.6019],[-6.3992,10.5925],[-6.4028,10.5691],[-6.4215,10.5566],[-6.446,10.5523]],[[-6.446,10.5523],[-6.467,10.5535],[-6.5214,10.5642],[-6.5376,10.5697],[-6.5781,10.5911],[-6.5986,10.6049],[-6.6136,10.6185],[-6.634,10.653],[-6.6471,10.6613]],[[-6.6471,10.6613],[-6.6692,10.6542],[-6.6679,10.6509],[-6.6819,10.6274],[-6.6842,10.6266],[-6.689,10.6079],[-6.6911,10.5894],[-6.6892,10.5809],[-6.6828,10.566],[-6.6878,10.5205],[-6.6975,10.4883],[-6.6958,10.4712],[-6.6831,10.4517],[-6.654,10.44],[-6.6478,10.4327],[-6.6479,10.4219],[-6.664,10.398],[-6.6689,10.361],[-6.6774,10.349],[-6.7003,10.3417]],[[-6.2157,10.4926],[-6.2224,10.4946],[-6.2387,10.5127],[-6.2477,10.5138]],[[-6.2477,10.5138],[-6.256,10.5116]],[[-6.2144,10.3078],[-6.2062,10.3108],[-6.204,10.316],[-6.2083,10.332],[-6.1839,10.3589],[-6.1988,10.3708],[-6.1957,10.3892],[-6.1806,10.4202],[-6.1969,10.4392],[-6.2004,10.4488],[-6.1982,10.4574],[-6.1875,10.4754],[-6.1858,10.4813],[-6.1903,10.4911],[-6.1961,10.4947]],[[-6.1961,10.4947],[-6.2157,10.4926]],[[-7.4314,10.3337],[-7.4444,10.3342],[-7.4458,10.3404],[-7.4433,10.35],[-7.4447,10.3608],[-7.4615,10.3886],[-7.4655,10.3986],[-7.4662,10.4295],[-7.4716,10.4411],[-7.4802,10.4503],[-7.4898,10.4561],[-7.5015,10.4586]],[[-7.5015,10.4586],[-7.5158,10.4578],[-7.5396,10.4276],[-7.5474,10.4205],[-7.5564,10.4173]],[[-5.5226,10.4255],[-5.5497,10.4356],[-5.5717,10.4499],[-5.5844,10.4542]],[[-5.5844,10.4542],[-5.594,10.4539],[-5.6218,10.4469],[-5.6776,10.4415],[-5.8063,10.4135],[-5.8781,10.3761],[-5.8933,10.365],[-5.9048,10.3483],[-5.909,10.3301],[-5.9047,10.2753],[-5.9164,10.2666]],[[-7.5844,10.4165],[-7.6078,10.4187],[-7.6437,10.4405]],[[-7.6437,10.4405],[-7.6644,10.4371],[-7.67,10.4288],[-7.679,10.4059],[-7.6879,10.4031]],[[-7.5564,10.4173],[-7.5743,10.4175]],[[-7.5743,10.4175],[-7.5844,10.4165]],[[-7.6879,10.4031],[-7.6998,10.4045]],[[-7.6998,10.4045],[-7.7086,10.4025],[-7.7223,10.3913],[-7.7223,10.3845],[-7.736,10.3783],[-7.724,10.3636],[-7.7353,10.3471],[-7.7574,10.334],[-7.7776,10.3299],[-7.7644,10.3129],[-7.7763,10.2927],[-7.7783,10.2783],[-7.7838,10.2704],[-7.7977,10.2603],[-7.8051,10.2418],[-7.829,10.2117],[-7.8474,10.1979],[-7.8572,10.1944],[-7.8828,10.1908],[-7.911,10.1694],[-7.929,10.161],[-7.9499,10.1554],[-7.9709,10.1551]],[[-6.7003,10.3417],[-6.7226,10.344],[-6.7602,10.3661],[-6.7821,10.373]],[[-6.7821,10.373],[-6.8039,10.3709],[-6.8628,10.3438],[-6.882,10.3413]],[[-6.882,10.3413],[-6.9387,10.3483]],[[-6.9387,10.3483],[-6.9612,10.3449],[-6.9731,10.3323],[-6.9971,10.2528],[-6.9949,10.2394],[-6.9843,10.2304],[-6.9712,10.2221],[-6.9616,10.211],[-6.9594,10.1855],[-6.9716,10.1644],[-6.9924,10.1491],[-7.0158,10.1409],[-7.0405,10.1401]],[[-7.0405,10.1401],[-7.0582,10.156],[-7.0731,10.1785],[-7.0895,10.1976],[-7.1064,10.2073],[-7.2047,10.2345],[-7.284,10.2466],[-7.347,10.2479],[-7.3634,10.2522],[-7.3718,10.2645],[-7.3727,10.2886],[-7.3663,10.3294],[-7.3723,10.3448],[-7.395,10.3462]],[[-7.395,10.3462],[-7.4314,10.3337]],[[-6.2283,10.3161],[-6.2211,10.3104],[-6.2144,10.3078]],[[-6.24,10.2519],[-6.2433,10.289],[-6.2407,10.3026],[-6.2283,10.3161]],[[-5.9164,10.2666],[-5.963,10.2827]],[[-5.963,10.2827],[-5.9747,10.2736],[-5.9783,10.2486],[-5.9852,10.2273],[-5.9971,10.2082],[-6.0159,10.1899],[-6.1053,10.1893]],[[-6.1053,10.1893],[-6.1809,10.2158],[-6.1943,10.2242],[-6.214,10.2479],[-6.2248,10.255]],[[-6.2248,10.255],[-6.24,10.2519]],[[-7.9709,10.1551],[-7.9897,10.162]]]},"properties":{"rank":10}},{"type":"Feature","geometry":{"type":"MultiLineString","coordinates":[[[-13.8086,12.2561],[-13.7408,12.2569],[-13.7118,12.2675],[-13.695,12.2929],[-13.691,12.3193],[-13.683,12.3387],[-13.682,12.3503],[-13.6852,12.3792],[-13.6841,12.392],[-13.682,12.4003],[-13.6644,12.4415],[-13.6607,12.4587],[-13.6634,12.4758],[-13.6747,12.4961],[-13.7251,12.5581],[-13.7346,12.5853],[-13.7363,12.6076],[-13.7283,12.6734]],[[-13.8126,12.2836],[-13.7957,12.2787],[-13.8086,12.2561]],[[-13.7957,11.684],[-13.77,11.6887],[-13.7458,11.6982],[-13.7299,11.7098],[-13.7248,11.7231],[-13.7196,11.7661],[-13.7194,11.784],[-13.7346,11.9019],[-13.7313,11.9434],[-13.7226,11.9839],[-13.7239,12.0028],[-13.7349,12.0193],[-13.7444,12.0239],[-13.7796,12.0293],[-13.7959,12.0363],[-13.8078,12.0443],[-13.8296,12.0681],[-13.8377,12.0854],[-13.8424,12.0913],[-13.8697,12.1007],[-13.8798,12.1077],[-13.8993,12.1262],[-13.9184,12.1378],[-13.9387,12.1443],[-13.9649,12.1479],[-13.9725,12.1516],[-13.9684,12.1626],[-13.9683,12.184],[-13.9657,12.1942],[-13.9439,12.2186],[-13.8832,12.2464],[-13.859,12.266],[-13.84,12.2771],[-13.8126,12.2836]],[[-13.8701,11.7437],[-13.855,11.7434],[-13.8463,11.7373],[-13.843,11.7173],[-13.8346,11.7121],[-13.8201,11.7081],[-13.8195,11.7017],[-13.8217,11.6942],[-13.8158,11.6868],[-13.7957,11.684]],[[-13.9237,11.665],[-13.9036,11.6654],[-13.8864,11.6756],[-13.8735,11.6945],[-13.8707,11.7041],[-13.8685,11.727],[-13.8731,11.7384],[-13.8701,11.7437]],[[-13.9454,11.6757],[-13.9237,11.665]],[[-14.0151,11.6371],[-13.9965,11.6438],[-13.9454,11.6757]],[[-14.2897,11.6688],[-14.2845,11.6682],[-14.2787,11.6651],[-14.195,11.6597]],[[-14.5623,11.5056],[-14.5209,11.5129],[-14.3392,11.6106],[-14.3265,11.6206],[-14.3198,11.6305],[-14.3082,11.6545],[-14.3004,11.6632],[-14.2897,11.6688]],[[-14.172,11.6628],[-14.1618,11.6609],[-14.1349,11.6418],[-14.1186,11.638]],[[-14.195,11.6597],[-14.172,11.6628]],[[-14.0588,11.644],[-14.0151,11.6371]],[[-14.1186,11.638],[-14.1047,11.6386],[-14.0746,11.6437],[-14.0588,11.644]],[[-14.6454,11.5151],[-14.5623,11.5056]],[[-15.021,10.9675],[-14.9926,10.9962],[-14.9591,11.0358],[-14.8631,11.2186],[-14.8432,11.2972],[-14.8282,11.3348],[-14.729,11.478],[-14.7111,11.4976],[-14.6868,11.5107],[-14.6454,11.5151]]]},"properties":{"rank":10}},{"type":"Feature","geometry":{"type":"MultiLineString","coordinates":[[[-9.3273,12.4975],[-9.3215,12.4966],[-9.3082,12.489],[-9.2941,12.4838]],[[-9.3602,12.2466],[-9.3368,12.2698],[-9.3319,12.2828],[-9.335,12.3065],[-9.3218,12.3102],[-9.3129,12.3261],[-9.3085,12.345],[-9.3092,12.3577],[-9.3148,12.3627],[-9.3316,12.3663],[-9.3392,12.3706],[-9.3439,12.3801],[-9.3445,12.389],[-9.3472,12.3965],[-9.3747,12.4111],[-9.3928,12.428],[-9.4073,12.4451],[-9.4126,12.4554],[-9.3982,12.4732],[-9.3509,12.4846],[-9.3342,12.4963],[-9.3273,12.4975]],[[-9.2659,12.4952],[-9.1895,12.4792],[-9.1473,12.4655],[-8.9938,12.3875],[-8.9759,12.3687],[-8.9647,12.3463],[-8.9631,12.3242],[-8.9721,12.302],[-8.9853,12.2821],[-8.9959,12.261],[-8.9976,12.2348],[-8.9943,12.2248],[-8.9738,12.1876]],[[-9.2941,12.4838],[-9.2789,12.4944],[-9.2659,12.4952]],[[-11.3884,12.4039],[-11.3886,12.3845],[-11.4076,12.3819]],[[-11.4076,12.3819],[-11.4317,12.383]],[[-11.4317,12.383],[-11.4472,12.3745],[-11.4515,12.3521],[-11.4449,12.3125],[-11.4446,12.2895],[-11.4632,12.25],[-11.4917,12.2209],[-11.5078,12.1916],[-11.4896,12.1512],[-11.4708,12.1346],[-11.4096,12.1079],[-11.3917,12.0937],[-11.3513,12.0404],[-11.3347,12.0262],[-11.3151,12.0133],[-11.2947,12.0031],[-11.275,11.9963],[-11.2555,11.9962]],[[-9.4215,12.2571],[-9.3602,12.2466]],[[-9.723,12.0254],[-9.6988,12.051],[-9.6863,12.0682],[-9.6815,12.0808],[-9.6837,12.1015],[-9.6823,12.1185],[-9.6751,12.134],[-9.66,12.1498],[-9.6282,12.1702],[-9.5156,12.2071],[-9.4959,12.2247],[-9.4796,12.2358],[-9.4389,12.2548],[-9.4215,12.2571]],[[-10.9521,12.2195],[-10.9277,12.213],[-10.9098,12.2001],[-10.8696,12.1384],[-10.8464,12.1214],[-10.8229,12.1105],[-10.8049,12.096],[-10.7985,12.0681],[-10.8012,12.0592],[-10.811,12.0415],[-10.8124,12.0334],[-10.8078,12.0228],[-10.781,11.9962],[-10.7403,11.9199],[-10.7114,11.8904]],[[-11.0155,12.2044],[-10.972,12.2186],[-10.9521,12.2195]],[[-10.2669,12.2178],[-10.259,12.2138],[-10.2478,12.2011],[-10.2148,12.1946],[-10.1798,12.1782],[-10.1602,12.1745]],[[-10.311,12.191],[-10.305,12.2029],[-10.2669,12.2178]],[[-11.0388,12.2053],[-11.0155,12.2044]],[[-11.2555,11.9962],[-11.2233,12.0093],[-11.207,12.0102],[-11.1912,12.0144],[-11.1763,12.0295],[-11.1656,12.0486],[-11.1594,12.0775],[-11.1527,12.0809],[-11.1443,12.0813],[-11.1363,12.0851],[-11.1166,12.1137],[-11.0843,12.1366],[-11.0728,12.1495],[-11.0598,12.1924],[-11.0523,12.2025],[-11.0388,12.2053]],[[-10.3236,12.202],[-10.3165,12.1969],[-10.3136,12.1911],[-10.311,12.191]],[[-10.3534,12.1665],[-10.3541,12.1809],[-10.3484,12.1848],[-10.3393,12.1855],[-10.3299,12.1904],[-10.3236,12.202]],[[-8.942,12.1958],[-8.927,12.1874],[-8.9139,12.1699],[-8.906,12.1477],[-8.907,12.1254],[-8.922,12.086],[-8.9263,12.0643],[-8.9221,12.0454],[-8.9037,12.0304],[-8.8816,12.0292]],[[-8.9738,12.1876],[-8.9617,12.188],[-8.942,12.1958]],[[-10.3814,12.1801],[-10.3682,12.1715],[-10.3534,12.1665]],[[-10.4457,12.1207],[-10.4289,12.1434],[-10.3946,12.1716],[-10.3814,12.1801]],[[-10.1358,12.1755],[-10.1287,12.1745],[-10.1188,12.1702],[-10.0973,12.1537],[-10.087,12.1506],[-10.0704,12.1499],[-10.0602,12.1475],[-10.0481,12.1414],[-10.0277,12.1257],[-10.0155,12.1199],[-9.9964,12.1141],[-9.9616,12.096],[-9.9415,12.0928],[-9.9232,12.0876],[-9.8888,12.0606],[-9.8707,12.0521],[-9.8611,12.0519]],[[-10.1602,12.1745],[-10.1358,12.1755]],[[-10.4935,12.1244],[-10.4457,12.1207]],[[-10.7114,11.8904],[-10.67,11.892],[-10.6551,11.899],[-10.6452,11.9084],[-10.6342,11.9254],[-10.6253,11.9439],[-10.6215,11.9577],[-10.6138,11.9677],[-10.5957,11.9799],[-10.575,11.9903],[-10.5595,11.9952],[-10.5665,12.0173],[-10.5554,12.0293],[-10.5354,12.0387],[-10.5151,12.0529],[-10.5149,12.0601],[-10.5177,12.0707],[-10.5173,12.0803],[-10.508,12.0846],[-10.5044,12.0884],[-10.5127,12.1085],[-10.5116,12.1181],[-10.4935,12.1244]],[[-9.8337,12.0551],[-9.823,12.0509],[-9.7966,12.0323],[-9.7786,12.0267],[-9.723,12.0254]],[[-9.8611,12.0519],[-9.8337,12.0551]],[[-8.8588,12.0318],[-8.838,12.0282],[-8.8198,12.0127],[-8.8155,11.9957],[-8.8164,11.9768],[-8.8149,11.9554],[-8.81,11.9444],[-8.7978,11.9251],[-8.797,11.9132],[-8.8472,11.6579]],[[-8.8816,12.0292],[-8.8588,12.0318]],[[-8.8285,11.6592],[-8.8117,11.6517],[-8.7952,11.6419],[-8.7772,11.6359]],[[-8.8472,11.6579],[-8.8285,11.6592]],[[-8.7265,11.6495],[-8.7129,11.6401],[-8.6907,11.568],[-8.6873,11.55],[-8.679,11.5298],[-8.668,11.5109],[-8.6568,11.4964],[-8.6022,11.4721],[-8.5752,11.4703]],[[-8.7772,11.6359],[-8.7565,11.6388],[-8.7404,11.6462],[-8.7265,11.6495]],[[-8.5496,11.4901],[-8.544,11.4776],[-8.5355,11.4381],[-8.5276,11.4234],[-8.5158,11.419],[-8.4881,11.4182],[-8.4277,11.4001],[-8.3976,11.3859],[-8.3753,11.3677],[-8.3934,11.363],[-8.4141,11.3535],[-8.4261,11.3405],[-8.418,11.3255],[-8.3996,11.3222]],[[-8.5752,11.4703],[-8.5496,11.4901]],[[-8.3813,11.3251],[-8.371,11.3206],[-8.3767,11.2947],[-8.3884,11.2814],[-8.4067,11.2753],[-8.4269,11.2742]],[[-8.3996,11.3222],[-8.3813,11.3251]],[[-8.4269,11.2742],[-8.4446,11.2763],[-8.4832,11.2849]],[[-8.4832,11.2849],[-8.4926,11.2778],[-8.5031,11.2554],[-8.497,11.2407],[-8.4988,11.2335],[-8.5021,11.2312],[-8.5156,11.2291],[-8.5518,11.2107],[-8.5639,11.1934],[-8.5697,11.1578],[-8.5782,11.1421],[-8.587,11.1375],[-8.6072,11.1372],[-8.6154,11.1341],[-8.6246,11.122],[-8.6249,11.1122],[-8.6224,11.1026],[-8.6231,11.0913],[-8.6337,11.0713],[-8.6798,11.0252],[-8.6887,11.0126],[-8.6969,10.996],[-8.7007,10.9785],[-8.6962,10.9627],[-8.6809,10.9523]],[[-8.3693,11.0542],[-8.3473,11.0431],[-8.3266,11.0239],[-8.3111,11.0008],[-8.3051,10.9782],[-8.3036,10.8749],[-8.3059,10.8563],[-8.3189,10.8395],[-8.3398,10.7839],[-8.3419,10.7632],[-8.3156,10.7531],[-8.3111,10.7353],[-8.2955,10.5374],[-8.2844,10.5112],[-8.2539,10.4698],[-8.2289,10.4234],[-8.2106,10.4141],[-8.189,10.4136]],[[-8.4105,11.0419],[-8.4006,11.0433],[-8.3813,11.0539],[-8.3693,11.0542]],[[-8.5058,11.0528],[-8.4891,11.0527],[-8.469,11.0464]],[[-8.5933,10.9647],[-8.5756,10.9667],[-8.5596,10.9716],[-8.5416,10.9838],[-8.5316,10.999],[-8.5058,11.0528]],[[-8.4382,11.0497],[-8.4291,11.0483],[-8.4105,11.0419]],[[-8.469,11.0464],[-8.4487,11.0471],[-8.4382,11.0497]],[[-8.6282,10.9678],[-8.6114,10.9651],[-8.5933,10.9647]],[[-8.6809,10.9523],[-8.6652,10.957],[-8.648,10.9658],[-8.6282,10.9678]],[[-8.1421,10.4296],[-8.1354,10.4273],[-8.1254,10.4117],[-8.1221,10.3995],[-8.1209,10.373],[-8.1155,10.3602],[-8.0961,10.3467],[-8.0701,10.3419],[-8.0157,10.3393],[-7.9963,10.3283],[-7.9815,10.307],[-7.9712,10.2818],[-7.9646,10.2589],[-7.9626,10.2333],[-7.968,10.21],[-7.9897,10.162]],[[-8.189,10.4136],[-8.166,10.4181],[-8.1421,10.4296]]]},"properties":{"rank":10}},{"type":"Feature","geometry":{"type":"LineString","coordinates":[[-5.3584,36.1411],[-5.3388,36.1411]]},"properties":{"rank":10}},{"type":"Feature","geometry":{"type":"MultiLineString","coordinates":[[[22.6984,54.3429],[19.6803,54.4367],[19.6308,54.4467],[19.6095,54.4567]],[[22.7672,54.3563],[22.6984,54.3429]]]},"properties":{"rank":10}},{"type":"Feature","geometry":{"type":"MultiLineString","coordinates":[[[54.0472,42.3454],[54.1226,42.3376],[54.1953,42.3181],[54.7383,42.0482],[54.9071,41.9321],[54.9308,41.9092],[54.9408,41.8896],[54.9406,41.8727],[54.9364,41.8553],[54.935,41.8337],[54.9402,41.8136],[54.9507,41.7956],[55.1,41.6442],[55.2284,41.4728],[55.2592,41.4447],[55.2941,41.4215],[55.3568,41.3891],[55.3726,41.3756],[55.3847,41.3586],[55.4127,41.3079],[55.4295,41.2908],[55.4503,41.2789],[55.4783,41.2668],[55.5093,41.2589]],[[52.4377,41.7489],[52.7647,41.9938],[52.9787,42.1266],[53.1351,42.1678],[53.1917,42.193],[53.4123,42.2582],[53.4784,42.2687],[54.0472,42.3454]],[[55.9101,41.3266],[55.9784,41.3217]],[[55.5093,41.2589],[55.6355,41.2644],[55.6944,41.2816],[55.7873,41.2917],[55.8766,41.3245],[55.9101,41.3266]]]},"properties":{"rank":10}},{"type":"Feature","geometry":{"type":"MultiLineString","coordinates":[[[62.0261,43.4806],[61.9857,43.4933],[61.3861,43.9934],[61.1617,44.1681],[61.1029,44.2361],[61.0931,44.2594],[61.0866,44.3112],[61.0802,44.3355],[61.0621,44.362],[61.0363,44.3828],[58.5822,45.5487],[58.5549,45.5572],[58.5314,45.5587]],[[58.5314,45.5587],[57.9783,45.4449],[57.4783,45.3369],[55.9761,44.9951],[55.9784,41.3217]],[[65.8126,42.8758],[65.7952,42.8772],[65.5169,43.2972],[65.4774,43.3228],[65.2714,43.417],[65.1719,43.4937],[64.9565,43.6974],[64.9229,43.7191],[64.891,43.7228]],[[64.891,43.7228],[64.855,43.7129],[64.4616,43.5543],[64.4267,43.547]],[[64.4267,43.547],[63.208,43.6275]],[[63.208,43.6275],[62.4777,43.5411],[62.0261,43.4806]],[[66.4774,41.9962],[66.0172,41.9976],[66.0087,42.0027],[66.0065,42.0134],[66.0137,42.403],[66.0196,42.4168],[66.0432,42.4237],[66.0532,42.4409],[66.1013,42.9903]],[[66.1013,42.9903],[65.8126,42.8758]],[[70.9478,42.2481],[70.88,42.2069],[70.8424,42.1925],[70.8045,42.1884]],[[70.8045,42.1884],[70.7581,42.198]],[[70.7581,42.198],[70.7343,42.1973],[70.7199,42.1829],[70.7118,42.1643],[70.7011,42.1509],[70.6732,42.126],[70.6498,42.0934],[70.6315,42.0569],[70.6102,42.0274],[70.579,42.0162]],[[70.579,42.0162],[70.5553,42.0187],[70.5342,42.025],[70.5189,42.0367],[70.5119,42.0554],[70.5045,42.0685],[70.4885,42.0819],[70.4702,42.0916],[70.4554,42.0937]],[[70.4554,42.0937],[70.3579,42.0622],[70.3151,42.0346],[70.2903,41.9938],[70.283,41.9763],[70.2703,41.9656],[70.2539,41.9591],[70.2358,41.9543],[70.2186,41.9469],[70.2042,41.9358],[70.1364,41.8481],[70.1111,41.826],[70.028,41.78],[69.972,41.7646],[69.9565,41.7552],[69.9429,41.7397],[69.9124,41.7129],[69.8709,41.6996],[69.7594,41.6964],[69.6246,41.6683],[69.6076,41.6583],[69.579,41.6334],[69.4773,41.5731],[69.4203,41.5595],[69.3938,41.545],[69.3808,41.5188],[69.3845,41.5082],[69.4011,41.4852],[69.4024,41.4748],[69.3907,41.4697]],[[66.8153,41.1419],[66.733,41.1581],[66.6882,41.1992],[66.6026,41.4938],[66.5389,41.7408],[66.5041,41.9935],[66.4992,41.9956],[66.4848,41.997]],[[66.4848,41.997],[66.4774,41.9962]],[[69.3907,41.4697],[69.3311,41.4779]],[[69.3311,41.4779],[69.3162,41.4748],[69.2776,41.4562],[69.2629,41.4546]],[[69.2629,41.4546],[69.2333,41.4626]],[[69.2333,41.4626],[69.2171,41.4601],[69.1627,41.4341],[69.1382,41.4159],[69.1281,41.3951]],[[69.1281,41.3951],[69.1095,41.4007]],[[69.1095,41.4007],[69.0906,41.3963],[69.0444,41.3792],[69.0362,41.374],[69.0316,41.367],[69.0343,41.3587],[69.0512,41.3436],[69.054,41.3319],[69.0548,41.3154],[69.0392,41.2203],[69.0312,41.2088],[69.0141,41.196],[68.9797,41.1782],[68.9438,41.1649],[68.9008,41.1606],[68.8802,41.1555],[68.8674,41.1426],[68.8424,41.1101],[68.7738,41.0873],[68.7463,41.0638],[68.7095,40.9838],[68.6894,40.9649],[68.6279,40.9445],[68.6001,40.9301],[68.5892,40.9066]],[[68.0344,41.0427],[68.0211,41.0591],[68.0132,41.0979],[68.0031,41.1156],[67.9589,41.1595],[67.9519,41.1706],[67.9495,41.1719],[67.9374,41.2004]],[[67.9374,41.2004],[67.8541,41.159],[67.8349,41.1569]],[[67.8349,41.1569],[67.813,41.1627],[67.7709,41.1793],[67.7481,41.1841]],[[67.7481,41.1841],[66.8153,41.1419]],[[68.4617,40.5847],[68.2261,40.6789],[68.1589,40.7191],[68.0675,40.788],[68.0371,40.8011],[67.9975,40.8075],[67.9909,40.8111],[67.9941,40.819],[68.0031,40.8252],[68.0382,40.8372],[68.0547,40.8472],[68.0695,40.8598],[68.0806,40.873],[68.096,40.899],[68.1108,40.9317],[68.1206,40.9653],[68.1209,40.9938],[68.1079,41.0103],[68.0997,41.0136],[68.1313,41.0296],[68.1189,41.034],[68.1215,41.0433],[68.1174,41.0667]],[[68.1174,41.0667],[68.096,41.0651],[68.0821,41.0427]],[[68.0821,41.0427],[68.0714,41.0533],[68.0591,41.0548]],[[68.0591,41.0548],[68.0464,41.0502],[68.0344,41.0427]],[[68.5892,40.9066],[68.5709,40.9135]],[[68.5709,40.9135],[68.5706,40.9025],[68.5732,40.8801],[68.5719,40.8705],[68.5654,40.8592],[68.5534,40.8504],[68.5497,40.835],[68.5598,40.7513],[68.5663,40.7325],[68.5746,40.7245],[68.5842,40.7204],[68.6094,40.7158],[68.6085,40.7034],[68.6121,40.6905],[68.6188,40.6782],[68.6274,40.6671],[68.6255,40.6604],[68.6011,40.63],[68.6204,40.6222],[68.6142,40.6091],[68.593,40.5995]],[[68.593,40.5995],[68.5662,40.6025],[68.5263,40.6176],[68.5148,40.6191]],[[68.5148,40.6191],[68.5055,40.6143],[68.4999,40.6056],[68.4924,40.5986]],[[68.4924,40.5986],[68.4773,40.5992]],[[68.4773,40.5992],[68.4651,40.5897],[68.4617,40.5847]]]},"properties":{"rank":10}},{"type":"Feature","geometry":{"type":"MultiLineString","coordinates":[[[58.5879,42.7912],[58.6123,42.7809],[58.8274,42.5938],[58.8944,42.5478],[58.9647,42.5244],[59.0092,42.5185]],[[58.4932,42.6455],[58.5345,42.6545],[58.5557,42.6836],[58.5694,42.7685],[58.5879,42.7912]],[[58.2583,42.6895],[58.2827,42.6889],[58.3906,42.6567],[58.4418,42.6478],[58.4932,42.6455]],[[58.4139,42.2848],[58.4782,42.292],[58.4906,42.2976],[58.4941,42.3057],[58.4896,42.3145],[58.4782,42.3223],[58.4379,42.3577],[58.3637,42.4471],[58.337,42.4937],[58.3062,42.5287],[58.271,42.549],[58.1457,42.5926],[58.127,42.605],[58.1213,42.6242],[58.1306,42.6388],[58.1488,42.649],[58.1866,42.6612],[58.2396,42.6851],[58.2583,42.6895]],[[59.122,42.538],[59.1461,42.5268],[59.2096,42.4777],[59.2238,42.4609],[59.2333,42.4417],[59.2452,42.3653],[59.2584,42.3475],[59.2872,42.3359],[59.3381,42.3318],[59.3616,42.3258],[59.4015,42.2939],[59.4265,42.2868],[59.4782,42.2856]],[[59.0092,42.5185],[59.0386,42.5197],[59.0674,42.5256],[59.0965,42.536],[59.122,42.538]],[[58.0382,42.5028],[58.0609,42.5023],[58.0799,42.4973],[58.0944,42.4867],[58.1172,42.4615],[58.1332,42.4546]],[[57.8092,42.1764],[57.8284,42.1795],[57.8505,42.1914],[57.8474,42.2009],[57.8345,42.2116],[57.8273,42.2274],[57.8355,42.2404],[57.8737,42.2496],[57.8881,42.2616],[57.9288,42.3309],[57.9375,42.3542],[57.9357,42.3698],[57.9143,42.404],[57.9086,42.4304],[57.9256,42.4411],[57.9528,42.4501],[57.9783,42.4718],[57.9871,42.4834],[57.9977,42.4934],[58.016,42.4997],[58.0382,42.5028]],[[58.2038,42.4695],[58.2257,42.4666],[58.325,42.4319],[58.3589,42.4134],[58.3847,42.3878],[58.3949,42.3522],[58.3915,42.334],[58.3861,42.3168],[58.3858,42.3013],[58.3976,42.2879],[58.4139,42.2848]],[[58.1332,42.4546],[58.1495,42.4557],[58.1857,42.4673],[58.2038,42.4695]],[[59.6895,42.3098],[59.7763,42.304]],[[59.4782,42.2856],[59.6895,42.3098]],[[59.821,42.308],[59.8664,42.3042],[59.8979,42.2785],[59.9257,42.2463],[59.9607,42.2227],[60.0051,42.2098],[60.0282,42.1995],[60.0404,42.1865],[60.037,42.1697],[60.0206,42.1608],[60.0001,42.1545],[59.9837,42.1456],[59.9745,42.0992],[59.9941,42.0501],[59.9972,42.0106],[59.9373,41.9934]],[[59.7763,42.304],[59.821,42.308]],[[57.7409,42.1787],[57.8092,42.1764]],[[57.6198,42.1482],[57.6663,42.1551],[57.7216,42.1753],[57.7409,42.1787]],[[57.4783,42.1665],[57.6198,42.1482]],[[57.0102,41.2541],[57.0295,41.2626],[57.0603,41.3049],[57.0801,41.322],[57.1267,41.3396],[57.148,41.3511],[57.1592,41.3611],[57.1614,41.368],[57.1538,41.3724],[57.1036,41.3816],[57.0883,41.3873],[57.0742,41.395],[57.0523,41.4136],[57.033,41.4382],[57.0196,41.4659],[57.0151,41.4936],[57.0158,41.529],[57.0121,41.5578],[57.0006,41.584],[56.9784,41.6115],[56.9605,41.6472],[56.9616,41.6787],[56.9695,41.7109],[56.972,41.7485],[56.9498,41.8275],[56.9501,41.8661],[56.9784,41.8951],[57.0744,41.9288],[57.1155,41.9521],[57.1529,41.9935],[57.2078,42.0706],[57.2882,42.1294],[57.3823,42.1636],[57.4783,42.1665]],[[59.9373,41.9934],[59.9369,41.9935]],[[59.9369,41.9935],[59.9193,41.9897],[59.908,41.9798],[59.9065,41.9666],[59.9175,41.9524],[59.9318,41.9476]],[[59.9837,41.949],[60.0888,41.9194],[60.1182,41.9004],[60.1525,41.8612],[60.1675,41.8496],[60.2149,41.8286],[60.2289,41.8196],[60.2411,41.8081],[60.2508,41.7943],[60.2527,41.7801],[60.2411,41.7671],[60.2254,41.7655]],[[59.9318,41.9476],[59.9837,41.949]],[[60.2254,41.7655],[60.2059,41.772],[60.1713,41.7884],[60.1337,41.7973]],[[60.1337,41.7973],[60.1024,41.7953],[60.0749,41.781],[60.0492,41.7535],[60.0583,41.7186],[60.0891,41.6741],[60.1556,41.6033],[60.1647,41.585],[60.151,41.5723],[60.1096,41.5568],[60.0926,41.5455],[60.0796,41.5315],[60.0717,41.5144],[60.0592,41.4342],[60.0661,41.4105],[60.0942,41.3895],[60.2999,41.3098],[60.3603,41.2763],[60.4145,41.2353],[60.4433,41.2197],[60.4781,41.2121]],[[55.9784,41.3217],[56.7935,41.2883],[57.0102,41.2541]],[[61.4332,41.3003],[61.4701,41.2972],[61.5673,41.2778],[61.6544,41.2494],[61.8779,41.125],[61.8974,41.1088],[61.9708,41.0154],[61.9793,40.9988],[61.9827,40.9784],[61.9854,40.9079],[61.9903,40.8932],[61.9827,40.8857],[61.9939,40.8659],[62.0253,40.782],[62.0368,40.7363],[62.0448,40.715],[62.0557,40.7018],[62.0887,40.6744],[62.1001,40.6604],[62.1207,40.599],[62.1342,40.5778],[62.1714,40.54],[62.1773,40.5307],[62.1853,40.5079],[62.1918,40.499],[62.2134,40.4866],[62.2609,40.4757],[62.3436,40.4394],[62.3533,40.4304],[62.3564,40.3882],[62.3626,40.3697],[62.3883,40.3301],[62.3965,40.312],[62.4002,40.2921],[62.401,40.2656],[62.4051,40.2452],[62.4358,40.1942],[62.4397,40.1729],[62.4341,40.1548],[62.4258,40.1367],[62.4216,40.1151],[62.4244,40.0921],[62.442,40.036],[62.4528,40.0092],[62.5246,39.9397],[62.5354,39.935],[62.5932,39.8902],[63.4776,39.4029],[63.541,39.3561],[63.6485,39.2395],[63.7093,39.1909],[64.1206,38.9617],[64.1506,38.9495],[64.1801,38.9451]],[[61.2432,41.1563],[61.2814,41.1573],[61.3159,41.1705],[61.344,41.1938],[61.363,41.2252],[61.3875,41.2358],[61.3972,41.271],[61.4108,41.292],[61.4332,41.3003]],[[60.8603,41.253],[60.9303,41.2402],[60.978,41.2028]],[[60.4781,41.2121],[60.5381,41.2132],[60.6589,41.2438],[60.8603,41.253]],[[61.0103,41.2372],[61.0141,41.2349],[61.0172,41.226],[61.0228,41.2169]],[[60.978,41.2028],[60.9911,41.2125],[61.0103,41.2372]],[[61.0819,41.2245],[61.0997,41.2241],[61.2026,41.1688],[61.2432,41.1563]],[[61.0228,41.2169],[61.0819,41.2245]],[[64.3136,38.9825],[64.3373,38.971],[64.4243,38.883],[64.6349,38.7441],[64.7634,38.686],[64.9105,38.6453],[64.9777,38.6123],[65.2053,38.4496],[65.6041,38.2374],[65.6716,38.2197]],[[64.1801,38.9451],[64.206,38.9495],[64.2834,38.9797],[64.3136,38.9825]],[[65.8429,38.2753],[65.8767,38.273],[65.9775,38.2346],[66.0435,38.2262],[66.0716,38.2145],[66.1336,38.1753],[66.1984,38.1607],[66.2311,38.1488],[66.2604,38.1267],[66.3069,38.0804],[66.4083,38.0428],[66.4394,38.0355],[66.5159,38.0351],[66.5542,38.0269],[66.5904,38.013],[66.6243,37.9938],[66.6458,37.9459],[66.609,37.8892],[66.5536,37.832],[66.5188,37.7827],[66.515,37.7435],[66.5229,37.665],[66.5191,37.6252],[66.4972,37.5579],[66.4935,37.5222],[66.5071,37.4938],[66.5268,37.4804],[66.5427,37.4668],[66.5466,37.4508],[66.5308,37.4301],[66.5121,37.4148],[66.497,37.3977],[66.4948,37.3794],[66.5196,37.3642]],[[65.6716,38.2197],[65.7402,38.2241],[65.766,38.2355],[65.8144,38.2662],[65.8429,38.2753]]]},"properties":{"rank":10}},{"type":"Feature","geometry":{"type":"MultiLineString","coordinates":[[[57.4963,37.9223],[57.3524,37.9675],[57.3271,37.9941],[57.3468,38.0469],[57.3493,38.0636],[57.3443,38.0811],[57.3229,38.1051],[57.3114,38.135],[57.2786,38.1629],[57.2669,38.1769],[57.2488,38.2115],[57.2258,38.2424],[57.2216,38.2512],[57.2211,38.2586],[57.2183,38.2651],[57.2073,38.2707],[57.1859,38.2765],[57.1749,38.2776]],[[57.1749,38.2776],[57.164,38.2765],[57.1466,38.2698],[57.1348,38.2597],[57.1147,38.2321],[57.1028,38.222],[57.0704,38.2051],[57.0565,38.1952],[57.0384,38.1873]],[[57.0384,38.1873],[57.018,38.1898],[56.9784,38.2027],[56.8279,38.225],[56.8124,38.229],[56.7782,38.2445],[56.739,38.2696],[56.7294,38.2711]],[[56.7294,38.2711],[56.6815,38.2646],[56.6013,38.2369],[56.5852,38.2346]],[[56.5852,38.2346],[56.5718,38.2395],[56.5452,38.2541],[56.5282,38.2574]],[[56.5282,38.2574],[56.4365,38.2551],[56.4001,38.2441],[56.3664,38.2255],[56.3034,38.1794],[56.2971,38.1658],[56.3242,38.1411],[56.329,38.1238],[56.3255,38.1052],[56.3155,38.0895],[56.2997,38.0802],[56.2141,38.0688]],[[55.9784,38.0659],[55.963,38.0665],[55.9491,38.0701],[55.9219,38.0814],[55.905,38.0856],[55.8541,38.086],[55.8394,38.0899],[55.8003,38.1078],[55.7384,38.1186],[55.7087,38.1187]],[[55.7087,38.1187],[55.511,38.0858],[55.4474,38.0837],[55.4231,38.0759],[55.3488,38.0305],[55.3281,38.0221],[55.3075,38.0088],[55.2961,38.0076],[55.2505,37.9954],[55.2288,37.9858],[55.2197,37.97],[55.2074,37.9662],[55.1496,37.9575],[55.1303,37.9523],[55.1217,37.9447],[55.1108,37.9265],[55.1035,37.9188],[55.0928,37.9155],[55.0787,37.9137],[55.0666,37.9084],[55.0614,37.8948],[55.0535,37.8844],[55.0068,37.8431],[54.8566,37.7611],[54.8267,37.7353],[54.8136,37.7186],[54.8082,37.7028],[54.8037,37.6829],[54.7873,37.6519],[54.7883,37.6308],[54.7918,37.6254],[54.8036,37.6169],[54.8082,37.6103],[54.8094,37.6033],[54.8082,37.5793],[54.8051,37.565],[54.7914,37.5399],[54.7883,37.5246],[54.7837,37.5175],[54.7583,37.5006],[54.7108,37.4757],[54.6983,37.4663],[54.6786,37.46],[54.654,37.4389],[54.639,37.4333],[54.6169,37.433]],[[56.2141,38.0688],[56.1978,38.0706],[56.1619,38.0824],[56.1215,38.0865]],[[56.1215,38.0865],[55.9784,38.0659]],[[57.6123,37.9166],[57.5614,37.9282],[57.5446,37.93]],[[57.5446,37.93],[57.4963,37.9223]],[[57.7384,37.898],[57.7299,37.8986],[57.6912,37.9203],[57.6761,37.9205]],[[57.6761,37.9205],[57.6611,37.9174],[57.6123,37.9166]],[[57.8,37.8676],[57.785,37.8726],[57.7791,37.8788],[57.77,37.8939],[57.763,37.8994],[57.7547,37.901]],[[57.7547,37.901],[57.7384,37.898]],[[58.3718,37.6304],[58.3578,37.6333],[58.3315,37.6483],[58.3188,37.6531],[58.2409,37.6623],[58.2239,37.6675],[58.2068,37.6787],[58.202,37.6901],[58.2019,37.704],[58.1993,37.7222],[58.1799,37.753],[58.1791,37.7608],[58.1813,37.7679],[58.1812,37.7749],[58.1735,37.7816],[58.1567,37.7882],[58.1406,37.7911],[58.1069,37.7934],[58.0409,37.8057],[57.8841,37.8653],[57.8495,37.8727]],[[57.8495,37.8727],[57.8,37.8676]],[[58.6817,37.6427],[58.6591,37.6454],[58.6159,37.6595],[58.5657,37.6949],[58.5493,37.7016]],[[58.5493,37.7016],[58.5298,37.7004],[58.5143,37.6915],[58.5023,37.6774],[58.4931,37.6607],[58.4797,37.6441],[58.4623,37.6375],[58.3718,37.6304]],[[59.2331,37.5147],[59.2117,37.5163],[59.0783,37.5927],[59.0456,37.6196],[59.0346,37.6245],[59.0055,37.628],[58.9922,37.6315],[58.9781,37.6395],[58.9387,37.6539],[58.861,37.6681],[58.8011,37.6947]],[[58.8011,37.6947],[58.7956,37.6877],[58.7931,37.6728],[58.7798,37.6596],[58.7693,37.6568],[58.759,37.6562]],[[58.759,37.6562],[58.7377,37.6594]],[[58.7377,37.6594],[58.7264,37.6594],[58.7129,37.6488],[58.7043,37.6446],[58.6817,37.6427]],[[59.5095,37.1898],[59.5012,37.1902],[59.4927,37.1936],[59.4782,37.2041],[59.4617,37.2076],[59.4588,37.2148],[59.4631,37.2297],[59.4681,37.2358],[59.4694,37.2407],[59.4447,37.2642],[59.382,37.3057],[59.3704,37.3194],[59.3507,37.3884],[59.3483,37.4093],[59.3517,37.4204],[59.362,37.4392],[59.3532,37.4584],[59.3563,37.4806],[59.3517,37.4938],[59.3323,37.5151],[59.3123,37.5303],[59.2892,37.5352]],[[59.2892,37.5352],[59.2331,37.5147]],[[54.6169,37.433],[54.556,37.4436]],[[54.556,37.4436],[54.5333,37.4408],[54.3642,37.3627],[54.3285,37.3533],[54.3064,37.3532]],[[54.3064,37.3532],[54.2833,37.3557]],[[54.2833,37.3557],[54.2615,37.3548],[54.243,37.345],[54.2245,37.3307],[54.2064,37.3246],[54.1866,37.3237]],[[54.1866,37.3237],[53.9137,37.3428]],[[59.605,37.1239],[59.5915,37.1323],[59.5846,37.1489],[59.5799,37.1678],[59.5727,37.1834],[59.556,37.1978],[59.5412,37.1998]],[[59.5412,37.1998],[59.5095,37.1898]],[[60.3423,36.6371],[60.3092,36.652],[60.2887,36.6811],[60.2596,36.7424],[60.2385,36.7697],[60.1326,36.8734],[60.0864,36.93],[60.0489,36.994],[60.0192,37.0258],[59.9816,37.0388],[59.8995,37.0506],[59.8628,37.0678],[59.7972,37.1122],[59.6532,37.1497],[59.6426,37.1502]],[[59.6426,37.1502],[59.6332,37.1463],[59.6215,37.1315],[59.6145,37.1255],[59.605,37.1239]],[[61.2697,35.6185],[61.2454,35.6493],[61.2317,35.6719],[61.2292,35.6986],[61.2331,35.7046],[61.2467,35.7155],[61.2497,35.7225],[61.2497,35.7458],[61.2563,35.7695],[61.2561,35.7794],[61.2497,35.7867],[61.2561,35.8091],[61.2555,35.8254],[61.2519,35.8404],[61.2474,35.8762],[61.241,35.8939],[61.2322,35.9107],[61.2218,35.9245],[61.2058,35.9405],[61.1883,35.9536],[61.1681,35.9624],[61.1436,35.9655],[61.1298,35.9705],[61.1414,35.9824],[61.1618,35.9959],[61.174,36.0065],[61.1746,36.0158],[61.1711,36.0359],[61.174,36.048],[61.1803,36.0528],[61.1897,36.0558],[61.1982,36.0608],[61.202,36.0716],[61.2042,36.0906],[61.2073,36.0995],[61.2228,36.1175],[61.2247,36.1237],[61.2231,36.1288],[61.2205,36.1589],[61.2055,36.2211],[61.1909,36.2406],[61.1876,36.2503],[61.1872,36.2735],[61.1854,36.284],[61.1814,36.2945],[61.1711,36.3064],[61.1631,36.3116],[61.1535,36.3149],[61.1609,36.3286],[61.1467,36.3573],[61.1525,36.4063],[61.174,36.4868],[61.168,36.5018],[61.1663,36.5138],[61.1707,36.5244],[61.1822,36.5416],[61.1862,36.5528],[61.1876,36.5651],[61.186,36.5777],[61.174,36.6023],[61.1658,36.6363],[61.0755,36.6478]],[[61.0755,36.6478],[60.3423,36.6371]]]},"properties":{"rank":10}},{"type":"Feature","geometry":{"type":"MultiLineString","coordinates":[[[60.9358,34.6357],[60.9475,34.638],[60.958,34.6494],[60.962,34.6738],[60.9587,34.6996],[60.9599,34.7232],[60.978,34.7406],[61.0096,34.761],[61.0291,34.7897],[61.0348,34.8062],[61.0655,34.8147],[61.0734,34.8477],[61.0777,34.883],[61.0715,34.9206],[61.0748,34.9331],[61.0889,34.9519],[61.0953,34.981],[61.1099,35.0185],[61.1159,35.0599],[61.1231,35.0742],[61.1473,35.1021],[61.1368,35.1112],[61.1352,35.1194],[61.1399,35.1397],[61.1015,35.1832],[61.0964,35.1932],[61.1023,35.1977],[61.1124,35.202],[61.1128,35.2117],[61.1079,35.2213],[61.1023,35.2256],[61.1025,35.2567],[61.1083,35.278],[61.1227,35.2877],[61.144,35.2881],[61.1679,35.2914],[61.1871,35.3004],[61.1951,35.3181],[61.1904,35.3696],[61.1951,35.3901],[61.2008,35.4011],[61.2218,35.4242],[61.2273,35.4345],[61.236,35.4658],[61.247,35.4851],[61.2705,35.5084],[61.2838,35.5273],[61.29,35.5481],[61.2876,35.5683],[61.277,35.6092],[61.2697,35.6185]],[[60.9228,34.6365],[60.9358,34.6357]],[[60.7339,33.5549],[60.6556,33.5599],[60.5748,33.5878],[60.5118,33.6384],[60.4869,33.7114],[60.4949,33.7441],[60.5258,33.8021],[60.528,33.8414],[60.4994,33.9943],[60.4868,34.0943],[60.4928,34.139],[60.5209,34.1861],[60.5524,34.2201],[60.5874,34.2503],[60.635,34.2712],[60.6506,34.2854],[60.6437,34.3066],[60.8905,34.3189],[60.8791,34.3376],[60.8049,34.4175],[60.7891,34.4435],[60.7794,34.4551],[60.7673,34.4642],[60.7428,34.4735],[60.7339,34.4804],[60.7253,34.5043],[60.7189,34.5112],[60.7103,34.5151],[60.6997,34.5164],[60.7144,34.5374],[60.7393,34.548],[60.794,34.5541],[60.819,34.5599],[60.8385,34.5709],[60.8839,34.6137],[60.8954,34.6283],[60.9089,34.6347],[60.9228,34.6365]],[[60.8444,29.8582],[60.9784,29.9944],[61.7852,30.8314],[61.8023,30.8471],[61.7984,30.8535],[61.7999,30.8715],[61.8024,30.8785],[61.8084,30.8814],[61.8045,30.9497],[61.8002,30.9614],[61.8193,30.9939],[61.8264,31.015],[61.8263,31.0346],[61.8215,31.0545],[61.8093,31.0871],[61.7918,31.1189],[61.7893,31.1293],[61.7877,31.1586],[61.7792,31.1811],[61.7524,31.2191],[61.7427,31.2395],[61.7423,31.2594],[61.7492,31.3024],[61.7423,31.3209],[61.7065,31.3598],[61.6869,31.3732],[61.6612,31.3819],[60.855,31.4827],[60.8217,31.4947],[60.81,31.5884],[60.795,31.6367],[60.7926,31.6601],[60.8053,31.734],[60.7915,31.8265],[60.7893,31.875],[60.7967,31.9368],[60.795,31.9585],[60.7861,31.979],[60.784,31.9893],[60.7926,32.0113],[60.7867,32.0169],[60.7783,32.021],[60.7749,32.0272],[60.7827,32.0425],[60.8088,32.0712],[60.8148,32.0879],[60.8283,32.1674],[60.8303,32.2489],[60.7523,32.4946],[60.5775,32.9943],[60.5629,33.0583],[60.5615,33.1373],[60.5676,33.1513],[60.757,33.3663],[60.7859,33.3878],[60.8186,33.4049],[60.8291,33.4163],[60.8347,33.4363],[60.8293,33.4701],[60.8322,33.4845],[60.8499,33.4944],[60.8973,33.497],[60.9121,33.5015],[60.9209,33.5141],[60.912,33.5284],[60.8951,33.5411],[60.8796,33.5487],[60.846,33.5558],[60.8074,33.5582]],[[60.8074,33.5582],[60.7339,33.5549]]]},"properties":{"rank":10}},{"type":"Feature","geometry":{"type":"MultiLineString","coordinates":[[[74.5214,36.9585],[74.5374,36.9622],[74.5442,36.994],[74.5481,37.0016],[74.5493,37.0089],[74.5474,37.0157],[74.5424,37.0217]],[[74.457,37.0044],[74.4766,36.9993],[74.4803,36.9969],[74.5017,36.9724],[74.5214,36.9585]],[[74.2117,36.8951],[74.2357,36.9022],[74.2846,36.9342],[74.3681,36.9768],[74.394,36.994],[74.4356,37.0032],[74.457,37.0044]],[[74.146,36.9017],[74.2117,36.8951]],[[74.0353,36.8156],[74.0943,36.8312],[74.1039,36.8413],[74.1088,36.8756],[74.1153,36.8895],[74.1297,36.8984],[74.146,36.9017]],[[73.6401,36.8966],[73.7729,36.892],[73.8341,36.8829],[73.8651,36.8726],[73.9469,36.8309],[73.9767,36.8248],[74.0064,36.8157],[74.0353,36.8156]],[[73.5093,36.8787],[73.6401,36.8966]],[[73.4459,36.8865],[73.5093,36.8787]],[[73.3797,36.8792],[73.4459,36.8865]],[[73.3318,36.8821],[73.3797,36.8792]],[[73.2675,36.8665],[73.2819,36.868],[73.3318,36.8821]],[[73.1918,36.877],[73.2235,36.8743],[73.2527,36.868],[73.2675,36.8665]],[[72.9905,36.8416],[73.0023,36.8461],[73.0263,36.8595],[73.0425,36.8643],[73.1918,36.877]],[[72.9459,36.8522],[72.9768,36.8421],[72.9905,36.8416]],[[72.7794,36.8268],[72.8677,36.8304],[72.8969,36.837],[72.9211,36.8474],[72.9459,36.8522]],[[72.6959,36.8367],[72.7794,36.8268]],[[72.4331,36.7534],[72.4541,36.758],[72.5167,36.8006],[72.5652,36.8206],[72.6296,36.8329],[72.6959,36.8367]],[[72.3873,36.7558],[72.4331,36.7534]],[[71.751,36.3911],[71.7669,36.3918],[71.7826,36.3965],[71.7944,36.4076],[71.7915,36.4213],[71.7746,36.4484],[71.7732,36.48],[71.7938,36.4907],[71.8586,36.4942],[71.8747,36.4991],[71.9135,36.5276],[71.9609,36.5496],[71.977,36.563],[71.9978,36.5724],[72.0388,36.5805],[72.055,36.5929],[72.0563,36.6019],[72.0522,36.6104],[72.0504,36.6186],[72.0591,36.6271],[72.0709,36.6323],[72.0961,36.6389],[72.1542,36.6455],[72.1716,36.6536],[72.1646,36.6701],[72.1496,36.6893],[72.1535,36.7021],[72.1697,36.7114],[72.2136,36.7264],[72.302,36.7427],[72.3462,36.7449],[72.3873,36.7558]],[[71.6291,36.4595],[71.6493,36.4528],[71.7069,36.4214],[71.7363,36.3959],[71.751,36.3911]],[[71.0475,34.5511],[71.0658,34.5585],[71.0766,34.5785],[71.0799,34.6029],[71.0763,34.6236],[71.0688,34.6459],[71.0702,34.6612],[71.0806,34.6729],[71.1509,34.7203],[71.1895,34.7371],[71.2031,34.7482],[71.2556,34.8102],[71.2708,34.8443],[71.2895,34.875],[71.3249,34.8976],[71.46,34.9427],[71.4696,34.9497],[71.4767,34.9603],[71.4854,34.9835],[71.4933,34.9941],[71.5043,35.0006],[71.5113,35.0087],[71.513,35.0181],[71.5075,35.0282],[71.5089,35.072],[71.535,35.0986],[71.6041,35.1382],[71.6293,35.1701],[71.6379,35.1897],[71.6337,35.2031],[71.6032,35.2234],[71.5478,35.2756],[71.5298,35.3009],[71.5316,35.3279],[71.5623,35.3606],[71.6111,35.3955],[71.6209,35.4101],[71.6224,35.4296],[71.614,35.4432],[71.6007,35.4555],[71.5878,35.4709],[71.5817,35.4931],[71.586,35.5121],[71.5929,35.5302],[71.5935,35.5494],[71.5842,35.5642],[71.5679,35.5742],[71.5128,35.5963],[71.4927,35.6096],[71.4833,35.6266],[71.4959,35.6466],[71.514,35.6656],[71.5198,35.6838],[71.5154,35.7015],[71.5027,35.7191],[71.4814,35.7341],[71.4756,35.741],[71.4711,35.7523],[71.4721,35.77],[71.4709,35.7799],[71.4644,35.7947],[71.431,35.8437],[71.4167,35.8588],[71.3713,35.8851],[71.3607,35.9003],[71.3564,35.9331],[71.3416,35.9473],[71.3125,35.9574],[71.2843,35.9625],[71.2574,35.9716],[71.2319,35.994],[71.2179,36.0027],[71.1819,36.0188],[71.1709,36.027],[71.1659,36.0457],[71.1754,36.0612],[71.2076,36.0876],[71.2126,36.0968],[71.2177,36.1181],[71.2231,36.1254],[71.2623,36.1461],[71.2927,36.1579],[71.3021,36.1633],[71.309,36.1727],[71.314,36.194],[71.3191,36.2006],[71.3824,36.2186],[71.4028,36.2314],[71.4791,36.3005],[71.4958,36.3096],[71.5146,36.3152],[71.5389,36.3193],[71.5584,36.3279],[71.5527,36.341],[71.5422,36.3564],[71.5472,36.3716],[71.5723,36.3917],[71.5804,36.4023],[71.5887,36.4185],[71.6007,36.4493],[71.6104,36.4579],[71.6291,36.4595]],[[71.007,34.5563],[71.0475,34.5511]],[[70.9397,34.0009],[70.954,34.0048],[70.9657,34.0138],[70.9771,34.0274],[70.9977,34.0333],[71.0467,34.0419],[71.0626,34.0543],[71.0673,34.073],[71.0639,34.0889],[71.0628,34.1053],[71.0739,34.1253],[71.1018,34.1518],[71.1081,34.1652],[71.1095,34.1892],[71.1065,34.2094],[71.0969,34.2443],[71.0971,34.2625],[71.1264,34.3322],[71.122,34.3568],[71.0509,34.3898],[71.0198,34.4144],[70.9915,34.4431],[70.9708,34.4689],[70.9612,34.4876],[70.9556,34.51],[70.957,34.532],[70.9687,34.5497],[70.9858,34.5562],[71.007,34.5563]],[[69.9691,34.0457],[70.0028,34.0438],[70.2188,33.9807],[70.2756,33.9762],[70.3099,33.9617],[70.3282,33.9573],[70.409,33.9544],[70.4915,33.9396],[70.522,33.9387]],[[70.0656,33.721],[70.0118,33.7403],[69.9727,33.7448],[69.9575,33.7527],[69.9472,33.772],[69.9401,33.7915],[69.9313,33.8064],[69.9075,33.8356],[69.8988,33.8515],[69.8854,33.8895],[69.8765,33.9026],[69.8472,33.9269],[69.8411,33.9418],[69.8542,33.9564],[69.872,33.9715],[69.8739,33.9863],[69.8704,34.0013],[69.8726,34.0172],[69.8893,34.0312],[69.916,34.0389],[69.9691,34.0457]],[[70.8943,34.0094],[70.9212,34.0022],[70.9397,34.0009]],[[70.7913,33.9536],[70.8622,33.9648],[70.88,33.9943],[70.8843,34.007],[70.8943,34.0094]],[[70.6562,33.9548],[70.7913,33.9536]],[[70.522,33.9387],[70.6562,33.9548]],[[70.1054,33.1898],[70.1248,33.199],[70.2944,33.3189],[70.3016,33.3518],[70.2857,33.3829],[70.233,33.4326],[70.2278,33.4399],[70.2204,33.456],[70.2134,33.4613],[70.1855,33.469],[70.1776,33.4734],[70.1638,33.4887],[70.155,33.5066],[70.1514,33.5259],[70.153,33.5447],[70.1735,33.6079],[70.1741,33.6321],[70.1702,33.6387],[70.146,33.6499],[70.1369,33.6563],[70.1325,33.6614],[70.1266,33.677],[70.1181,33.7165],[70.1082,33.7273]],[[70.1082,33.7273],[70.0656,33.721]],[[70.0598,33.1981],[70.0837,33.1913],[70.1054,33.1898]],[[69.9947,33.1273],[70.0069,33.1318],[70.0145,33.1408],[70.048,33.1941],[70.0598,33.1981]],[[69.9657,33.1294],[69.9947,33.1273]],[[69.8387,33.0867],[69.8809,33.0892],[69.9558,33.1277],[69.9657,33.1294]],[[69.7718,33.1148],[69.8387,33.0867]],[[69.6678,33.077],[69.686,33.0808],[69.733,33.1093],[69.7718,33.1148]],[[69.6407,33.0842],[69.6678,33.077]],[[69.6083,33.0791],[69.6407,33.0842]],[[69.5878,33.0795],[69.6083,33.0791]],[[68.9773,31.6415],[69.004,31.6511],[69.0401,31.6731],[69.0716,31.6979],[69.0848,31.7158],[69.1001,31.724],[69.1143,31.7378],[69.2238,31.8819],[69.2509,31.907],[69.2988,31.9377],[69.3048,31.9469],[69.3022,31.9599],[69.2706,32.036],[69.251,32.1306],[69.2519,32.1523],[69.2595,32.1945],[69.26,32.2368],[69.267,32.2796],[69.2681,32.3013],[69.2644,32.3224],[69.2385,32.3783],[69.228,32.4213],[69.2329,32.4627],[69.2516,32.5005],[69.282,32.5328],[69.3021,32.5438],[69.3435,32.5561],[69.3612,32.5685],[69.4139,32.6355],[69.426,32.6551],[69.4291,32.6674],[69.4191,32.7005],[69.4172,32.718],[69.4147,32.7256],[69.3904,32.7379],[69.3832,32.7445],[69.3781,32.7523],[69.3763,32.7719],[69.3872,32.7853],[69.4211,32.8068],[69.4456,32.8357],[69.4773,32.8568],[69.4872,32.8859],[69.4685,32.9943],[69.4877,33.0284],[69.5142,33.0567],[69.5475,33.075],[69.5878,33.0795]],[[68.1591,31.8259],[68.1848,31.8182],[68.2068,31.8079],[68.2323,31.7902],[68.2426,31.7769],[68.255,31.7664],[68.2769,31.7636]],[[67.9147,31.6314],[67.9552,31.6332],[67.9661,31.6382],[67.9773,31.6519],[67.9941,31.6634],[68.0466,31.6884],[68.0523,31.6954],[68.0556,31.7166],[68.0605,31.7256],[68.0935,31.7516],[68.1045,31.7688],[68.1257,31.8115],[68.1386,31.8247],[68.1591,31.8259]],[[68.5275,31.823],[68.5611,31.8118],[68.6195,31.7835],[68.6758,31.7747],[68.6883,31.7686],[68.6949,31.7564],[68.6979,31.7159],[68.7054,31.7013],[68.7312,31.6755],[68.7773,31.6186],[68.8038,31.6026]],[[68.4614,31.7636],[68.4396,31.7666],[68.4222,31.7732],[68.4187,31.783],[68.4382,31.796],[68.4815,31.8157],[68.5051,31.8227],[68.5275,31.823]],[[68.3165,31.7652],[68.3561,31.7625],[68.461,31.7305],[68.498,31.7252]],[[68.2769,31.7636],[68.3165,31.7652]],[[68.498,31.7252],[68.5152,31.73],[68.5368,31.741],[68.5498,31.7535],[68.5406,31.7625],[68.5213,31.7648]],[[68.5213,31.7648],[68.4614,31.7636]],[[68.941,31.6437],[68.9773,31.6415]],[[68.8038,31.6026],[68.8435,31.6065],[68.907,31.6343],[68.941,31.6437]],[[67.8843,31.6356],[67.9147,31.6314]],[[67.6655,31.5181],[67.6963,31.5208],[67.7267,31.5314],[67.7812,31.5642],[67.8427,31.6235],[67.8707,31.6352],[67.8843,31.6356]],[[67.6005,31.5305],[67.6655,31.5181]],[[67.6511,31.3953],[67.6314,31.4001],[67.6115,31.4108],[67.597,31.4257],[67.5911,31.4648],[67.5781,31.4821],[67.5634,31.4973],[67.5561,31.5122],[67.569,31.5299],[67.6005,31.5305]],[[67.7494,31.328],[67.7647,31.3341],[67.7751,31.3528],[67.7704,31.3947],[67.7343,31.4048]],[[67.7343,31.4048],[67.6511,31.3953]],[[67.709,31.3293],[67.7494,31.328]],[[67.3462,31.2078],[67.3646,31.2107],[67.4339,31.2361],[67.4933,31.243],[67.5302,31.2566],[67.5837,31.2652],[67.6022,31.2711],[67.6659,31.3063],[67.6928,31.3252],[67.709,31.3293]],[[67.0021,31.3159],[67.0168,31.3091],[67.0239,31.2953],[67.026,31.273],[67.0234,31.2649],[67.0139,31.2527],[67.0153,31.2447],[67.0229,31.2394],[67.0353,31.2359],[67.0582,31.2324],[67.0785,31.232]],[[65.0364,29.5402],[66.1956,29.8353],[66.2752,29.8852],[66.3018,29.9157],[66.3224,29.9465],[66.3368,29.952],[66.3405,29.9566],[66.3324,29.9661],[66.3016,29.9867],[66.2604,30.0231],[66.2252,30.0444],[66.2193,30.0579],[66.2217,30.0737],[66.2363,30.1116],[66.3009,30.2256],[66.3053,30.2448],[66.303,30.3053],[66.3218,30.4374],[66.3194,30.4578],[66.3138,30.4783],[66.3061,30.4911],[66.2819,30.5181],[66.2649,30.5578],[66.268,30.6014],[66.3663,30.9229],[66.3754,30.9367],[66.3923,30.9446],[66.5275,30.9683],[66.55,30.977],[66.644,31.0602],[66.6631,31.0831],[66.697,31.1958],[66.7213,31.2103],[66.7595,31.2148],[66.7853,31.2318],[66.8086,31.2547],[66.8385,31.277],[66.9059,31.3055],[66.9433,31.3147],[67.0021,31.3159]],[[67.1368,31.2411],[67.1567,31.2359],[67.1932,31.2185],[67.2138,31.2123],[67.2303,31.2106]],[[67.0785,31.232],[67.1169,31.2403],[67.1368,31.2411]],[[67.2822,31.2128],[67.3462,31.2078]],[[67.2303,31.2106],[67.2822,31.2128]],[[60.8444,29.8582],[60.876,29.8455],[62.3745,29.4249],[62.4775,29.4078]],[[64.4777,29.5704],[64.8203,29.5679],[64.9866,29.5416],[65.0364,29.5402]],[[64.0861,29.3866],[64.1134,29.3963],[64.1498,29.4585],[64.1726,29.4843],[64.2077,29.5],[64.4777,29.5704]],[[63.5686,29.4975],[63.972,29.4296],[64.0861,29.3866]],[[62.4775,29.4078],[63.5686,29.4975]]]},"properties":{"rank":10}},{"type":"Feature","geometry":{"type":"MultiLineString","coordinates":[[[62.5756,28.229],[62.5554,28.2403],[62.4923,28.3007],[62.4777,28.3223],[62.4712,28.3397],[62.4643,28.3498],[62.4538,28.3557],[62.4372,28.3604],[62.421,28.3686],[62.4107,28.3807],[62.4022,28.3941],[62.3905,28.4061],[62.3628,28.4189],[62.2307,28.4425],[62.1475,28.4753],[62.1156,28.4814],[62.0491,28.4863],[62.0188,28.4947],[61.9711,28.519],[61.9113,28.5337],[61.8928,28.5426],[61.8612,28.5748],[61.7977,28.6266],[61.7562,28.674],[61.653,28.7563],[61.624,28.7876],[61.5953,28.8427],[61.5665,28.871],[61.5613,28.8859],[61.559,28.9027],[61.5532,28.9221],[61.5109,29.0074],[61.5021,29.0177],[61.491,29.0255],[61.478,29.0307],[61.4703,29.0359],[61.468,29.0417],[61.4708,29.0479],[61.4872,29.0629],[61.4906,29.072],[61.4878,29.0807],[61.478,29.0875],[61.4609,29.0939],[61.4532,29.1084],[61.448,29.1254],[61.4377,29.1396],[61.4269,29.1446],[61.4086,29.1486],[61.3979,29.1591],[61.3928,29.1705],[61.3901,29.1954],[61.387,29.2066],[61.3742,29.2239],[61.3423,29.2545],[61.3328,29.2749],[61.3328,29.2945],[61.3447,29.3295],[61.3466,29.3491],[61.3374,29.3744],[61.3198,29.3854],[61.2987,29.3927],[61.2792,29.4066],[60.8444,29.8582]],[[62.8006,27.2252],[62.7856,27.2325],[62.7424,27.2668],[62.7582,27.2677],[62.7681,27.2744],[62.7741,27.2855],[62.7788,27.2998],[62.7806,27.3161],[62.7757,27.3269],[62.756,27.3481],[62.8086,27.4534],[62.8147,27.495],[62.7803,27.8297],[62.7357,27.995],[62.7664,28.2115],[62.7615,28.2464],[62.7393,28.2583]],[[62.7393,28.2583],[62.5756,28.229]],[[63.3196,27.1173],[63.2856,27.1846],[63.2713,27.2034],[63.2606,27.2138],[63.2515,27.219],[63.2268,27.227],[63.2154,27.2332],[63.1896,27.2545],[63.1771,27.2584],[63.167,27.2587]],[[63.167,27.2587],[63.1123,27.2432],[63.0994,27.2428]],[[63.0994,27.2428],[63.0827,27.2444]],[[63.0827,27.2444],[63.0562,27.2432],[63.0038,27.2288],[62.9196,27.2149],[62.8924,27.2135]],[[62.8924,27.2135],[62.8608,27.2196],[62.8374,27.2313],[62.8293,27.2336]],[[62.8293,27.2336],[62.8223,27.2325],[62.8085,27.2254],[62.8006,27.2252]],[[63.3024,27.1234],[63.3196,27.1173]],[[63.1413,26.6254],[63.1638,26.6451],[63.1743,26.685],[63.1823,26.8302],[63.1896,26.846],[63.206,26.8537],[63.2467,26.8596],[63.2616,26.8717],[63.2649,26.89],[63.2565,26.9062],[63.244,26.9224],[63.235,26.9411],[63.2299,27.0541],[63.2314,27.0658],[63.2356,27.0759],[63.2462,27.0895],[63.25,27.0995],[63.2609,27.1156],[63.2806,27.1232],[63.3024,27.1234]],[[62.7536,26.6442],[62.9904,26.6389],[63.0294,26.6335],[63.0689,26.6325]],[[62.671,26.5977],[62.7019,26.604],[62.718,26.6105],[62.7247,26.6151],[62.7351,26.6322],[62.7427,26.6413],[62.7536,26.6442]],[[63.098,26.6384],[63.1076,26.6376],[63.1313,26.6258],[63.1413,26.6254]],[[63.0689,26.6325],[63.098,26.6384]],[[62.6406,26.6051],[62.6513,26.6032],[62.6625,26.5983],[62.671,26.5977]],[[62.3864,26.5366],[62.3967,26.5391],[62.4025,26.5438],[62.4106,26.5568],[62.4185,26.5623],[62.428,26.5648],[62.5953,26.5807],[62.6158,26.5871],[62.632,26.6004],[62.6406,26.6051]],[[62.3653,26.5375],[62.3864,26.5366]],[[62.2434,26.3506],[62.2651,26.361],[62.2642,26.3752],[62.2545,26.3936],[62.249,26.4165],[62.2561,26.4289],[62.2875,26.4566],[62.2979,26.474],[62.297,26.4802],[62.2901,26.4924],[62.292,26.5012],[62.2983,26.5088],[62.307,26.5137],[62.3265,26.5207],[62.3476,26.5333],[62.3559,26.5366],[62.3653,26.5375]],[[62.1238,26.374],[62.1615,26.3695],[62.2059,26.3553],[62.2434,26.3506]],[[61.7219,25.7997],[61.7393,25.8033],[61.7545,25.82],[61.7601,25.8376],[61.8099,26.1674],[61.8184,26.1985],[61.8329,26.2254],[61.8571,26.2424],[61.9777,26.2732],[62.0137,26.2946],[62.0323,26.3029],[62.0528,26.3086],[62.0942,26.3148],[62.1033,26.3251],[62.1069,26.3497],[62.1238,26.374]],[[61.7026,25.8001],[61.7219,25.7997]],[[61.5882,25.2021],[61.62,25.2855],[61.6432,25.6133],[61.6466,25.6277],[61.6525,25.6373],[61.6672,25.6505],[61.6735,25.6583],[61.6764,25.6928],[61.6653,25.7324],[61.6603,25.7692],[61.6814,25.7955],[61.7026,25.8001]]]},"properties":{"rank":10}},{"type":"Feature","geometry":{"type":"MultiLineString","coordinates":[[[68.9432,55.4346],[69.1226,55.3979],[69.1478,55.3782],[69.1645,55.3474],[69.1861,55.3258]],[[68.9456,55.2704],[68.9706,55.2786],[68.9809,55.2915],[68.9833,55.3086],[68.9773,55.3467],[68.9524,55.3559],[68.9323,55.3608],[68.9178,55.3709],[68.9066,55.405],[68.9024,55.4125],[68.9024,55.4195],[68.9111,55.4274],[68.9273,55.4337],[68.9432,55.4346]],[[69.3346,55.3851],[69.4773,55.3494],[69.6739,55.334],[69.8023,55.2921],[69.8304,55.2766],[69.9117,55.2116],[69.9403,55.2002],[70.02,55.1953],[70.0586,55.187],[70.197,55.1335],[70.2137,55.132]],[[69.1861,55.3258],[69.2262,55.3336],[69.3103,55.3815],[69.3346,55.3851]],[[68.7006,55.3605],[68.7225,55.3528],[68.8226,55.3435],[68.846,55.3368],[68.8668,55.3257],[68.9032,55.2908],[68.9228,55.2764],[68.9456,55.2704]],[[68.5936,55.1936],[68.6053,55.1956],[68.6158,55.2055],[68.6182,55.2154],[68.6128,55.2347],[68.6137,55.2431],[68.6299,55.2549],[68.6764,55.2732],[68.6837,55.2886],[68.6809,55.3098],[68.6823,55.3272],[68.6889,55.3433],[68.7006,55.3605]],[[70.7212,55.3131],[70.7776,55.307],[70.8204,55.2941],[70.8045,55.2815],[70.7889,55.2655],[70.7821,55.2485],[70.7932,55.2332],[70.9601,55.1056],[70.9771,55.078],[70.9775,55.0479],[70.9733,55.0185],[70.957,54.9735],[70.9745,54.9469],[70.9664,54.9349],[70.9551,54.9233],[70.9475,54.9061],[70.9459,54.8879],[70.9533,54.8735],[70.99,54.8486],[70.9972,54.8348],[70.9941,54.8075],[71.006,54.7742],[71.047,54.7491],[71.0972,54.733],[71.1369,54.727]],[[70.5389,55.2692],[70.5613,55.2696],[70.5844,55.2732],[70.6065,55.2805],[70.6254,55.2925],[70.6657,55.3092],[70.7212,55.3131]],[[70.4601,55.2874],[70.5389,55.2692]],[[70.2137,55.132],[70.2314,55.1415],[70.264,55.1734],[70.2846,55.1832],[70.3726,55.2006],[70.3825,55.2062],[70.3853,55.2139],[70.3881,55.2303],[70.4,55.2459],[70.4412,55.2833],[70.4601,55.2874]],[[68.5672,55.1976],[68.5936,55.1936]],[[68.4773,55.1828],[68.5441,55.1969],[68.5672,55.1976]],[[68.3768,55.1951],[68.4012,55.1947],[68.4773,55.1828]],[[68.3058,55.1814],[68.3257,55.182],[68.3768,55.1951]],[[68.2624,55.194],[68.2771,55.1908],[68.2899,55.1853],[68.3058,55.1814]],[[68.0097,54.943],[68.1661,54.9561],[68.1836,54.9671],[68.1909,54.9926],[68.2131,54.9985],[68.2218,55.0078],[68.226,55.0209],[68.2348,55.0385],[68.2537,55.0459],[68.2816,55.0471],[68.3042,55.0526],[68.3082,55.0728],[68.2281,55.1016],[68.1905,55.1254],[68.207,55.1542],[68.1771,55.1705],[68.2409,55.1912],[68.2624,55.194]],[[67.8822,54.9704],[67.9131,54.9692],[68.0097,54.943]],[[67.6227,54.8539],[67.6985,54.8679],[67.7579,54.8978],[67.7975,54.9372],[67.8173,54.9522],[67.8468,54.9639],[67.8822,54.9704]],[[67.3113,54.8599],[67.3779,54.8491]],[[67.174,54.7914],[67.2133,54.7972],[67.2395,54.8129],[67.2601,54.8369],[67.2839,54.8533],[67.3113,54.8599]],[[67.443,54.857],[67.6227,54.8539]],[[67.3779,54.8491],[67.443,54.857]],[[67.0985,54.792],[67.174,54.7914]],[[66.6377,54.7137],[66.7003,54.7192],[66.7224,54.7272],[66.7605,54.7509],[66.7818,54.7582],[66.9773,54.7637],[67.0082,54.7679],[67.067,54.7875],[67.0985,54.792]],[[71.1803,54.7274],[71.2007,54.724],[71.2188,54.7142],[71.2528,54.6824],[71.2647,54.6617],[71.2649,54.6392],[71.2523,54.6253],[71.2302,54.6175],[71.179,54.6087],[71.1476,54.5914],[71.1412,54.5638],[71.1482,54.4925],[71.1452,54.4806],[71.1469,54.4762],[71.1669,54.4627],[71.171,54.451],[71.1659,54.417],[71.1687,54.4109],[71.1761,54.4076],[71.1935,54.404],[71.198,54.3995],[71.1981,54.3917],[71.1906,54.3182],[71.1344,54.3116]],[[71.1369,54.727],[71.1803,54.7274]],[[66.5099,54.7167],[66.6377,54.7137]],[[65.9775,54.6117],[66.4465,54.7109],[66.5099,54.7167]],[[65.9328,54.7026],[65.9519,54.6937],[65.9607,54.628],[65.9775,54.6117]],[[65.713,54.5972],[65.744,54.6009],[65.7703,54.6174],[65.7983,54.6481],[65.827,54.6727],[65.8594,54.6858],[65.9328,54.7026]],[[65.4774,54.6327],[65.5746,54.6255],[65.713,54.5972]],[[65.4275,54.5528],[65.449,54.5566],[65.4562,54.5779],[65.4449,54.6142],[65.4498,54.6275],[65.4774,54.6327]],[[65.3704,54.5625],[65.4275,54.5528]],[[65.1738,54.3102],[65.1842,54.3104],[65.2129,54.343],[65.1813,54.4491],[65.2023,54.4725],[65.1981,54.4923],[65.1982,54.5162],[65.2143,54.5279],[65.3416,54.5615],[65.3704,54.5625]],[[76.8723,54.4647],[76.8959,54.4639],[76.9105,54.4546],[76.9036,54.4326],[76.8857,54.4228],[76.8047,54.4101],[76.7868,54.4028],[76.7646,54.3905],[76.753,54.3767],[76.7661,54.3646],[76.8158,54.3556],[76.8342,54.3457],[76.8432,54.3223],[76.8377,54.2969],[76.8209,54.2776],[76.8001,54.2607],[76.7823,54.2424],[76.7702,54.2131],[76.7625,54.2026],[76.7512,54.194],[76.7262,54.1802],[76.7163,54.1709],[76.6646,54.1341]],[[76.7572,54.4371],[76.7821,54.4395],[76.8524,54.4612],[76.8723,54.4647]],[[76.7013,54.4402],[76.7572,54.4371]],[[76.6078,54.3546],[76.6231,54.3559],[76.6409,54.3665],[76.6453,54.3838],[76.6457,54.4037],[76.6518,54.4223],[76.6728,54.4365],[76.7013,54.4402]],[[64.9106,54.4027],[64.9777,54.3866],[65.0571,54.3239],[65.0715,54.3149],[65.0854,54.3086],[65.1002,54.3055]],[[64.7202,54.3338],[64.7846,54.3532],[64.8472,54.3839],[64.9106,54.4027]],[[64.5785,54.3856],[64.6527,54.3471],[64.6843,54.3361],[64.7202,54.3338]],[[64.5114,54.3651],[64.5365,54.3686],[64.5785,54.3856]],[[72.0432,54.378],[72.1518,54.3683],[72.1848,54.3568],[72.2219,54.3332],[72.2528,54.3035],[72.2675,54.2735],[72.2787,54.2627],[72.3244,54.2535],[72.3371,54.2365],[72.333,54.2238],[72.2986,54.1784],[72.4829,54.1356],[72.4844,54.1325],[72.482,54.1283],[72.4767,54.1237],[72.4667,54.1099],[72.4542,54.1071]],[[72.1289,54.1261],[72.1551,54.1284],[72.1776,54.136],[72.1905,54.152],[72.1874,54.1794],[72.17,54.1968],[72.1423,54.2033],[72.1115,54.2062],[72.0851,54.2131],[72.0667,54.2224],[72.0654,54.228],[72.0657,54.241],[72.0676,54.2511],[72.0721,54.2627],[72.078,54.2739],[72.0987,54.3005],[72.103,54.3116],[72.0948,54.3208],[72.0713,54.3332],[72.0384,54.346],[72.0271,54.3553],[72.0247,54.3709],[72.0432,54.378]],[[64.4671,54.372],[64.5114,54.3651]],[[64.3338,54.3446],[64.4325,54.3515],[64.4446,54.3547],[64.4671,54.372]],[[76.5772,54.3568],[76.6078,54.3546]],[[76.4331,54.3166],[76.4765,54.3231],[76.5401,54.3511],[76.5619,54.3563],[76.5772,54.3568]],[[64.294,54.3534],[64.3086,54.3518],[64.3338,54.3446]],[[64.152,54.3174],[64.1766,54.3205],[64.2253,54.3346],[64.2559,54.3386],[64.2762,54.3444],[64.294,54.3534]],[[76.2342,54.3474],[76.4331,54.3166]],[[75.6032,54.0945],[75.6404,54.0989],[76.1838,54.2516],[76.1719,54.2747],[76.1697,54.2914],[76.1771,54.3068],[76.1939,54.3256],[76.2148,54.3422],[76.2342,54.3474]],[[71.1344,54.3116],[71.1163,54.3117],[71.0969,54.3157],[71.0598,54.328],[71.0395,54.3321],[71.0034,54.3331]],[[71.0034,54.3331],[70.98,54.3251],[70.9708,54.305],[70.9771,54.2701],[71.0388,54.2676],[71.0521,54.2632],[71.0572,54.2471],[71.0564,54.2234],[71.0516,54.2003],[71.044,54.1859],[71.0824,54.1743],[71.0974,54.1651],[71.113,54.1502],[71.1437,54.1137],[71.1613,54.102],[71.1823,54.1016]],[[64.1081,54.3247],[64.152,54.3174]],[[64.0481,54.3027],[64.0595,54.3037],[64.068,54.3077],[64.0843,54.3202],[64.0937,54.3242],[64.1081,54.3247]],[[64.0045,54.3197],[64.0233,54.3076],[64.0351,54.304],[64.0481,54.3027]],[[63.8975,54.1942],[63.908,54.2075],[63.9404,54.2153],[63.9766,54.2189],[64.0079,54.2287],[64.0254,54.2552],[63.9937,54.2804],[63.979,54.2965],[63.9804,54.3037],[63.9882,54.3078],[63.996,54.3155],[64.0045,54.3197]],[[65.1437,54.3176],[65.1738,54.3102]],[[65.1002,54.3055],[65.1175,54.3064],[65.1245,54.3089],[65.1365,54.3164],[65.1437,54.3176]],[[63.7086,54.2504],[63.744,54.2487],[63.7735,54.2397],[63.856,54.2019],[63.8975,54.1942]],[[63.3316,54.1627],[63.3683,54.1628],[63.3968,54.1706],[63.4497,54.1961],[63.4776,54.204],[63.5449,54.2065],[63.7086,54.2504]],[[71.7625,54.2476],[71.958,54.236],[71.9836,54.2316],[72.0025,54.2256],[72.0187,54.215],[72.077,54.1483],[72.0995,54.1319],[72.1289,54.1261]],[[71.6324,54.1071],[71.6472,54.1086],[71.6806,54.1191],[71.7087,54.1322],[71.7173,54.1465],[71.7122,54.1907],[71.7154,54.2107],[71.7254,54.2291],[71.7414,54.2424],[71.7625,54.2476]],[[71.3206,54.201],[71.3497,54.1977],[71.3816,54.1888],[71.413,54.1844]],[[71.1823,54.1016],[71.2181,54.1163],[71.2458,54.1358],[71.2963,54.189],[71.3206,54.201]],[[71.4435,54.1851],[71.4531,54.1813],[71.4624,54.1715],[71.4683,54.1584],[71.4771,54.1097]],[[71.413,54.1844],[71.4435,54.1851]],[[63.1567,54.1801],[63.2163,54.1787],[63.3316,54.1627]],[[63.0847,54.0856],[63.1122,54.0937],[63.1274,54.1104],[63.1253,54.1249],[63.116,54.1397],[63.11,54.158],[63.1238,54.1741],[63.1567,54.1801]],[[76.6646,54.1341],[76.6038,54.1354],[76.4765,54.164],[76.4126,54.1657]],[[76.4126,54.1657],[76.3936,54.1618],[76.3767,54.1543],[76.3744,54.1478],[76.4765,54.042],[76.4826,54.0301],[76.4952,53.9923],[76.5257,53.9613],[77.6128,53.4428],[77.8668,53.2723],[77.9764,53.1685],[78.4765,52.6379],[79.0428,51.9925]],[[72.6242,54.135],[72.8855,54.1173]],[[72.5094,54.0436],[72.5031,54.0509],[72.5088,54.0687],[72.5274,54.1001],[72.5731,54.1287],[72.6242,54.135]],[[71.5735,54.1292],[71.5842,54.1259],[71.6047,54.1137],[71.615,54.1095],[71.6324,54.1071]],[[71.4771,54.1097],[71.4991,54.1116],[71.5494,54.127],[71.5735,54.1292]],[[72.942,54.1218],[72.9568,54.1175],[72.9684,54.1041],[72.9736,54.0865],[72.9768,54.0477],[73.0237,54.034],[73.0353,54.0206],[73.0444,53.9923],[73.0628,53.9791],[73.3603,53.9384]],[[72.8855,54.1173],[72.942,54.1218]],[[72.4542,54.1071],[72.4397,54.1089]],[[72.4397,54.1089],[72.4232,54.1087],[72.4193,54.1053],[72.4119,54.0928],[72.4079,54.0896]],[[75.4998,54.1023],[75.6032,54.0945]],[[75.0008,53.8065],[75.0279,53.8079],[75.434,53.9865],[75.3607,54.0595],[75.4292,54.0901],[75.4644,54.1006],[75.4998,54.1023]],[[72.4079,54.0896],[72.3985,54.0897],[72.3682,54.0963]],[[72.3682,54.0963],[72.3584,54.093],[72.3569,54.0818],[72.3636,54.0595],[72.3819,54.043],[72.4051,54.0307],[72.4187,54.016],[72.4078,53.9923],[72.3831,53.9564],[72.3728,53.9362],[72.373,53.9201],[72.3922,53.9082],[72.4234,53.9035]],[[62.8121,54.095],[62.8313,54.0927],[62.8752,54.0795],[62.9024,54.0785]],[[62.5253,53.8719],[62.5412,53.8767],[62.5451,53.8837],[62.5366,53.915],[62.5318,53.9225],[62.5318,53.9304],[62.5437,53.943],[62.5865,53.9698],[62.5632,53.9925],[62.5506,54.0268],[62.581,54.0536],[62.6291,54.0712],[62.6703,54.0777],[62.7572,54.0811],[62.8121,54.095]],[[62.9855,54.0929],[63.0847,54.0856]],[[62.9024,54.0785],[62.9855,54.0929]],[[73.6543,54.0785],[73.6705,54.0759],[73.6749,54.0516],[73.6849,54.0484]],[[73.4816,53.9454],[73.5059,53.9497],[73.518,53.956],[73.5215,53.9687],[73.5199,53.9924],[73.5283,54.0107],[73.5869,54.0194],[73.6044,54.0347],[73.6009,54.0469],[73.5919,54.0577],[73.5885,54.0662],[73.6015,54.0712],[73.6543,54.0785]],[[61.3377,54.0632],[61.4177,54.056],[61.4332,54.0475],[61.4619,54.0111],[61.4786,54.0029],[61.5528,53.9925],[61.5562,53.9609],[61.5639,53.9517],[61.5818,53.9477]],[[61.1929,53.9071],[61.2108,53.9077],[61.2273,53.9259],[61.2305,53.9431],[61.2251,53.9602],[61.2013,53.9984],[61.1935,54.0183],[61.2498,54.0207],[61.2748,54.0285],[61.2933,54.0461],[61.3115,54.0599],[61.3377,54.0632]],[[73.7406,54.0579],[73.6971,53.9008],[73.6829,53.8741],[73.6617,53.8608],[73.6343,53.8574]],[[73.6849,54.0484],[73.7406,54.0579]],[[72.6737,53.9505],[72.7002,53.9576],[72.6948,53.9926],[72.6756,54.0217],[72.6562,54.0425],[72.6318,54.0539],[72.5971,54.0546]],[[72.5971,54.0546],[72.5094,54.0436]],[[62.4127,54.0266],[62.4335,54.0247],[62.4461,54.0145],[62.444,53.9923],[62.3996,53.9745],[62.3866,53.9613],[62.39,53.9416],[62.4082,53.9247],[62.4567,53.9092],[62.4777,53.8952],[62.4989,53.8778],[62.5116,53.8726],[62.5253,53.8719]],[[62.0036,53.932],[62.0026,54.0174],[62.4127,54.0266]],[[61.7913,54.0008],[61.8205,53.9926],[61.8281,53.9732],[61.83,53.9604],[61.8362,53.9511],[61.8564,53.9427],[61.8917,53.9362],[62.0036,53.932]],[[61.7421,53.9816],[61.755,53.9833],[61.777,53.9999],[61.7913,54.0008]],[[61.7153,53.9926],[61.7286,53.9853],[61.7421,53.9816]],[[61.5818,53.9477],[61.6005,53.9502],[61.6111,53.9595],[61.6164,53.9742],[61.6199,53.9926],[61.7153,53.9926]],[[72.5568,53.9772],[72.5721,53.9764],[72.6737,53.9505]],[[72.4234,53.9035],[72.4556,53.9053],[72.4767,53.9134],[72.5181,53.9432],[72.5439,53.9708],[72.5568,53.9772]],[[73.3928,53.974],[73.4241,53.9726],[73.4335,53.9707],[73.446,53.9639],[73.469,53.9473],[73.4816,53.9454]],[[73.3603,53.9384],[73.3739,53.9409],[73.3793,53.9487],[73.3843,53.9703],[73.3928,53.974]],[[61.0964,53.9562],[61.1452,53.9501],[61.1519,53.9454],[61.163,53.9285],[61.1762,53.9165],[61.1929,53.9071]],[[61.0076,53.6357],[61.0427,53.6542],[61.0449,53.6667],[61.0448,53.6914],[61.0522,53.7033],[61.0679,53.7089],[61.1069,53.7124],[61.1157,53.7236],[61.1275,53.7472],[61.1518,53.7652],[61.1787,53.7809],[61.1991,53.7971],[61.202,53.8196],[61.1772,53.8328],[61.1424,53.8419],[61.115,53.8523],[61.0952,53.8701],[61.085,53.8753],[61.0652,53.8785],[60.9996,53.8794],[60.978,53.8826],[60.9714,53.893],[60.9694,53.9043],[60.9718,53.9158],[60.978,53.9267],[60.9961,53.9414],[61.0174,53.949],[61.0638,53.9553],[61.0964,53.9562]],[[73.6343,53.8574],[73.4853,53.8749]],[[73.4853,53.8749],[73.4559,53.8737],[73.4318,53.8654],[73.411,53.8503],[73.3912,53.8282],[73.4378,53.8085],[73.3474,53.7876],[73.3312,53.7752],[73.3066,53.6857],[73.2638,53.681],[73.2448,53.6748],[73.2297,53.6624],[73.2204,53.6431],[73.2249,53.6299],[73.2588,53.6063],[73.2306,53.5723],[73.3912,53.5202],[73.3472,53.4594],[73.411,53.43]],[[74.8062,53.8377],[74.8885,53.8364],[74.9239,53.831],[75.0008,53.8065]],[[74.6165,53.6807],[74.6268,53.6873],[74.6445,53.7346],[74.6545,53.7484],[74.663,53.755],[74.6746,53.7571],[74.7253,53.7591],[74.7349,53.7652],[74.7434,53.7795],[74.7543,53.8085],[74.7622,53.8226],[74.772,53.8309],[74.8062,53.8377]],[[74.4535,53.685],[74.6165,53.6807]],[[74.3884,53.4622],[74.4091,53.4776],[74.4569,53.5698],[74.4554,53.5774],[74.4446,53.5858],[74.4266,53.5964],[74.4208,53.6031],[74.4297,53.6536],[74.4385,53.6734],[74.4535,53.685]],[[60.9047,53.6571],[61.0076,53.6357]],[[61.2807,53.5424],[61.1404,53.5627],[61.1215,53.5698],[61.1145,53.5762],[61.1034,53.5925],[61.0964,53.5992],[61.0466,53.6085],[60.9073,53.6136],[60.8802,53.6328],[60.9047,53.6571]],[[73.9367,53.6395],[74.0436,53.63],[74.058,53.6246],[74.063,53.6087],[74.0615,53.5895],[74.0628,53.5732],[74.0769,53.5662],[74.1077,53.5651]],[[73.7878,53.5951],[73.8033,53.5984],[73.8727,53.6321],[73.9042,53.6392],[73.9367,53.6395]],[[73.6598,53.6116],[73.7365,53.6098],[73.7533,53.607],[73.7878,53.5951]],[[73.6319,53.5609],[73.6407,53.5632],[73.6441,53.5792],[73.651,53.5948],[73.6529,53.6092],[73.6598,53.6116]],[[74.148,53.598],[74.2139,53.597],[74.2233,53.5946],[74.2353,53.5819],[74.2416,53.5678],[74.2505,53.5568],[74.2703,53.5532],[74.2631,53.5302],[74.2696,53.5152],[74.3061,53.4924]],[[74.1077,53.5651],[74.1187,53.5695],[74.1372,53.5939],[74.148,53.598]],[[61.4123,53.4358],[61.4373,53.4465],[61.4885,53.4793],[61.5147,53.4925],[61.5553,53.5057],[61.5284,53.5717],[61.5168,53.5857],[61.503,53.589]],[[61.503,53.589],[61.3903,53.5885],[61.3612,53.5826],[61.3161,53.5452],[61.2807,53.5424]],[[73.6079,53.5633],[73.6319,53.5609]],[[73.411,53.43],[73.4241,53.4326],[73.5465,53.5069],[73.5552,53.5148],[73.5635,53.5255],[73.576,53.5532],[73.5825,53.5586],[73.6079,53.5633]],[[61.2611,53.5067],[61.2877,53.5032],[61.3071,53.4927],[61.3284,53.4707],[61.3535,53.4498],[61.3816,53.4361],[61.4123,53.4358]],[[61.2495,53.2697],[61.2029,53.2764],[61.1627,53.2992],[61.1428,53.323],[61.1337,53.3481],[61.1372,53.3731],[61.156,53.3967],[61.2009,53.4362],[61.2098,53.4498],[61.2143,53.4619],[61.2182,53.4927],[61.2353,53.503],[61.2611,53.5067]],[[74.3062,53.4924],[74.3589,53.4661],[74.3884,53.4622]],[[74.3061,53.4924],[74.3062,53.4924]],[[61.5143,53.2087],[61.478,53.2151],[61.3798,53.2619],[61.3448,53.2701]],[[61.3448,53.2701],[61.2495,53.2697]],[[61.9592,52.9349],[62.0348,52.9527],[62.0727,52.9696],[62.0942,52.9925],[62.1137,53.0419],[62.116,53.0646],[62.108,53.0886],[62.0832,53.1133],[62.0507,53.1248],[61.8351,53.1511],[61.7642,53.1695],[61.7051,53.2035],[61.6643,53.2389],[61.6431,53.2433]],[[61.6431,53.2433],[61.5473,53.2115],[61.5143,53.2087]],[[61.4483,53.0214],[61.478,53.0123],[61.5146,52.9926],[61.5743,52.9558],[61.6056,52.9483]],[[61.3185,52.9825],[61.3494,52.9849],[61.3766,52.9927],[61.4243,53.0174],[61.4483,53.0214]],[[61.1903,53.0131],[61.2249,53.0064],[61.2587,52.9927],[61.2873,52.9852],[61.3185,52.9825]],[[60.7416,52.6254],[60.7245,52.6262],[60.7117,52.6322],[60.7061,52.6406],[60.7041,52.6472],[60.6997,52.6528],[60.6768,52.6636],[60.6726,52.6722],[60.6735,52.6939],[60.6962,52.7349],[60.7386,52.7509],[60.7874,52.7579],[60.8291,52.7716],[60.843,52.784],[60.8669,52.8123],[60.8849,52.8253],[61.0584,52.9222],[60.9746,52.9712],[61.0524,52.9719],[61.0886,52.9781],[61.1224,52.9925],[61.1558,53.0097],[61.1903,53.0131]],[[61.8198,52.9782],[61.8565,52.9702],[61.9226,52.9382],[61.9592,52.9349]],[[61.7178,52.9699],[61.8198,52.9782]],[[61.6753,52.9736],[61.7178,52.9699]],[[61.6056,52.9483],[61.6365,52.9601],[61.6559,52.9709],[61.6753,52.9736]],[[60.6181,52.1429],[60.6722,52.1443],[60.7228,52.1696],[60.7629,52.2102],[60.7812,52.2206],[60.8767,52.2459],[60.8967,52.2547],[60.9474,52.2897],[60.9658,52.2996],[61.0085,52.315],[61.0399,52.335],[60.9614,52.402],[60.9559,52.4198],[60.9515,52.4611],[60.9446,52.4791],[60.9365,52.4886],[60.924,52.4937],[60.8314,52.5132],[60.8149,52.5219],[60.81,52.5384],[60.8144,52.5859],[60.8135,52.6055],[60.8084,52.6212],[60.8031,52.6277],[60.7931,52.6288]],[[60.7931,52.6288],[60.7416,52.6254]],[[60.5065,52.1516],[60.5624,52.1503],[60.6181,52.1429]],[[60.0923,51.8548],[60.0608,51.8587],[60.0401,51.8712],[59.9946,51.9363],[59.9857,51.9523],[59.9873,51.9688],[60.0032,51.9926],[60.2028,51.9927],[60.3477,52.0896],[60.4258,52.1296],[60.5065,52.1516]],[[79.043,51.9925],[79.4698,51.4926],[79.9269,50.8785],[79.9553,50.826],[79.9665,50.8102],[79.9901,50.7881],[80.0,50.7814]],[[79.0428,51.9925],[79.043,51.9925]],[[61.0485,51.4789],[61.0381,51.4802],[61.0233,51.4855],[61.004,51.5007],[60.971,51.5156],[60.959,51.5249],[60.9446,51.5444],[60.9374,51.5569],[60.9344,51.5658],[60.9335,51.5984],[60.9374,51.6112],[60.5151,51.6179],[60.5058,51.6198],[60.4999,51.6271],[60.4954,51.6463],[60.4847,51.651],[60.3759,51.6625],[60.3551,51.6714],[60.356,51.6923],[60.3715,51.7052],[60.4184,51.7194],[60.4374,51.7284],[60.4412,51.7362],[60.4402,51.7539],[60.4459,51.76],[60.4658,51.7692],[60.4755,51.7762],[60.4797,51.7843],[60.4521,51.8055],[60.2745,51.8328],[60.172,51.8804],[60.1381,51.8889]],[[60.1381,51.8889],[60.1265,51.8791],[60.1178,51.8636],[60.0923,51.8548]],[[52.3078,51.7745],[52.3349,51.7637],[52.3521,51.7302],[52.3646,51.6903],[52.3777,51.6601],[52.4445,51.5802],[52.4724,51.515],[52.4788,51.5049],[52.5058,51.4789],[52.525,51.4675],[52.5458,51.4595],[52.5537,51.458]],[[52.2302,51.7225],[52.2582,51.7242],[52.2796,51.7353],[52.2922,51.7656],[52.3078,51.7745]],[[50.767,51.7594],[50.8209,51.7526],[50.8393,51.7455],[50.8578,51.7353],[50.8737,51.7219],[50.8843,51.7056],[50.9007,51.6871],[50.9254,51.6797],[51.1698,51.6695]],[[50.6965,51.5656],[50.72,51.5674],[50.7643,51.5787],[50.7907,51.5973],[50.7945,51.626],[50.7474,51.709],[50.7442,51.7424],[50.767,51.7594]],[[52.1741,51.7252],[52.2302,51.7225]],[[52.0353,51.6524],[52.0659,51.6534],[52.0918,51.6587],[52.111,51.6703],[52.1333,51.702],[52.148,51.7161],[52.1741,51.7252]],[[51.2339,51.6855],[51.2518,51.6785],[51.2762,51.6516],[51.2884,51.6429],[51.3085,51.6371],[51.3525,51.6362],[51.3719,51.6296],[51.382,51.6098],[51.3811,51.5871],[51.3732,51.5716],[51.359,51.5615],[51.3392,51.555],[51.2417,51.5437],[51.2365,51.5359],[51.273,51.4926],[51.3042,51.4716],[51.3795,51.4671]],[[51.1698,51.6695],[51.1902,51.6741],[51.2126,51.6818],[51.2339,51.6855]],[[51.8968,51.6797],[51.9248,51.6783],[51.9525,51.671],[51.9786,51.6604],[52.0046,51.6549],[52.0353,51.6524]],[[51.6474,51.4512],[51.6933,51.4541],[51.7443,51.4734],[51.7823,51.4929],[51.783,51.5298],[51.7678,51.563],[51.7647,51.5933],[51.8202,51.633],[51.8509,51.6617],[51.8692,51.6731],[51.8968,51.6797]],[[50.5817,51.6353],[50.5998,51.6347],[50.6393,51.6162],[50.6858,51.6156],[50.6942,51.6112],[50.675,51.5944],[50.6587,51.5762],[50.6709,51.5675],[50.6965,51.5656]],[[49.5397,51.1008],[49.7791,51.1022],[49.7959,51.1096],[49.8428,51.1507],[49.9869,51.2298],[50.0288,51.243],[50.2075,51.2659],[50.3254,51.3035],[50.3423,51.3127],[50.3489,51.3226],[50.3474,51.3352],[50.3404,51.3529],[50.3376,51.372],[50.3467,51.3812],[50.3619,51.3874],[50.3762,51.397],[50.3644,51.4069],[50.3596,51.4133],[50.3674,51.419],[50.3796,51.4212],[50.4392,51.423],[50.4575,51.4269],[50.4711,51.4361],[50.479,51.4537],[50.5027,51.4561],[50.5183,51.4598],[50.5272,51.4701],[50.5314,51.4927],[50.5222,51.5508],[50.5254,51.5656],[50.5428,51.5774],[50.5619,51.5807],[50.5757,51.5884],[50.5776,51.6134],[50.5817,51.6353]],[[51.5843,51.5349],[51.61,51.5277],[51.6205,51.5187],[51.6244,51.481],[51.6474,51.4512]],[[51.3795,51.4671],[51.4619,51.4753],[51.515,51.4927],[51.5321,51.5084],[51.5447,51.5241],[51.5598,51.5346],[51.5843,51.5349]],[[53.1658,51.5146],[53.1811,51.5143],[53.1905,51.5125],[53.2049,51.4972],[53.2141,51.4948]],[[53.1572,51.487],[53.1486,51.5048],[53.1533,51.5127],[53.1658,51.5146]],[[52.7798,51.5081],[52.7897,51.5048],[52.811,51.4907],[52.8207,51.487]],[[52.6685,51.4551],[52.6798,51.459],[52.7009,51.4768],[52.7095,51.4821],[52.7215,51.4852],[52.7455,51.487],[52.7526,51.4905],[52.7573,51.4979],[52.7647,51.5053],[52.7798,51.5081]],[[53.3463,51.503],[53.3669,51.4936]],[[53.3074,51.4938],[53.3224,51.4953],[53.3463,51.503]],[[53.2322,51.5007],[53.3074,51.4938]],[[53.2141,51.4948],[53.2322,51.5007]],[[53.3695,51.4939],[53.4073,51.4842],[53.4192,51.4749],[53.4397,51.4512],[53.4534,51.4419],[53.5554,51.4155],[53.5975,51.3972],[53.6103,51.3884],[53.6179,51.3721],[53.6094,51.3641],[53.5744,51.3532],[53.5932,51.3391],[53.5931,51.3226],[53.5886,51.3053],[53.5941,51.2894],[53.628,51.2678],[53.6425,51.2554],[53.6494,51.2373],[53.6739,51.2199],[53.8577,51.1846]],[[53.3669,51.4936],[53.3695,51.4939]],[[52.8763,51.4901],[52.8965,51.4853],[52.8828,51.4671],[52.9034,51.465],[52.9292,51.4554],[52.9443,51.4529]],[[52.8207,51.487],[52.8763,51.4901]],[[53.0371,51.4897],[53.1572,51.487]],[[52.9443,51.4529],[52.9598,51.4559],[52.9989,51.4802],[53.0371,51.4897]],[[61.164,51.4671],[61.1415,51.4692],[61.1018,51.4782],[61.0815,51.4802]],[[61.0815,51.4802],[61.0485,51.4789]],[[61.3049,51.4529],[61.2915,51.455],[61.2572,51.4671],[61.233,51.4706]],[[61.233,51.4706],[61.164,51.4671]],[[52.5751,51.4671],[52.6637,51.4634],[52.6685,51.4551]],[[52.5537,51.458],[52.5751,51.4671]],[[60.7185,50.6527],[60.8183,50.6629],[61.3721,50.7825],[61.404,50.8026],[61.4269,50.8331],[61.4418,50.875],[61.4567,50.965],[61.5132,51.1595],[61.5342,51.2061],[61.5673,51.2339],[61.6111,51.2493],[61.6637,51.2584],[61.5932,51.2778],[61.563,51.2955],[61.5387,51.3232],[61.4984,51.4005],[61.4738,51.4258],[61.4376,51.4322],[61.3937,51.4498],[61.3562,51.4597]],[[61.3562,51.4597],[61.3421,51.4584],[61.3184,51.4534],[61.3049,51.4529]],[[53.909,51.1904],[53.9359,51.1856],[53.9747,51.1665],[53.994,51.1534],[54.0176,51.1191],[54.0398,51.1104],[54.0919,51.1052],[54.1116,51.096],[54.1201,51.0812],[54.13,51.0423],[54.1457,51.0197],[54.1491,51.0097],[54.1454,50.9927],[54.1766,50.9679],[54.194,50.9582],[54.2335,50.9431],[54.2758,50.9043],[54.3001,50.8947],[54.381,50.8854],[54.4197,50.8645],[54.4643,50.858],[54.4786,50.8535],[54.4859,50.8451],[54.4879,50.8356],[54.4853,50.8254],[54.4786,50.8157],[54.4219,50.7687],[54.4144,50.7485],[54.4124,50.704],[54.4071,50.6848],[54.3853,50.6394],[54.3798,50.6194],[54.3836,50.5999],[54.3995,50.5787],[54.4358,50.5475],[54.4557,50.5355],[54.4786,50.526],[54.4994,50.5233]],[[53.8577,51.1846],[53.909,51.1904]],[[58.3084,51.15],[58.3234,51.1419],[58.3536,51.122],[58.366,51.1089],[58.3708,51.0819],[58.378,51.0707],[58.398,51.0637],[58.5205,51.0619],[58.5635,51.0493],[58.595,51.0234],[58.6027,50.9812],[58.5964,50.9625],[58.5853,50.9478],[58.5708,50.936],[58.5544,50.9254],[58.5465,50.9119],[58.5502,50.8933],[58.56,50.8752],[58.5714,50.8635],[58.5905,50.8611]],[[58.1676,51.0552],[58.1906,51.0655],[58.2024,51.0834],[58.2115,51.1049],[58.2238,51.1231],[58.2453,51.1307],[58.2681,51.1346],[58.3084,51.15]],[[57.7962,51.1233],[57.8418,51.1058],[57.8577,51.1034]],[[57.6892,50.8967],[57.7224,50.9087],[57.7373,50.9382],[57.7379,50.9709],[57.7282,51.0371],[57.7344,51.0739],[57.7688,51.1197],[57.7962,51.1233]],[[49.4601,51.1162],[49.5397,51.1008]],[[48.7863,50.5906],[48.8304,50.596],[49.0127,50.6834],[49.1024,50.758],[49.1441,50.7817],[49.2837,50.8037],[49.3694,50.8268],[49.4084,50.8483],[49.4237,50.8821],[49.4055,50.9135],[49.3715,50.9394],[49.3474,50.9643],[49.3591,50.9927],[49.3833,51.0194],[49.3927,51.0342],[49.401,51.0671],[49.4106,51.0855],[49.4231,51.102],[49.4365,51.1123],[49.4601,51.1162]],[[57.9123,51.1034],[57.9251,51.0996],[57.9341,51.094],[57.9501,51.0792],[57.9602,51.0775]],[[57.8577,51.1034],[57.9123,51.1034]],[[57.1545,51.1],[57.1682,51.0938],[57.1812,51.0735],[57.1899,51.0348],[57.1975,51.0174],[57.2136,51.0101],[57.2372,51.0095],[57.2563,51.006],[57.2729,50.9975],[57.2885,50.9812],[57.2976,50.965],[57.3101,50.9293],[57.3189,50.9132],[57.3343,50.8974],[57.3527,50.886],[57.4181,50.8624],[57.443,50.8578]],[[57.0252,51.0627],[57.0724,51.0697],[57.1379,51.0959],[57.1545,51.1]],[[58.0773,51.0979],[58.0841,51.0966],[58.0888,51.0919],[58.091,51.0761],[58.1137,51.0652],[58.1406,51.0567],[58.1676,51.0552]],[[57.9602,51.0775],[57.9884,51.0874],[58.0017,51.0898],[58.0773,51.0979]],[[56.7601,51.0802],[56.7763,51.076],[56.8136,51.057],[56.8386,51.0514]],[[56.6884,50.9691],[56.7075,50.9704],[56.7096,50.9816],[56.7027,50.9982],[56.6825,51.0305],[56.6803,51.0498],[56.6946,51.0635],[56.7161,51.0725],[56.7356,51.0776],[56.7601,51.0802]],[[56.4783,51.073],[56.508,51.0663],[56.5966,50.984],[56.6166,50.9783],[56.6884,50.9691]],[[56.2886,50.8803],[56.3155,50.8838],[56.3357,50.8959],[56.3439,50.9114],[56.3505,50.948],[56.365,50.9579],[56.4158,50.9627],[56.432,50.9762],[56.4319,50.9898],[56.4204,51.0186],[56.4212,51.0335],[56.4307,51.0454],[56.4465,51.0566],[56.4783,51.073]],[[56.9411,51.0683],[57.0252,51.0627]],[[56.8386,51.0514],[56.8651,51.0518],[56.8912,51.0566],[56.9158,51.0642],[56.9411,51.0683]],[[54.6622,51.0279],[54.6858,51.0236],[54.7069,51.0163],[54.7462,50.993],[54.8117,50.9724],[54.8312,50.9593],[54.8613,50.9339],[54.8943,50.9124],[55.0477,50.8842],[55.0632,50.8622],[55.0614,50.8227],[55.084,50.7969],[55.3054,50.665],[55.3294,50.6552],[55.3478,50.6514]],[[54.4994,50.5233],[54.5507,50.5313],[54.5914,50.5423],[54.6475,50.5732],[54.6763,50.6025],[54.6736,50.6343],[54.6391,50.707],[54.6387,50.728],[54.651,50.7656],[54.6502,50.7863],[54.6454,50.7927],[54.6302,50.8037],[54.6269,50.8116],[54.6299,50.8203],[54.646,50.8377],[54.6518,50.8463],[54.6382,50.8857],[54.5837,50.9057],[54.526,50.9164],[54.503,50.9283],[54.5159,50.9373],[54.5347,50.9436],[54.546,50.9533],[54.5253,50.9911],[54.5338,51.0032],[54.5527,51.0102],[54.6382,51.0277],[54.6622,51.0279]],[[57.5559,50.9188],[57.5962,50.9157],[57.6892,50.8967]],[[57.443,50.8578],[57.4676,50.8585],[57.4914,50.8669],[57.5089,50.8813],[57.5199,50.8966],[57.5328,50.91],[57.5559,50.9188]],[[56.1749,50.9087],[56.2582,50.8845],[56.2886,50.8803]],[[55.66,50.53],[55.6943,50.5388],[55.7649,50.5868],[55.9323,50.6465],[56.0789,50.7248],[56.1001,50.7479],[56.1374,50.8688],[56.1475,50.8923],[56.1584,50.9055],[56.1749,50.9087]],[[58.641,50.8634],[58.6512,50.8533],[58.6439,50.8147],[58.6467,50.8013],[58.6644,50.7899],[58.6898,50.7884]],[[58.5905,50.8611],[58.641,50.8634]],[[60.0833,50.8572],[60.1362,50.8445],[60.1521,50.8077],[60.1548,50.7709],[60.1767,50.7422],[60.2095,50.7197],[60.2454,50.702],[60.3004,50.6847],[60.7185,50.6527]],[[59.7255,50.5277],[59.7747,50.5337],[59.8157,50.5629],[59.8592,50.6225],[59.872,50.636],[59.904,50.6603],[59.9151,50.6738],[59.9196,50.6909],[59.9139,50.726],[59.9146,50.7459],[59.9202,50.7631],[59.9622,50.8295],[59.9691,50.8374],[59.9781,50.8438],[60.0213,50.8541],[60.0833,50.8572]],[[58.7478,50.7951],[58.7684,50.7827],[58.7851,50.7497],[58.794,50.7377],[58.8115,50.7255],[58.8868,50.6889],[58.9259,50.6781],[59.1975,50.6627],[59.2194,50.6584],[59.2357,50.6446],[59.247,50.6296],[59.259,50.6204],[59.2733,50.616],[59.2908,50.6155]],[[58.6898,50.7884],[58.7195,50.7935],[58.7478,50.7951]],[[55.4423,50.6617],[55.4678,50.657],[55.4911,50.6459],[55.5057,50.6302],[55.5137,50.614],[55.5243,50.6007],[55.5704,50.5883],[55.5862,50.5784],[55.6168,50.5499],[55.66,50.53]],[[55.3478,50.6514],[55.3661,50.6525],[55.416,50.6614],[55.4423,50.6617]],[[48.584,50.6496],[48.6088,50.6479],[48.7396,50.5975],[48.7863,50.5906]],[[48.4299,49.8097],[48.4428,49.815],[48.4659,49.8358],[48.4791,49.8432],[48.6835,49.8955],[48.7846,49.9334],[48.862,49.9929],[48.8857,50.0199],[48.8859,50.0304],[48.8741,50.0698],[48.8655,50.0862],[48.8518,50.0973],[48.7828,50.1115],[48.781,50.1376],[48.789,50.173],[48.771,50.211],[48.7289,50.2654],[48.7013,50.3346],[48.6744,50.4785],[48.6787,50.5485],[48.6734,50.5795],[48.6485,50.6016],[48.5974,50.608],[48.5729,50.6169],[48.5683,50.6365],[48.584,50.6496]],[[59.4376,50.6311],[59.4782,50.6144],[59.4981,50.5997],[59.551,50.586],[59.5634,50.5799],[59.5604,50.5538],[59.5353,50.5466]],[[59.2908,50.6155],[59.3865,50.6303],[59.4376,50.6311]],[[59.5353,50.5466],[59.4782,50.5524]],[[59.4782,50.5524],[59.4517,50.5373],[59.4508,50.5223],[59.4663,50.5074],[59.5228,50.4746]],[[59.6731,50.5295],[59.7255,50.5277]],[[59.5228,50.4746],[59.5551,50.4844],[59.5877,50.5062],[59.6222,50.5241],[59.6731,50.5295]],[[47.5993,50.4527],[47.6247,50.4408],[47.69,50.3863],[47.7349,50.3701],[47.7491,50.3602],[47.7669,50.3372],[47.7765,50.3298],[47.796,50.3248],[47.8082,50.3199],[47.8545,50.285],[47.8741,50.2664],[47.9134,50.2439],[47.9536,50.2049],[47.9932,50.1818],[48.0004,50.1697],[48.0051,50.156],[48.0122,50.1421],[48.0247,50.1313],[48.0746,50.1053],[48.0964,50.0785],[48.106,50.0506],[48.1125,50.022],[48.1253,49.993],[48.1322,49.9837],[48.1424,49.9638],[48.1493,49.9549],[48.1609,49.9465],[48.2004,49.925],[48.2199,49.9015],[48.2271,49.8795],[48.2393,49.8648],[48.274,49.8631]],[[46.4786,48.4102],[46.7538,48.9141],[46.778,48.936],[46.8129,48.9538],[46.8881,48.9805],[46.93,49.004],[46.9792,49.0473],[47.0209,49.0968],[47.04,49.1503],[47.0286,49.2015],[46.9792,49.2443],[46.8307,49.3183],[46.7751,49.3325],[46.8999,49.8203],[46.9226,49.8614],[46.9586,49.8841],[47.1774,49.9472],[47.2456,49.9924],[47.3087,50.0448],[47.3286,50.073],[47.3276,50.1093],[47.2731,50.1584],[47.2651,50.1863],[47.2763,50.1999],[47.3126,50.2224],[47.3223,50.2374],[47.317,50.2529],[47.3032,50.2635],[47.2948,50.2754],[47.3057,50.2949],[47.3229,50.3045],[47.3922,50.3232],[47.4063,50.3342],[47.4389,50.3832],[47.4698,50.4118],[47.5115,50.4369],[47.5569,50.4526],[47.5993,50.4527]],[[48.3029,49.8667],[48.3122,49.8636],[48.3595,49.834],[48.4176,49.8117],[48.4299,49.8097]],[[48.274,49.8631],[48.3029,49.8667]],[[47.3597,47.6833],[47.1745,47.7705],[47.1406,47.7927],[47.1238,47.808],[47.1195,47.8198],[47.1252,47.8321],[47.1383,47.8496],[47.1567,47.8632],[47.1587,47.8715],[47.1553,47.8774],[47.1217,47.9154],[47.0512,47.9746],[47.0442,47.9862],[47.0584,47.9945],[47.1371,48.0273],[47.1782,48.0518],[47.192,48.0718],[47.1739,48.0842],[47.1195,48.0883],[47.1036,48.1012],[47.1041,48.1192],[47.1116,48.1362],[47.1165,48.1539],[47.1088,48.174],[47.1026,48.1803],[47.0803,48.196],[47.0752,48.2051],[47.0815,48.2118],[47.0986,48.2226],[47.1121,48.2416],[47.1118,48.251],[47.0989,48.2654],[47.0783,48.2753],[46.9792,48.294],[46.4793,48.4102]],[[46.4793,48.4102],[46.4786,48.4102]],[[47.6497,47.7656],[47.4353,47.8344],[47.4122,47.8359]],[[47.4122,47.8359],[47.3942,47.8268],[47.3888,47.8119],[47.3894,47.7516],[47.3829,47.7054],[47.3742,47.6858],[47.3597,47.6833]],[[48.764,46.6828],[48.9169,46.7026],[48.9481,46.7199],[49.0063,46.7691],[48.6973,47.101],[48.5462,47.3694],[48.5358,47.3935],[48.5251,47.4102],[48.5103,47.4174],[48.4732,47.4204],[48.4375,47.4292],[48.4111,47.4458],[48.3606,47.4931],[48.1744,47.7129],[48.1125,47.7485],[48.0445,47.7697]],[[48.0445,47.7697],[47.6497,47.7656]],[[48.6182,46.7704],[48.6766,46.758],[48.6973,46.7451],[48.7127,46.7288],[48.7395,46.6906],[48.764,46.6828]],[[48.8441,46.4785],[48.8196,46.4793],[48.7586,46.5131],[48.7329,46.534],[48.705,46.5504],[48.6652,46.5572],[48.5732,46.5583],[48.5394,46.568],[48.563,46.5913],[48.5469,46.5993],[48.5419,46.6133],[48.5392,46.628],[48.53,46.6382],[48.4935,46.6535],[48.474,46.6592],[48.4551,46.6608],[48.4791,46.6835],[48.5058,46.7326],[48.5567,46.7617],[48.6182,46.7704]],[[49.2271,46.3279],[49.0332,46.4049],[48.9599,46.4453],[48.918,46.4743],[48.897,46.4822],[48.8687,46.4824]],[[48.8687,46.4824],[48.8441,46.4785]]]},"properties":{"rank":10}},{"type":"Feature","geometry":{"type":"LineString","coordinates":[[35.6118,32.6819],[35.636,32.6791],[35.652,32.6862],[35.6852,32.7112],[35.7402,32.7405],[35.7576,32.7443]]},"properties":{"rank":10}},{"type":"Feature","geometry":{"type":"MultiLineString","coordinates":[[[36.8066,32.313],[36.8194,32.3168],[36.9801,32.41],[37.1332,32.4945],[38.0567,32.9943],[38.5296,33.2443],[38.7745,33.3717]],[[35.7697,32.7481],[35.7749,32.7473],[35.7791,32.7445],[35.7882,32.7344],[35.8957,32.7133],[35.9052,32.7086],[35.9225,32.6938],[35.9274,32.6924]],[[35.7576,32.7443],[35.7697,32.7481]],[[35.9404,32.6925],[35.9442,32.6908],[35.9457,32.6841],[35.9444,32.6776],[35.9412,32.6735]],[[35.9274,32.6924],[35.9404,32.6925]],[[35.9412,32.6735],[35.9375,32.674]],[[35.9375,32.674],[35.9554,32.6574],[35.9658,32.6544]],[[35.9803,32.6566],[36.0036,32.6551],[36.0083,32.6437],[36.0053,32.6267],[36.006,32.6079],[36.0154,32.5912],[36.0605,32.5333],[36.066,32.5216],[36.0663,32.5173],[36.0962,32.5159]],[[35.9658,32.6544],[35.9803,32.6566]],[[36.1774,32.5273],[36.1882,32.5223],[36.2208,32.4946],[36.2853,32.4569],[36.3731,32.3864],[36.3879,32.3793],[36.4076,32.3742],[36.464,32.3694],[36.4802,32.3608],[36.6535,32.3429],[36.6896,32.3197]],[[36.1559,32.5152],[36.1608,32.5172],[36.1722,32.5259],[36.1774,32.5273]],[[36.1332,32.5201],[36.1559,32.5152]],[[36.0962,32.5159],[36.1332,32.5201]],[[36.7069,32.3283],[36.7286,32.3278],[36.7925,32.3135],[36.8066,32.313]],[[36.6896,32.3197],[36.7069,32.3283]]]},"properties":{"rank":10}},{"type":"Feature","geometry":{"type":"LineString","coordinates":[[34.2484,31.2114],[34.3295,30.9945],[34.4804,30.6512],[34.5022,30.5717],[34.5044,30.5303],[34.5104,30.5133],[34.5362,30.4822],[34.536,30.4686],[34.5265,30.4387],[34.5247,30.4211],[34.5269,30.4096],[34.5338,30.4002],[34.5884,30.3588],[34.5995,30.3445],[34.7332,30.0126],[34.735,30.0067],[34.7351,29.9946],[34.7414,29.9402],[34.8244,29.7417],[34.8501,29.6388],[34.8482,29.5696],[34.8553,29.5457],[34.8867,29.4901]]},"properties":{"rank":10}},{"type":"Feature","geometry":{"type":"LineString","coordinates":[[34.2003,31.3143],[34.2246,31.2757],[34.2484,31.2114]]},"properties":{"rank":10}},{"type":"Feature","geometry":{"type":"MultiLineString","coordinates":[[[39.1577,32.1213],[40.0288,31.9945]],[[39.1464,32.1181],[39.1577,32.1213]],[[40.029,31.9945],[40.3703,31.9385],[40.4241,31.9205],[42.0754,31.0799],[42.8587,30.4947],[44.6918,29.2018],[44.7175,29.1931],[46.3575,29.0631]],[[40.0288,31.9945],[40.029,31.9945]],[[46.3575,29.0631],[46.5324,29.0957]]]},"properties":{"rank":10}},{"type":"Feature","geometry":{"type":"MultiLineString","coordinates":[[[38.9634,31.9943],[38.9981,32.0069],[39.1168,32.1029],[39.1362,32.1154],[39.1464,32.1181]],[[38.9633,31.9944],[38.9634,31.9943]],[[36.0164,29.19],[36.0438,29.1909],[36.0695,29.2],[36.4771,29.4946],[36.7049,29.8312],[36.7287,29.8535],[36.7562,29.8655],[37.4702,29.9946],[37.4917,30.0112],[37.6345,30.3128],[37.6476,30.3309],[37.6707,30.3476],[37.9814,30.4988],[37.48,31.0073],[36.9595,31.491],[37.9505,31.7445],[38.9633,31.9944]],[[34.9494,29.3517],[36.0164,29.19]]]},"properties":{"rank":10}},{"type":"Feature","geometry":{"type":"MultiLineString","coordinates":[[[47.4334,28.9947],[46.9792,29.0472],[46.5324,29.0957]],[[47.6681,28.5335],[47.6598,28.56],[47.6411,28.5772],[47.6182,28.5915],[47.5968,28.6088],[47.5817,28.6315],[47.568,28.661],[47.5584,28.6915],[47.5546,28.7454],[47.5499,28.7706],[47.4945,28.904],[47.4335,28.9947]],[[47.4335,28.9947],[47.4334,28.9947]],[[48.4328,28.5405],[47.6681,28.5335]]]},"properties":{"rank":10}},{"type":"Feature","geometry":{"type":"MultiLineString","coordinates":[[[38.7745,33.3717],[39.0572,32.4966],[38.9782,32.475],[39.0288,32.3283],[39.0362,32.3134],[39.0463,32.3085]],[[39.2358,32.3529],[39.2563,32.3427],[39.2711,32.312],[39.292,32.2445],[39.2665,32.2129],[39.1462,32.1258],[39.1464,32.1181]],[[39.0463,32.3085],[39.2358,32.3529]]]},"properties":{"rank":10}},{"type":"Feature","geometry":{"type":"MultiLineString","coordinates":[[[42.3572,37.11],[42.3769,37.0768],[42.3772,37.0622],[42.3459,37.0429],[42.2816,36.994],[41.8438,36.6179],[41.8173,36.5997],[41.7899,36.5893],[41.4798,36.5361],[41.4149,36.5274],[41.3854,36.5164],[41.3654,36.4942],[41.277,36.3548],[41.2688,36.328],[41.2366,36.077],[41.2367,36.0603],[41.2406,36.043],[41.2662,35.9943]],[[41.2663,35.9943],[41.3437,35.8577],[41.3545,35.8256],[41.3593,35.7928],[41.3635,35.6552],[41.358,35.6239],[41.3422,35.5937],[41.2611,35.4942],[41.2519,35.4641],[41.2431,35.3665],[41.2013,35.243],[41.1915,35.1821],[41.198,34.994],[41.2065,34.8193],[41.2042,34.7931],[41.1957,34.7685],[41.024,34.4943],[40.988,34.4285],[40.9653,34.4019],[40.936,34.3861],[40.6905,34.3315],[38.7745,33.3717]],[[41.2662,35.9943],[41.2663,35.9943]]]},"properties":{"rank":10}},{"type":"Feature","geometry":{"type":"LineString","coordinates":[[51.9786,18.9956],[52.7301,17.2999],[52.7215,17.2982],[52.7362,17.2892],[52.7739,17.2871],[52.791,17.2812],[52.8016,17.2674],[53.0904,16.6424]]},"properties":{"rank":10}},{"type":"Feature","geometry":{"type":"LineString","coordinates":[[52.0899,19.0326],[51.9786,18.9956]]},"properties":{"rank":10}},{"type":"Feature","geometry":{"type":"LineString","coordinates":[[55.1868,22.7036],[55.6267,22.0238],[55.637,22.0019],[55.6376,21.979],[54.9784,19.9954],[52.0899,19.0326]]},"properties":{"rank":10}},{"type":"Feature","geometry":{"type":"MultiLineString","coordinates":[[[51.5693,24.2562],[51.5755,24.2177],[51.5732,24.1278],[51.5785,24.1018],[51.5935,24.0783],[52.5385,22.9547],[52.5585,22.9386],[52.5831,22.9311],[55.1053,22.6209]],[[55.1053,22.6209],[55.1204,22.6234],[55.1868,22.7036]]]},"properties":{"rank":10}},{"type":"Feature","geometry":{"type":"MultiLineString","coordinates":[[[47.1288,16.943],[47.1613,16.9474],[47.1909,16.9589],[47.4276,17.0918],[47.458,17.1309],[47.5721,17.4323],[47.589,17.4633],[48.1619,18.1489],[48.1844,18.1639],[49.0358,18.5797],[49.1288,18.6121],[51.9786,18.9956]],[[43.435,17.5229],[43.4531,17.5188],[43.4871,17.5175],[43.5034,17.5135],[43.5771,17.483],[43.6195,17.4588],[43.6893,17.3838],[43.7306,17.3524],[43.7506,17.3457],[43.7688,17.3455]],[[43.1629,16.6615],[43.18,16.6646],[43.1861,16.6833],[43.1798,16.7082],[43.1707,16.7235],[43.1685,16.7372],[43.1829,16.758],[43.2086,16.7734],[43.2128,16.7839],[43.2115,16.7969],[43.2047,16.8077],[43.1944,16.8155],[43.1573,16.8254],[43.1458,16.8345],[43.1337,16.871],[43.1126,16.91],[43.1087,16.927],[43.1154,16.9518],[43.1316,16.9904],[43.1359,17.0096],[43.136,17.0314],[43.1303,17.0535],[43.1225,17.0701],[43.1184,17.0862],[43.1243,17.107],[43.1453,17.1466],[43.151,17.1669],[43.1501,17.19],[43.1562,17.2097],[43.1769,17.2255],[43.2033,17.2363],[43.2262,17.2413],[43.2486,17.2519],[43.2522,17.272],[43.2418,17.2934],[43.2222,17.3078],[43.165,17.3259],[43.2159,17.3872],[43.3031,17.459],[43.391,17.512],[43.4129,17.52],[43.435,17.5229]],[[44.6465,17.4318],[45.1654,17.4284],[45.2221,17.4174],[45.3847,17.3265],[45.4304,17.312],[46.3226,17.2241]],[[44.5338,17.4029],[44.562,17.4045],[44.6246,17.4272],[44.6465,17.4318]],[[44.4041,17.4187],[44.4652,17.4165],[44.5338,17.4029]],[[44.2115,17.3906],[44.2306,17.3919],[44.3074,17.409],[44.4041,17.4187]],[[44.149,17.4048],[44.1694,17.4023],[44.2115,17.3906]],[[44.0853,17.3434],[44.1045,17.352],[44.1197,17.3699],[44.1343,17.3947],[44.149,17.4048]],[[44.0039,17.3678],[44.021,17.366],[44.0594,17.3471],[44.0853,17.3434]],[[43.9151,17.3018],[43.9387,17.3052],[43.9543,17.32],[43.9671,17.3396],[43.9823,17.3568],[44.0039,17.3678]],[[43.8867,17.3537],[43.8926,17.351],[43.8901,17.3202],[43.894,17.3122],[43.8974,17.3074],[43.9033,17.3043],[43.9151,17.3018]],[[43.8458,17.3462],[43.8632,17.347],[43.8867,17.3537]],[[43.8062,17.3496],[43.8458,17.3462]],[[43.7688,17.3455],[43.8062,17.3496]],[[46.7101,17.2754],[46.7472,17.2548],[46.9703,16.9568],[46.983,16.9491],[47.1288,16.943]],[[46.3226,17.2241],[46.7101,17.2754]],[[43.0978,16.6778],[43.1228,16.6733],[43.1629,16.6615]],[[42.7895,16.3709],[42.8373,16.3872],[42.8725,16.4016],[42.8982,16.4189],[42.9068,16.4349],[42.9029,16.4663],[42.9068,16.4794],[42.9174,16.4838],[42.9563,16.4907],[42.9709,16.4958],[43.0147,16.5207],[43.0363,16.5363],[43.0488,16.5535],[43.0746,16.6188],[43.0786,16.6377],[43.08,16.6588],[43.0849,16.6726],[43.0978,16.6778]]]},"properties":{"rank":10}},{"type":"Feature","geometry":{"type":"MultiLineString","coordinates":[[[23.9813,19.4961],[15.9851,23.4447]],[[15.9851,23.4447],[15.9646,23.4422],[14.9799,22.9957]]]},"properties":{"rank":10}},{"type":"Feature","geometry":{"type":"MultiLineString","coordinates":[[[11.9689,23.5174],[13.4823,23.1797],[13.5996,23.119],[14.2016,22.6232],[14.2162,22.6163]],[[14.2162,22.6163],[14.2317,22.6179],[14.9799,22.9957]]]},"properties":{"rank":10}},{"type":"Feature","geometry":{"type":"LineString","coordinates":[[4.2286,19.1422],[5.7493,19.4337],[5.7943,19.4498],[5.8376,19.4786],[7.0205,20.4954],[7.4827,20.8726],[11.9689,23.5174]]},"properties":{"rank":10}},{"type":"Feature","geometry":{"type":"LineString","coordinates":[[-8.6824,27.2854],[-5.516,25.4233],[-4.8216,24.9951]]},"properties":{"rank":10}},{"type":"Feature","geometry":{"type":"LineString","coordinates":[[13.6073,13.7041],[13.4823,14.2598],[13.4492,14.3801],[13.4495,14.439],[13.4823,14.4836],[13.5078,14.496],[13.5439,14.5106],[13.5844,14.5138],[13.6243,14.5213],[13.6579,14.5487],[13.6656,14.5669],[13.6667,14.5855],[13.6603,14.6237],[13.657,14.6297],[13.6463,14.6391],[13.6447,14.6442],[13.6483,14.6494],[13.6681,14.6629],[13.7,14.6977],[13.71,14.7051],[13.73,14.7096],[13.7492,14.7112],[13.7644,14.7191],[13.7732,14.7425],[13.772,14.7629],[13.758,14.8055],[13.7539,14.8259],[13.7552,14.8472],[13.7605,14.8664],[13.8339,15.0196],[14.369,15.7496],[15.4524,16.8762],[15.4655,16.8947],[15.472,16.9167],[15.736,19.9035],[15.7672,19.982],[15.963,20.3192],[15.9703,20.3363],[15.9682,20.3528],[15.954,20.3746],[15.6695,20.6719],[15.5881,20.7328],[15.5702,20.7519],[15.5561,20.7737],[15.5442,20.799],[15.536,20.8441],[15.5443,20.8903],[15.569,20.9289],[15.6093,20.9507],[15.301,21.4013],[15.2666,21.4407],[15.2475,21.4533],[15.2002,21.4765],[15.1845,21.4912],[15.1804,21.5073],[15.172,21.9934],[14.9799,22.9957]]},"properties":{"rank":10}},{"type":"Feature","geometry":{"type":"LineString","coordinates":[[33.9771,4.2197],[34.3812,4.6202]]},"properties":{"rank":10}},{"type":"Feature","geometry":{"type":"LineString","coordinates":[[31.4355,21.9954],[33.1587,21.9954]]},"properties":{"rank":10}},{"type":"Feature","geometry":{"type":"MultiLineString","coordinates":[[[36.0413,4.4437],[36.0184,4.4491],[35.9971,4.463],[35.9584,4.4969],[35.9405,4.508],[35.9338,4.5222],[35.9341,4.5392],[35.9371,4.5593],[35.936,4.5785],[35.9228,4.6021],[35.9208,4.6193]],[[36.2772,4.4364],[36.2643,4.4382],[36.2461,4.447],[36.2363,4.4497]],[[36.2363,4.4497],[36.2257,4.4496],[36.1913,4.4449],[36.0413,4.4437]],[[36.6513,4.4306],[36.643,4.4326],[36.6282,4.4415],[36.6195,4.4434]],[[36.6195,4.4434],[36.2772,4.4364]],[[37.0484,4.332],[37.0411,4.3368],[37.0254,4.3633],[37.0157,4.3706],[36.9748,4.3799],[36.9037,4.4158],[36.8441,4.4322]],[[36.8441,4.4322],[36.6513,4.4306]],[[37.1,4.2837],[37.0948,4.2849],[37.0916,4.2903],[37.0864,4.3125],[37.0825,4.3222],[37.0759,4.3311],[37.0685,4.3335]],[[37.0685,4.3335],[37.0484,4.332]],[[41.2153,3.9366],[41.163,3.9427],[41.1145,3.9623],[41.0701,3.9969],[41.0059,4.0867],[40.9798,4.1108],[40.9636,4.1204],[40.9159,4.1366],[40.8977,4.1459],[40.8874,4.1561],[40.8706,4.187],[40.846,4.215],[40.7858,4.2558],[40.7637,4.2849]],[[40.7637,4.2849],[40.7007,4.2435],[40.3827,4.1214],[40.377,4.1161],[40.3711,4.0999],[40.3657,4.0949],[40.1828,4.032]],[[38.1141,3.6106],[38.1019,3.6126],[38.0788,3.6327],[38.049,3.6418],[38.0362,3.6489],[38.0208,3.6672],[37.9953,3.7079],[37.9767,3.7264],[37.1119,4.2823],[37.106,4.2838]],[[37.106,4.2838],[37.1,4.2837]],[[40.1828,4.032],[40.1768,4.0345],[40.1672,4.0355]],[[40.1672,4.0355],[40.167,4.0253],[40.1624,4.0194],[39.8485,3.8673],[39.8283,3.8426],[39.7808,3.7166],[39.7642,3.6857],[39.7451,3.6606],[39.6008,3.5289],[39.575,3.4979],[39.5532,3.4313],[39.5363,3.405],[39.5044,3.4033]],[[41.8359,3.9494],[41.7914,3.9582],[41.7474,3.9814],[41.6998,3.9969]],[[41.6998,3.9969],[41.6574,3.9727],[41.643,3.9694]],[[41.643,3.9694],[41.6287,3.9721],[41.6022,3.9831],[41.5863,3.9842]],[[41.5863,3.9842],[41.5062,3.9644],[41.4798,3.9629],[41.4295,3.9489],[41.2153,3.9366]],[[41.885,3.9772],[41.8359,3.9494]],[[38.5741,3.6046],[38.5471,3.6095],[38.5432,3.6154],[38.5412,3.6233],[38.5332,3.6328],[38.5143,3.6485],[38.509,3.6508]],[[38.509,3.6508],[38.4994,3.6469],[38.4973,3.6386],[38.4981,3.6297],[38.4969,3.6239],[38.446,3.6017],[38.3899,3.5969]],[[38.8952,3.5136],[38.722,3.5604],[38.7037,3.5704],[38.6881,3.5863],[38.661,3.622]],[[38.661,3.622],[38.6603,3.5945]],[[38.3899,3.5969],[38.1769,3.6209]],[[38.1769,3.6209],[38.1456,3.6184],[38.1141,3.6106]],[[38.6603,3.5945],[38.6019,3.5987],[38.5966,3.6021],[38.5937,3.6108]],[[38.5937,3.6108],[38.5741,3.6046]],[[39.2194,3.4687],[39.1805,3.477],[39.0775,3.5243],[39.0679,3.5266]],[[39.0679,3.5266],[39.0105,3.5145],[38.995,3.5143]],[[38.995,3.5143],[38.98,3.5198],[38.9632,3.5221]],[[38.9632,3.5221],[38.9213,3.514],[38.8952,3.5136]],[[39.5044,3.4033],[39.4885,3.4139],[39.4809,3.4273],[39.4757,3.4408],[39.467,3.452],[39.4362,3.4624],[39.3113,3.4661],[39.3205,3.4845],[39.3159,3.4949],[39.3027,3.4957]],[[39.3027,3.4957],[39.2576,3.4697],[39.2194,3.4687]]]},"properties":{"rank":10}},{"type":"Feature","geometry":{"type":"MultiLineString","coordinates":[[[-2.5161,32.1322],[-1.2496,32.0817]],[[-3.5487,31.67],[-3.5116,31.6727],[-3.2192,31.7177],[-3.0026,31.7736],[-2.8278,31.7946],[-2.9387,32.0486],[-2.8812,32.0763],[-2.6956,32.0897],[-2.5161,32.1322]],[[-1.2496,32.0817],[-1.2103,32.0897]],[[-3.5914,31.6783],[-3.5487,31.67]],[[-3.8108,31.1429],[-3.8275,31.1438],[-3.8393,31.1528],[-3.8428,31.1702],[-3.8362,31.1898],[-3.815,31.2205],[-3.8129,31.2434],[-3.8192,31.3189],[-3.8152,31.3372],[-3.8025,31.3506],[-3.7475,31.3852],[-3.6735,31.3892],[-3.6595,31.6478],[-3.5914,31.6783]],[[-5.6373,29.4953],[-5.5395,29.5232],[-5.4347,29.642],[-5.3438,29.7678],[-5.2739,29.8866],[-5.1761,29.9775],[-5.0713,30.0404],[-4.9594,30.1243],[-4.8756,30.1802],[-4.7707,30.2291],[-4.624,30.285],[-4.4842,30.3828],[-4.3724,30.5086],[-4.2745,30.5576],[-4.1557,30.5855],[-4.002,30.5925],[-3.8342,30.6275],[-3.6455,30.7113],[-3.6595,30.8371],[-3.6106,30.879],[-3.5547,30.9559],[-3.6087,31.0309],[-3.6101,31.0503],[-3.6145,31.068],[-3.6241,31.0865],[-3.6359,31.0957],[-3.6719,31.1109],[-3.6897,31.1256],[-3.7171,31.1633],[-3.7314,31.1763],[-3.7489,31.1802]],[[-3.7489,31.1802],[-3.7637,31.1734],[-3.793,31.1497],[-3.8108,31.1429]],[[-5.7562,29.6141],[-5.7212,29.5232],[-5.6373,29.4953]],[[-6.7835,29.4463],[-6.6996,29.5162],[-6.5599,29.5302],[-6.4131,29.5651],[-6.2733,29.5791],[-6.0008,29.5791],[-5.882,29.6001],[-5.7562,29.6141]],[[-7.0701,29.5162],[-6.9582,29.5092],[-6.7835,29.4463]],[[-7.3496,29.3834],[-7.2588,29.4673],[-7.1469,29.5092],[-7.0701,29.5162]],[[-7.6195,29.3894],[-7.5727,29.3876],[-7.5285,29.3809],[-7.5061,29.3802]],[[-8.6824,27.6614],[-8.6824,28.6659],[-8.6788,28.6928],[-8.6676,28.7117],[-8.6488,28.7259],[-8.5208,28.7871],[-8.4758,28.8188],[-8.4304,28.841],[-8.4178,28.8523],[-8.3835,28.9058],[-8.3685,28.9165],[-8.3333,28.9304],[-8.3168,28.9391],[-8.2505,28.9948],[-8.1823,29.0355],[-8.0697,29.0793],[-8.0363,29.0999],[-7.945,29.1762],[-7.8391,29.239],[-7.778,29.2893],[-7.73,29.3112],[-7.7147,29.3218],[-7.6536,29.3762],[-7.6195,29.3894]],[[-7.4633,29.3891],[-7.3496,29.3834]],[[-7.5061,29.3802],[-7.4841,29.3824],[-7.4633,29.3891]]]},"properties":{"rank":10}},{"type":"Feature","geometry":{"type":"LineString","coordinates":[[-17.0569,20.7669],[-17.0812,20.8747],[-17.0774,20.9045],[-17.054,20.9955],[-17.0474,21.0274],[-17.0049,21.1419],[-16.9683,21.3246],[-16.9588,21.3329],[-13.0152,21.3334],[-13.0933,22.4955],[-13.1064,22.5602],[-13.155,22.6888],[-13.1655,22.7527],[-13.1523,22.82],[-13.1199,22.8835],[-13.0343,22.9952],[-13.0152,23.018],[-12.6194,23.2708],[-12.5584,23.2903],[-12.3899,23.3125],[-12.3539,23.3225],[-12.1346,23.4193],[-12.0327,23.445],[-12.0193,23.461],[-12.0153,23.4952],[-12.0153,25.9949],[-8.7072,25.995],[-8.6877,26.0],[-8.6808,26.0131],[-8.6824,27.2854]]},"properties":{"rank":10}},{"type":"Feature","geometry":{"type":"MultiLineString","coordinates":[[[8.5201,36.7979],[8.5545,36.8036],[8.6238,36.8261],[8.6417,36.8364],[8.6426,36.8485],[8.6082,36.8907],[8.6048,36.901],[8.6057,36.913],[8.6025,36.9395]],[[8.4827,36.8],[8.5201,36.7979]],[[8.0436,33.1018],[8.0226,33.103],[8.0022,33.1084],[7.9827,33.1168],[7.872,33.1841],[7.8355,33.1945],[7.7875,33.1983],[7.7507,33.2077],[7.725,33.2314],[7.7097,33.2782],[7.7082,33.4149],[7.6932,33.4541],[7.553,33.6587],[7.5444,33.6842],[7.5342,33.7362],[7.5055,33.7828],[7.4985,33.8],[7.4849,33.855],[7.4798,33.8939],[7.5006,33.9943],[7.5037,34.068],[7.5175,34.095],[7.5796,34.1485],[7.6041,34.1755],[7.6315,34.1991],[7.6703,34.2153],[7.7339,34.2238],[7.7528,34.2321],[7.7653,34.2447],[7.7743,34.261],[7.8119,34.3793],[7.8315,34.4144],[7.8706,34.4379],[7.9573,34.4694],[7.9991,34.4942],[8.0941,34.5301],[8.1437,34.5667],[8.1672,34.5786],[8.1752,34.5853],[8.1795,34.5922],[8.1866,34.6096],[8.1929,34.6177],[8.2288,34.6364],[8.2365,34.6477],[8.2106,34.6812],[8.2134,34.6967],[8.2252,34.7117],[8.2574,34.7397],[8.2666,34.7503],[8.2693,34.7639],[8.2507,34.8647],[8.2489,34.902],[8.259,34.9407],[8.2829,34.994],[8.3005,35.0677],[8.3137,35.1031],[8.3609,35.1459],[8.4214,35.2221],[8.4313,35.2417],[8.3969,35.2637],[8.3552,35.2743],[8.3174,35.2895],[8.2944,35.3251],[8.2879,35.3661],[8.29,35.4026],[8.3009,35.4375],[8.3367,35.5084],[8.337,35.5379],[8.3236,35.6522],[8.3066,35.6849],[8.2577,35.7503],[8.2458,35.7853],[8.2414,35.8277],[8.2472,35.9073],[8.2724,35.9817],[8.2756,36.0368],[8.2967,36.1104],[8.308,36.127],[8.3171,36.1459],[8.3145,36.1639],[8.3071,36.1825],[8.3023,36.2023],[8.3071,36.2436],[8.3544,36.3509],[8.3581,36.3699],[8.3597,36.4112],[8.3577,36.4304],[8.3492,36.4488],[8.3338,36.4564],[8.3149,36.4606],[8.2956,36.4687],[8.2088,36.4778],[8.1679,36.4914],[8.1699,36.5258],[8.1935,36.549],[8.2223,36.5638],[8.2869,36.5834],[8.4079,36.6426],[8.4304,36.6626],[8.4532,36.6977],[8.4618,36.7328],[8.4416,36.7532],[8.4067,36.768],[8.4131,36.7839],[8.444,36.7962],[8.4827,36.8]],[[9.5197,30.2289],[9.045,32.0718],[9.0337,32.0908],[9.0199,32.1049],[8.4827,32.4348],[8.36,32.501],[8.3313,32.5276],[8.3196,32.5606],[8.2964,32.8044],[8.2829,32.8364],[8.0868,33.0943],[8.0645,33.1058]],[[8.0645,33.1058],[8.0436,33.1018]]]},"properties":{"rank":10}},{"type":"Feature","geometry":{"type":"MultiLineString","coordinates":[[[1.1913,20.7306],[1.1685,20.7335],[1.1546,20.7388],[1.1472,20.7514],[1.1446,20.7763],[1.1453,20.7959],[1.1675,20.886],[1.1801,20.9953],[1.1779,21.0173],[1.1593,21.0815],[1.1465,21.1017],[-4.516,24.804],[-4.8212,24.9948]],[[1.8209,20.2936],[1.7992,20.2949],[1.7781,20.3043],[1.6592,20.3975],[1.6492,20.4121],[1.6501,20.487],[1.644,20.5227],[1.6237,20.5513],[1.5597,20.5975],[1.5204,20.617],[1.4835,20.6226],[1.4658,20.6335],[1.4475,20.6387],[1.4072,20.645],[1.364,20.6577],[1.3469,20.6691],[1.3315,20.6879],[1.3105,20.7227],[1.2967,20.7335],[1.2733,20.7394]],[[1.2733,20.7394],[1.2523,20.739],[1.2125,20.7309],[1.1913,20.7306]],[[1.9134,20.2311],[1.8914,20.2318],[1.8838,20.2441],[1.8803,20.2631],[1.8706,20.2835],[1.855,20.2948],[1.8389,20.2959]],[[1.8389,20.2959],[1.8209,20.2936]],[[3.3331,18.9756],[3.3184,18.9777],[3.3084,18.9817],[3.2849,18.9957],[3.226,19.0511],[3.1798,19.07],[3.1586,19.0815],[3.1388,19.096],[3.1209,19.1128],[3.1041,19.1355],[3.1027,19.1536],[3.1118,19.1713],[3.1266,19.1934],[3.1393,19.2219],[3.1527,19.2302],[3.1744,19.2516],[3.1789,19.2687],[3.1838,19.3075],[3.1929,19.3258],[3.2115,19.3409],[3.2327,19.3518],[3.251,19.3655],[3.2608,19.3883],[3.2582,19.4104],[3.2475,19.4265],[3.2348,19.4413],[3.226,19.4597],[3.2262,19.4692],[3.2323,19.4955],[3.2281,19.5042],[3.2175,19.5112],[3.2122,19.5172],[3.1994,19.5538],[3.1983,19.5924],[3.2168,19.7941],[3.2128,19.8078],[3.1988,19.8205],[3.1832,19.8277],[3.147,19.8379],[3.1305,19.8452],[3.0726,19.8889],[2.946,19.9417],[2.6718,19.9962],[2.6169,19.9984],[2.5257,20.0152],[2.5148,20.0159],[2.4954,20.0201],[2.4593,20.0388],[2.4399,20.0461],[2.4157,20.0513],[2.4004,20.0566],[2.3887,20.0674],[2.3482,20.1376],[2.3165,20.1802],[2.2796,20.2179],[2.2182,20.2641],[2.2008,20.2739],[2.1824,20.2785]],[[2.1824,20.2785],[2.1613,20.2749],[2.1382,20.2607],[2.0975,20.2242],[2.0712,20.2133]],[[2.0712,20.2133],[2.0563,20.215],[1.9934,20.2359],[1.9671,20.2534],[1.9553,20.2549]],[[1.9553,20.2549],[1.9412,20.2511],[1.9243,20.2361],[1.9134,20.2311]],[[4.2286,19.1422],[3.4397,18.9956],[3.3587,18.9769],[3.3331,18.9756]]]},"properties":{"rank":10}},{"type":"Feature","geometry":{"type":"MultiLineString","coordinates":[[[24.9812,21.9954],[24.9805,20.0021],[24.9768,19.996],[24.968,19.995],[24.8672,19.995]],[[24.8672,19.995],[24.1424,19.9954]],[[24.1424,19.9954],[23.9813,19.9954],[23.9813,19.4961]]]},"properties":{"rank":10}},{"type":"Feature","geometry":{"type":"MultiLineString","coordinates":[[[23.9726,15.6911],[23.9844,15.7212],[23.9813,19.4961]],[[23.5927,15.749],[23.7075,15.7489],[23.8291,15.731],[23.9455,15.6922],[23.9726,15.6911]],[[23.3206,15.6813],[23.3958,15.6883],[23.5271,15.7352],[23.5927,15.749]],[[23.1668,15.7129],[23.3206,15.6813]],[[22.0197,12.6314],[21.9772,12.6318],[21.936,12.6395],[21.9008,12.6564],[21.8801,12.6763],[21.8409,12.7489],[21.8137,12.7823],[21.8094,12.7937],[21.8278,12.8311],[21.853,12.9057],[21.9351,13.0592],[21.9641,13.0983],[21.9984,13.1306],[22.0161,13.1402],[22.1234,13.1822],[22.14,13.1935],[22.2323,13.289],[22.2676,13.3346],[22.276,13.3763],[22.264,13.3992],[22.2286,13.4411],[22.2156,13.465],[22.2112,13.4842],[22.2106,13.5417],[22.1959,13.5805],[22.1321,13.6387],[22.1143,13.6774],[22.1143,13.6997],[22.1163,13.7152],[22.1129,13.7298],[22.0971,13.7498],[22.0737,13.7714],[22.075,13.7803],[22.0994,13.8194],[22.1906,13.9328],[22.2147,13.9566],[22.2435,13.9754],[22.4023,14.0493],[22.4216,14.0621],[22.4587,14.0961],[22.4814,14.1085],[22.5082,14.1136],[22.5315,14.1226],[22.5464,14.1397],[22.5477,14.169],[22.5409,14.2012],[22.5319,14.2206],[22.5141,14.2315],[22.4577,14.2411],[22.441,14.2499],[22.429,14.2646],[22.42,14.2862],[22.4171,14.2981],[22.4181,14.3059],[22.427,14.323],[22.4313,14.3272],[22.4449,14.3334],[22.4499,14.3384],[22.451,14.3458],[22.4391,14.3629],[22.4249,14.4704],[22.4172,14.4841],[22.3864,14.5065],[22.3635,14.5435],[22.3823,14.5791],[22.4227,14.6091],[22.4654,14.6293],[22.6663,14.6817],[22.6766,14.689],[22.6814,14.7029],[22.6797,14.7118],[22.6646,14.7438],[22.659,14.7613],[22.6508,14.8162],[22.6508,14.8419],[22.6589,14.8574],[22.6955,14.8815],[22.7153,14.8994],[22.721,14.9159],[22.722,14.9347],[22.7272,14.959],[22.7389,14.9798],[22.829,15.0716],[22.8488,15.0875],[22.8716,15.0997],[22.9055,15.1126],[22.9133,15.1217],[22.958,15.2016],[22.9657,15.2239],[22.9784,15.3402],[22.9764,15.3736],[22.9665,15.4048],[22.945,15.4331],[22.9236,15.4556],[22.9068,15.4814],[22.8995,15.5102],[22.9067,15.5414],[22.9257,15.5639],[23.0045,15.6114],[23.0685,15.6867],[23.0946,15.7043],[23.1668,15.7129]],[[22.4581,12.0304],[22.4838,12.1403],[22.484,12.1647],[22.4814,12.1767],[22.408,12.3998],[22.3749,12.4509],[22.3728,12.4631],[22.3959,12.4961],[22.4457,12.6111],[22.4325,12.6238],[22.3301,12.6615],[22.2049,12.7434]],[[22.2049,12.7434],[22.1762,12.7015],[22.1441,12.6713],[22.1059,12.6504],[22.0587,12.6367],[22.0197,12.6314]],[[22.7818,11.3989],[22.7719,11.4032],[22.7716,11.4333],[22.7688,11.4423],[22.743,11.4661],[22.6625,11.4931],[22.6281,11.5098],[22.5923,11.5437],[22.5618,11.586],[22.5417,11.633],[22.5371,11.6809],[22.5929,11.9889],[22.6105,12.0396],[22.6135,12.0572],[22.6124,12.0728],[22.6073,12.0777]],[[22.6073,12.0777],[22.5989,12.0632]],[[22.5989,12.0632],[22.5855,12.0714]],[[22.5855,12.0714],[22.5465,12.0644],[22.4814,12.0443],[22.4705,12.0361],[22.4581,12.0304]],[[22.8611,10.9192],[22.9002,11.0599],[22.9065,11.0699],[22.9224,11.0871],[22.9251,11.098],[22.9257,11.1181],[22.929,11.1379],[22.9352,11.1559],[22.952,11.191],[22.9565,11.2088],[22.9537,11.2509],[22.9283,11.3251],[22.9148,11.3961],[22.9004,11.4082],[22.877,11.4088]],[[22.877,11.4088],[22.7818,11.3989]]]},"properties":{"rank":10}},{"type":"Feature","geometry":{"type":"LineString","coordinates":[[25.1509,31.6565],[25.0884,31.6135],[25.0604,31.5794],[25.0237,31.4944],[24.8613,31.3804],[24.849,31.3486],[24.8486,31.312],[24.8586,31.2279],[24.8595,31.146],[24.8826,31.0391],[24.8896,31.0188],[24.9246,30.9568],[24.9376,30.9058],[24.9812,30.8254],[24.9949,30.7851],[24.9886,30.7506],[24.9736,30.7163],[24.9612,30.6763],[24.9507,30.6212],[24.9204,30.5523],[24.9171,30.5325],[24.9077,30.4987],[24.8881,30.4643],[24.8297,30.3876],[24.7994,30.3608],[24.7724,30.331],[24.7629,30.3171],[24.7461,30.2828],[24.7047,30.2179],[24.6887,30.1828],[24.6883,30.1442],[24.6973,30.1226],[24.7255,30.0784],[24.8116,29.8909],[24.8162,29.8684],[24.8149,29.8486],[24.7982,29.7964],[24.8049,29.7548],[24.8562,29.6795],[24.8707,29.6383],[24.8706,29.614],[24.8616,29.5416],[24.8638,29.5029],[24.8738,29.4683],[24.9566,29.2927],[24.9743,29.2389],[24.9812,29.1814],[24.9812,21.9954]]},"properties":{"rank":10}},{"type":"Feature","geometry":{"type":"MultiLineString","coordinates":[[[-13.7283,12.6734],[-15.1951,12.6794]],[[-15.1951,12.6794],[-15.2238,12.6752],[-15.2497,12.6636],[-15.3078,12.6227],[-15.3686,12.5954],[-15.4246,12.555],[-15.677,12.4393],[-15.7115,12.4322]],[[-15.9733,12.4372],[-15.9925,12.4407],[-16.055,12.4612],[-16.0905,12.4643]],[[-16.0905,12.4643],[-16.1661,12.4514],[-16.1819,12.4434]],[[-16.1819,12.4434],[-16.1901,12.4448],[-16.2117,12.4531],[-16.2224,12.4551]],[[-16.2224,12.4551],[-16.2329,12.4529],[-16.382,12.3738],[-16.4123,12.3617],[-16.4627,12.3613],[-16.5149,12.3485],[-16.5333,12.3478]],[[-15.7115,12.4322],[-15.8939,12.4428]],[[-15.8939,12.4428],[-15.9733,12.4372]],[[-16.5333,12.3478],[-16.6689,12.3567]],[[-16.6689,12.3567],[-16.7056,12.348],[-16.7284,12.3325]]]},"properties":{"rank":10}},{"type":"Feature","geometry":{"type":"LineString","coordinates":[[41.885,3.9772],[41.3427,3.2011],[40.9798,2.8419],[40.9654,2.8141],[40.9685,2.4971],[40.9685,0.0]]},"properties":{"rank":10}},{"type":"Feature","geometry":{"type":"MultiLineString","coordinates":[[[9.991,2.1656],[9.9707,2.1689],[9.9075,2.2005],[9.8901,2.2046],[9.8721,2.2112],[9.8468,2.2285],[9.8237,2.249],[9.8109,2.2649],[9.8087,2.2855],[9.8119,2.3062],[9.8111,2.3249],[9.7996,2.3417]],[[11.3221,2.1658],[10.7238,2.1657],[10.4247,2.1657],[10.1256,2.1656],[9.991,2.1656]]]},"properties":{"rank":10}},{"type":"Feature","geometry":{"type":"MultiLineString","coordinates":[[[11.3363,0.9992],[11.3297,2.1274],[11.3221,2.1658]],[[10.0294,1.0035],[11.3363,0.9992]],[[9.9441,0.9249],[9.96,0.9284],[9.9718,0.9398],[9.9754,0.953],[9.9755,0.9826],[9.9808,0.9972],[10.0294,1.0035]],[[9.8044,0.9984],[9.8341,0.9949],[9.8496,0.9892],[9.8661,0.9776],[9.8921,0.9479],[9.9086,0.9351],[9.9263,0.9275],[9.9441,0.9249]]]},"properties":{"rank":10}},{"type":"Feature","geometry":{"type":"MultiLineString","coordinates":[[[3.5071,15.354],[3.5165,15.4692],[3.5265,15.496],[3.6141,15.5477],[3.6922,15.6315],[3.7289,15.6509],[3.8084,15.6656],[3.8461,15.6853],[3.8712,15.7148],[3.8865,15.7501],[3.8945,15.7886],[3.9035,15.8863],[3.9099,15.9048],[3.9251,15.9276],[3.9832,15.984],[3.9848,15.9898],[3.9845,15.9988],[3.9708,16.0309],[3.9669,16.0585],[3.9712,16.0861],[4.0606,16.2983],[4.0756,16.3211],[4.0948,16.3408],[4.1182,16.3583],[4.1617,16.38],[4.1759,16.3926],[4.184,16.4161],[4.182,16.8096],[4.1846,16.8185],[4.1976,16.8385],[4.202,16.8489],[4.1966,16.9471],[4.1978,16.9652],[4.2037,16.9828],[4.2117,16.986],[4.2223,16.9866],[4.2356,16.9959],[4.2286,19.1422]],[[3.073,15.4272],[3.4833,15.3593],[3.5071,15.354]],[[0.6701,14.9397],[0.6838,14.9409],[0.7114,14.9475],[0.7692,14.9691],[0.9221,14.974],[0.9493,14.9796],[0.9737,14.9913],[1.2709,15.2599],[1.2978,15.2757],[1.3315,15.2836],[3.0002,15.3391],[3.0057,15.3523],[3.0058,15.3893],[3.0103,15.4177],[3.0175,15.4228],[3.0335,15.4264],[3.073,15.4272]],[[0.2213,14.9959],[0.3532,14.9634],[0.387,14.9632]],[[0.2185,14.911],[0.2128,14.9607],[0.2132,14.9854],[0.2213,14.9959]],[[0.5148,14.9936],[0.6701,14.9397]],[[0.387,14.9632],[0.4188,14.9699],[0.4835,14.9921],[0.5148,14.9936]]]},"properties":{"rank":10}},{"type":"Feature","geometry":{"type":"MultiLineString","coordinates":[[[42.9237,10.9988],[42.9113,10.9774],[42.9012,10.9366],[42.8935,10.9197],[42.8768,10.9057],[42.8348,10.8884],[42.8194,10.8726],[42.8012,10.8208],[42.7856,10.8044],[42.7499,10.7758],[42.7381,10.7598],[42.7286,10.7355],[42.719,10.6949],[42.7116,10.6752],[42.6996,10.6585],[42.6802,10.6477],[42.6603,10.6416],[42.6472,10.6322],[42.6486,10.611],[42.6685,10.5662],[42.6952,10.5247],[42.7504,10.4716],[42.7658,10.4519],[42.7766,10.4246],[42.7895,10.3333],[42.8082,10.2691],[42.8363,10.2081],[42.8623,10.1772],[42.9582,10.1156],[42.9819,10.0916],[42.9999,10.062],[43.0126,10.0293],[43.0208,9.9964],[43.0399,9.95],[43.0677,9.9225],[43.1043,9.9079],[43.1499,9.9],[43.1872,9.8833],[43.2063,9.8512],[43.2353,9.6918],[43.2488,9.6523],[43.2707,9.6284],[43.2977,9.6215],[43.306,9.6176],[43.3156,9.6077],[43.3251,9.5859],[43.3318,9.5751],[43.3414,9.5664],[43.3615,9.5532],[43.3707,9.5442],[43.3934,9.4989],[43.3994,9.4809],[43.402,9.4474],[43.4063,9.4287],[43.419,9.413],[43.5482,9.3361],[43.5668,9.3343]],[[43.6072,9.3446],[43.6215,9.3369],[43.9848,9.0083],[44.0239,8.9855],[45.5144,8.4965]],[[43.5668,9.3343],[43.5912,9.3436],[43.6072,9.3446]],[[45.5145,8.4965],[46.9205,8.0256],[46.9792,7.9966],[47.0681,7.9965]],[[45.5144,8.4965],[45.5145,8.4965]],[[47.0681,7.9965],[47.9792,7.9966]]]},"properties":{"rank":10}},{"type":"Feature","geometry":{"type":"MultiLineString","coordinates":[[[-14.9125,16.6406],[-14.9309,16.6434],[-14.9413,16.656],[-14.9499,16.6723],[-14.9629,16.6858],[-14.9743,16.6914]],[[-14.9743,16.6914],[-14.9966,16.6824],[-15.0069,16.6758],[-15.0134,16.6666],[-15.0187,16.6461],[-15.0237,16.64],[-15.0369,16.6326],[-15.0444,16.6319]],[[-15.0444,16.6319],[-15.0516,16.6342],[-15.062,16.6438],[-15.0699,16.6553],[-15.0789,16.665],[-15.0933,16.6692]],[[-15.0933,16.6692],[-15.1076,16.6654],[-15.1163,16.6555],[-15.1183,16.6426],[-15.1123,16.6292],[-15.0962,16.614],[-15.0928,16.6076],[-15.0932,16.6002],[-15.0975,16.5945],[-15.104,16.5904],[-15.1251,16.5827],[-15.2325,16.5664],[-15.2486,16.5658]],[[-14.326,16.5824],[-14.3353,16.5865],[-14.337,16.5941],[-14.3318,16.6131],[-14.3313,16.6241],[-14.3355,16.6315],[-14.3433,16.6367],[-14.4066,16.6608]],[[-14.4066,16.6608],[-14.4262,16.6596],[-14.4358,16.656],[-14.472,16.6364],[-14.4931,16.6325]],[[-14.7112,16.6358],[-14.882,16.6477]],[[-14.882,16.6477],[-14.9125,16.6406]],[[-14.6081,16.6288],[-14.6191,16.6307],[-14.6472,16.6435],[-14.656,16.6459]],[[-14.656,16.6459],[-14.6659,16.6457],[-14.6997,16.6371],[-14.7112,16.6358]],[[-14.4931,16.6325],[-14.5039,16.6327],[-14.5445,16.6408]],[[-14.5445,16.6408],[-14.5551,16.6406],[-14.597,16.6292],[-14.6081,16.6288]],[[-13.8273,16.1185],[-13.8358,16.1206],[-13.8448,16.126],[-13.8528,16.1335],[-13.8638,16.1518],[-13.8723,16.1788],[-13.8772,16.1869],[-13.8838,16.1937],[-13.9078,16.21],[-13.9471,16.2211],[-13.9641,16.2301],[-13.9678,16.246],[-13.9627,16.264],[-13.963,16.2724],[-13.9674,16.2814],[-13.9773,16.2938],[-13.9793,16.3003],[-13.9712,16.3242],[-13.9719,16.3312],[-13.9779,16.338],[-14.0067,16.3503],[-14.0156,16.3559],[-14.0398,16.3821],[-14.073,16.4007],[-14.1324,16.4526],[-14.1664,16.4909],[-14.1972,16.5135],[-14.2142,16.535],[-14.2223,16.5396],[-14.2577,16.5432],[-14.2681,16.5479],[-14.2733,16.5556],[-14.2746,16.5735],[-14.278,16.5813],[-14.2877,16.5857]],[[-14.2877,16.5857],[-14.326,16.5824]],[[-15.4145,16.548],[-15.4269,16.5532],[-15.4394,16.5727],[-15.4488,16.5802],[-15.464,16.5815]],[[-15.464,16.5815],[-15.4785,16.5752],[-15.4909,16.5645],[-15.5152,16.5309],[-15.5248,16.5222],[-15.5367,16.5165],[-15.5515,16.5151]],[[-15.2486,16.5658],[-15.2959,16.573]],[[-15.2959,16.573],[-15.328,16.572],[-15.3436,16.5687],[-15.3857,16.5518],[-15.3998,16.5483],[-15.4145,16.548]],[[-16.0312,16.4929],[-16.0538,16.4954],[-16.074,16.5049],[-16.091,16.5222],[-16.1031,16.5396],[-16.1105,16.5469],[-16.1197,16.5524],[-16.1323,16.5548]],[[-16.1323,16.5548],[-16.1443,16.5527],[-16.1558,16.5475],[-16.1852,16.5273],[-16.1954,16.5227],[-16.2067,16.5207]],[[-16.2067,16.5207],[-16.251,16.5276]],[[-16.251,16.5276],[-16.2738,16.5232],[-16.2951,16.5106],[-16.3135,16.4933],[-16.3274,16.4746],[-16.3349,16.4558],[-16.3402,16.4159],[-16.3811,16.2467],[-16.3854,16.2349],[-16.3917,16.2247],[-16.4073,16.2148],[-16.4442,16.2063],[-16.4588,16.1942],[-16.466,16.1741],[-16.4704,16.1064],[-16.4878,16.066],[-16.5016,16.0219],[-16.5075,16.0104],[-16.5099,15.9015],[-16.5197,15.8464],[-16.5423,15.8088]],[[-15.5515,16.5151],[-15.5944,16.5236]],[[-15.5944,16.5236],[-15.6097,16.5213],[-15.6215,16.5142],[-15.6436,16.4947],[-15.6574,16.4862],[-15.6722,16.4814],[-15.6875,16.4805]],[[-15.862,16.5103],[-15.8969,16.5184]],[[-15.8969,16.5184],[-15.911,16.5169],[-15.9507,16.4998],[-15.9581,16.4984]],[[-15.6875,16.4805],[-15.7032,16.4844],[-15.7353,16.4977],[-15.7677,16.4995],[-15.813,16.5138],[-15.8289,16.5145]],[[-15.8289,16.5145],[-15.8536,16.5103],[-15.862,16.5103]],[[-15.9581,16.4984],[-15.9644,16.499],[-15.9856,16.5059]],[[-15.9856,16.5059],[-15.9931,16.5046],[-16.0073,16.4962],[-16.0312,16.4929]],[[-13.669,16.1057],[-13.6781,16.1082],[-13.6847,16.1138],[-13.696,16.1189],[-13.7,16.1256],[-13.7045,16.1288],[-13.7196,16.1356],[-13.7228,16.1461],[-13.7126,16.1761],[-13.7106,16.1889],[-13.7201,16.19]],[[-13.7201,16.19],[-13.7382,16.1871],[-13.7467,16.1824],[-13.7542,16.1753],[-13.772,16.1504],[-13.7788,16.1432],[-13.7949,16.1312],[-13.8113,16.1221],[-13.8192,16.1193],[-13.8273,16.1185]],[[-13.4915,16.0884],[-13.5017,16.0951],[-13.4999,16.1106],[-13.4831,16.141],[-13.4849,16.155],[-13.4915,16.1563]],[[-13.4915,16.1563],[-13.4973,16.1561],[-13.5164,16.149],[-13.5691,16.1382],[-13.607,16.1233],[-13.635,16.1216],[-13.6624,16.1074],[-13.669,16.1057]],[[-13.2378,15.6234],[-13.2473,15.6483],[-13.2487,15.6567],[-13.2477,15.6656],[-13.244,15.6737],[-13.2289,15.6966],[-13.2271,15.704],[-13.2283,15.7113],[-13.2439,15.7358],[-13.2507,15.7428],[-13.274,15.7575],[-13.281,15.7628],[-13.2861,15.7696],[-13.2875,15.7782],[-13.2797,15.8035],[-13.28,15.8229],[-13.2848,15.8399],[-13.2937,15.8553],[-13.316,15.8818],[-13.3182,15.8885],[-13.3182,15.8967],[-13.3137,15.9221],[-13.3159,15.9304],[-13.3218,15.9381],[-13.347,15.9568],[-13.3558,15.9655],[-13.3698,15.9855],[-13.3837,16.0192],[-13.3861,16.0444],[-13.3886,16.0521],[-13.3946,16.0593],[-13.4221,16.0772],[-13.44,16.1019],[-13.4551,16.1022]],[[-13.4551,16.1022],[-13.4915,16.0884]],[[-13.0532,15.4851],[-13.0838,15.4928],[-13.0896,15.497],[-13.095,15.5147],[-13.0951,15.5234],[-13.0895,15.561],[-13.0918,15.5751],[-13.099,15.5869],[-13.1097,15.5964],[-13.1222,15.6035],[-13.1526,15.6124],[-13.1711,15.6254],[-13.1782,15.6282],[-13.1928,15.629]],[[-13.1928,15.629],[-13.2228,15.6239],[-13.2378,15.6234]],[[-12.85,15.2674],[-12.8334,15.27],[-12.828,15.2839],[-12.8345,15.3002],[-12.8473,15.3133],[-12.9068,15.3527],[-12.919,15.3654],[-12.9272,15.3807],[-12.931,15.397],[-12.9312,15.4305],[-12.9331,15.4383],[-12.9509,15.4654],[-12.9549,15.4931],[-12.958,15.5017],[-12.9643,15.5092],[-12.9802,15.5163]],[[-12.9802,15.5163],[-12.9958,15.5142],[-13.0105,15.5063],[-13.0238,15.496],[-13.0389,15.4869],[-13.0532,15.4851]],[[-12.8842,15.2708],[-12.85,15.2674]],[[-12.8383,15.2188],[-12.8479,15.2189],[-12.8568,15.222],[-12.8884,15.2509],[-12.8944,15.2634],[-12.8842,15.2708]],[[-12.6903,15.0924],[-12.717,15.1034],[-12.7546,15.1386],[-12.7798,15.1464],[-12.784,15.1581],[-12.7847,15.166],[-12.7793,15.1914],[-12.7795,15.1996],[-12.782,15.2073],[-12.7872,15.2142],[-12.7963,15.2203],[-12.8064,15.2231]],[[-12.8064,15.2231],[-12.817,15.2231],[-12.8383,15.2188]],[[-12.2641,14.7749],[-12.3196,14.8172],[-12.3825,14.846],[-12.4001,14.8604],[-12.4338,14.8994],[-12.4476,14.9074],[-12.4482,14.9182],[-12.4715,14.998],[-12.4763,15.0077],[-12.4849,15.0173],[-12.4956,15.023],[-12.519,15.0283],[-12.5296,15.0344],[-12.5471,15.0472],[-12.6021,15.0788],[-12.6229,15.1023],[-12.6323,15.1054]],[[-12.6323,15.1054],[-12.6476,15.1032],[-12.6793,15.0938],[-12.6903,15.0924]]]},"properties":{"rank":10}},{"type":"Feature","geometry":{"type":"MultiLineString","coordinates":[[[-4.8216,24.9951],[-6.5931,24.9941],[-6.5057,24.2703],[-6.0641,20.4954],[-5.9491,19.4956],[-5.6233,16.5278],[-5.6059,16.4959],[-5.3649,16.3349],[-5.3553,16.3248],[-5.3533,16.312],[-5.511,15.4942],[-5.5134,15.4934]],[[-8.9112,15.4954],[-9.3492,15.4956],[-9.343,15.5869],[-9.3293,15.6552],[-9.3324,15.6876],[-9.3565,15.6979]],[[-9.3565,15.6979],[-9.3759,15.6859],[-9.437,15.6149],[-9.4517,15.5883],[-9.4518,15.5592],[-9.4359,15.496],[-9.4239,15.4405],[-9.6721,15.4307],[-9.7208,15.4209],[-9.7407,15.4126],[-9.7974,15.3803],[-9.8356,15.3711]],[[-10.9152,15.1029],[-10.948,15.152],[-10.9852,15.1875],[-11.0127,15.2396],[-11.0454,15.2702],[-11.2982,15.451],[-11.3169,15.4717],[-11.4096,15.6022],[-11.4348,15.6234],[-11.4582,15.6329],[-11.5154,15.6444]],[[-11.5154,15.6444],[-11.5273,15.6426],[-11.523,15.6352],[-11.5154,15.6303],[-11.5123,15.6202],[-11.5154,15.6101],[-11.5243,15.6003],[-11.536,15.5949],[-11.5626,15.5872],[-11.5792,15.578],[-11.6149,15.5412],[-11.6441,15.5264]],[[-11.6441,15.5264],[-11.6708,15.5284],[-11.6976,15.5368],[-11.7271,15.5412]],[[-11.7271,15.5412],[-11.7271,15.507],[-11.7294,15.4961],[-11.7549,15.4691],[-11.7677,15.4372],[-11.7835,15.3659],[-11.8169,15.2961],[-11.8211,15.2801],[-11.8268,15.2326],[-11.8457,15.1791],[-11.8482,15.1581],[-11.8442,15.1348],[-11.8451,15.1246],[-11.8568,15.0842],[-11.8591,15.0541],[-11.8609,15.049],[-11.851,15.042]],[[-8.4702,15.4953],[-8.6893,15.4954]],[[-8.6893,15.4954],[-8.9112,15.4954]],[[-7.1745,15.4948],[-8.327,15.4953]],[[-8.327,15.4953],[-8.4702,15.4953]],[[-5.9382,15.4944],[-7.0045,15.4948]],[[-7.0045,15.4948],[-7.1745,15.4948]],[[-5.5134,15.4934],[-5.8073,15.4944]],[[-5.8073,15.4944],[-5.9382,15.4944]],[[-10.5155,15.4377],[-10.535,15.4417]],[[-10.535,15.4417],[-10.5515,15.4392],[-10.5874,15.4273],[-10.6071,15.4244]],[[-10.3708,15.4335],[-10.3984,15.4387],[-10.5004,15.4404]],[[-10.5004,15.4404],[-10.5155,15.4377]],[[-10.2145,15.402],[-10.2232,15.402],[-10.3087,15.4352],[-10.3226,15.4371]],[[-10.3226,15.4371],[-10.3708,15.4335]],[[-10.6071,15.4244],[-10.6489,15.4249],[-10.7092,15.4339]],[[-10.7092,15.4339],[-10.7254,15.4331],[-10.7364,15.4226],[-10.7401,15.4036],[-10.7389,15.3622],[-10.7468,15.3411],[-10.7545,15.3336],[-10.7707,15.3247],[-10.7817,15.3084],[-10.8002,15.3068],[-10.811,15.3031],[-10.8272,15.2877],[-10.8344,15.2714],[-10.8441,15.2345],[-10.8553,15.2177],[-10.8823,15.1928],[-10.8909,15.1767],[-10.9062,15.1198],[-10.9152,15.1029]],[[-10.0676,15.3647],[-10.1083,15.3659],[-10.1316,15.3726],[-10.168,15.3952],[-10.1884,15.4047],[-10.1961,15.4053]],[[-10.1961,15.4053],[-10.2145,15.402]],[[-9.8356,15.3711],[-9.9514,15.3812]],[[-9.9514,15.3812],[-10.0676,15.3647]],[[-11.8328,15.049],[-11.8212,15.0398],[-11.8138,15.0285],[-11.8111,15.0143],[-11.8132,14.9959],[-11.8206,14.9803],[-11.8258,14.9625],[-11.8309,14.9264],[-11.8301,14.9203],[-11.8204,14.9064],[-11.8204,14.9],[-11.8371,14.8931],[-11.8508,14.8765],[-11.8626,14.8541],[-11.8775,14.8415],[-11.8957,14.8321],[-11.936,14.8236],[-11.9503,14.8116],[-11.974,14.7798],[-11.9915,14.768],[-12.0111,14.7627]],[[-11.851,15.042],[-11.8445,15.0443],[-11.8392,15.049],[-11.8328,15.049]],[[-12.0704,14.7344],[-12.0815,14.74],[-12.1237,14.7766],[-12.1389,14.7845]],[[-12.1389,14.7845],[-12.1602,14.781],[-12.2033,14.7662],[-12.2248,14.7634]],[[-12.2248,14.7634],[-12.2468,14.767],[-12.2641,14.7749]],[[-12.0111,14.7627],[-12.0311,14.7628],[-12.0497,14.7672]],[[-12.0497,14.7672],[-12.0571,14.7619],[-12.0623,14.7463],[-12.0704,14.7344]]]},"properties":{"rank":10}},{"type":"Feature","geometry":{"type":"MultiLineString","coordinates":[[[-15.0977,13.82],[-15.0763,13.819],[-15.0168,13.7969],[-14.9158,13.7924],[-14.8793,13.7806],[-14.844,13.7527],[-14.8313,13.7356],[-14.8224,13.7172],[-14.8029,13.6523],[-14.796,13.6447],[-14.7549,13.6204],[-14.7409,13.6154]],[[-15.2673,13.7418],[-15.246,13.7467],[-15.1706,13.7938],[-15.0977,13.82]],[[-15.3478,13.7886],[-15.3045,13.7819],[-15.2951,13.7732],[-15.2757,13.7481],[-15.2673,13.7418]],[[-15.5182,13.5831],[-15.5025,13.5883],[-15.5005,13.628],[-15.4968,13.6483],[-15.4889,13.6703],[-15.4786,13.6913],[-15.4675,13.7083],[-15.4363,13.7412],[-15.3941,13.7715],[-15.3478,13.7886]],[[-14.6267,13.6635],[-14.5855,13.6605],[-14.5426,13.6408],[-14.5232,13.6257],[-14.5097,13.6091],[-14.5002,13.59],[-14.4869,13.5465],[-14.4804,13.5331],[-14.4703,13.5224],[-14.3896,13.4659],[-14.3656,13.4548],[-14.3473,13.4524]],[[-14.7409,13.6154],[-14.7286,13.6193],[-14.6672,13.6529],[-14.6267,13.6635]],[[-14.6616,13.3409],[-14.6981,13.3452],[-14.7316,13.359],[-14.7595,13.3834],[-14.7796,13.4109],[-14.7903,13.4173],[-14.8108,13.4212],[-14.8291,13.427],[-14.8626,13.4471],[-14.8776,13.4514],[-14.9159,13.4544],[-14.9497,13.4631],[-15.0151,13.4957],[-15.0653,13.5313],[-15.1102,13.5725],[-15.1377,13.59]],[[-15.1377,13.59],[-15.1605,13.581],[-15.204,13.5369],[-15.218,13.5147],[-15.2217,13.4528],[-15.2278,13.4252],[-15.2483,13.399],[-15.2771,13.3803],[-15.3098,13.3684],[-15.3424,13.3626],[-15.3792,13.3625]],[[-16.5614,13.5869],[-15.5182,13.5831]],[[-13.9885,13.5791],[-13.9675,13.5756],[-13.9421,13.5669],[-13.9181,13.555],[-13.9013,13.5416],[-13.8962,13.5329],[-13.8898,13.514],[-13.8846,13.5055],[-13.8755,13.4979],[-13.8528,13.4848],[-13.8427,13.4766],[-13.8187,13.4294],[-13.8226,13.3782],[-13.851,13.3358],[-13.9006,13.3146],[-13.9761,13.3082],[-14.0163,13.2976],[-14.0566,13.2972],[-14.0995,13.282]],[[-14.0445,13.5586],[-14.034,13.5602],[-14.0019,13.577],[-13.9885,13.5791]],[[-14.0619,13.5601],[-14.0445,13.5586]],[[-14.3473,13.4524],[-14.3299,13.4564],[-14.2712,13.477],[-14.2158,13.5108],[-14.1968,13.5188],[-14.1391,13.5316],[-14.0929,13.5547],[-14.0726,13.5597],[-14.0619,13.5601]],[[-15.3792,13.3625],[-15.4883,13.3853],[-15.5195,13.3866]],[[-15.5195,13.3866],[-15.5429,13.378],[-15.566,13.3657],[-15.5961,13.3558],[-15.6125,13.3542]],[[-15.6125,13.3542],[-15.6799,13.3607]],[[-15.6799,13.3607],[-15.6925,13.3603],[-15.7374,13.3463],[-15.8071,13.3398],[-15.8187,13.3335],[-15.8227,13.3194],[-15.8266,13.1617],[-15.8333,13.1568]],[[-14.3418,13.2336],[-14.3688,13.2357],[-14.395,13.243],[-14.4314,13.2614],[-14.442,13.2685],[-14.4515,13.2769],[-14.4703,13.2983],[-14.4836,13.3019],[-14.5151,13.3032],[-14.5296,13.3073],[-14.5429,13.3147],[-14.5807,13.3492],[-14.5922,13.3531]],[[-14.5922,13.3531],[-14.6246,13.3452],[-14.6616,13.3409]],[[-14.0995,13.282],[-14.1168,13.2822]],[[-14.1168,13.2822],[-14.1318,13.2756],[-14.1798,13.2401],[-14.2017,13.2296],[-14.2306,13.2286]],[[-14.2306,13.2286],[-14.2849,13.2385]],[[-14.2849,13.2385],[-14.3418,13.2336]],[[-15.8333,13.1568],[-16.6735,13.1643]],[[-16.6735,13.1643],[-16.7084,13.1567],[-16.7232,13.1322],[-16.7263,13.1226],[-16.7485,13.0992],[-16.7521,13.088],[-16.7537,13.065]]]},"properties":{"rank":10}},{"type":"Feature","geometry":{"type":"LineString","coordinates":[[-8.6824,27.2854],[-8.6824,27.6614]]},"properties":{"rank":10}},{"type":"Feature","geometry":{"type":"MultiLineString","coordinates":[[[9.5197,30.2289],[9.2865,30.1171],[9.31,30.0844],[9.4217,29.9687],[9.5497,29.8023],[9.6677,29.6083],[9.8261,29.1285],[9.8483,28.9757],[9.8513,28.786],[9.777,28.2676],[9.7899,28.2094],[9.9359,27.8667],[9.9343,27.8274],[9.8634,27.6192],[9.8466,27.5993],[9.8185,27.5857],[9.7939,27.5697],[9.7971,27.5489],[9.8117,27.5265],[9.8216,27.5057],[9.8136,27.4865],[9.7705,27.4442],[9.7563,27.423],[9.7431,27.3641],[9.7265,27.3247],[9.7219,27.3085],[9.7213,27.2919],[9.8061,27.0251],[9.8255,26.9206],[9.8351,26.901],[9.8461,26.892],[9.8908,26.8696],[9.9067,26.8575],[9.9106,26.8431],[9.8855,26.7366],[9.8826,26.7018],[9.8941,26.674],[9.8963,26.6528],[9.8546,26.5244],[9.8358,26.5042],[9.4826,26.3526],[9.4814,26.3326],[9.4776,26.3156],[9.4689,26.301],[9.4348,26.272],[9.4165,26.2323],[9.4025,26.2162],[9.3778,26.1689],[9.4012,26.1134],[9.9695,25.3954],[10.0079,25.3314],[10.0214,25.268],[10.03,24.9951],[10.032,24.8563],[10.0445,24.8296],[10.1934,24.7499],[10.2122,24.7229],[10.2297,24.6299],[10.2422,24.5951],[10.2603,24.5766],[10.3918,24.48],[10.4105,24.4733]],[[10.6991,24.5561],[10.7207,24.5523],[11.5086,24.3138],[11.5414,24.2975],[11.5671,24.2668],[11.9689,23.5174]],[[10.4105,24.4733],[10.4502,24.4769],[10.6774,24.5539],[10.6991,24.5561]]]},"properties":{"rank":10}},{"type":"Feature","geometry":{"type":"MultiLineString","coordinates":[[[0.2185,14.911],[0.2208,14.8882],[0.2119,14.8748],[0.198,14.8638],[0.1858,14.8482],[0.1841,14.8196],[0.2131,14.7616],[0.2197,14.7312],[0.1529,14.5467],[0.1588,14.4961],[0.1886,14.4477],[0.3464,14.3076],[0.3888,14.2516],[0.3916,14.2459],[0.3906,14.2376],[0.3811,14.2257],[0.3774,14.2166],[0.3722,14.1856],[0.3674,14.1738],[0.3435,14.1375],[0.3392,14.1258],[0.3436,14.1143],[0.3563,14.0957],[0.3742,14.0789],[0.3785,14.0704],[0.3773,14.0639],[0.3691,14.0479],[0.3692,14.0391],[0.3784,14.0288],[0.3914,14.0226],[0.4019,14.0138],[0.4039,13.9961],[0.4119,13.9784],[0.4284,13.9675],[0.4459,13.9586],[0.4567,13.9469],[0.4563,13.9381],[0.4481,13.9201],[0.4486,13.9096],[0.4548,13.9024],[0.4757,13.8889],[0.4835,13.8803],[0.492,13.8618],[0.5041,13.8454],[0.5193,13.8316],[0.553,13.81],[0.5745,13.785],[0.5937,13.7781],[0.6005,13.7687],[0.5945,13.7499],[0.5848,13.729],[0.5805,13.7138],[0.5943,13.6889],[0.6207,13.68]],[[0.7534,13.6841],[0.7635,13.682],[0.7664,13.6751],[0.767,13.6609],[0.7663,13.6572],[0.7629,13.653],[0.7637,13.6464],[0.7757,13.6353],[0.7953,13.626],[0.8131,13.625]],[[0.6207,13.68],[0.7534,13.6841]],[[0.8507,13.6286],[0.8969,13.6149],[0.951,13.5832],[0.9914,13.5411],[0.9966,13.4961],[1.0153,13.4657],[1.0482,13.4419],[1.1572,13.3926],[1.175,13.3869],[1.2174,13.3818],[1.2343,13.3776],[1.2496,13.3671],[1.2687,13.3461],[1.2415,13.3355]],[[0.8131,13.625],[0.8507,13.6286]],[[1.1607,13.3113],[1.1385,13.3204],[1.0847,13.3336],[1.0047,13.3648],[0.9835,13.3684]],[[0.9835,13.3684],[0.9704,13.3283],[0.9718,13.0673],[0.9746,13.0483],[0.9835,13.0324],[1.0123,13.0169],[1.0838,13.011],[1.114,12.9962],[1.5359,12.6475],[1.5639,12.6321],[1.597,12.6237],[1.8261,12.6042]],[[1.2415,13.3355],[1.2221,13.3446],[1.2057,13.3589],[1.1877,13.3641]],[[1.1877,13.3641],[1.1824,13.3587],[1.1776,13.3476],[1.1676,13.3134],[1.1607,13.3113]],[[1.9717,12.7242],[2.0689,12.7163],[2.109,12.7056],[2.1352,12.6756],[2.141,12.6561],[2.1448,12.6508],[2.166,12.6317],[2.1843,12.6206],[2.1933,12.6095],[2.2,12.5959],[2.2032,12.5833],[2.2109,12.5231],[2.2239,12.4948],[2.2423,12.4735],[2.2463,12.4659],[2.2431,12.4512],[2.245,12.4242],[2.2379,12.4135],[2.2233,12.4097],[2.1638,12.4048]],[[1.9345,12.6935],[1.9455,12.7008],[1.9625,12.7191],[1.9717,12.7242]],[[1.9196,12.6983],[1.9266,12.695],[1.9345,12.6935]],[[1.8261,12.6042],[1.8437,12.6061],[1.8607,12.6171],[1.8727,12.6342],[1.8832,12.654],[1.9002,12.6785],[1.907,12.6918],[1.9114,12.6966],[1.9196,12.6983]],[[2.1638,12.4048],[2.145,12.4117]],[[2.145,12.4117],[2.1387,12.4083],[2.1315,12.3985],[2.1269,12.3951],[2.0693,12.3833],[2.0542,12.3709],[2.0518,12.3419],[2.0709,12.3069],[2.3381,11.9401],[2.3902,11.8965]]]},"properties":{"rank":10}},{"type":"Feature","geometry":{"type":"MultiLineString","coordinates":[[[17.6273,3.6263],[17.5868,3.6322],[17.5505,3.6482],[17.5135,3.6792],[17.5089,3.6818],[17.495,3.6832],[17.4901,3.6871],[17.4862,3.7003],[17.4819,3.7048],[17.4589,3.7083]],[[17.4589,3.7083],[17.4427,3.7013],[17.4275,3.6901],[17.3757,3.6634],[17.3558,3.6384],[17.3344,3.6185],[17.2981,3.6159]],[[17.7651,3.6144],[17.7559,3.6145],[17.7496,3.6181],[17.7399,3.6292],[17.7332,3.6322]],[[17.7332,3.6322],[17.7261,3.6318],[17.7091,3.6264],[17.6273,3.6263]],[[18.6264,3.4769],[18.5825,3.4774],[18.5703,3.4896],[18.5544,3.5264],[18.5134,3.5922],[18.4971,3.6115],[18.4721,3.6321]],[[18.4721,3.6321],[18.4591,3.6314],[18.448,3.618],[18.4297,3.6002],[18.4206,3.5964]],[[17.2981,3.6159],[17.2723,3.6246],[17.2594,3.6259]],[[17.2594,3.6259],[17.245,3.6206],[17.2311,3.6091],[17.214,3.5893],[17.1972,3.5817],[17.1829,3.5796]],[[17.8564,3.5373],[17.8421,3.5401],[17.8353,3.5558],[17.8306,3.5757],[17.8212,3.594],[17.8083,3.6086],[17.7932,3.6175],[17.7845,3.6182]],[[17.7845,3.6182],[17.7651,3.6144]],[[18.4206,3.5964],[18.4037,3.5974]],[[18.4037,3.5974],[18.3923,3.5959],[18.3878,3.5917],[18.3837,3.578],[18.3799,3.5744]],[[18.3799,3.5744],[18.3729,3.5745],[18.3616,3.5802],[18.3556,3.5815]],[[18.3556,3.5815],[18.2759,3.5744]],[[17.1829,3.5796],[17.1428,3.5808]],[[17.1428,3.5808],[17.1021,3.5666],[17.0884,3.5644]],[[18.2759,3.5744],[18.2649,3.5747],[18.2559,3.5772]],[[18.2559,3.5772],[18.2485,3.5749],[18.2425,3.5611],[18.2354,3.5309],[18.2316,3.5212],[18.22,3.5039],[18.2025,3.4873],[18.1816,3.4774]],[[17.0884,3.5644],[17.0614,3.5661]],[[17.0614,3.5661],[17.0524,3.564],[17.0358,3.5561],[17.0176,3.5418],[17.0092,3.5381],[17.0031,3.5377]],[[17.9695,3.5375],[17.9599,3.5411],[17.9192,3.5656]],[[17.9192,3.5656],[17.9136,3.5613],[17.8753,3.5427],[17.8564,3.5373]],[[18.1816,3.4774],[18.1599,3.4803],[18.1467,3.4949],[18.134,3.5348],[18.1164,3.552],[18.082,3.5635]],[[18.082,3.5635],[18.0471,3.5631],[18.0131,3.554],[17.9819,3.5388],[17.9695,3.5375]],[[16.9047,3.5506],[16.8678,3.5615]],[[16.8678,3.5615],[16.8532,3.5601],[16.8518,3.5519],[16.8546,3.5413],[16.8526,3.5328],[16.833,3.5229],[16.8119,3.5217]],[[16.9686,3.5335],[16.9605,3.5384],[16.9532,3.5469],[16.9423,3.5531],[16.9324,3.5539]],[[16.9324,3.5539],[16.9047,3.5506]],[[16.8119,3.5217],[16.7296,3.5422],[16.7094,3.5437]],[[16.7094,3.5437],[16.6864,3.5422],[16.6394,3.5286],[16.5985,3.5017],[16.5677,3.4644],[16.5517,3.4198],[16.5428,3.3362],[16.5178,3.2732],[16.5172,3.2487],[16.5115,3.2272],[16.4771,3.1794],[16.4655,3.1565],[16.4648,3.1318],[16.4727,3.1106],[16.4832,3.0901],[16.4908,3.0678],[16.4842,3.0319],[16.4455,2.9577],[16.4483,2.9135],[16.4605,2.8946],[16.475,2.8784],[16.4838,2.8604],[16.4791,2.8363],[16.1967,2.2365]],[[17.0031,3.5377],[16.9897,3.5395]],[[16.9897,3.5395],[16.9686,3.5335]]]},"properties":{"rank":10}},{"type":"Feature","geometry":{"type":"MultiLineString","coordinates":[[[16.1967,2.2365],[16.2023,2.232],[16.2077,2.2231],[16.1995,2.2122],[16.1593,2.1821]],[[14.6461,2.1334],[14.6363,2.1383],[14.6448,2.1542],[14.6209,2.1648],[14.5879,2.2017],[14.5621,2.2088]],[[14.5621,2.2088],[14.5478,2.1937],[14.548,2.1844],[14.5503,2.1752],[14.547,2.1665],[14.5381,2.1634],[14.4592,2.1465],[14.4387,2.134],[14.4329,2.1321]],[[16.1593,2.1821],[16.1406,2.1998],[16.1204,2.2033]],[[16.1204,2.2033],[16.1044,2.1936],[16.0978,2.1715],[16.0858,2.1492],[16.0835,2.1378],[16.0856,2.1249],[16.0925,2.1069],[16.0903,2.0927],[16.0797,2.0903],[16.0767,2.0859],[16.0755,2.0755],[16.0781,2.0634],[16.0815,2.0556],[16.0817,2.0468],[16.0664,2.0255],[16.0638,2.0159],[16.0649,1.979],[16.0687,1.9736],[16.0749,1.9706],[16.0835,1.963],[16.1014,1.9328],[16.1351,1.8453],[16.159,1.7348],[16.1558,1.7191],[16.1451,1.7143]],[[14.4329,2.1321],[14.4187,2.1353],[14.3994,2.1532],[14.3836,2.1621],[14.3203,2.1707]],[[14.3203,2.1707],[14.2763,2.1536],[14.267,2.1524]],[[14.267,2.1524],[13.2946,2.1611]],[[14.7205,2.0996],[14.7057,2.1055],[14.686,2.1259],[14.672,2.1343]],[[14.672,2.1343],[14.6461,2.1334]],[[14.7371,2.0961],[14.7273,2.0996],[14.7335,2.102],[14.7479,2.1132],[14.7209,2.1276]],[[14.7209,2.1276],[14.7137,2.124],[14.7205,2.0996]],[[14.9321,2.0033],[14.8925,2.0064],[14.8966,2.0309],[14.9073,2.0589],[14.8878,2.0723],[14.8846,2.0821],[14.8715,2.1017],[14.857,2.1159]],[[14.857,2.1159],[14.8502,2.1098],[14.8482,2.0852],[14.8412,2.0759],[14.8263,2.0723],[14.7648,2.0655]],[[14.7648,2.0655],[14.7616,2.0702],[14.7625,2.0925],[14.7614,2.0996]],[[14.7614,2.0996],[14.7371,2.0961]],[[15.1836,2.0293],[15.1517,2.041]],[[15.1517,2.041],[15.1385,2.0115]],[[15.3374,1.9215],[15.3378,1.9238],[15.3143,1.9342],[15.3095,1.9351],[15.3016,1.9436],[15.3002,1.9477],[15.3033,1.9664],[15.3011,1.9738],[15.2954,1.9815],[15.2876,1.9878],[15.2481,2.0033],[15.2387,2.0253],[15.2337,2.0313],[15.2126,2.0396]],[[15.2126,2.0396],[15.1836,2.0293]],[[15.0437,1.9909],[15.0283,1.9953],[14.9807,2.0331],[14.971,2.0345]],[[14.971,2.0345],[14.963,2.0104],[14.9538,2.0058],[14.9321,2.0033]],[[15.1385,2.0115],[15.1239,2.017]],[[15.1239,2.017],[15.1178,2.017],[15.1076,2.0008],[15.0916,1.9844],[15.0749,1.9794]],[[15.0749,1.9794],[15.0631,1.9972]],[[15.0631,1.9972],[15.0437,1.9909]],[[15.8899,1.7933],[15.885,1.8016],[15.8824,1.8167],[15.8757,1.8238],[15.8659,1.8285],[15.8421,1.8442],[15.8154,1.8534],[15.8029,1.86],[15.7646,1.9087],[15.7574,1.913],[15.7341,1.9167],[15.7111,1.9274],[15.7068,1.932],[15.6118,1.9425],[15.5266,1.9678],[15.4829,1.9758]],[[15.4829,1.9758],[15.4392,1.9698],[15.3881,1.9395],[15.368,1.9329],[15.3492,1.9233],[15.3374,1.9215]],[[15.9805,1.7706],[15.9632,1.7774],[15.9438,1.7816],[15.929,1.789],[15.9259,1.8047]],[[15.9259,1.8047],[15.9018,1.7937],[15.8899,1.7933]],[[16.0699,1.6546],[16.0305,1.7054],[16.022,1.7228],[16.022,1.733],[16.0263,1.7523],[16.022,1.7638],[16.0138,1.7713],[16.0028,1.7759],[15.9908,1.7762]],[[15.9908,1.7762],[15.9805,1.7706]],[[16.1451,1.7143],[16.1236,1.7216]],[[16.1236,1.7216],[16.1148,1.7191],[16.0699,1.6546]]]},"properties":{"rank":10}},{"type":"Feature","geometry":{"type":"MultiLineString","coordinates":[[[15.481,7.5233],[15.4733,7.5091],[15.4195,7.4365],[15.4155,7.4208],[15.435,7.4029],[15.4328,7.3897],[15.4032,7.3864],[15.3974,7.3807],[15.3853,7.3584],[15.3382,7.3222],[15.2613,7.2792],[15.2239,7.2475],[15.2051,7.2002],[15.1912,7.1773],[15.1866,7.1663],[15.1854,7.1569],[15.1902,7.0988],[15.1875,7.0886],[15.1791,7.0784],[15.1561,7.0678],[15.147,7.0618],[15.1362,7.0453],[15.1289,7.0265],[15.1132,6.9647],[15.0802,6.8781],[15.0591,6.8363],[15.0422,6.7908],[15.0346,6.7768],[15.0224,6.7665],[14.9623,6.7367],[14.9461,6.7257],[14.9325,6.7103],[14.8073,6.4278],[14.7822,6.3936],[14.78,6.3822],[14.7843,6.3587],[14.7847,6.3478],[14.7824,6.3368],[14.7723,6.3183],[14.7348,6.2704],[14.719,6.2579],[14.5764,6.1898]],[[14.5764,6.1898],[14.535,6.1901]],[[14.535,6.1901],[14.526,6.1741],[14.511,6.1553],[14.4821,6.1271],[14.4671,6.1226],[14.4306,6.0881],[14.4336,6.0739],[14.4225,6.0514],[14.4182,6.0471],[14.4129,6.047]],[[14.4129,6.047],[14.4025,6.0549]],[[14.4025,6.0549],[14.3977,6.0539],[14.3903,6.0458],[14.3873,6.039],[14.3894,6.0311],[14.3977,6.0192],[14.4175,5.9973],[14.4323,5.9854],[14.4469,5.97],[14.4538,5.9539],[14.4582,5.9364],[14.4657,5.9207],[14.4821,5.9096],[14.4992,5.9095],[14.5306,5.9059]],[[14.5725,5.9242],[14.5848,5.9234],[14.598,5.9035],[14.603,5.8834],[14.6174,5.865],[14.624,5.7583],[14.6311,5.738],[14.6244,5.7236],[14.6106,5.6691],[14.5928,5.6239],[14.5901,5.6083],[14.5915,5.591],[14.5966,5.5772],[14.6106,5.5537],[14.6172,5.5379],[14.6189,5.5255],[14.6174,5.4953],[14.6141,5.4849],[14.5996,5.4566],[14.5962,5.4401],[14.5973,5.4115],[14.5928,5.4],[14.5796,5.3954],[14.5793,5.3876],[14.5708,5.3709],[14.5608,5.3555],[14.5559,5.3513],[14.554,5.3382],[14.5484,5.3205],[14.5396,5.3036],[14.528,5.293],[14.5199,5.2906],[14.5239,5.2797],[14.5397,5.2618],[14.5605,5.2486],[14.6036,5.2343],[14.6245,5.224],[14.6405,5.2082],[14.6515,5.1875],[14.6589,5.1645],[14.6632,5.1418],[14.663,5.0914],[14.6675,5.0528],[14.6603,5.0158],[14.6595,4.997],[14.6634,4.9857],[14.6745,4.9676],[14.6721,4.9408],[14.687,4.9089],[14.7015,4.8144],[14.6961,4.7797],[14.6907,4.7621],[14.6973,4.7452],[14.7042,4.6694],[14.7173,4.622],[14.7437,4.58],[14.7797,4.545],[14.9383,4.4359],[14.9821,4.4205],[14.9939,4.4133],[15.0006,4.4032],[15.0074,4.3778],[15.0139,4.3643],[15.0485,4.3216],[15.0638,4.2934],[15.0728,4.2659],[15.0829,4.2055],[15.0845,4.1486],[15.0912,4.1218],[15.1026,4.1124]],[[14.5306,5.9059],[14.5454,5.9076],[14.5725,5.9242]],[[15.1178,4.1143],[15.1329,4.1085],[15.1393,4.0946],[15.1426,4.0804],[15.1485,4.0739]],[[15.1026,4.1124],[15.1178,4.1143]],[[15.1624,4.0739],[15.1777,4.0715],[15.1898,4.0631],[15.1921,4.0522],[15.1724,4.0438],[15.1504,4.0385],[15.1113,4.0199],[15.0917,4.0159]],[[15.1485,4.0739],[15.1624,4.0739]],[[15.0917,4.0159],[15.0752,4.018],[15.0431,4.0261]],[[15.0431,4.0261],[15.026,4.0261],[15.0849,3.8858],[15.1713,3.759],[15.7856,3.108],[15.7932,3.1033],[15.8135,3.099]],[[15.8342,3.1085],[15.8402,3.1074],[15.8548,3.099]],[[15.8135,3.099],[15.8342,3.1085]],[[15.8978,3.1035],[15.914,3.098],[15.9334,3.0818],[15.9501,3.061],[15.9582,3.0415],[15.9716,2.9912],[15.982,2.9767]],[[15.8548,3.099],[15.8978,3.1035]],[[16.0061,2.984],[16.0158,2.9835],[16.0262,2.979],[16.0342,2.9706],[16.0554,2.9398],[16.0702,2.9066],[16.0825,2.8857],[16.0924,2.8633],[16.0952,2.8368],[16.0869,2.8132],[16.0599,2.7862],[16.0562,2.7598],[16.06,2.7258],[16.0593,2.7118],[16.0626,2.7032],[16.0728,2.7028]],[[15.982,2.9767],[16.0061,2.984]],[[16.0863,2.705],[16.1105,2.7014],[16.0937,2.6731],[16.0903,2.6619],[16.0931,2.6415],[16.1085,2.6066],[16.1115,2.5862],[16.1069,2.567],[16.0912,2.5328],[16.0903,2.5105],[16.0943,2.4975],[16.1071,2.4742],[16.1115,2.4559],[16.1115,2.4186],[16.1129,2.4104],[16.1209,2.3896],[16.1334,2.3648],[16.1523,2.3433],[16.1593,2.3329],[16.1647,2.3148],[16.166,2.2948],[16.1691,2.2899],[16.1865,2.2777],[16.1869,2.2693],[16.1813,2.2566],[16.1797,2.247],[16.1967,2.2365]],[[16.0728,2.7028],[16.0863,2.705]]]},"properties":{"rank":10}},{"type":"Feature","geometry":{"type":"MultiLineString","coordinates":[[[33.9771,4.2197],[33.5326,3.7743],[33.4906,3.7497],[33.4473,3.7444]],[[33.4473,3.7444],[33.1954,3.7571],[33.1645,3.7631],[33.1435,3.7741],[33.0172,3.8772],[32.9972,3.8855]],[[32.9972,3.8855],[32.9796,3.8792],[32.9189,3.8342],[32.8404,3.7943],[32.7564,3.769],[32.4156,3.7413],[32.3718,3.7311],[32.1878,3.6192],[32.1759,3.6056],[32.1749,3.5927],[32.1792,3.5569],[32.179,3.5414],[32.1746,3.5209],[32.168,3.5122],[32.1558,3.5118]],[[32.1558,3.5118],[32.093,3.5245],[32.0762,3.5332],[32.0609,3.549],[32.0415,3.5799],[32.0302,3.5859],[31.9437,3.5913],[31.93,3.5984],[31.9231,3.6153],[31.92,3.6613],[31.9163,3.6803],[31.9019,3.7043],[31.8307,3.7839],[31.807,3.8037],[31.7779,3.8164]],[[31.7779,3.8164],[31.7757,3.8107],[31.6961,3.7213],[31.6868,3.7128],[31.6685,3.705],[31.5648,3.6898],[31.5472,3.681],[31.5355,3.6664],[31.5237,3.6561]],[[31.5237,3.6561],[31.5054,3.6599],[31.295,3.7742],[31.2557,3.7867],[31.2148,3.7924],[31.1676,3.7924]],[[31.1676,3.7924],[31.1415,3.7851],[31.0777,3.7353],[31.0404,3.7242],[31.0096,3.6998],[30.996,3.6935],[30.9858,3.6921]],[[30.9858,3.6921],[30.966,3.6926]],[[30.966,3.6926],[30.9555,3.689],[30.9444,3.6793],[30.9317,3.6451],[30.8657,3.549],[30.8438,3.5059],[30.8395,3.4902]]]},"properties":{"rank":10}},{"type":"Feature","geometry":{"type":"MultiLineString","coordinates":[[[0.4876,10.9332],[0.4997,10.9757],[0.4836,10.9797],[0.4871,10.9837],[0.4906,10.9964],[0.4901,10.9995],[0.4866,11.0032],[-0.1661,11.135]],[[0.9015,10.9927],[0.6753,10.9885],[0.6126,10.9766],[0.4876,10.9332]]]},"properties":{"rank":10}},{"type":"Feature","geometry":{"type":"MultiLineString","coordinates":[[[0.9015,10.9927],[0.8758,10.9312],[0.8729,10.9113],[0.8753,10.9005],[0.8837,10.8802],[0.8851,10.8694],[0.8695,10.8399],[0.866,10.8064],[0.8629,10.7961],[0.85,10.7777],[0.7956,10.7265],[0.7813,10.693],[0.7892,10.6029],[0.7885,10.5639],[0.7738,10.5081],[0.7599,10.4052],[0.7607,10.3822],[0.7688,10.3671],[1.331,9.9965],[1.3438,9.9624],[1.3482,9.6942],[1.356,9.6475],[1.3522,9.6254],[1.3513,9.5951],[1.3451,9.5824],[1.3273,9.5553],[1.3232,9.5423],[1.3264,9.522],[1.3365,9.4975],[1.3513,9.4825]],[[1.3684,9.4908],[1.3799,9.4625],[1.3867,9.3611],[1.4012,9.3213],[1.4253,9.2845],[1.5673,9.1367],[1.5878,9.1009],[1.5958,9.0768],[1.6012,9.0495],[1.6076,8.5588],[1.609,8.547],[1.6141,8.5358],[1.6399,8.5033],[1.6442,8.4935],[1.6404,8.4758],[1.6076,8.4219],[1.606,8.4134],[1.606,8.396],[1.6011,8.3716],[1.604,8.3674],[1.6099,8.3655],[1.6149,8.3563],[1.6256,8.2705],[1.6213,7.9966],[1.6257,6.9968],[1.6075,6.9914]],[[1.3513,9.4825],[1.3684,9.4908]],[[1.6075,6.9914],[1.5319,6.9919]],[[1.5319,6.9919],[1.5514,6.9209],[1.5626,6.9043],[1.5791,6.892],[1.588,6.8812],[1.5901,6.8673],[1.5826,6.8253],[1.5832,6.8083],[1.5875,6.791],[1.5952,6.7706],[1.6011,6.7464],[1.597,6.731],[1.5743,6.7006],[1.566,6.6781],[1.5724,6.6669],[1.5854,6.6564],[1.5963,6.6364],[1.5941,6.611],[1.5973,6.6008],[1.6033,6.5926],[1.6196,6.578],[1.6274,6.5733],[1.6368,6.5723]],[[1.6466,6.5732],[1.6539,6.5707],[1.6552,6.5592],[1.6578,6.5523],[1.6745,6.5386],[1.6808,6.5301],[1.682,6.52],[1.6795,6.4986],[1.6817,6.4898],[1.6883,6.4844],[1.7098,6.4734],[1.7184,6.467],[1.7441,6.4257],[1.7824,6.2773],[1.7616,6.276],[1.6331,6.2457],[1.6124,6.2348],[1.6197,6.2139]],[[1.6368,6.5723],[1.6466,6.5732]]]},"properties":{"rank":10}},{"type":"Feature","geometry":{"type":"MultiLineString","coordinates":[[[-0.1661,11.135],[-0.3017,11.1629]],[[-0.3017,11.1629],[-0.3045,11.1468],[-0.2983,11.1284],[-0.3061,11.1135],[-0.3188,11.1014],[-0.3689,11.0652]],[[-0.3689,11.0652],[-0.3869,11.0864],[-0.4059,11.1015]],[[-0.4059,11.1015],[-0.4252,11.1015],[-0.4444,11.0774],[-0.449,11.0629],[-0.4513,11.0402],[-0.4567,11.0296],[-0.4685,11.0201],[-0.4948,11.0078],[-0.5067,10.9937],[-0.5165,10.9886]],[[-1.1076,10.9943],[-1.3553,10.9967],[-1.3804,11.0013],[-1.4361,11.0227],[-1.5624,11.0266]],[[-1.5624,11.0266],[-1.5798,11.0212],[-1.587,11.0037],[-1.5987,10.9971],[-2.7507,10.9858]],[[-0.9044,10.9795],[-0.9095,10.9827],[-0.9165,10.9962],[-0.924,11.0014],[-1.0703,11.0139]],[[-1.0703,11.0139],[-1.0987,11.0096],[-1.1076,10.9943]],[[-0.6902,10.9818],[-0.6947,10.9827],[-0.696,10.994],[-0.817,10.9962],[-0.8221,11.0036],[-0.8278,11.0058]],[[-0.8278,11.0058],[-0.8337,11.0034],[-0.8394,10.9965],[-0.8608,10.9929],[-0.8832,10.9686],[-0.9006,10.9662]],[[-2.7507,10.9858],[-2.7511,10.9965],[-2.8373,10.998]],[[-2.8373,10.998],[-2.8359,10.9922],[-2.8387,10.9851],[-2.8327,10.966],[-2.8218,10.9483],[-2.8158,10.9292],[-2.8214,10.9063],[-2.8349,10.8916],[-2.8508,10.8795],[-2.8642,10.8643],[-2.8716,10.8434],[-2.8827,10.7971],[-2.8995,10.77],[-2.9031,10.7471],[-2.9086,10.7377],[-2.9193,10.7272],[-2.9223,10.7212],[-2.9189,10.7066]],[[-0.5165,10.9886],[-0.5554,10.99]],[[-0.5554,10.99],[-0.5762,10.9878],[-0.5906,10.9824],[-0.5998,10.9658],[-0.6071,10.9412],[-0.6172,10.9186],[-0.6348,10.908]],[[-0.6348,10.908],[-0.6828,10.9536],[-0.6798,10.9606],[-0.6723,10.9685],[-0.668,10.9765],[-0.6739,10.9835],[-0.6832,10.9843]],[[-0.6832,10.9843],[-0.6902,10.9818]],[[-0.9006,10.9662],[-0.8939,10.9799]],[[-0.8939,10.9799],[-0.9044,10.9795]],[[-2.9169,10.7066],[-2.908,10.7036],[-2.9051,10.6992],[-2.9051,10.6927],[-2.9102,10.6845],[-2.9163,10.6681],[-2.9297,10.6442],[-2.9325,10.6343],[-2.9283,10.6152],[-2.8983,10.5626],[-2.8959,10.5528],[-2.8942,10.5314],[-2.8915,10.5217],[-2.8704,10.4978],[-2.8674,10.4783],[-2.8596,10.4656],[-2.8244,10.435],[-2.8121,10.4288],[-2.7959,10.4261],[-2.7714,10.4255],[-2.7676,10.4212],[-2.7719,10.4118],[-2.781,10.4024],[-2.792,10.3982],[-2.8049,10.3971],[-2.8146,10.3937],[-2.8223,10.3876],[-2.8295,10.3783],[-2.8363,10.3637],[-2.8413,10.3433],[-2.8413,10.3223],[-2.8332,10.306],[-2.8244,10.3022],[-2.8057,10.299],[-2.8021,10.2923],[-2.7997,10.2809],[-2.7932,10.2785]],[[-2.9189,10.7066],[-2.9169,10.7066]],[[-2.7845,10.2788],[-2.7584,10.2661],[-2.7549,10.2608],[-2.7544,10.248],[-2.7577,10.2346],[-2.7651,10.2258],[-2.7854,10.2101],[-2.7985,10.1895],[-2.7989,10.1696],[-2.7885,10.1244],[-2.7885,10.0388],[-2.7836,10.0185],[-2.7609,9.9848],[-2.7544,9.9668],[-2.7556,9.9412],[-2.7649,9.8958],[-2.7605,9.8705],[-2.7368,9.8326],[-2.7339,9.8228],[-2.7403,9.8126],[-2.7748,9.7743],[-2.7916,9.7409],[-2.7953,9.72],[-2.7885,9.6993],[-2.7803,9.6902],[-2.7748,9.6893]],[[-2.7932,10.2785],[-2.7845,10.2788]],[[-2.7693,9.6899],[-2.7605,9.6856],[-2.7555,9.6775],[-2.751,9.6592],[-2.7402,9.6508],[-2.7529,9.6399],[-2.7615,9.6253],[-2.7665,9.6089],[-2.768,9.5928],[-2.7663,9.5765],[-2.7611,9.5662],[-2.7253,9.5339],[-2.6892,9.4887]],[[-2.7748,9.6893],[-2.7693,9.6899]]]},"properties":{"rank":10}},{"type":"Feature","geometry":{"type":"MultiLineString","coordinates":[[[34.108,3.8689],[34.0848,3.8773],[34.0862,3.8947],[34.0989,3.9177],[34.1096,3.9434],[34.1071,3.9595],[34.0955,3.971],[34.0808,3.9808],[34.069,3.9919],[34.0611,4.0078],[34.0615,4.0179],[34.0698,4.0414],[34.0727,4.0647],[34.0724,4.0764],[34.0693,4.088],[34.0609,4.0993],[34.0497,4.1095],[34.041,4.1204],[34.0397,4.134],[34.0411,4.1648],[34.0285,4.188],[34.006,4.2057],[33.9771,4.2197]],[[34.1652,3.7708],[34.1525,3.7756],[34.1591,3.7834],[34.179,3.7961],[34.1665,3.8113],[34.1508,3.8172],[34.149,3.8227],[34.1967,3.8474],[34.2076,3.8609],[34.205,3.8745],[34.1829,3.8861],[34.1634,3.8862]],[[34.1634,3.8862],[34.1237,3.872],[34.108,3.8689]],[[34.2904,3.7032],[34.2789,3.7097],[34.2638,3.7501],[34.2416,3.7787],[34.2409,3.7836]],[[34.2409,3.7836],[34.2304,3.7827],[34.2106,3.7771],[34.1909,3.7758],[34.1737,3.7714],[34.1652,3.7708]],[[34.6541,2.8565],[34.6405,2.8601],[34.6314,2.8695],[34.6164,2.8934],[34.5847,2.9287],[34.5747,2.9461],[34.5456,3.0974],[34.5338,3.1185],[34.5129,3.1324],[34.4657,3.1459],[34.4449,3.1591],[34.434,3.182],[34.4241,3.3048],[34.4112,3.3447],[34.3866,3.3764],[34.384,3.3883],[34.387,3.3997],[34.397,3.4242],[34.3986,3.4336],[34.3944,3.4446],[34.3821,3.466],[34.3813,3.4769],[34.3869,3.4856],[34.4155,3.497],[34.4345,3.5262],[34.4439,3.5663],[34.4464,3.6467],[34.4397,3.6677],[34.425,3.6772],[34.4063,3.6829],[34.3875,3.6927],[34.355,3.7274],[34.3371,3.7346]],[[34.3371,3.7346],[34.3099,3.7267],[34.2994,3.7169],[34.2951,3.7073],[34.2904,3.7032]],[[34.8418,2.5878],[34.8281,2.5888],[34.8187,2.598],[34.7765,2.6856],[34.7613,2.7725],[34.7369,2.8444],[34.7301,2.8529],[34.6965,2.8677],[34.6889,2.8792],[34.685,2.881]],[[34.685,2.881],[34.6826,2.8794],[34.6781,2.8716],[34.6603,2.8586],[34.6541,2.8565]],[[34.5404,1.0894],[34.5612,1.0934],[34.572,1.1117],[34.5736,1.1342],[34.5805,1.1525],[34.6289,1.1636],[34.663,1.1964],[34.6838,1.2091],[34.7661,1.2175],[34.7979,1.2319],[34.8105,1.2725],[34.8001,1.3123],[34.7827,1.353],[34.779,1.3885],[34.8384,1.4372],[34.8595,1.5179],[34.8826,1.5522],[34.8926,1.5573],[34.9136,1.5616],[34.9235,1.5661],[34.9337,1.5757],[34.9409,1.587],[34.9727,1.6542],[34.9787,1.6759],[34.9797,1.8703],[34.984,1.8825],[35.0028,1.9061],[35.0065,1.9169],[35.0014,1.928],[34.9779,1.9499],[34.9692,1.9603],[34.962,1.9778],[34.9579,1.9978],[34.9567,2.0185],[34.9582,2.038],[34.9676,2.0826],[34.9675,2.1019],[34.8656,2.3475],[34.8591,2.3868],[34.8679,2.4115],[34.886,2.4254],[34.9061,2.4369],[34.9209,2.4546],[34.9236,2.4773],[34.9144,2.4944],[34.8871,2.5224],[34.8813,2.5414],[34.8756,2.5912],[34.8656,2.6049]],[[34.8656,2.6049],[34.8565,2.6035],[34.8418,2.5878]],[[34.5075,1.1025],[34.524,1.0986],[34.5404,1.0894]],[[33.9177,0.0],[33.8905,0.0901],[33.8936,0.1098],[34.0406,0.3059],[34.0766,0.3338],[34.0852,0.347],[34.088,0.3674],[34.0767,0.4039],[34.0757,0.4222],[34.0801,0.4313],[34.1044,0.4622],[34.1324,0.5728],[34.1496,0.6036],[34.1791,0.6239],[34.2198,0.6386],[34.2521,0.655],[34.2762,0.6808],[34.2923,0.7237],[34.2984,0.7593],[34.3067,0.7681],[34.3709,0.8002],[34.388,0.8158],[34.4024,0.8561],[34.4312,0.8935],[34.4572,0.9576],[34.463,0.9781],[34.4637,1.0229],[34.4688,1.0442],[34.4772,1.0646],[34.487,1.0825],[34.5075,1.1025]]]},"properties":{"rank":10}},{"type":"Feature","geometry":{"type":"MultiLineString","coordinates":[[[30.8964,3.52],[30.9093,3.4961],[30.9096,3.4872],[30.9029,3.4589],[30.9044,3.4475],[30.9145,3.4265],[30.9163,3.4148],[30.91,3.3934],[30.8973,3.375],[30.8685,3.3433],[30.8487,3.3093],[30.8456,3.2939],[30.8424,3.2887],[30.8221,3.2814],[30.8042,3.246],[30.7479,3.0767],[30.7438,3.0555],[30.7451,3.0363],[30.7571,3.0215],[30.8036,2.9891],[30.8209,2.9732],[30.844,2.9328],[30.8548,2.8932],[30.8534,2.8534],[30.8287,2.7861],[30.8219,2.7762],[30.8059,2.7719],[30.8016,2.7691],[30.7991,2.7635],[30.7977,2.7484],[30.7643,2.6584],[30.7589,2.6338],[30.7394,2.6033],[30.7353,2.5931],[30.734,2.5745],[30.7378,2.5375],[30.737,2.5195],[30.7294,2.5035],[30.7168,2.4831],[30.7077,2.4623],[30.7106,2.4451],[30.7249,2.4408],[30.795,2.4401],[30.8049,2.4344],[30.8071,2.4222],[30.807,2.407],[30.8097,2.3924],[30.8198,2.376],[30.8363,2.3563],[30.8549,2.3397],[30.8718,2.3321]],[[30.8395,3.4902],[30.8612,3.4982],[30.8802,3.5144],[30.8964,3.52]],[[30.9309,2.4056],[30.968,2.4054],[30.9849,2.3946],[31.0413,2.3312],[31.0459,2.3197],[31.0444,2.3139],[31.0388,2.311],[31.0355,2.3069],[31.0407,2.2979],[31.0552,2.2902],[31.0991,2.2827],[31.1126,2.2821]],[[30.8718,2.3321],[30.9006,2.346],[30.9145,2.3782],[30.9309,2.4056]],[[31.1776,2.3029],[31.1791,2.2598],[31.1825,2.2387],[31.1901,2.2215],[31.2109,2.2053],[31.2675,2.1733],[31.2804,2.1534],[31.2715,2.103],[31.2428,2.0512],[31.0258,1.7782],[30.6817,1.5003],[30.4783,1.2386],[30.4456,1.2128],[30.4316,1.207],[30.4127,1.202],[30.3993,1.2006]],[[31.1126,2.2821],[31.1292,2.2847],[31.1776,2.3029]],[[30.3993,1.2006],[30.3766,1.2031]],[[30.3766,1.2031],[30.3649,1.202],[30.3482,1.189],[30.3361,1.1689],[30.3238,1.1558]],[[30.3238,1.1558],[30.3066,1.1639],[30.2957,1.1726],[30.2865,1.1743]],[[30.2865,1.1743],[30.2693,1.1673],[30.2389,1.136],[30.2362,1.1295],[30.2341,1.1081],[30.2315,1.0978],[30.228,1.089],[30.2153,1.0771],[30.2156,1.0578],[30.221,1.0171],[30.2141,0.9985],[30.1915,0.9749],[30.1869,0.9588],[30.1657,0.9214],[30.1548,0.9087],[30.1451,0.9032],[30.0384,0.8789],[29.9964,0.8599],[29.9602,0.8321],[29.9473,0.8246],[29.9283,0.785],[29.9268,0.7749],[29.9323,0.7232],[29.92,0.6387],[29.9195,0.6181],[29.938,0.5373],[29.9405,0.4983],[29.9229,0.4602],[29.8511,0.3772],[29.8396,0.3585],[29.8326,0.337],[29.8006,0.1724],[29.7971,0.1648],[29.7872,0.1585]],[[29.7872,0.1585],[29.7804,0.1612],[29.773,0.1675],[29.7613,0.1721]],[[29.7613,0.1721],[29.7558,0.1609],[29.7118,0.0996],[29.7031,0.0725],[29.7016,0.0552],[29.7135,0.0116],[29.714,0.0]]]},"properties":{"rank":10}},{"type":"Feature","geometry":{"type":"MultiLineString","coordinates":[[[38.2097,17.5223],[38.2334,17.5257],[38.2502,17.5418],[38.2528,17.5616],[38.2515,17.5828],[38.2566,17.6025],[38.2739,17.6178],[38.3235,17.6409],[38.3437,17.6559],[38.3713,17.6988],[38.4316,17.852],[38.4593,17.8907],[38.6016,18.0048]],[[38.1606,17.5573],[38.1768,17.5476],[38.192,17.5327],[38.2097,17.5223]],[[38.0765,17.4799],[38.0915,17.48],[38.108,17.4938],[38.1184,17.5129],[38.1187,17.5234],[38.1149,17.5367],[38.1195,17.5456],[38.1606,17.5573]],[[38.0388,17.5482],[38.0618,17.5481],[38.0712,17.5381],[38.0722,17.5215],[38.0708,17.5015],[38.0765,17.4799]],[[37.872,17.4373],[37.8959,17.4426],[37.9155,17.457],[37.9469,17.4957],[38.0154,17.54],[38.0388,17.5482]],[[37.7989,17.4771],[37.8192,17.4717],[37.8492,17.444],[37.872,17.4373]],[[37.4034,17.0299],[37.4598,17.0947],[37.468,17.1147],[37.4728,17.137],[37.4947,17.1746],[37.501,17.1951],[37.5056,17.2368],[37.5047,17.255],[37.4936,17.3008],[37.496,17.3122],[37.5068,17.3185],[37.6392,17.358],[37.6796,17.3634],[37.7204,17.3838],[37.7639,17.4591],[37.7989,17.4771]],[[37.0005,17.0726],[37.0164,17.0658],[37.0315,17.0558],[37.0493,17.0488],[37.0751,17.0445],[37.0854,17.0409],[37.1241,17.018],[37.134,17.0164]],[[36.5264,14.2635],[36.4236,15.1115],[36.4251,15.1334],[36.4332,15.1509],[36.5067,15.2203],[36.5249,15.2479],[36.5756,15.3934],[36.5951,15.4243],[36.6279,15.4456],[36.6141,15.4893],[36.6167,15.5315],[36.671,15.7231],[36.6833,15.7452],[36.7327,15.7947],[36.7595,15.8375],[36.8859,16.1849],[36.9022,16.211],[36.944,16.2529],[36.9543,16.2783],[36.9516,16.2996],[36.9334,16.3401],[36.9282,16.3611],[36.9297,16.3825],[36.9332,16.4004],[36.9337,16.4181],[36.9263,16.4383],[36.9121,16.4566],[36.8964,16.4727],[36.8834,16.4904],[36.8765,16.5136],[36.8773,16.5273],[36.8896,16.5672],[36.8926,16.5865],[36.8907,16.6191],[36.8924,16.6369],[36.9014,16.6557],[36.9166,16.669],[36.9496,16.6919],[36.9604,16.7056],[36.985,16.7657],[36.9888,16.8255],[36.9997,16.8421],[36.9985,16.848],[36.9913,16.8608],[36.9931,16.9009],[36.9906,16.9136],[36.982,16.926],[36.9715,16.9358],[36.9681,16.9466],[36.9924,16.9802],[36.997,16.9995],[36.9934,17.0187],[36.9736,17.0452],[36.9713,17.0541],[36.9735,17.0625],[36.9801,17.07],[37.0005,17.0726]],[[37.3098,17.0553],[37.4034,17.0299]],[[37.2031,17.0228],[37.2334,17.0246],[37.281,17.053],[37.3098,17.0553]],[[37.1883,17.0249],[37.2031,17.0228]],[[37.134,17.0164],[37.1883,17.0249]]]},"properties":{"rank":10}},{"type":"Feature","geometry":{"type":"MultiLineString","coordinates":[[[37.8915,14.8795],[37.9088,14.8647],[37.9209,14.8475],[37.94,14.8109],[37.9444,14.8073],[37.9541,14.8063],[37.9576,14.8028],[37.9584,14.7851],[37.9644,14.7712],[37.9688,14.7664],[37.98,14.7646],[37.9899,14.7573],[37.9928,14.7408],[37.9984,14.7309],[38.0067,14.7244],[38.1152,14.681],[38.1333,14.6778]],[[37.5537,14.1055],[37.565,14.1167],[37.8915,14.8795]],[[38.1903,14.6873],[38.2139,14.6859],[38.2293,14.6797],[38.2396,14.6676],[38.2478,14.6477],[38.2527,14.6202],[38.2576,14.6104],[38.2672,14.6018],[38.2893,14.5877],[38.2957,14.5749],[38.3052,14.5369],[38.3134,14.5193],[38.325,14.5046],[38.3406,14.4927],[38.3943,14.4643],[38.4023,14.4569],[38.4091,14.4353],[38.4144,14.4263],[38.4268,14.4172],[38.4352,14.4163]],[[38.1333,14.6778],[38.1903,14.6873]],[[39.0097,14.6512],[39.0112,14.6478],[39.0469,14.6438],[39.0755,14.6374],[39.0855,14.6335],[39.1073,14.6201],[39.1275,14.6022],[39.1447,14.5816],[39.1585,14.5601],[39.1875,14.4772],[39.2082,14.4402]],[[38.7244,14.4594],[38.7429,14.4611],[38.7619,14.4654],[38.8215,14.4895],[38.8661,14.4937],[38.8846,14.5062],[38.9176,14.5357],[38.9592,14.5546],[38.9797,14.5671],[38.9938,14.5852],[38.9968,14.6036],[38.9953,14.6223],[38.9968,14.6389],[39.0097,14.6512]],[[39.515,14.5678],[39.5323,14.5676],[39.5521,14.5567],[39.5673,14.5443],[39.5877,14.5203],[39.5938,14.5146],[39.5995,14.5116],[39.6509,14.4966],[39.6777,14.4942]],[[39.3476,14.4818],[39.3666,14.4829],[39.4486,14.5051],[39.4894,14.5245],[39.5072,14.5478],[39.515,14.5678]],[[39.7669,14.5048],[39.7969,14.4951],[39.8245,14.4781],[39.8771,14.4336],[39.8923,14.4266],[39.9112,14.4234]],[[39.6777,14.4942],[39.7351,14.5037],[39.7669,14.5048]],[[39.2934,14.4903],[39.3476,14.4818]],[[39.2082,14.4402],[39.2332,14.4404],[39.255,14.4744],[39.2685,14.4864],[39.2934,14.4903]],[[38.6685,14.4677],[38.688,14.4671],[38.7062,14.4612],[38.7244,14.4594]],[[38.493,14.4183],[38.5694,14.4268],[38.6066,14.4365],[38.6685,14.4677]],[[40.1046,14.466],[40.1944,14.4446],[40.2377,14.4274],[40.2771,14.4046],[40.4216,14.2738],[40.4798,14.2444],[40.5859,14.1947],[40.6141,14.1858],[40.7044,14.1732],[40.7723,14.1484],[40.8332,14.106],[41.0436,13.8725],[41.192,13.6159],[41.2222,13.5866],[41.5307,13.3938],[41.7118,13.2479],[41.7508,13.2083],[41.7848,13.1646],[41.8166,13.1128],[41.8943,12.948],[41.9466,12.8762],[42.0246,12.827],[42.0817,12.8039],[42.1373,12.7733],[42.1849,12.733],[42.2502,12.624],[42.3317,12.5155],[42.3795,12.4659]],[[40.0232,14.4512],[40.0375,14.4515],[40.0869,14.4658],[40.1046,14.466]],[[39.9798,14.4587],[40.0232,14.4512]],[[39.9112,14.4234],[39.9307,14.4288],[39.9615,14.4542],[39.9798,14.4587]],[[37.2938,14.4574],[37.3182,14.4371],[37.3371,14.4264],[37.3749,14.373],[37.3902,14.3582],[37.394,14.3501],[37.3955,14.3352],[37.395,14.3124],[37.3977,14.3017],[37.4122,14.2936],[37.4526,14.2606],[37.457,14.2546],[37.4643,14.2358],[37.4694,14.2108],[37.4754,14.1996],[37.4882,14.1949],[37.4985,14.1931],[37.5087,14.1881],[37.5165,14.1806],[37.5195,14.171],[37.5206,14.1454],[37.5253,14.1288],[37.5357,14.1168],[37.5537,14.1055]],[[37.2582,14.4481],[37.28,14.4554],[37.2938,14.4574]],[[37.1842,14.4496],[37.2582,14.4481]],[[37.0524,14.2753],[37.0602,14.2768],[37.0727,14.2853],[37.0835,14.2977],[37.091,14.3142],[37.0938,14.3352],[37.0944,14.3592],[37.0978,14.3795],[37.1059,14.3992],[37.1211,14.4208],[37.1497,14.4419],[37.1842,14.4496]],[[38.4437,14.4187],[38.493,14.4183]],[[38.4352,14.4163],[38.4437,14.4187]],[[36.8164,14.3321],[36.8485,14.3278],[36.9137,14.309],[36.9469,14.3047],[36.9528,14.301],[36.9709,14.2768],[36.9789,14.2711],[36.9954,14.2641],[37.0056,14.2632]],[[36.5457,14.2632],[36.553,14.2828],[36.5657,14.2929],[36.5825,14.2968],[36.6038,14.2973],[36.6176,14.3004],[36.6485,14.3146],[36.6686,14.3178],[36.7137,14.3178],[36.7221,14.3201],[36.7384,14.3298],[36.7481,14.3321],[36.8164,14.3321]],[[37.0343,14.2775],[37.0524,14.2753]],[[37.0056,14.2632],[37.0115,14.2651],[37.0261,14.2768],[37.0343,14.2775]],[[36.5264,14.2635],[36.5457,14.2632]]]},"properties":{"rank":10}},{"type":"Feature","geometry":{"type":"LineString","coordinates":[[27.3529,57.5276],[27.3356,57.5539],[27.3285,57.5706],[27.328,57.5832],[27.3366,57.5917],[27.3625,57.5945],[27.3748,57.5979],[27.3821,57.6027],[27.3849,57.607],[27.387,57.6276],[27.3828,57.6345],[27.377,57.6567],[27.3797,57.6665],[27.3847,57.6744],[27.3914,57.6802],[27.4077,57.689],[27.4904,57.7046],[27.5078,57.7148],[27.5089,57.7275],[27.4978,57.7557],[27.5024,57.7725],[27.5124,57.7813],[27.5262,57.7873],[27.5539,57.7948],[27.5326,57.8051],[27.5246,57.8073],[27.5376,57.8116],[27.7007,57.8248],[27.7635,57.8387],[27.7868,57.8476],[27.7993,57.8611],[27.7908,57.8809],[27.7744,57.8907],[27.6731,57.9128],[27.665,57.9184],[27.6594,57.9325],[27.6632,57.944],[27.6704,57.955],[27.6752,57.9678],[27.6691,57.992],[27.6508,58.0]]},"properties":{"rank":10}},{"type":"Feature","geometry":{"type":"MultiLineString","coordinates":[[[75.2984,32.3324],[75.3269,32.3125],[75.353,32.2844],[75.359,32.2617],[75.3486,32.242],[75.3166,32.2107],[75.3084,32.1939],[75.2947,32.1489]],[[75.2947,32.1489],[75.2633,32.1509]],[[75.2633,32.1509],[75.2499,32.1489],[75.2264,32.1421],[75.1958,32.1286],[75.1731,32.1097],[75.1742,32.0868]],[[75.1103,32.0776],[75.1021,32.0781],[75.0408,32.098]],[[75.0408,32.098],[75.0226,32.0947],[75.0302,32.0664],[75.0202,32.0658]],[[75.1742,32.0868],[75.1613,32.088],[75.1384,32.0935]],[[75.1384,32.0935],[75.1298,32.0902],[75.119,32.081],[75.1103,32.0776]],[[75.0202,32.0658],[74.9956,32.0674]],[[74.9956,32.0674],[74.9862,32.0632],[74.9679,32.0379],[74.9557,32.0322],[74.9314,32.0298]],[[74.9314,32.0298],[74.9088,32.0319]],[[74.9088,32.0319],[74.8891,32.0289],[74.8732,32.0117]],[[74.8732,32.0117],[74.8286,32.0254]],[[74.8286,32.0254],[74.8113,32.0037],[74.8025,31.9689],[74.7837,31.9429],[74.763,31.939]],[[74.763,31.939],[74.6984,31.9502]],[[74.6984,31.9502],[74.67,31.9042],[74.6572,31.8957],[74.6411,31.8906],[74.5656,31.8405],[74.5504,31.827],[74.5408,31.8109],[74.5374,31.7889],[74.537,31.7757],[74.5351,31.7711],[74.523,31.7585],[74.5162,31.7374],[74.5033,31.7306],[74.4894,31.7112],[74.4995,31.6999],[74.5556,31.6122],[74.5845,31.5175],[74.6146,31.4778],[74.6172,31.4589],[74.6119,31.4402],[74.6,31.4241],[74.5837,31.4066],[74.5716,31.3892],[74.5322,31.3032],[74.5253,31.2802],[74.5251,31.2354],[74.5091,31.1957],[74.5064,31.1754],[74.5096,31.1561],[74.5149,31.1418],[74.5235,31.1293],[74.5368,31.1152],[74.5531,31.109]],[[74.5969,31.1158],[74.617,31.1153],[74.632,31.1075],[74.6503,31.0931],[74.6588,31.0838],[74.601,31.0566],[74.5795,31.0427],[74.5643,31.025],[74.5641,31.0044],[74.5488,30.9922],[74.5348,30.9762],[74.5193,30.9625],[74.4995,30.9565],[74.4772,30.9561],[74.4585,30.9534],[74.4416,30.9462],[74.4243,30.9323],[74.4134,30.9151],[74.4091,30.901],[74.4013,30.8931]],[[74.5531,31.109],[74.5969,31.1158]],[[74.4013,30.8931],[74.3797,30.8945],[74.3536,30.9011],[74.3425,30.9019]],[[74.3425,30.9019],[74.3298,30.8996],[74.3192,30.8934],[74.3107,30.8845],[74.304,30.874],[74.3114,30.8559],[74.3002,30.8382],[74.2799,30.8247],[74.2602,30.8194],[74.2567,30.8153],[74.2658,30.7954],[74.2667,30.7884],[74.2592,30.781],[74.2357,30.7641],[74.2151,30.7375],[74.1988,30.725],[74.1912,30.717],[74.1846,30.6968],[74.1701,30.6872],[74.1637,30.6649],[74.1557,30.6596],[74.1327,30.6555],[74.1115,30.6462],[74.0959,30.6371],[74.0822,30.6259],[74.0674,30.6105],[74.0571,30.5916],[74.0615,30.5556],[74.0575,30.5314],[74.0441,30.5187],[74.0044,30.5089],[73.996,30.501],[73.9898,30.4878],[73.9391,30.4261],[73.9293,30.4191],[73.9167,30.4172]],[[73.9167,30.4172],[73.8999,30.4221]],[[73.8999,30.4221],[73.9061,30.3948]],[[73.9061,30.3948],[73.8876,30.3965]],[[73.8876,30.3965],[73.8677,30.3874],[73.8518,30.3727],[73.8423,30.353],[73.8916,30.3298],[73.9119,30.3038],[73.9346,30.261],[73.9489,30.2173],[73.9444,30.1883],[73.7783,30.0673],[73.7397,30.0485],[73.5578,30.0125],[73.3852,29.9423],[73.3703,29.9273],[73.2329,29.5366],[73.0509,29.2282],[72.9887,29.1546],[72.9629,29.1168],[72.9304,29.0477],[72.9182,29.0329],[72.9015,29.0226],[72.3822,28.784],[72.3546,28.7672],[72.2803,28.6872],[72.2565,28.6456],[72.1978,28.4449],[72.1776,28.3971],[72.1499,28.3538],[72.111,28.3176],[71.9882,28.2281],[71.9083,28.1356],[71.8969,28.1155],[71.8916,28.0971],[71.88,27.9749],[71.8744,27.9597],[71.8609,27.9502],[71.5607,27.8685],[71.4771,27.8624]],[[70.8316,27.7015],[70.7618,27.7098],[70.7104,27.7412],[70.6717,27.7911],[70.6407,27.8548],[70.6376,27.8742],[70.6416,27.9113],[70.6332,27.9316],[70.6212,27.9441],[70.5929,27.9645],[70.5598,27.9984],[70.5349,28.016],[70.5068,28.029],[70.4772,28.0373],[70.4562,28.0398]],[[70.4562,28.0398],[70.4369,28.0353],[70.3983,28.0216],[70.3595,28.0163],[70.3419,28.0115],[70.3239,28.0004],[70.2677,27.9453],[70.199,27.901],[70.102,27.8117],[70.0907,27.7936],[70.0169,27.6006],[69.9935,27.5711],[69.9081,27.4973],[69.848,27.4104],[69.7306,27.3103],[69.6661,27.27],[69.5756,27.1884],[69.5344,27.1256],[69.5076,27.0501],[69.4651,26.8078],[69.4728,26.7666],[69.5042,26.7352],[69.6594,26.6777],[69.7002,26.653],[69.7723,26.5951],[69.8156,26.5803]],[[71.4771,27.8624],[71.3978,27.8684]],[[71.3978,27.8684],[71.3114,27.8617],[71.2263,27.8454],[71.1507,27.8224],[70.9138,27.7178],[70.8316,27.7015]],[[70.0561,26.5891],[70.0937,26.5804],[70.1296,26.5625],[70.1581,26.5301],[70.1629,26.4933],[70.157,26.4109],[70.1605,26.3713],[70.1571,26.354],[70.1479,26.3332],[70.1425,26.3137],[70.144,26.2943],[70.1516,26.2541],[70.1469,26.2174],[70.132,26.1805],[70.0783,26.0996],[70.0739,26.0831],[70.0729,26.0475],[70.0643,25.9955],[70.0646,25.9803],[70.0832,25.9299],[70.115,25.8817],[70.1542,25.8394],[70.1956,25.807],[70.214,25.7863],[70.2345,25.731],[70.2492,25.7077],[70.2646,25.6973],[70.3037,25.6846],[70.3601,25.6735]],[[69.8156,26.5803],[70.0561,26.5891]],[[70.5923,25.7088],[70.6323,25.7014],[70.6539,25.6745],[70.6575,25.6336],[70.6466,25.4314],[70.6545,25.3966],[70.6704,25.3756],[70.7105,25.3359],[70.7186,25.3108],[70.7231,25.2873],[70.7349,25.2673],[70.7684,25.2331],[70.8314,25.1833],[70.8486,25.1633],[70.8599,25.1394],[70.8933,25.0019],[70.9152,24.9466],[70.943,24.8941],[71.0032,24.8082],[71.0369,24.7207],[71.0639,24.6826],[71.0433,24.6691],[70.9771,24.6397],[70.9628,24.6158],[70.9548,24.5845],[70.9578,24.556],[70.9771,24.5404],[70.9809,24.5347],[70.9819,24.5285],[70.9771,24.5151],[70.9732,24.4872],[70.9744,24.4722],[70.9771,24.4649],[71.0001,24.4529],[71.0401,24.4468],[71.075,24.4364],[71.0828,24.4115],[71.0731,24.4021],[71.0251,24.3863],[71.0144,24.3752],[71.0071,24.364],[70.9967,24.3566]],[[70.3601,25.6735],[70.4772,25.6763],[70.5167,25.6839],[70.5544,25.6988],[70.5923,25.7088]],[[70.7555,24.2314],[70.6215,24.2412],[70.5847,24.2579],[70.5677,24.2728],[70.5602,24.2873],[70.5554,24.327],[70.5456,24.3622],[70.5465,24.3731],[70.552,24.3794],[70.5692,24.3899],[70.5752,24.4],[70.5629,24.4241],[70.5209,24.4249]],[[70.5209,24.4249],[70.4164,24.4019],[70.3708,24.3724],[70.3532,24.3663],[70.2985,24.3634],[70.2791,24.3551],[70.2426,24.3306],[70.2228,24.3267],[70.2022,24.3256],[70.1446,24.3079],[70.1097,24.3049],[70.0979,24.2988],[70.0872,24.2825],[70.063,24.2203],[70.0521,24.2021],[70.016,24.1741],[69.972,24.1652],[69.7691,24.1626]],[[70.9967,24.3566],[70.9771,24.3572],[70.9553,24.3659],[70.9363,24.3672]],[[70.9363,24.3672],[70.9177,24.3617],[70.8565,24.3238],[70.8409,24.3058],[70.8445,24.2883],[70.8576,24.2717],[70.8515,24.2649],[70.8341,24.2613],[70.8136,24.2545],[70.776,24.2367],[70.7555,24.2314]],[[68.8388,24.2365],[68.8197,24.2503],[68.8138,24.3084],[68.7992,24.3291],[68.7473,24.3312]],[[68.7473,24.3312],[68.7259,24.2892],[68.7245,23.9652]],[[68.9808,24.2554],[68.9626,24.2572],[68.9487,24.2703],[68.9294,24.3024],[68.922,24.3105],[68.9132,24.3173],[68.9042,24.3206]],[[68.9042,24.3206],[68.8903,24.3195],[68.8851,24.3136],[68.8801,24.2974],[68.8489,24.244],[68.8388,24.2365]],[[69.1667,24.2532],[69.1482,24.2567],[69.0919,24.2819],[69.0677,24.2884]],[[69.0677,24.2884],[69.0485,24.2852],[69.0078,24.2646],[68.9808,24.2554]],[[69.7691,24.1626],[69.7146,24.1686],[69.6706,24.1887],[69.5923,24.2646],[69.5631,24.2768],[69.2808,24.2837]],[[69.2808,24.2837],[69.2062,24.2586],[69.1667,24.2532]],[[68.3536,23.9393],[68.3524,23.9565],[68.3489,23.9646],[68.3426,23.9686]],[[68.3426,23.9686],[68.3304,23.9666],[68.3299,23.9582],[68.335,23.941],[68.326,23.9278],[68.3141,23.9159],[68.3004,23.9105]],[[68.7245,23.9652],[68.4316,23.9671]],[[68.4316,23.9671],[68.3855,23.9604],[68.3536,23.9393]],[[68.3004,23.9105],[68.2862,23.9164],[68.28,23.9257],[68.2777,23.9335],[68.274,23.9377]],[[68.274,23.9377],[68.2639,23.9359],[68.2549,23.9291],[68.2527,23.9201],[68.2519,23.9048],[68.2604,23.8955],[68.2568,23.8919],[68.2529,23.8917]],[[68.2529,23.8917],[68.243,23.8934]],[[68.243,23.8934],[68.215,23.8817],[68.2073,23.877],[68.183,23.8422]]]},"properties":{"rank":10}},{"type":"Feature","geometry":{"type":"MultiLineString","coordinates":[[[34.0707,9.4546],[33.9009,9.4553],[33.8948,9.4595],[33.8887,9.4708],[33.8814,9.4992],[33.8777,9.5434],[33.8839,9.6199],[33.9049,9.7107],[33.9691,9.8383],[33.9733,9.8549],[33.9733,9.8618],[33.9673,9.8845],[33.9598,9.9042],[33.9561,9.934],[33.9673,10.0003],[33.9683,10.0208],[33.9668,10.0473],[33.9618,10.064],[33.917,10.1745],[33.9021,10.192],[33.469,10.5439],[33.3898,10.6392],[33.3813,10.6458],[33.3706,10.6509],[33.1507,10.731],[33.14,10.739],[33.1414,10.7508],[33.1482,10.766],[33.1746,10.8123],[33.1821,10.8432],[33.0829,11.5846],[33.0832,11.5992],[33.0914,11.6148],[33.116,11.6469],[33.1324,11.6862],[33.146,11.8187],[33.145,11.9347],[33.203,12.1281],[33.2092,12.2104],[32.7318,12.2162]],[[32.7318,12.2162],[32.7288,12.2119],[32.7301,12.1819],[32.7262,12.1579],[32.7257,12.1323],[32.733,12.086],[32.7456,12.0511],[32.7476,12.0395],[32.7467,12.0027],[32.0822,11.9998],[32.3452,11.7091],[32.3483,11.7032],[32.3549,11.6758],[32.3598,11.5735],[32.3457,11.4116],[32.3488,11.3076],[32.3642,11.24],[32.4354,11.107],[32.4307,11.0822],[32.4141,11.0509],[31.9429,10.6556],[31.9299,10.6369],[31.8642,10.4721],[31.802,10.3762],[31.7742,10.3488],[31.6648,10.2142],[31.2348,9.7923],[31.1644,9.764],[30.9502,9.7525],[30.837,9.7494],[30.8048,9.7389],[30.793,9.728],[30.7791,9.7199]],[[30.7791,9.7199],[30.7653,9.7243],[30.7493,9.7358],[30.4846,9.972],[30.013,10.2705]],[[30.013,10.2705],[29.9678,10.2433],[29.701,10.115],[29.6459,10.0817],[29.6154,10.0581],[29.6139,9.9145],[29.5673,9.8414],[29.4831,9.7617],[29.2524,9.7112],[29.1323,9.6677],[29.0095,9.6032],[28.9895,9.5871]]]},"properties":{"rank":10}},{"type":"Feature","geometry":{"type":"MultiLineString","coordinates":[[[12.453,41.9039],[12.4531,41.9028]],[[12.4531,41.9028],[12.4527,41.903],[12.453,41.9039]]]},"properties":{"rank":10}},{"type":"Feature","geometry":{"type":"MultiLineString","coordinates":[[[28.8438,9.3245],[28.0451,9.3314],[27.9971,9.3849],[27.8951,9.5954]],[[28.9895,9.5871],[28.9138,9.529],[28.8493,9.4659],[28.8287,9.4275],[28.8274,9.3849],[28.8315,9.3492],[28.8438,9.3245]]]},"properties":{"rank":10}},{"type":"Feature","geometry":{"type":"MultiLineString","coordinates":[[[26.6836,9.476],[26.6257,9.4807],[26.6009,9.492],[26.5569,9.5205],[26.1795,9.959],[26.1026,9.9878],[26.0764,10.0177],[26.0108,10.1227],[25.9981,10.1325],[25.9709,10.1403],[25.9557,10.1469],[25.9197,10.1679],[25.9054,10.1813],[25.9009,10.1911],[25.8936,10.3513],[25.8865,10.3643],[25.8431,10.4178],[25.8393,10.4206]],[[25.8393,10.4206],[25.8285,10.4195],[25.7838,10.4079],[25.7628,10.3977],[25.7459,10.3944]],[[25.7459,10.3944],[25.7057,10.396]],[[25.7057,10.396],[25.6614,10.387],[25.6233,10.3859],[25.5803,10.3753],[25.5065,10.3496],[25.4795,10.3438]],[[25.4795,10.3438],[25.4393,10.3452]],[[25.4393,10.3452],[25.4158,10.342],[25.3813,10.3294],[25.3511,10.3268],[25.3274,10.3166],[25.3162,10.3156]],[[25.2847,10.3119],[25.2728,10.313],[25.2515,10.321],[25.2396,10.323]],[[25.2396,10.323],[25.21,10.3161]],[[25.21,10.3161],[25.1983,10.3176]],[[25.1983,10.3176],[25.1925,10.3174],[25.1684,10.3081],[25.1569,10.3062]],[[25.3162,10.3156],[25.3054,10.3171]],[[25.3054,10.3171],[25.2847,10.3119]],[[25.1569,10.3062],[25.1313,10.3083]],[[25.1313,10.3083],[25.1206,10.3061],[25.0841,10.2932],[25.067,10.2749],[25.0171,10.168],[25.0136,10.1491],[25.0174,10.133],[25.0287,10.1039],[25.029,10.092],[25.0169,10.0568],[24.9907,10.0031],[24.985,9.9856],[24.9763,9.9674],[24.9679,9.956],[24.9544,9.9422],[24.9269,9.9052],[24.9139,9.8907],[24.8793,9.8699],[24.8448,9.8417],[24.8276,9.8327],[24.8037,9.8292],[24.7964,9.8189],[24.7927,9.7984],[24.7944,9.5322],[24.7925,9.5204],[24.7852,9.4975],[24.7239,9.4292],[24.695,9.4029],[24.687,9.3914],[24.6802,9.3734],[24.6599,9.177],[24.656,9.1673],[24.5654,9.0149],[24.5593,8.9999],[24.5584,8.8867],[24.5528,8.8801],[24.5429,8.8747],[24.4938,8.8583],[24.4029,8.8489],[24.3801,8.8442],[24.2708,8.7757],[24.2406,8.7615],[24.183,8.7179],[24.177,8.7099],[24.1748,8.6956],[24.1703,8.6893]],[[27.3851,9.6048],[27.3392,9.6128]],[[27.3392,9.6128],[27.0804,9.6068],[26.6943,9.4769],[26.6836,9.476]],[[27.6093,9.5952],[27.5281,9.6054]],[[27.5281,9.6054],[27.3851,9.6048]],[[27.7696,9.5833],[27.6415,9.6019]],[[27.6415,9.6019],[27.6093,9.5952]],[[27.8951,9.5954],[27.8848,9.5914],[27.8684,9.5885],[27.7696,9.5833]]]},"properties":{"rank":10}},{"type":"Feature","geometry":{"type":"MultiLineString","coordinates":[[[-1.289,32.1509],[-1.3052,32.1512],[-1.3096,32.1674],[-1.3057,32.1737],[-1.283,32.1902],[-1.2766,32.2009],[-1.2755,32.2175],[-1.2575,32.3208],[-1.2441,32.3569],[-1.2342,32.3746],[-1.218,32.3926],[-1.2017,32.3999],[-1.1603,32.4049],[-1.1232,32.4179],[-1.09,32.4394],[-1.032,32.4944],[-1.0475,32.517],[-1.327,32.6989],[-1.3905,32.7188],[-1.4233,32.7424],[-1.5588,32.9336],[-1.5164,32.9595],[-1.5089,32.9663],[-1.503,32.9746],[-1.4988,32.984],[-1.4934,33.0162],[-1.4931,33.0395],[-1.4995,33.0602],[-1.5164,33.074],[-1.5455,33.0918],[-1.5714,33.112],[-1.5921,33.1366],[-1.6056,33.168],[-1.6236,33.1966],[-1.6742,33.238],[-1.6834,33.2708],[-1.6832,33.3692],[-1.6728,33.3946],[-1.6591,33.4198],[-1.6404,33.4755],[-1.6254,33.4942],[-1.6127,33.5215],[-1.6173,33.5544],[-1.6624,33.6447],[-1.6733,33.6565],[-1.6907,33.6673],[-1.7254,33.6777],[-1.7407,33.6866],[-1.7468,33.7024],[-1.7422,33.7178],[-1.7108,33.7471],[-1.7032,33.7618],[-1.7025,33.7728],[-1.713,33.802],[-1.7221,33.8512],[-1.7187,33.8981],[-1.6721,34.0592],[-1.6696,34.0792],[-1.6748,34.106],[-1.7461,34.2903],[-1.7713,34.3347],[-1.8096,34.3725],[-1.703,34.4797],[-1.7142,34.4851],[-1.7507,34.4942],[-1.8711,34.5966],[-1.863,34.6136],[-1.8105,34.6807],[-1.7861,34.7258],[-1.7731,34.7341],[-1.7695,34.7413],[-1.7877,34.7567],[-1.8928,34.8117],[-1.9267,34.8381],[-1.9797,34.8653],[-1.9935,34.8789],[-1.9984,34.8927],[-1.9997,34.9063],[-2.0036,34.9182],[-2.0163,34.9262],[-2.0612,34.9297],[-2.0949,34.9477],[-2.126,34.9719],[-2.1633,34.994],[-2.1938,35.0036],[-2.2117,35.0234],[-2.2211,35.05],[-2.2226,35.0893]],[[-1.2103,32.0897],[-1.1906,32.1252],[-1.1956,32.146],[-1.2118,32.1583],[-1.2327,32.1637]],[[-1.2327,32.1637],[-1.2518,32.1635],[-1.289,32.1509]]]},"properties":{"rank":10}},{"type":"Feature","geometry":{"type":"LineString","coordinates":[[78.9177,33.3863],[78.965,33.3443],[78.9934,33.3308],[79.023,33.318],[79.0533,33.3079],[79.075,33.2957],[79.098,33.2877],[79.125,33.2902]]},"properties":{"rank":10}},{"type":"Feature","geometry":{"type":"MultiLineString","coordinates":[[[78.9434,32.3464],[78.9113,32.3547],[78.8815,32.3763],[78.8557,32.4005],[78.7714,32.4617],[78.7547,32.4938],[78.7369,32.5458],[78.735,32.5606],[78.7407,32.5787],[78.7491,32.5959],[78.751,32.6128],[78.7368,32.6298],[78.7133,32.6375]],[[78.7133,32.6375],[78.6945,32.6297],[78.6649,32.599],[78.6477,32.586],[78.6302,32.578],[78.5899,32.5699],[78.4475,32.5663],[78.4082,32.5584],[78.3848,32.5475],[78.381,32.528],[78.4092,32.4766],[78.4488,32.4268],[78.4522,32.4168],[78.4482,32.4107],[78.4414,32.4049],[78.4364,32.3962],[78.4345,32.3838],[78.4389,32.3733],[78.4627,32.2818],[78.4614,32.2602],[78.4563,32.2421],[78.458,32.2297],[78.469,32.2265]],[[79.2152,32.5079],[79.1912,32.5043],[79.1614,32.4965],[79.1329,32.4855],[79.1129,32.4724],[79.1029,32.4499],[79.0917,32.3906],[79.0753,32.3708],[79.0663,32.3701]],[[79.0663,32.3701],[79.0282,32.3771]],[[79.0282,32.3771],[79.0147,32.374],[78.9898,32.3641],[78.9762,32.3616],[78.9434,32.3464]]]},"properties":{"rank":10}},{"type":"Feature","geometry":{"type":"MultiLineString","coordinates":[[[78.7142,31.883],[78.7066,31.8408],[78.7003,31.8217],[78.6741,31.7869],[78.6709,31.7705],[78.6956,31.7467],[78.6952,31.738],[78.6926,31.7284],[78.6932,31.7185],[78.6981,31.711],[78.7105,31.6982],[78.7184,31.6806],[78.724,31.6733],[78.7313,31.668],[78.7398,31.666]],[[78.7581,31.6666],[78.7953,31.6338],[78.8189,31.6074],[78.814,31.595],[78.797,31.5788],[78.6995,31.51],[78.6954,31.4881],[78.733,31.4677],[78.7626,31.4451],[78.7601,31.412],[78.7455,31.3735],[78.7385,31.335],[78.7409,31.3177],[78.7451,31.3081],[78.7532,31.302],[78.7845,31.2883],[78.796,31.2881]],[[78.7398,31.666],[78.7581,31.6666]],[[78.822,31.2937],[78.8487,31.2909]],[[78.796,31.2881],[78.822,31.2937]]]},"properties":{"rank":10}},{"type":"Feature","geometry":{"type":"MultiLineString","coordinates":[[[79.3884,31.0695],[79.395,31.0367],[79.4016,31.0236],[79.4144,31.0204]],[[79.4463,31.0238],[79.4616,31.0211],[79.4764,31.014],[79.4843,31.0054],[79.4882,30.9945],[79.4976,30.9812],[79.5127,30.9662],[79.5296,30.9536],[79.5442,30.9474],[79.5778,30.9384]],[[79.4144,31.0204],[79.4307,31.0232],[79.4463,31.0238]],[[79.739,30.9792],[79.7606,30.9772],[79.8335,30.9615],[79.8504,30.9545],[79.8629,30.9415],[79.8804,30.9128],[79.9032,30.8902],[79.9146,30.8838]],[[79.5778,30.9384],[79.5895,30.9402],[79.6303,30.9625],[79.6482,30.9658],[79.6885,30.9674],[79.739,30.9792]]]},"properties":{"rank":10}},{"type":"Feature","geometry":{"type":"LineString","coordinates":[[79.125,33.2902],[79.1502,33.2926],[79.2601,33.2918],[79.3403,33.2751],[79.4201,33.2752],[79.4561,33.2504],[79.4235,33.1578],[79.3732,33.1121],[79.3811,33.0618],[79.3993,33.0269],[79.3398,33.0133],[79.3336,32.9943],[79.3785,32.9789],[79.4141,32.9721],[79.4711,32.909],[79.5641,32.7939],[79.6139,32.765],[79.6207,32.7287],[79.5762,32.6706],[79.5312,32.6483],[79.5157,32.6081],[79.4721,32.5655],[79.4435,32.5348],[79.4068,32.5297],[79.3795,32.5764],[79.3205,32.5923],[79.2874,32.5326],[79.2356,32.5043],[79.2152,32.5079]]},"properties":{"rank":10}},{"type":"Feature","geometry":{"type":"LineString","coordinates":[[78.469,32.2265],[78.4765,32.2244],[78.5131,32.2076],[78.535,32.1813],[78.5518,32.1504],[78.6493,32.0364],[78.6783,32.0168],[78.7222,31.9946],[78.7338,31.9847],[78.7446,31.9642],[78.742,31.9453],[78.7202,31.9029],[78.7142,31.883]]},"properties":{"rank":10}},{"type":"Feature","geometry":{"type":"LineString","coordinates":[[78.8487,31.2909],[78.862,31.2915],[78.887,31.2842],[78.921,31.2697],[78.9403,31.3016],[78.9596,31.3251],[78.9888,31.3433],[79.0155,31.3834],[79.0499,31.423],[79.0702,31.4614],[79.078,31.4617],[79.1314,31.4384],[79.1792,31.3938],[79.1924,31.3698],[79.2076,31.3514],[79.2383,31.3297],[79.2392,31.3117],[79.2541,31.299],[79.262,31.2785],[79.2484,31.2567],[79.2529,31.2454],[79.2783,31.24],[79.2883,31.2255],[79.2981,31.2032],[79.3032,31.1831],[79.3022,31.1635],[79.3194,31.1423],[79.367,31.1116],[79.3723,31.0941],[79.3884,31.0695]]},"properties":{"rank":10}},{"type":"Feature","geometry":{"type":"LineString","coordinates":[[79.9146,30.8838],[79.9349,30.8725],[80.0,30.8493]]},"properties":{"rank":10}},{"type":"Feature","geometry":{"type":"LineString","coordinates":[[34.0123,35.0638],[34.0089,35.0597],[33.9629,35.0683],[33.9411,35.0597],[33.9129,35.0659],[33.9065,35.0691]]},"properties":{"rank":10}},{"type":"Feature","geometry":{"type":"MultiLineString","coordinates":[[[33.4768,35.0027],[33.4666,35.0051],[33.4658,35.0144],[33.4768,35.0574],[33.4768,35.0948],[33.4277,35.1681],[33.4214,35.1939],[33.4135,35.1994]],[[33.4135,35.1994],[33.4003,35.1977],[33.3885,35.1884],[33.3808,35.1783],[33.3745,35.1743],[33.3448,35.1666],[33.3262,35.1666],[33.3153,35.1619]],[[33.3153,35.1619],[33.2996,35.1627],[33.2708,35.169],[33.2402,35.1713],[33.224,35.1791],[33.1903,35.1899]],[[33.1903,35.1899],[33.1575,35.1853],[33.1419,35.1806],[33.1201,35.1603],[33.1091,35.1588]],[[32.8549,35.0792],[32.8392,35.0799],[32.8299,35.1002],[32.8143,35.1166],[32.7948,35.1268],[32.744,35.1378],[32.7315,35.1432],[32.7206,35.1534],[32.7127,35.1634],[32.7106,35.1753],[32.7114,35.1816]],[[33.1091,35.1588],[33.0958,35.1697]],[[33.0958,35.1697],[33.0787,35.1651],[33.0561,35.1557],[33.0311,35.1494],[32.9891,35.1314],[32.9695,35.1128],[32.9469,35.1026],[32.9227,35.0987]],[[32.9227,35.0987],[32.8884,35.1026]],[[32.8884,35.1026],[32.8704,35.098],[32.8549,35.0792]],[[33.5915,35.0339],[33.579,35.0355],[33.5664,35.0433],[33.5618,35.0582],[33.5555,35.0667],[33.5469,35.0731]],[[33.5469,35.0731],[33.5407,35.0731],[33.5368,35.0667],[33.5352,35.0566],[33.529,35.0558]],[[33.529,35.0558],[33.5072,35.0613]],[[33.5072,35.0613],[33.5002,35.0613],[33.4939,35.0566],[33.4862,35.0385],[33.4814,35.0316],[33.4783,35.0191],[33.4768,35.0027]],[[33.6375,35.0308],[33.6141,35.0464]],[[33.6141,35.0464],[33.6023,35.0417],[33.5915,35.0339]],[[33.6794,35.0339],[33.671,35.0308]],[[33.671,35.0308],[33.6561,35.0324]],[[33.6561,35.0324],[33.6522,35.0308],[33.6375,35.0308]]]},"properties":{"rank":10}},{"type":"Feature","geometry":{"type":"MultiLineString","coordinates":[[[32.6407,35.1871],[32.6348,35.1728],[32.6262,35.1651],[32.6152,35.1634]],[[32.6152,35.1634],[32.6027,35.1743],[32.6019,35.1786]]]},"properties":{"rank":10}},{"type":"Feature","geometry":{"type":"MultiLineString","coordinates":[[[33.8894,35.119],[33.8918,35.1105],[33.8988,35.1088],[33.9059,35.0964],[33.9059,35.0909]],[[33.8427,35.0566],[33.8536,35.0582],[33.8669,35.0667],[33.8716,35.0731],[33.8769,35.0768],[33.8716,35.0855],[33.8716,35.1002],[33.8762,35.119],[33.8894,35.119]],[[33.9136,35.0909],[33.9215,35.0807],[33.9144,35.0731],[33.9065,35.0691]],[[33.9059,35.0909],[33.9136,35.0909]],[[33.824,35.0667],[33.8349,35.0636],[33.8427,35.0566]],[[33.7865,35.0385],[33.7944,35.0402],[33.7983,35.0526],[33.824,35.0667]],[[33.7147,35.0667],[33.7194,35.0628],[33.7076,35.0293]],[[33.6794,35.0339],[33.6756,35.037],[33.6741,35.0464],[33.6789,35.0558],[33.6945,35.0582],[33.7053,35.0667],[33.7147,35.0667]],[[33.7397,35.0472],[33.7661,35.0316]],[[33.7076,35.0293],[33.7185,35.0324],[33.7397,35.0472]],[[33.7755,35.0402],[33.7865,35.0385]],[[33.7661,35.0316],[33.7755,35.0402]]]},"properties":{"rank":10}},{"type":"Feature","geometry":{"type":"MultiLineString","coordinates":[[[33.7115,34.9856],[33.7154,34.9973],[33.6997,35.0027],[33.6966,35.009],[33.7053,35.0152],[33.7022,35.0223],[33.685,35.0293],[33.6794,35.0339]],[[33.7029,34.9879],[33.7115,34.9856]]]},"properties":{"rank":10}},{"type":"Feature","geometry":{"type":"LineString","coordinates":[[33.6794,35.0339],[33.6794,35.0339]]},"properties":{"rank":10}},{"type":"Feature","geometry":{"type":"LineString","coordinates":[[33.7015,34.9729],[33.7029,34.9879]]},"properties":{"rank":10}},{"type":"Feature","geometry":{"type":"LineString","coordinates":[[33.9065,35.0691],[33.8981,35.0613]]},"properties":{"rank":10}},{"type":"Feature","geometry":{"type":"LineString","coordinates":[[33.9065,35.0691],[33.9065,35.0691]]},"properties":{"rank":10}},{"type":"Feature","geometry":{"type":"MultiLineString","coordinates":[[[33.8981,35.0613],[33.8801,35.0731]],[[33.8801,35.0731],[33.8676,35.0605],[33.8551,35.0534],[33.8412,35.0511]],[[33.8412,35.0511],[33.8271,35.0613]],[[33.8271,35.0613],[33.8138,35.0558],[33.8044,35.0495],[33.799,35.0385],[33.8224,35.0301],[33.8302,35.023],[33.8294,35.0012],[33.8403,34.9934],[33.859,34.9918],[33.859,34.9747],[33.8505,34.973],[33.8381,34.9637],[33.8458,34.9597]],[[33.8644,34.963],[33.8918,34.9581]],[[33.8458,34.9597],[33.8644,34.963]]]},"properties":{"rank":10}},{"type":"Feature","geometry":{"type":"MultiLineString","coordinates":[[[74.8243,36.9941],[74.7926,37.0152],[74.7192,37.0164],[74.6922,37.0359],[74.678,37.0517],[74.6624,37.0545]],[[74.6624,37.0545],[74.6261,37.0428],[74.5618,37.0297],[74.5424,37.0217]],[[75.4926,36.7207],[75.4319,36.7229],[75.4105,36.7473],[75.4034,36.7848],[75.4014,36.8259],[75.3945,36.8643],[75.378,36.8943],[75.3513,36.9158],[75.3135,36.9288],[75.1951,36.9489],[75.1612,36.9642],[75.1328,36.9847],[75.1185,36.9912],[75.1001,36.9941]],[[75.1001,36.9941],[75.0145,36.9845],[74.9768,36.9843],[74.9423,36.977],[74.925,36.9709],[74.9105,36.9626],[74.9008,36.9499],[74.892,36.921],[74.8858,36.9114],[74.8724,36.9071]],[[74.8724,36.9071],[74.8668,36.9166],[74.8609,36.9469],[74.8532,36.959],[74.8245,36.9941]],[[74.8245,36.9941],[74.8243,36.9941]],[[75.9768,36.4618],[75.8748,36.6195],[75.8498,36.6447],[75.7905,36.6878],[75.7287,36.7232],[75.6498,36.754],[75.5705,36.7667]],[[75.5705,36.7667],[75.508,36.7476],[75.5019,36.738],[75.4989,36.7276],[75.4926,36.7207]]]},"properties":{"rank":10}},{"type":"Feature","geometry":{"type":"LineString","coordinates":[[14.2008,53.8782],[14.1928,53.8938],[14.1753,53.9065],[14.1931,53.9115],[14.2101,53.9385]]},"properties":{"rank":10}},{"type":"Feature","geometry":{"type":"LineString","coordinates":[[20.9246,55.2827],[20.9894,55.2731]]},"properties":{"rank":10}},{"type":"Feature","geometry":{"type":"LineString","coordinates":[[-3.1153,5.1078],[-3.1196,5.0913]]},"properties":{"rank":10}},{"type":"Feature","geometry":{"type":"LineString","coordinates":[[77.049,35.1104],[76.7774,35.6461]]},"properties":{"rank":10}},{"type":"Feature","geometry":{"type":"LineString","coordinates":[[77.049,35.1104],[77.8003,35.4954]]},"properties":{"rank":10}},{"type":"Feature","geometry":{"type":"MultiLineString","coordinates":[[[63.3839,46.3908],[63.4435,46.3887],[63.5015,46.3824],[63.5574,46.3723],[63.6109,46.3584],[63.6619,46.341],[63.7099,46.3204],[63.7549,46.2967],[63.7963,46.27],[63.834,46.2407],[63.8676,46.209],[63.8967,46.175],[63.9213,46.1389],[63.9409,46.101],[63.9553,46.0614],[63.9641,46.0205],[63.9671,45.9783],[63.9641,45.9362],[63.9553,45.8952],[63.9409,45.8557],[63.9213,45.8178],[63.8967,45.7817],[63.8676,45.7477],[63.834,45.7159],[63.7963,45.6866],[63.7549,45.66],[63.7099,45.6363],[63.6619,45.6156],[63.6109,45.5983],[63.5574,45.5844],[63.5015,45.5742],[63.4435,45.568],[63.3839,45.5658]],[[63.3839,45.5658],[63.3243,45.568],[63.2663,45.5742],[63.2105,45.5844],[63.1569,45.5983],[63.1059,45.6156],[63.0578,45.6363],[63.0129,45.66],[62.9715,45.6866],[62.9339,45.7159],[62.9003,45.7477],[62.871,45.7817],[62.8465,45.8178],[62.8269,45.8557],[62.8125,45.8952],[62.8036,45.9362],[62.8006,45.9783],[62.8036,46.0205],[62.8125,46.0614],[62.8269,46.101],[62.8465,46.1389],[62.871,46.175],[62.9003,46.209],[62.9339,46.2407],[62.9715,46.27],[63.0129,46.2967],[63.0578,46.3204],[63.1059,46.341],[63.1569,46.3584],[63.2105,46.3723],[63.2663,46.3824],[63.3243,46.3887],[63.3839,46.3908]]]},"properties":{"rank":10}},{"type":"Feature","geometry":{"type":"LineString","coordinates":[[35.8701,33.4312],[35.8731,33.4163],[35.87,33.4069],[35.8615,33.3991],[35.845,33.389],[35.8349,33.3781],[35.8302,33.3648],[35.8302,33.3515],[35.8434,33.3219],[35.8458,33.3133],[35.845,33.3039],[35.8404,33.2954],[35.8193,33.2844],[35.8202,33.2806],[35.8458,33.279],[35.8513,33.2758],[35.8537,33.2727],[35.8615,33.2376],[35.8662,33.226],[35.8856,33.204],[35.8888,33.1986],[35.8888,33.1946],[35.8825,33.1892],[35.8825,33.1846],[35.8849,33.1791],[35.8903,33.1768],[35.8965,33.1806],[35.9004,33.1798],[35.906,33.1768],[35.9075,33.1713],[35.9113,33.1658],[35.9106,33.1354],[35.8949,33.1283],[35.8919,33.1244],[35.8973,33.1166],[35.9027,33.1166],[35.9027,33.1096],[35.8684,33.1073],[35.8646,33.0815],[35.8771,32.9926],[35.8981,32.9855],[35.9238,32.9677],[35.9122,32.9473],[35.8903,32.9286],[35.8607,32.8802],[35.8466,32.8365],[35.8482,32.8303],[35.8427,32.8217],[35.8154,32.7865],[35.7911,32.7741],[35.7697,32.7481]]},"properties":{"rank":10}},{"type":"Feature","geometry":{"type":"MultiLineString","coordinates":[[[32.6915,35.1837],[32.698,35.1572],[32.7041,35.1439],[32.7127,35.1338],[32.7283,35.1268],[32.7549,35.1198],[32.7956,35.1026],[32.8065,35.0948],[32.8103,35.0799],[32.8103,35.0707],[32.8159,35.0628],[32.826,35.0589]],[[33.1895,35.1627],[33.2161,35.1541],[33.2285,35.1534],[33.2387,35.1494],[33.2621,35.1261],[33.2786,35.1182],[33.3012,35.1136]],[[33.0982,35.1307],[33.1231,35.1307],[33.1435,35.1401],[33.1497,35.1487],[33.1739,35.1627],[33.1895,35.1627]],[[33.4159,35.1603],[33.4214,35.1572],[33.4214,35.1447],[33.4245,35.1299],[33.4573,35.1011],[33.4588,35.0948],[33.4604,35.0776],[33.4588,35.0417],[33.4463,35.0012],[33.4494,34.9879],[33.4588,34.9778]],[[33.373,35.1557],[33.4159,35.1603]],[[33.3566,35.1572],[33.373,35.1557]],[[33.3012,35.1136],[33.3091,35.1159],[33.3137,35.1213],[33.3153,35.1291],[33.3277,35.1369],[33.348,35.1549],[33.3566,35.1572]],[[33.0467,35.1378],[33.0982,35.1307]],[[32.9219,35.0723],[32.9352,35.0723],[32.9484,35.0792],[32.9851,35.1088],[33.0031,35.1159],[33.0264,35.1276],[33.0373,35.1361],[33.0467,35.1378]],[[32.8908,35.0917],[32.9002,35.0878],[32.9064,35.0807],[32.9219,35.0723]],[[32.826,35.0589],[32.8346,35.0589],[32.861,35.0651],[32.8735,35.0723],[32.8829,35.0878],[32.8908,35.0917]],[[33.5196,35.0441],[33.5274,35.037],[33.5274,35.0129],[33.5336,34.9996],[33.546,34.995]],[[33.4588,34.9778],[33.4698,34.9778],[33.4862,34.9816],[33.4931,34.9973],[33.497,35.0261],[33.5196,35.0441]],[[33.5806,35.0199],[33.5915,35.0184],[33.603,35.0121]],[[33.546,34.995],[33.5641,35.0012],[33.5719,35.0144],[33.5806,35.0199]],[[33.6195,35.0168],[33.6616,35.0003],[33.685,34.9973],[33.7029,34.9879]],[[33.603,35.0121],[33.6195,35.0168]]]},"properties":{"rank":10}},{"type":"Feature","geometry":{"type":"MultiLineString","coordinates":[[[32.6222,35.1518],[32.634,35.1541],[32.6465,35.1611],[32.6598,35.1871]],[[32.5848,35.1725],[32.5926,35.1611],[32.6075,35.1541],[32.6222,35.1518]]]},"properties":{"rank":10}},{"type":"Feature","geometry":{"type":"MultiLineString","coordinates":[[[33.8981,35.0613],[33.9308,35.0511]],[[33.9801,35.0574],[33.9895,35.0519],[34.002,35.0472]],[[33.9308,35.0511],[33.9449,35.0511],[33.9621,35.0574],[33.9801,35.0574]],[[34.002,35.0472],[34.0119,35.0488],[34.0175,35.0519],[34.022,35.057]]]},"properties":{"rank":10}},{"type":"Feature","geometry":{"type":"MultiLineString","coordinates":[[[77.8003,35.4954],[77.7736,35.499]],[[77.7736,35.499],[77.7603,35.4981],[77.7474,35.4943],[77.7167,35.4754],[77.6897,35.4627],[77.6606,35.4581]],[[77.6606,35.4581],[77.5196,35.4774]]]},"properties":{"rank":10}},{"type":"Feature","geometry":{"type":"MultiLineString","coordinates":[[[76.9764,35.5787],[76.9358,35.5796],[76.915,35.5832],[76.8964,35.5896],[76.8805,35.6007],[76.8569,35.6286],[76.843,35.6413],[76.8246,35.6478]],[[76.8246,35.6478],[76.7828,35.6457]],[[76.7828,35.6457],[76.7774,35.6461]],[[77.1775,35.5232],[77.1413,35.5254],[77.1053,35.538],[77.0923,35.5478],[77.0711,35.571],[77.0582,35.5801],[77.039,35.585]],[[77.039,35.585],[77.0176,35.5846],[76.9764,35.5787]],[[77.4128,35.4694],[77.3837,35.472],[77.352,35.4861],[77.3054,35.5178],[77.2811,35.528],[77.2508,35.5307]],[[77.2508,35.5307],[77.1775,35.5232]],[[77.5196,35.4774],[77.5122,35.4785]],[[77.5122,35.4785],[77.4764,35.4772],[77.4128,35.4694]]]},"properties":{"rank":10}},{"type":"Feature","geometry":{"type":"MultiLineString","coordinates":[[[32.8323,34.7009],[32.8408,34.6995]],[[32.7986,34.671],[32.806,34.6858],[32.8193,34.6876],[32.8323,34.7009]],[[32.8597,34.7006],[32.8604,34.6876],[32.8656,34.6787],[32.8845,34.6666],[32.9137,34.6603]],[[32.8408,34.6995],[32.8597,34.7006]],[[32.7668,34.6761],[32.7786,34.6732],[32.7986,34.671]],[[32.7607,34.6532],[32.7601,34.6691],[32.7668,34.6761]],[[32.9137,34.6603],[32.9172,34.6671]]]},"properties":{"rank":10}},{"type":"Feature","geometry":{"type":"MultiLineString","coordinates":[[[32.9547,34.6773],[32.9875,34.6734],[32.9898,34.6461],[32.9703,34.6461]],[[32.9361,34.6577],[32.9423,34.6671],[32.9547,34.6773]],[[32.9172,34.6671],[32.9298,34.6625],[32.9361,34.6577]],[[32.9703,34.6461],[32.9656,34.6516]],[[32.9656,34.6516],[32.954,34.643],[32.9556,34.6289],[32.9625,34.625]],[[32.9625,34.625],[32.9695,34.632],[32.9907,34.6344],[33.0156,34.6344]]]},"properties":{"rank":10}},{"type":"Feature","geometry":{"type":"MultiLineString","coordinates":[[[-8.7526,27.6614],[-8.817,27.6615]],[[-8.6824,27.6614],[-8.7526,27.6614]]]},"properties":{"rank":10}},{"type":"Feature","geometry":{"type":"MultiLineString","coordinates":[[[56.2738,25.2813],[56.2883,25.2719],[56.283,25.2555],[56.263,25.2492]],[[56.263,25.2492],[56.2596,25.276],[56.2651,25.2812],[56.2738,25.2813]]]},"properties":{"rank":10}},{"type":"Feature","geometry":{"type":"MultiLineString","coordinates":[[[74.6718,32.8406],[74.6853,32.8312],[74.6891,32.8088],[74.6823,32.7873],[74.657,32.7453],[74.6497,32.7231],[74.6502,32.7012],[74.6573,32.6606],[74.656,32.6407],[74.648,32.6236],[74.6369,32.6063],[74.6296,32.5881],[74.6326,32.5682],[74.6626,32.4984],[74.6893,32.4714],[74.725,32.4608]],[[74.521,32.7453],[74.5738,32.7525],[74.5934,32.7579],[74.6141,32.7704],[74.622,32.7854],[74.6263,32.8027],[74.6359,32.8221],[74.6536,32.8374],[74.6718,32.8406]],[[74.3065,32.8099],[74.3163,32.7911],[74.3293,32.7764],[74.3462,32.7669],[74.3677,32.7635]],[[74.4387,32.786],[74.4553,32.7786],[74.4845,32.7535],[74.5009,32.746],[74.521,32.7453]],[[74.3677,32.7635],[74.3864,32.7678],[74.419,32.7846],[74.4387,32.786]],[[74.8381,32.4749],[74.907,32.4452]],[[74.725,32.4608],[74.7635,32.4627],[74.7994,32.4727],[74.8381,32.4749]],[[75.0237,32.4663],[75.0549,32.4555],[75.0922,32.4293],[75.126,32.4117],[75.1962,32.3973],[75.2302,32.3802],[75.2984,32.3324]],[[74.907,32.4452],[74.9484,32.4488],[74.9907,32.4634],[75.0237,32.4663]]]},"properties":{"rank":10}},{"type":"Feature","geometry":{"type":"LineString","coordinates":[[33.6285,46.1249],[33.6604,46.1482],[33.6715,46.173],[33.6616,46.2102],[33.6703,46.2181],[33.7157,46.1957],[33.7552,46.1934],[33.8019,46.2027],[33.8462,46.1957],[33.8929,46.177],[33.9442,46.1537],[33.9909,46.1304],[34.0259,46.1164],[34.1052,46.0954],[34.1612,46.0907],[34.2009,46.1],[34.2359,46.0977],[34.2733,46.0837],[34.3013,46.0697],[34.3339,46.0697],[34.3619,46.0557],[34.3923,46.009],[34.4109,45.988],[34.4343,45.9717],[34.4646,45.9553],[34.5043,45.9507],[34.53,45.981],[34.5696,45.9763],[34.642,45.981],[34.6886,45.974],[34.7353,45.953],[34.7633,45.932],[34.7843,45.8993],[34.7843,45.8293],[34.789,45.8037],[34.81,45.785],[34.8707,45.7733],[34.9173,45.7477],[34.9523,45.722],[34.9757,45.7173],[35.0019,45.729]]},"properties":{"rank":10}},{"type":"Feature","geometry":{"type":"LineString","coordinates":[[35.7812,4.6199],[35.9208,4.6193]]},"properties":{"rank":10}},{"type":"Feature","geometry":{"type":"LineString","coordinates":[[34.3812,4.6202],[34.6663,4.765],[35.2457,4.9817],[35.2634,4.9485],[35.4116,5.0304],[35.4337,5.0038],[35.3961,4.9264],[35.4956,4.9264],[35.5708,4.9043],[35.5222,4.7805],[35.6102,4.6208]]},"properties":{"rank":10}},{"type":"Feature","geometry":{"type":"LineString","coordinates":[[35.7162,33.3267],[35.6985,33.3227],[35.6605,33.2893],[35.6521,33.2767],[35.6311,33.2746]]},"properties":{"rank":10}},{"type":"Feature","geometry":{"type":"LineString","coordinates":[[35.6311,33.2746],[35.6201,33.2695],[35.6181,33.2561],[35.6046,33.2444],[35.6039,33.2401]]},"properties":{"rank":10}},{"type":"Feature","geometry":{"type":"LineString","coordinates":[[35.6102,4.6208],[35.7004,4.5891],[35.7058,4.6193]]},"properties":{"rank":10}},{"type":"Feature","geometry":{"type":"LineString","coordinates":[[35.7058,4.6193],[35.7115,4.6616],[35.7394,4.6811]]},"properties":{"rank":10}},{"type":"Feature","geometry":{"type":"LineString","coordinates":[[36.6269,44.867],[36.6062,44.9861],[36.5477,45.1175],[36.5166,45.1592],[36.5047,45.1985],[36.534,45.2072],[36.5665,45.2115],[36.6206,45.2253],[36.6448,45.2608],[36.5973,45.2801],[36.5875,45.29],[36.5751,45.3094],[36.593,45.3193],[36.6152,45.3184],[36.6367,45.3302],[36.666,45.3672],[36.6856,45.4005],[36.6915,45.4337],[36.6896,45.5773],[36.6905,45.6644]]},"properties":{"rank":10}},{"type":"Feature","geometry":{"type":"LineString","coordinates":[[33.1587,21.9954],[34.0761,21.9955]]},"properties":{"rank":10}},{"type":"Feature","geometry":{"type":"LineString","coordinates":[[34.0761,21.9955],[36.8836,21.9957]]},"properties":{"rank":10}},{"type":"Feature","geometry":{"type":"MultiLineString","coordinates":[[[24.9812,21.9954],[30.9181,21.9945]],[[30.9181,21.9945],[31.2484,21.9944],[31.2616,22.0018],[31.3595,22.1881],[31.3853,22.2145],[31.4041,22.2238],[31.4233,22.227],[31.4425,22.2242],[31.4609,22.2155],[31.4829,22.1954],[31.4918,22.1732],[31.4906,22.1482],[31.4355,21.9954]]]},"properties":{"rank":10}},{"type":"Feature","geometry":{"type":"LineString","coordinates":[[13.6428,45.4594],[13.6241,45.4627],[13.5895,45.4888]]},"properties":{"rank":10}},{"type":"Feature","geometry":{"type":"MultiLineString","coordinates":[[[16.5153,46.5017],[16.4911,46.5151],[16.4813,46.519],[16.4708,46.5203],[16.4491,46.5184],[16.4404,46.519],[16.432,46.5232],[16.4152,46.5356],[16.4063,46.5395],[16.3695,46.5406],[16.3579,46.547],[16.3517,46.5395],[16.3441,46.547],[16.33,46.5355],[16.3107,46.531],[16.2954,46.5244],[16.2639,46.5159],[16.2349,46.4933],[16.2337,46.4787],[16.2375,46.4651],[16.2494,46.4375],[16.2501,46.4294],[16.2482,46.4133],[16.2509,46.405],[16.257,46.3999],[16.2741,46.3921],[16.2787,46.3874],[16.2803,46.3762],[16.2756,46.3732],[16.2528,46.3734],[16.2171,46.3674],[16.2087,46.3671],[16.1918,46.3698],[16.1775,46.3756],[16.1536,46.3914],[16.1439,46.3947],[16.1316,46.3931],[16.1155,46.3793],[16.106,46.3737],[16.0943,46.3723],[16.058,46.3775],[16.0574,46.3597],[16.0597,46.3453],[16.0596,46.3323],[16.0524,46.3186],[16.0389,46.3084],[16.0192,46.2988],[15.9984,46.2915],[15.9487,46.2842],[15.8837,46.2594],[15.8342,46.2584],[15.8183,46.2555],[15.8031,46.2505],[15.7891,46.2431],[15.7689,46.2194],[15.7498,46.2108],[15.6613,46.2153],[15.6398,46.2077],[15.6228,46.1917],[15.6043,46.167],[15.59,46.1387],[15.5899,46.1135],[15.6038,46.091],[15.6315,46.0706],[15.6437,46.0655],[15.6717,46.0574],[15.6839,46.0511],[15.698,46.0362],[15.6936,46.0258],[15.682,46.0135],[15.6742,45.9932],[15.6771,45.9418],[15.6756,45.9252],[15.6634,45.9008],[15.6594,45.8888],[15.6637,45.8761],[15.6755,45.856],[15.6761,45.8417],[15.6661,45.8317],[15.6456,45.8241],[15.6261,45.8202],[15.5873,45.8192],[15.5235,45.8268],[15.5139,45.8234],[15.4953,45.8127],[15.4854,45.8102],[15.4513,45.8151],[15.4403,45.8115],[15.4356,45.8021],[15.4395,45.7917],[15.4411,45.7822],[15.4291,45.7753],[15.3038,45.7461],[15.2635,45.7304],[15.255,45.7235],[15.2489,45.7118],[15.2509,45.7077],[15.2582,45.7051],[15.2678,45.6985],[15.283,45.6801],[15.2919,45.6756],[15.3049,45.6721],[15.3091,45.6742],[15.3104,45.6782],[15.315,45.6809],[15.3308,45.6846],[15.352,45.6681],[15.3683,45.649],[15.3738,45.6402],[15.3531,45.6403],[15.3267,45.6323],[15.2974,45.6257],[15.2916,45.6183],[15.2879,45.6103],[15.2811,45.6062],[15.2686,45.6017],[15.2696,45.5934],[15.2826,45.5706],[15.2886,45.5446],[15.2967,45.523],[15.311,45.5059],[15.3614,45.482],[15.3518,45.4761],[15.3339,45.4585],[15.3252,45.4528],[15.314,45.4505],[15.2816,45.451],[15.1842,45.4256]],[[15.1842,45.4256],[15.1393,45.43],[15.0562,45.4799],[15.0074,45.4808],[14.9975,45.4872],[14.9863,45.4909],[14.9626,45.4931],[14.9454,45.5045],[14.9226,45.5149],[14.9044,45.5144],[14.9008,45.4931],[14.8816,45.4698],[14.8388,45.459],[14.7972,45.4652],[14.7812,45.4933],[14.6883,45.522],[14.6685,45.534],[14.6682,45.5391],[14.6717,45.5568],[14.6698,45.5646],[14.664,45.57],[14.6503,45.5748],[14.616,45.5941],[14.6031,45.6036],[14.5939,45.6162],[14.5929,45.6297],[14.5941,45.648],[14.5919,45.6634],[14.5809,45.6678],[14.5639,45.6627],[14.5561,45.6567],[14.5436,45.6364],[14.5331,45.6257],[14.5079,45.6058],[14.4986,45.5962],[14.4923,45.5834],[14.4874,45.5566],[14.4821,45.5424],[14.4689,45.5256],[14.4297,45.5054],[14.4112,45.4932],[14.3728,45.4778],[14.3268,45.4749],[14.2804,45.4811],[14.2406,45.4933],[14.2187,45.4972],[14.1931,45.4919],[14.1455,45.4762],[14.1197,45.4729],[14.0929,45.4739],[14.0667,45.4803],[14.0416,45.4931],[14.0283,45.5027],[14.014,45.508],[13.9719,45.5142],[13.965,45.511],[13.9615,45.5039],[13.9615,45.4931],[13.9826,45.4753],[13.9698,45.463],[13.923,45.449],[13.9084,45.4389],[13.8996,45.4292],[13.889,45.4236],[13.8356,45.4291],[13.8199,45.4326],[13.8065,45.4421],[13.7593,45.4632],[13.6429,45.4594]]]},"properties":{"rank":10}},{"type":"Feature","geometry":{"type":"LineString","coordinates":[[19.0529,45.3454],[19.083,45.3392],[19.0962,45.3291],[19.1041,45.2987],[19.1585,45.2762],[19.1972,45.2649]]},"properties":{"rank":10}},{"type":"Feature","geometry":{"type":"LineString","coordinates":[[19.2599,45.243],[19.2897,45.2363],[19.3781,45.2296],[19.3973,45.2233],[19.4078,45.2031],[19.4054,45.1797],[19.3907,45.1693],[19.3043,45.1665],[19.2994,45.169],[19.2914,45.1777],[19.2867,45.1795],[19.2795,45.1772],[19.2728,45.1684],[19.2678,45.1658],[19.2259,45.1619],[19.2045,45.1629],[19.1853,45.168],[19.1746,45.1758],[19.1558,45.195],[19.1439,45.1995],[19.1219,45.1958],[19.1288,45.1811],[19.1417,45.1622],[19.1377,45.146],[19.1161,45.1429],[19.0601,45.1469],[19.0449,45.1372],[19.0462,45.1284],[19.0715,45.1071],[19.0792,45.0946],[19.0823,45.0849],[19.086,45.0609],[19.0943,45.0314],[19.0954,45.0209],[19.0852,44.9873],[19.0872,44.9771],[19.0981,44.97],[19.1186,44.9756],[19.1276,44.9684],[19.1317,44.9532],[19.1245,44.9459],[19.1036,44.9382],[19.0879,44.9193],[19.0787,44.9109],[19.0667,44.9057],[19.0521,44.907],[19.0319,44.9226],[19.0184,44.9257],[18.9914,44.9149],[18.9943,44.8948],[19.0158,44.8656]]},"properties":{"rank":10}},{"type":"Feature","geometry":{"type":"LineString","coordinates":[[19.0075,45.3595],[19.0142,45.3534],[19.0302,45.3451],[19.0529,45.3454]]},"properties":{"rank":10}},{"type":"Feature","geometry":{"type":"LineString","coordinates":[[19.1972,45.2649],[19.2599,45.243]]},"properties":{"rank":10}},{"type":"Feature","geometry":{"type":"LineString","coordinates":[[35.1862,31.8087],[35.1858,31.8141],[35.1822,31.8199],[35.1836,31.8251],[35.1966,31.8264],[35.2133,31.8188],[35.2158,31.8201],[35.2161,31.8391],[35.213,31.8534],[35.2048,31.8711],[35.2053,31.8773],[35.2121,31.8815],[35.222,31.8792],[35.2266,31.8672],[35.2256,31.8572],[35.2275,31.8503],[35.2334,31.8426],[35.2448,31.8451],[35.25,31.8444],[35.2572,31.8386],[35.2516,31.8313],[35.2536,31.8294],[35.2602,31.8288],[35.2649,31.8263],[35.2559,31.8122],[35.26,31.7926],[35.2629,31.7897],[35.2581,31.7837],[35.2527,31.7697],[35.2532,31.7625],[35.2597,31.7569],[35.2628,31.7486],[35.2525,31.7381],[35.2492,31.7236],[35.2443,31.7194],[35.2424,31.7109],[35.238,31.7093],[35.2314,31.7126],[35.228,31.7174],[35.2241,31.7192],[35.2194,31.7151],[35.2053,31.7232],[35.1794,31.7201],[35.1667,31.7321],[35.1544,31.7334],[35.149,31.7373]]},"properties":{"rank":10}},{"type":"Feature","geometry":{"type":"LineString","coordinates":[[34.9867,31.9672],[35.0012,31.9496],[35.0077,31.9449],[35.0038,31.9392],[35.0054,31.9338],[35.0164,31.9266],[35.0299,31.9244],[35.039,31.9086],[35.0343,31.8611],[35.0301,31.857],[35.0066,31.8561],[34.9985,31.8538],[34.9787,31.8373],[34.9774,31.8334],[34.9803,31.8313],[35.0016,31.8285],[35.0129,31.8293],[35.0275,31.8327],[35.0456,31.8483],[35.056,31.8533],[35.0763,31.8542],[35.0881,31.8481],[35.0976,31.8313],[35.1125,31.824]]},"properties":{"rank":10}},{"type":"Feature","geometry":{"type":"LineString","coordinates":[[35.149,31.7373],[35.1257,31.7331],[35.1142,31.7177],[35.0592,31.6768],[34.9736,31.6304],[34.9553,31.6119],[34.9373,31.582],[34.9329,31.5549],[34.9325,31.527],[34.9268,31.4944],[34.8817,31.4299],[34.8672,31.3964],[34.8788,31.3628],[34.9009,31.3485],[34.9274,31.3449],[34.9549,31.3486],[34.9803,31.3562],[35.0402,31.3632],[35.1649,31.3623],[35.2233,31.381],[35.3323,31.4588],[35.3901,31.4871],[35.4581,31.4919]]},"properties":{"rank":10}},{"type":"Feature","geometry":{"type":"LineString","coordinates":[[35.1125,31.824],[35.1214,31.8248],[35.137,31.8143],[35.1739,31.8076],[35.1862,31.8087]]},"properties":{"rank":10}},{"type":"Feature","geometry":{"type":"LineString","coordinates":[[75.3481,34.5572],[75.307,34.574],[75.2675,34.5983],[75.2514,34.6131],[75.2369,34.6319],[75.2245,34.6386]]},"properties":{"rank":10}},{"type":"Feature","geometry":{"type":"LineString","coordinates":[[75.2245,34.6386],[75.2129,34.645],[75.1763,34.6454],[75.111,34.6336],[75.0178,34.6297],[74.6649,34.6883],[74.4121,34.7645],[74.3489,34.7734],[74.2858,34.7689],[74.2218,34.7478],[74.1468,34.7019],[74.1209,34.6909],[73.9622,34.6682],[73.9486,34.6627],[73.9193,34.6425],[73.9175,34.6193],[73.9254,34.5934],[73.926,34.565],[73.911,34.545],[73.8631,34.5171],[73.847,34.4943],[73.8455,34.4565],[73.8404,34.4444],[73.8316,34.4364],[73.8068,34.4252],[73.7962,34.4185],[73.7798,34.3961],[73.7749,34.371],[73.7827,34.3468],[73.8042,34.3275],[73.8291,34.3153],[73.8533,34.3074],[73.879,34.3043],[73.9075,34.3068],[73.9377,34.3042],[73.9544,34.2872],[73.9767,34.2375],[73.9906,34.2185],[73.9983,34.1968],[73.9954,34.1764],[73.9767,34.1616],[73.9169,34.1353],[73.8933,34.1147],[73.8844,34.0842],[73.8937,34.0543],[73.9162,34.0279],[73.9458,34.0098],[73.9767,34.0046],[74.045,34.0194],[74.0653,34.0183],[74.1184,34.0025],[74.1543,34.0041],[74.1921,34.0119],[74.2284,34.0129],[74.2597,33.9944],[74.2723,33.9621],[74.2625,33.9299],[74.2395,33.901],[74.2126,33.8784],[74.1775,33.8575],[74.1423,33.8442],[74.0346,33.8286],[74.0113,33.8105],[73.9767,33.7589],[73.9707,33.7471],[73.9631,33.7216],[73.9608,33.6923],[73.9631,33.6768],[73.9683,33.6621],[73.9767,33.6484],[74.0242,33.6143],[74.0881,33.5853],[74.1416,33.5494],[74.1578,33.4942],[74.1363,33.418],[74.1055,33.3452],[74.096,33.3285],[74.0851,33.3143],[74.072,33.3023],[74.0554,33.292],[74.0178,33.2795],[74.0017,33.2702],[73.9918,33.2526],[73.9885,33.2086],[74.0023,33.1777],[74.0294,33.1542],[74.0658,33.1326],[74.0985,33.1048],[74.1539,33.0402],[74.1909,33.0221],[74.284,33.0088],[74.3113,32.9943],[74.322,32.972],[74.3245,32.9214],[74.3367,32.8701],[74.3338,32.8493],[74.3229,32.8305],[74.3065,32.8099]]},"properties":{"rank":10}},{"type":"Feature","geometry":{"type":"LineString","coordinates":[[77.049,35.1104],[77.0424,35.107],[77.0231,35.0863],[77.0271,35.0621],[77.0352,35.0345],[77.0286,35.0034],[77.0131,34.9864],[76.953,34.9466],[76.9338,34.9289],[76.9211,34.9207],[76.9059,34.9231],[76.8796,34.9371],[76.8526,34.9433],[76.817,34.9408],[76.782,34.9309],[76.7576,34.9151],[76.7496,34.8921],[76.7533,34.8383],[76.7439,34.8193],[76.6526,34.747],[76.6396,34.7411],[76.5532,34.7258],[76.5358,34.7262],[76.5199,34.7311],[76.4765,34.7578],[76.4382,34.7629],[76.3999,34.7507],[76.262,34.6847],[76.155,34.6617],[76.1218,34.6609],[76.0583,34.6834],[76.0234,34.6772],[76.0075,34.6651],[75.9867,34.636],[75.9734,34.6223],[75.9662,34.6191],[75.9393,34.612],[75.874,34.5714],[75.8162,34.5217],[75.7958,34.5079],[75.7771,34.5038],[75.7348,34.5086],[75.7137,34.5085],[75.6556,34.497],[75.6116,34.4984],[75.3481,34.5572]]},"properties":{"rank":10}},{"type":"Feature","geometry":{"type":"LineString","coordinates":[[-8.1913,42.0621],[-8.204,42.0696],[-8.2074,42.0858],[-8.2043,42.1288],[-8.2134,42.144],[-8.2224,42.1536]]},"properties":{"rank":10}},{"type":"Feature","geometry":{"type":"MultiLineString","coordinates":[[[-7.1049,38.8272],[-7.0887,38.8334],[-7.0765,38.8432],[-7.0561,38.8551],[-7.0573,38.8694],[-7.0522,38.885],[-7.066,38.9046],[-7.0445,38.9186],[-7.0221,38.9429],[-6.9886,38.9938],[-6.9788,39.0038],[-6.9733,39.014],[-6.9749,39.023],[-6.9863,39.0301],[-6.9794,39.0472],[-6.9857,39.0668],[-6.9997,39.0847],[-7.0158,39.0968],[-7.0388,39.1091],[-7.0649,39.1148]],[[-7.0649,39.1148],[-7.0913,39.1124],[-7.1152,39.1011],[-7.1273,39.0975],[-7.1425,39.0995],[-7.1572,39.1054],[-7.1675,39.1135],[-7.1689,39.1219],[-7.1579,39.1414],[-7.1558,39.1515],[-7.1681,39.1706],[-7.1916,39.1792],[-7.2193,39.1848],[-7.2441,39.1956],[-7.2581,39.2113],[-7.2658,39.2314],[-7.2643,39.2523],[-7.2508,39.2706],[-7.3005,39.3179],[-7.3193,39.3295],[-7.3267,39.3413],[-7.3314,39.3626],[-7.3319,39.3847],[-7.3267,39.3988],[-7.3189,39.4133],[-7.3136,39.4361],[-7.3135,39.4574],[-7.3209,39.4674],[-7.3629,39.4761],[-7.3842,39.484],[-7.3994,39.4937],[-7.4089,39.5156],[-7.4176,39.5242],[-7.4513,39.5378],[-7.4681,39.5502],[-7.4979,39.581],[-7.5158,39.5938],[-7.5573,39.6798],[-7.3414,39.6718],[-7.3114,39.6803],[-7.2928,39.6833],[-7.2529,39.6823],[-7.2358,39.6865],[-7.2141,39.6762],[-7.1829,39.6751],[-7.0358,39.6893],[-7.0211,39.694],[-7.0096,39.7155],[-7.0136,39.7296],[-7.0133,39.7389],[-7.0087,39.7483],[-6.9968,39.7647],[-6.993,39.7742],[-6.9946,39.7826],[-6.9989,39.7918],[-7.0003,39.8025],[-6.993,39.8161],[-6.9852,39.8211],[-6.9528,39.8329],[-6.9277,39.8619],[-6.9242,39.8716],[-6.9218,39.8972],[-6.9216,39.9022],[-6.9251,39.9122],[-6.9252,39.9179],[-6.9223,39.9224],[-6.9126,39.9281],[-6.9095,39.932],[-6.9037,39.9567],[-6.8998,39.9656],[-6.9016,39.9765],[-6.8969,39.9871],[-6.8797,40.0092],[-6.9199,40.0649],[-6.9421,40.0863],[-6.9557,40.1029],[-6.9664,40.1103],[-6.9772,40.1134],[-7.0158,40.1191],[-7.0277,40.1326],[-7.0348,40.1667],[-7.0431,40.1814],[-7.0346,40.1931],[-7.0248,40.2162],[-7.0158,40.2255],[-6.9978,40.2317],[-6.9547,40.2534],[-6.9354,40.2558],[-6.9158,40.2544],[-6.8964,40.2555],[-6.8781,40.2652],[-6.8751,40.2712],[-6.8739,40.2878],[-6.8702,40.2955],[-6.8639,40.301],[-6.8208,40.3253],[-6.812,40.3323],[-6.7944,40.3564],[-6.8281,40.3806],[-6.8513,40.4095],[-6.8571,40.4421],[-6.8387,40.4772],[-6.8153,40.5025],[-6.8125,40.5146],[-6.8181,40.5319],[-6.8285,40.5455],[-6.8398,40.5546],[-6.8484,40.5648],[-6.8505,40.5822],[-6.8445,40.5978],[-6.8213,40.6302],[-6.8143,40.6472],[-6.8162,40.6772],[-6.8243,40.7107],[-6.837,40.7433],[-6.8391,40.7575],[-6.8391,40.7769],[-6.8335,40.7978],[-6.8381,40.8149],[-6.8367,40.8402],[-6.8203,40.8442],[-6.8162,40.8568],[-6.8212,40.8701],[-6.8321,40.8759],[-6.847,40.8789],[-6.8553,40.8872],[-6.8636,40.9083],[-6.8852,40.9489],[-6.8992,40.9668],[-6.9306,40.9921],[-6.9404,41.0034],[-6.9425,41.016],[-6.9318,41.0291],[-6.9279,41.0479],[-6.9068,41.0561],[-6.8453,41.0519],[-6.818,41.0541],[-6.8044,41.0644],[-6.7648,41.1089],[-6.7565,41.1271],[-6.759,41.1518],[-6.7552,41.1588],[-6.7422,41.1714],[-6.707,41.1943],[-6.6938,41.2174],[-6.6582,41.2578],[-6.6466,41.2676],[-6.6289,41.2699],[-6.5635,41.2707],[-6.5545,41.2756],[-6.4959,41.2949],[-6.4631,41.3141],[-6.431,41.339],[-6.3996,41.3775],[-6.3792,41.3775],[-6.3755,41.3908],[-6.3762,41.3969],[-6.3792,41.3973],[-6.3662,41.4052],[-6.3523,41.4093],[-6.3211,41.411],[-6.321,41.4196],[-6.2829,41.4656],[-6.2825,41.4723],[-6.2852,41.479],[-6.2859,41.4869],[-6.2795,41.497],[-6.2536,41.5175],[-6.2059,41.5703],[-6.2301,41.5949],[-6.2722,41.6282],[-6.3171,41.6501],[-6.3659,41.6636],[-6.4471,41.6762],[-6.4608,41.6766],[-6.4744,41.6659],[-6.503,41.6531],[-6.5134,41.6509],[-6.5415,41.6589],[-6.5553,41.6749],[-6.5605,41.6945],[-6.5631,41.713],[-6.5677,41.7224],[-6.5743,41.731],[-6.5774,41.7397],[-6.5644,41.7575],[-6.5601,41.7669],[-6.5357,41.8486],[-6.5242,41.8674],[-6.5501,41.8739],[-6.5679,41.8759],[-6.5758,41.8829],[-6.5676,41.9261],[-6.5717,41.9426],[-6.5851,41.9546],[-6.6095,41.9623],[-6.6228,41.941],[-6.6568,41.9331],[-6.728,41.9309],[-6.7579,41.9376],[-6.7944,41.9797],[-6.8249,41.9838],[-6.8312,41.954],[-6.855,41.9429],[-6.9171,41.9391],[-6.9451,41.9434],[-6.9695,41.9577],[-6.9924,41.9664],[-7.0158,41.9537],[-7.0513,41.942],[-7.0827,41.9528],[-7.1132,41.9724],[-7.1454,41.9875],[-7.1597,41.9857],[-7.1773,41.9784],[-7.1999,41.9637],[-7.2021,41.9497],[-7.1957,41.9174],[-7.1979,41.9015],[-7.2187,41.879],[-7.2515,41.8637],[-7.3225,41.8454],[-7.3405,41.8432],[-7.3768,41.844],[-7.3919,41.842],[-7.4054,41.8352],[-7.4295,41.8145],[-7.4427,41.806],[-7.447,41.8218],[-7.4566,41.8392],[-7.4694,41.8525],[-7.4833,41.8562],[-7.493,41.8569],[-7.5081,41.8649],[-7.5158,41.865],[-7.5233,41.8602],[-7.5263,41.8474],[-7.5316,41.8402],[-7.5467,41.832],[-7.5671,41.8266],[-7.5884,41.8242],[-7.6061,41.8255],[-7.6222,41.8323],[-7.6228,41.8417],[-7.6074,41.8732],[-7.6612,41.8749],[-7.6787,41.8813],[-7.7064,41.8963],[-7.722,41.8993],[-7.7501,41.8884],[-7.8122,41.8771],[-7.8392,41.8784],[-7.8497,41.8758],[-7.8579,41.8638],[-7.8648,41.8579],[-7.8966,41.8579],[-7.9034,41.8868],[-7.9061,41.9139],[-7.9258,41.9082],[-7.9354,41.88],[-7.9448,41.867],[-7.9634,41.8666],[-7.9794,41.8686],[-7.9936,41.8637],[-8.0059,41.854],[-8.0157,41.8419],[-8.0486,41.8164],[-8.0935,41.8067],[-8.1796,41.8107],[-8.1754,41.8366],[-8.177,41.8498],[-8.1846,41.8577],[-8.2204,41.8682],[-8.2317,41.886],[-8.2302,41.9047],[-8.2207,41.9227],[-8.1821,41.9654],[-8.153,41.9868],[-8.1239,42.0009],[-8.108,42.0109],[-8.0974,42.0235],[-8.0951,42.0409],[-8.1032,42.0558],[-8.1184,42.0669],[-8.1376,42.0729],[-8.1584,42.0714],[-8.1762,42.0653],[-8.1913,42.0621],[-8.204,42.0696],[-8.2074,42.0858],[-8.2043,42.1288],[-8.2134,42.144],[-8.2224,42.1536],[-8.2523,42.1376],[-8.2707,42.132],[-8.2954,42.1301],[-8.3043,42.1258],[-8.33,42.1084],[-8.3467,42.1017],[-8.5012,42.0831],[-8.52,42.0777],[-8.5544,42.0601],[-8.5728,42.0544],[-8.6094,42.0537],[-8.6269,42.051],[-8.6439,42.0415],[-8.6526,42.0314],[-8.6632,42.0099],[-8.6708,41.9998],[-8.6913,41.9896],[-8.717,41.9838],[-8.7396,41.9751],[-8.7508,41.969]]]},"properties":{"rank":10}},{"type":"Feature","geometry":{"type":"LineString","coordinates":[[-7.4144,37.1928],[-7.4294,37.2367],[-7.4342,37.2593],[-7.4276,37.2745],[-7.4374,37.3073],[-7.445,37.3868],[-7.4623,37.4179],[-7.46,37.4291],[-7.4629,37.4511],[-7.4689,37.4756],[-7.4759,37.4942],[-7.4815,37.5004],[-7.5063,37.5181],[-7.5154,37.5293],[-7.5237,37.5557],[-7.5291,37.5567],[-7.5297,37.5672],[-7.5158,37.5809],[-7.5125,37.5904],[-7.5118,37.5953],[-7.5143,37.6014],[-7.5049,37.6064],[-7.4785,37.6289],[-7.4716,37.6369],[-7.4663,37.652],[-7.4576,37.7001],[-7.444,37.7302],[-7.4263,37.7506],[-7.3344,37.8119],[-7.3069,37.8508],[-7.2958,37.8849],[-7.2739,37.9315],[-7.2686,37.9492],[-7.2691,37.9594],[-7.2721,37.9689],[-7.2727,37.977],[-7.2658,37.983],[-7.234,37.9881],[-7.2233,37.9938],[-7.1853,37.9887],[-7.1729,37.9938],[-7.1597,37.9968],[-7.1522,38.0007],[-7.1419,38.0116],[-7.132,38.0324],[-7.1233,38.04],[-7.1059,38.0387],[-7.0494,38.0202],[-7.024,38.0226],[-7.0158,38.0468],[-7.0064,38.0593],[-6.9976,38.0896],[-6.979,38.1199],[-6.9655,38.1533],[-6.9576,38.1682],[-6.9475,38.1966],[-6.9642,38.2061],[-6.9921,38.2043],[-7.0181,38.198],[-7.0264,38.1996],[-7.0387,38.1862],[-7.0631,38.1775],[-7.0883,38.1734],[-7.1035,38.1736],[-7.1269,38.1909],[-7.1672,38.2721],[-7.1963,38.2922],[-7.2114,38.3175],[-7.3171,38.4246],[-7.3455,38.441],[-7.3592,38.4464],[-7.3448,38.4583],[-7.3352,38.4694],[-7.3341,38.481],[-7.3456,38.4941],[-7.3358,38.5059],[-7.3177,38.5563],[-7.2759,38.6038],[-7.2704,38.6177]]},"properties":{"rank":10}}]}