{"type":"FeatureCollection","features":[{"type":"Feature","geometry":{"type":"Polygon","coordinates":[[[30.8601,38.281],[30.8931,38.2748],[30.8828,38.2404],[30.8551,38.1759],[30.8563,38.1503],[30.8919,38.1435],[30.9243,38.122],[30.9384,38.0923],[30.9475,38.0508],[30.9667,37.9902],[30.9181,37.928],[30.8984,37.8683],[30.8766,37.8524],[30.8557,37.8615],[30.848,37.8771],[30.8345,37.8857],[30.7948,37.9319],[30.7786,37.9401],[30.7718,37.9593],[30.7771,37.9802],[30.7968,37.9963],[30.8127,38.0167],[30.8316,38.0499],[30.8522,38.077],[30.8436,38.1111],[30.8139,38.1382],[30.7742,38.1485],[30.755,38.1712],[30.7512,38.1953],[30.7521,38.223],[30.7733,38.2513],[30.8098,38.2707],[30.8601,38.281]]]},"properties":{"name":"Eğirdir"}},{"type":"Feature","geometry":{"type":"Polygon","coordinates":[[[31.465,37.6078],[31.4565,37.6281],[31.4594,37.6699],[31.4518,37.6876],[31.4591,37.7179],[31.4126,37.8009],[31.3888,37.833],[31.3538,37.8692],[31.324,37.918],[31.3187,37.9504],[31.3579,37.9622],[31.3947,37.9663],[31.4185,37.9772],[31.448,37.9572],[31.5277,37.8868],[31.5616,37.8695],[31.5757,37.8477],[31.5807,37.8341],[31.5931,37.8177],[31.5948,37.7944],[31.6022,37.7812],[31.6131,37.7847],[31.6266,37.7953],[31.6464,37.7959],[31.6549,37.7723],[31.7023,37.7049],[31.7064,37.6764],[31.5825,37.6413],[31.5263,37.6357],[31.5157,37.6284],[31.5239,37.6048],[31.5083,37.601],[31.4856,37.6104],[31.465,37.6078]]]},"properties":{"name":"Beyşehir"}},{"type":"Feature","geometry":{"type":"Polygon","coordinates":[[[79.0257,46.4337],[78.9922,46.4072],[78.953,46.3851],[78.9086,46.3684],[78.8841,46.3651],[78.7947,46.3778],[78.7311,46.3963],[78.7114,46.3945],[78.6754,46.3798],[78.6551,46.3748],[78.6227,46.3745],[78.5939,46.3822],[78.5468,46.406],[78.5253,46.4093],[78.472,46.4069],[78.4408,46.3951],[78.4261,46.3834],[78.4179,46.3675],[78.4217,46.348],[78.4344,46.338],[78.4676,46.3292],[78.477,46.3201],[78.4712,46.2945],[78.4408,46.2874],[78.4046,46.2951],[78.3802,46.3133],[78.3878,46.3133],[78.3669,46.3398],[78.3381,46.3566],[78.3069,46.3622],[78.2789,46.3542],[78.2922,46.348],[78.2619,46.331],[78.1479,46.346],[78.1073,46.3413],[78.1073,46.3336],[78.1262,46.333],[78.1426,46.3413],[78.1603,46.3295],[78.1824,46.3274],[78.1644,46.3124],[78.132,46.3115],[78.0429,46.3248],[78.0205,46.3369],[77.9769,46.3684],[77.8712,46.4258],[77.8115,46.4387],[77.7576,46.4231],[77.7576,46.4154],[77.7773,46.4216],[77.7991,46.424],[77.8206,46.4222],[77.8392,46.4154],[77.8009,46.4054],[77.7614,46.4025],[77.7438,46.396],[77.7138,46.3754],[77.6955,46.3822],[77.7373,46.4093],[77.5951,46.4196],[77.485,46.4605],[77.4515,46.4882],[77.4332,46.4993],[77.4117,46.5061],[77.3873,46.5064],[77.3643,46.499],[77.3161,46.4758],[77.2831,46.4678],[77.2646,46.454],[77.2537,46.4511],[77.2439,46.4534],[77.2228,46.4708],[77.1798,46.4837],[77.1565,46.4837],[77.1377,46.4746],[77.1183,46.4596],[77.0971,46.452],[77.0732,46.4496],[77.0447,46.4511],[76.929,46.4784],[76.9278,46.4572],[76.9125,46.4578],[76.7921,46.5194],[76.7521,46.5326],[76.3974,46.5408],[76.3794,46.5453],[76.304,46.5756],[76.2811,46.5791],[76.2631,46.5738],[76.2843,46.5665],[76.2843,46.5603],[76.2569,46.5665],[76.2578,46.5453],[76.2463,46.5444],[76.2281,46.5512],[76.2084,46.5535],[76.2146,46.5323],[76.1992,46.5273],[76.1242,46.5353],[76.0847,46.545],[76.0618,46.5473],[76.0574,46.5429],[76.0618,46.5332],[76.0797,46.5173],[76.0739,46.5082],[76.0686,46.5064],[76.0447,46.5123],[75.9417,46.5064],[75.9417,46.5123],[75.9694,46.5194],[75.9608,46.5314],[75.952,46.535],[75.9246,46.5329],[75.8922,46.545],[75.874,46.5476],[75.8596,46.5261],[75.844,46.5211],[75.808,46.5194],[75.7771,46.5064],[75.7712,46.5096],[75.7627,46.5226],[75.71,46.5308],[75.6953,46.5255],[75.6862,46.5147],[75.6779,46.4908],[75.6673,46.4846],[75.6576,46.4852],[75.6517,46.4961],[75.6432,46.4988],[75.594,46.4781],[75.5375,46.4708],[75.5481,46.4846],[75.579,46.502],[75.5852,46.5158],[75.5764,46.5261],[75.5207,46.5567],[75.476,46.6038],[75.4686,46.615],[75.4707,46.6268],[75.4895,46.6389],[75.494,46.6554],[75.5101,46.6627],[75.5169,46.6421],[75.5157,46.6268],[75.5331,46.6209],[75.5564,46.6242],[75.5717,46.6353],[75.5611,46.6415],[75.5634,46.648],[75.5852,46.6559],[75.5731,46.671],[75.5525,46.6768],[75.4916,46.6757],[75.4557,46.6627],[75.4271,46.6389],[75.4015,46.6262],[75.4024,46.605],[75.4115,46.5818],[75.421,46.5665],[75.4398,46.5497],[75.4451,46.525],[75.4533,46.5173],[75.476,46.5064],[75.4742,46.4999],[75.4601,46.494],[75.4357,46.4952],[75.4345,46.4784],[75.4142,46.4988],[75.3886,46.4661],[75.3715,46.4555],[75.3527,46.4572],[75.3588,46.4708],[75.3409,46.4746],[75.3326,46.4893],[75.3329,46.5049],[75.3421,46.5123],[75.3568,46.5158],[75.3524,46.5229],[75.3368,46.53],[75.3182,46.5329],[75.2785,46.5291],[75.2626,46.5223],[75.2564,46.5094],[75.2835,46.492],[75.2773,46.4864],[75.2426,46.4784],[75.267,46.4605],[75.2761,46.449],[75.2517,46.4387],[75.2273,46.4187],[75.2084,46.4154],[75.2146,46.4231],[75.2005,46.4228],[75.1634,46.4154],[75.1398,46.4281],[75.1328,46.4154],[75.1116,46.4308],[75.0845,46.4375],[75.0845,46.4434],[75.1019,46.454],[75.1272,46.479],[75.1466,46.4846],[75.1328,46.4985],[75.111,46.4908],[75.0745,46.4608],[75.0586,46.4399],[75.038,46.4019],[75.0162,46.389],[74.995,46.3851],[74.972,46.3869],[74.9497,46.3937],[74.9102,46.4152],[74.8964,46.404],[74.8661,46.3316],[74.8534,46.2677],[74.8396,46.2491],[74.7928,46.205],[74.7851,46.1914],[74.7863,46.1767],[74.8007,46.1594],[74.8116,46.139],[74.8013,46.1205],[74.763,46.0946],[74.7083,46.0737],[74.6912,46.0908],[74.6559,46.0825],[74.6282,46.0596],[74.6326,46.0328],[74.5605,46.0086],[74.5511,46.0133],[74.5437,46.0092],[74.5331,45.9948],[74.5211,45.9892],[74.5114,45.9922],[74.4593,46.0289],[74.4437,46.036],[74.4239,46.0387],[74.3986,46.0357],[74.3533,46.0213],[74.29,46.0184],[74.2314,45.9886],[74.2302,45.9677],[74.2397,45.9448],[74.2791,45.8903],[74.2871,45.8691],[74.2932,45.8344],[74.3241,45.789],[74.3118,45.7787],[74.2968,45.7593],[74.2871,45.7534],[74.2762,45.7517],[74.2815,45.7623],[74.2776,45.7699],[74.2682,45.7749],[74.2564,45.7787],[74.2458,45.7746],[74.2373,45.7676],[74.2285,45.7517],[74.2305,45.7316],[74.2397,45.721],[74.2553,45.7208],[74.2762,45.7316],[74.3274,45.7019],[74.3392,45.6907],[74.3315,45.6831],[74.3392,45.6763],[74.323,45.6601],[74.2997,45.6625],[74.2497,45.6831],[74.2709,45.6501],[74.2709,45.6307],[74.2564,45.608],[74.2358,45.5954],[74.1596,45.5809],[74.1204,45.5621],[74.0845,45.5391],[74.0716,45.5209],[74.0704,45.5047],[74.0798,45.49],[74.0981,45.477],[74.0701,45.4264],[74.0739,45.4117],[74.0895,45.3905],[74.0913,45.3749],[74.0854,45.3634],[74.0766,45.3569],[74.0728,45.3499],[74.081,45.3372],[74.0951,45.3284],[74.1131,45.3248],[74.131,45.3263],[74.1458,45.334],[74.1408,45.3404],[74.1422,45.3463],[74.1596,45.3543],[74.1678,45.3186],[74.1608,45.2874],[74.1481,45.2565],[74.1396,45.2239],[74.1399,45.205],[74.1487,45.1338],[74.1737,45.0873],[74.1593,45.0731],[74.1402,45.0626],[74.1169,45.0555],[74.0748,45.0502],[74.0698,45.0428],[74.0722,45.0325],[74.081,45.0216],[74.1322,45.039],[74.1119,45.0049],[74.1278,44.999],[74.1402,44.9848],[74.1443,44.9704],[74.1361,44.9639],[74.126,44.9666],[74.0981,44.991],[74.0807,44.986],[74.0018,44.9981],[74.0095,45.011],[73.9883,45.0246],[74.0292,45.0458],[74.036,45.0531],[74.0316,45.0605],[73.9989,45.0837],[73.9886,45.1055],[73.9883,45.1314],[73.9942,45.1376],[74.036,45.142],[74.0157,45.1514],[74.0074,45.1594],[74.0018,45.1691],[74.008,45.1779],[74.0045,45.1865],[73.9945,45.1932],[73.9815,45.1965],[73.9815,45.203],[73.9998,45.2015],[74.0071,45.2071],[74.0033,45.2159],[73.9883,45.2239],[73.9577,45.2139],[73.9259,45.2127],[73.8961,45.2206],[73.8723,45.2374],[73.8585,45.258],[73.8382,45.2648],[73.8131,45.2813],[73.8114,45.2925],[73.8243,45.3066],[73.8019,45.3204],[73.7284,45.3543],[73.7425,45.3584],[73.756,45.3543],[73.7625,45.361],[73.7395,45.3681],[73.7175,45.3805],[73.6974,45.3967],[73.6804,45.4158],[73.6489,45.4826],[73.6356,45.5014],[73.6171,45.515],[73.5379,45.5571],[73.5191,45.5636],[73.4711,45.5665],[73.4552,45.5727],[73.4366,45.5883],[73.4252,45.6074],[73.4337,45.6327],[73.4334,45.6657],[73.4372,45.6763],[73.4467,45.679],[73.5061,45.6754],[73.5138,45.6857],[73.5167,45.7249],[73.5208,45.7322],[73.5523,45.7416],[73.5594,45.7502],[73.5579,45.7558],[73.5432,45.7517],[73.5232,45.7673],[73.4664,45.7723],[73.4437,45.7823],[73.4243,45.7955],[73.4231,45.8017],[73.4334,45.8135],[73.4681,45.8267],[73.4764,45.8429],[73.4879,45.847],[73.5226,45.8135],[73.5741,45.8099],[73.5874,45.8223],[73.59,45.8297],[73.5935,45.8676],[73.5997,45.8738],[73.6121,45.875],[73.6047,45.8956],[73.6274,45.8974],[73.6459,45.9086],[73.6521,45.9256],[73.6389,45.9439],[73.6648,45.9627],[73.6727,45.9733],[73.6536,45.9816],[73.688,45.9957],[73.7075,45.998],[73.701,45.978],[73.7428,45.9727],[73.756,45.978],[73.7381,45.9857],[73.7351,46.0184],[73.7272,46.0266],[73.6607,46.0584],[73.6406,46.0731],[73.6374,46.0916],[73.6598,46.1152],[73.6412,46.1223],[73.635,46.129],[73.6327,46.1387],[73.6556,46.1476],[73.6686,46.1794],[73.6892,46.1885],[73.7142,46.1891],[73.7351,46.1835],[73.7392,46.2073],[73.7537,46.2247],[73.7693,46.2309],[73.7834,46.2047],[73.8311,46.1623],[73.8476,46.1923],[73.8582,46.1994],[73.8791,46.2047],[73.9138,46.2067],[73.93,46.2035],[73.9736,46.1847],[73.9847,46.1844],[74.0018,46.1903],[74.0321,46.2079],[74.0451,46.2194],[74.0504,46.2312],[74.041,46.2229],[74.031,46.2212],[73.9959,46.2274],[73.9953,46.2362],[74.0018,46.2556],[73.9971,46.265],[73.9609,46.2591],[73.9547,46.2668],[73.9488,46.2889],[73.9406,46.2995],[73.9556,46.3101],[73.973,46.3151],[73.9824,46.3227],[73.9747,46.3413],[74.0701,46.4154],[74.1013,46.4334],[74.134,46.4414],[74.1673,46.4402],[74.2014,46.4299],[74.2185,46.4402],[74.2494,46.4717],[74.2997,46.4823],[74.3512,46.4976],[74.3792,46.4988],[74.3777,46.5099],[74.3907,46.5338],[74.3998,46.5632],[74.4139,46.5715],[74.4999,46.5915],[74.5199,46.6],[74.5343,46.5971],[74.537,46.6044],[74.5361,46.628],[74.5599,46.7222],[74.5711,46.739],[74.5876,46.7481],[74.6223,46.739],[74.6379,46.7431],[74.6332,46.7528],[74.6114,46.7725],[74.763,46.7799],[74.8078,46.7725],[74.849,46.7725],[74.8611,46.7787],[74.8752,46.809],[74.8864,46.8211],[74.9282,46.8046],[74.947,46.804],[74.9647,46.8305],[74.9832,46.8349],[74.9982,46.8279],[74.9956,46.8067],[74.97,46.7931],[74.9753,46.7799],[74.9862,46.7719],[74.9988,46.7722],[75.0194,46.7831],[75.0412,46.8046],[75.0698,46.8108],[75.0645,46.8408],[75.0848,46.8499],[75.093,46.832],[75.098,46.8064],[75.1089,46.7937],[75.1805,46.759],[75.2464,46.7419],[75.2667,46.7281],[75.2858,46.7213],[75.3588,46.7316],[75.4895,46.7342],[75.5896,46.7637],[75.6285,46.7702],[75.6847,46.7937],[75.7121,46.7863],[75.7498,46.8005],[75.7698,46.7999],[75.8219,46.7863],[75.8543,46.7981],[75.8884,46.8211],[75.9246,46.8352],[75.962,46.8211],[75.9396,46.8102],[75.9573,46.7834],[75.949,46.7725],[75.949,46.7657],[75.9702,46.7666],[76.0032,46.7737],[76.0173,46.7799],[76.0438,46.7987],[76.0582,46.8005],[76.0765,46.7813],[76.0794,46.7899],[76.1006,46.8037],[76.1486,46.8019],[76.229,46.7863],[76.3288,46.7445],[76.3629,46.739],[76.3715,46.7304],[76.3741,46.7107],[76.3729,46.6733],[76.3785,46.6589],[76.3903,46.6462],[76.4021,46.6448],[76.4071,46.6627],[76.4904,46.6292],[76.5104,46.6153],[76.5204,46.6136],[76.5245,46.6253],[76.526,46.6462],[76.5481,46.6609],[76.5972,46.6757],[76.6605,46.666],[76.682,46.666],[76.7017,46.6713],[76.7223,46.6839],[76.7282,46.6754],[76.73,46.6657],[76.7265,46.6562],[76.7156,46.6495],[76.73,46.6315],[76.7574,46.618],[76.8507,46.5915],[76.9075,46.5679],[76.9355,46.5603],[76.8327,46.6527],[76.8254,46.6839],[76.8401,46.691],[76.8616,46.6818],[76.9113,46.6406],[76.9204,46.6368],[76.944,46.6359],[76.9693,46.6421],[77.0193,46.6468],[77.0626,46.6356],[77.1009,46.6106],[77.1339,46.5738],[77.1341,46.5541],[77.1483,46.5473],[77.1598,46.5467],[77.2278,46.5585],[77.2637,46.6012],[77.2834,46.6118],[77.3069,46.618],[77.3891,46.6236],[77.463,46.6421],[77.6193,46.6318],[77.6478,46.6421],[77.6281,46.6468],[77.6146,46.6565],[77.6143,46.666],[77.6349,46.6701],[77.669,46.6559],[77.7099,46.6701],[77.7299,46.6554],[77.767,46.6486],[77.8392,46.6495],[77.8768,46.658],[77.8936,46.6577],[77.959,46.6271],[78.0585,46.5971],[78.0723,46.5982],[78.1185,46.6112],[78.1344,46.6118],[78.1491,46.6068],[78.1624,46.5944],[78.1824,46.5603],[78.1965,46.5512],[78.2171,46.5603],[78.2318,46.5453],[78.2442,46.499],[78.258,46.4784],[78.2984,46.4596],[78.3095,46.4572],[78.3266,46.4617],[78.331,46.4729],[78.3266,46.5026],[78.3325,46.5091],[78.3593,46.5229],[78.3672,46.5329],[78.3655,46.5441],[78.346,46.5773],[78.3478,46.6327],[78.3537,46.663],[78.3672,46.6839],[78.3805,46.671],[78.3878,46.653],[78.3881,46.633],[78.3802,46.615],[78.4026,46.6041],[78.4108,46.618],[78.4188,46.6592],[78.4373,46.6727],[78.4597,46.6763],[78.4641,46.6718],[78.4355,46.6421],[78.4414,46.62],[78.4485,46.6077],[78.4561,46.6012],[78.4753,46.6244],[78.4885,46.6339],[78.4938,46.6665],[78.5315,46.6975],[78.5733,46.7172],[78.591,46.7484],[78.6039,46.7519],[78.6275,46.749],[78.6896,46.7316],[78.744,46.739],[78.7552,46.7345],[78.772,46.7204],[78.7826,46.7172],[78.7929,46.7083],[78.807,46.6869],[78.8179,46.6621],[78.8197,46.6421],[78.7926,46.6292],[78.7926,46.6218],[78.923,46.63],[78.9324,46.6359],[78.9192,46.6527],[78.9033,46.6609],[78.8476,46.6763],[78.7985,46.7304],[78.7685,46.7475],[78.769,46.7663],[78.7796,46.7852],[78.7958,46.7937],[78.8662,46.8058],[78.888,46.8067],[78.9242,46.7931],[78.9542,46.7699],[78.9872,46.7496],[79.0319,46.7451],[79.0275,46.7537],[79.0251,46.7863],[79.0166,46.8049],[79.0187,46.812],[79.0319,46.8211],[79.1188,46.8161],[79.1385,46.8099],[79.1797,46.7763],[79.1979,46.7487],[79.2256,46.736],[79.2586,46.6627],[79.24,46.623],[79.2221,46.6041],[79.2,46.6112],[79.1832,46.6127],[79.0934,46.6012],[79.0755,46.5938],[79.0681,46.555],[79.0655,46.4949],[79.0614,46.4796],[79.0525,46.464],[79.0257,46.4337]]]},"properties":{"name":"Lake Balkhash"}},{"type":"Feature","geometry":{"type":"Polygon","coordinates":[[[31.3605,2.2623],[31.3582,2.2535],[31.3617,2.1993],[31.3894,2.161],[31.3947,2.1375],[31.3785,2.1207],[31.4038,2.0583],[31.4053,2.0248],[31.3855,1.9974],[31.4038,1.9532],[31.4062,1.9147],[31.4,1.8999],[31.3947,1.8631],[31.3811,1.8378],[31.3596,1.8243],[31.3308,1.8328],[31.322,1.8122],[31.3158,1.7598],[31.3096,1.7372],[31.2958,1.7118],[31.2819,1.6957],[31.2413,1.6683],[31.1839,1.6144],[31.1236,1.582],[31.1112,1.5788],[31.0756,1.5861],[31.0632,1.5788],[31.0497,1.5864],[31.0367,1.5561],[31.0082,1.542],[30.9743,1.5329],[30.9467,1.5176],[30.9287,1.4925],[30.8984,1.4334],[30.7309,1.2397],[30.7206,1.2241],[30.7188,1.1929],[30.7144,1.1749],[30.604,1.0581],[30.6067,1.0483],[30.5905,1.0445],[30.604,1.0377],[30.604,1.0316],[30.5911,1.0274],[30.5775,1.028],[30.5655,1.0336],[30.556,1.0445],[30.5466,1.038],[30.5337,1.0139],[30.5304,1.0242],[30.5357,1.0581],[30.5063,1.0345],[30.4977,1.0345],[30.4919,1.0448],[30.5078,1.0725],[30.5098,1.0946],[30.488,1.1408],[30.4942,1.1599],[30.4874,1.1811],[30.4863,1.1991],[30.5078,1.2091],[30.5078,1.2158],[30.4933,1.2235],[30.4668,1.2506],[30.4607,1.2662],[30.4551,1.2715],[30.4524,1.2297],[30.448,1.2303],[30.4462,1.2364],[30.4327,1.2226],[30.4303,1.2397],[30.4212,1.2541],[30.4077,1.2612],[30.3924,1.2568],[30.3921,1.2785],[30.3985,1.2977],[30.3859,1.3103],[30.393,1.3239],[30.4088,1.3348],[30.4221,1.3395],[30.4524,1.4013],[30.4768,1.4416],[30.4848,1.464],[30.491,1.4967],[30.4986,1.509],[30.5086,1.5193],[30.526,1.529],[30.5493,1.5652],[30.5964,1.5873],[30.6214,1.6029],[30.632,1.6238],[30.6385,1.6456],[30.6541,1.663],[30.725,1.7068],[30.7344,1.7157],[30.745,1.7457],[30.7659,1.7569],[30.8162,1.7987],[30.9125,1.9067],[30.954,1.9291],[30.9837,1.9323],[31.0049,1.9409],[31.0252,1.9665],[31.067,2.0027],[31.1112,2.0315],[31.1521,2.0451],[31.183,2.0895],[31.2016,2.1066],[31.2113,2.1116],[31.2369,2.1169],[31.2413,2.1475],[31.2943,2.1908],[31.3034,2.2058],[31.3064,2.2264],[31.3143,2.2452],[31.3252,2.2623],[31.3676,2.31],[31.3864,2.3226],[31.4391,2.3412],[31.4509,2.3483],[31.4612,2.3597],[31.4694,2.3977],[31.4747,2.4083],[31.4744,2.3589],[31.468,2.3359],[31.412,2.3094],[31.3726,2.2794],[31.3605,2.2623]]]},"properties":{"name":"Lake Albert"}},{"type":"Feature","geometry":{"type":"MultiPolygon","coordinates":[[[[32.1972,0.0],[32.1936,0.0137],[32.208,0.0372],[32.2054,0.0216],[32.2003,0.0166],[32.2128,0.0],[32.1972,0.0]]],[[[32.2916,0.0019],[32.2795,0.019],[32.2483,0.044],[32.2557,0.0513],[32.286,0.0375],[32.3243,0.0269],[32.3522,0.0095],[32.3522,0.0],[32.2916,0.0019]]],[[[32.3749,0.054],[32.3655,0.0855],[32.3861,0.0917],[32.4011,0.0778],[32.4211,0.0828],[32.4391,0.0993],[32.4476,0.119],[32.4591,0.1087],[32.4579,0.0952],[32.4411,0.0713],[32.4196,0.0552],[32.422,0.0487],[32.4376,0.0337],[32.452,0.0301],[32.4818,0.0678],[32.4882,0.0834],[32.4959,0.0855],[32.5006,0.0808],[32.5094,0.0513],[32.518,0.0566],[32.5239,0.074],[32.53,0.0781],[32.5398,0.0749],[32.5471,0.0658],[32.5574,0.044],[32.5701,0.0605],[32.5439,0.1023],[32.5506,0.119],[32.578,0.1052],[32.588,0.1079],[32.5715,0.1335],[32.5983,0.1402],[32.5983,0.147],[32.5715,0.1614],[32.5754,0.1747],[32.563,0.1897],[32.568,0.1985],[32.5789,0.2015],[32.5948,0.1962],[32.5983,0.2085],[32.616,0.2115],[32.6348,0.2733],[32.6454,0.2909],[32.6628,0.2889],[32.6669,0.2768],[32.6634,0.2633],[32.6478,0.2477],[32.6481,0.2309],[32.6566,0.2221],[32.6734,0.2365],[32.6808,0.2221],[32.6575,0.1832],[32.6613,0.1717],[32.6905,0.1673],[32.6993,0.1741],[32.7149,0.2085],[32.7249,0.2059],[32.7417,0.1738],[32.7284,0.1664],[32.7111,0.1446],[32.704,0.1402],[32.6858,0.1411],[32.6625,0.1329],[32.6531,0.1335],[32.6607,0.1199],[32.6613,0.0984],[32.6666,0.0917],[32.6822,0.089],[32.7111,0.1061],[32.744,0.1158],[32.749,0.1229],[32.7561,0.1261],[32.7967,0.1061],[32.7991,0.1388],[32.8106,0.1614],[32.8173,0.1614],[32.8223,0.1497],[32.8453,0.1517],[32.8591,0.147],[32.8532,0.1632],[32.8515,0.1811],[32.8591,0.1811],[32.8641,0.1688],[32.8777,0.1906],[32.893,0.1956],[32.8856,0.1811],[32.8992,0.1811],[32.8859,0.1611],[32.8874,0.1526],[32.8992,0.147],[32.8777,0.1364],[32.8715,0.127],[32.8762,0.1158],[32.888,0.1073],[32.8927,0.1073],[32.893,0.0887],[32.9012,0.0769],[32.9207,0.0778],[32.9863,0.1011],[33.0081,0.1129],[33.0776,0.1661],[33.092,0.1862],[33.1052,0.2221],[33.0717,0.2235],[33.0431,0.2288],[33.0787,0.25],[33.0787,0.2568],[33.0711,0.2568],[33.0711,0.263],[33.0987,0.2518],[33.1238,0.2471],[33.1235,0.2397],[33.1129,0.2256],[33.117,0.2144],[33.1264,0.2171],[33.1394,0.2288],[33.1388,0.2474],[33.1509,0.2512],[33.1673,0.263],[33.1564,0.2765],[33.1506,0.2974],[33.1538,0.3163],[33.1706,0.3245],[33.1888,0.3289],[33.22,0.3475],[33.2386,0.3519],[33.2698,0.3731],[33.2707,0.3863],[33.2668,0.3904],[33.21,0.3984],[33.1929,0.406],[33.1874,0.4281],[33.2109,0.4228],[33.2359,0.4272],[33.2503,0.4405],[33.2418,0.4617],[33.283,0.4829],[33.2907,0.4396],[33.3186,0.4375],[33.3457,0.4564],[33.3519,0.4752],[33.366,0.497],[33.3852,0.4908],[33.3893,0.4846],[33.3722,0.4617],[33.3498,0.4219],[33.366,0.4072],[33.3493,0.3919],[33.3257,0.3893],[33.3101,0.3819],[33.3178,0.3519],[33.3286,0.3595],[33.366,0.3731],[33.3699,0.3639],[33.369,0.3551],[33.3593,0.3389],[33.3769,0.343],[33.3949,0.3413],[33.4276,0.3245],[33.4243,0.3389],[33.4137,0.3457],[33.442,0.3563],[33.4558,0.3578],[33.4691,0.3519],[33.4549,0.3457],[33.4658,0.3307],[33.4947,0.3189],[33.4891,0.3048],[33.5082,0.3004],[33.5079,0.2833],[33.495,0.2703],[33.4758,0.2774],[33.4891,0.2836],[33.459,0.2945],[33.444,0.2954],[33.4343,0.2909],[33.4184,0.2977],[33.4002,0.2977],[33.4055,0.2889],[33.4134,0.2836],[33.4343,0.2774],[33.4208,0.27],[33.4334,0.2612],[33.4479,0.2568],[33.4264,0.2436],[33.4396,0.2274],[33.4655,0.2088],[33.4823,0.1879],[33.4891,0.1879],[33.4864,0.2162],[33.4876,0.2303],[33.4926,0.2365],[33.5011,0.2321],[33.5038,0.2215],[33.5026,0.1956],[33.522,0.2179],[33.5306,0.2221],[33.5256,0.2006],[33.5162,0.1811],[33.5312,0.1856],[33.5368,0.2018],[33.5441,0.2018],[33.5459,0.1859],[33.5556,0.1797],[33.5665,0.1838],[33.5715,0.1985],[33.58,0.2076],[33.6174,0.2271],[33.6262,0.2462],[33.6189,0.2989],[33.6198,0.311],[33.6295,0.3207],[33.6421,0.3233],[33.6557,0.3198],[33.6678,0.311],[33.6857,0.326],[33.7087,0.3322],[33.7355,0.326],[33.749,0.3192],[33.7558,0.311],[33.7334,0.3068],[33.7151,0.2983],[33.7019,0.2842],[33.6951,0.263],[33.7063,0.268],[33.7184,0.2689],[33.7428,0.263],[33.7428,0.2568],[33.7204,0.2333],[33.7098,0.2153],[33.7087,0.2018],[33.7219,0.1932],[33.777,0.1879],[33.7876,0.1979],[33.7861,0.2206],[33.7899,0.2365],[33.8046,0.2203],[33.8093,0.1773],[33.8179,0.1538],[33.8235,0.1667],[33.8314,0.2085],[33.862,0.1885],[33.8938,0.1738],[33.8953,0.1923],[33.9159,0.2044],[33.9209,0.2191],[33.9721,0.263],[33.9818,0.2656],[33.993,0.2515],[34.0036,0.2256],[33.9916,0.1811],[33.9883,0.119],[33.9824,0.1061],[33.9742,0.1028],[33.958,0.1058],[33.9551,0.0952],[33.9562,0.0755],[33.9618,0.0575],[33.986,0.0381],[33.9937,0.0],[32.8056,0.0],[32.8109,0.0192],[32.7894,0.0372],[32.7894,0.0166],[32.7735,0.0207],[32.767,0.0116],[32.7657,0.0],[32.3691,0.0],[32.3749,0.054]],[[33.1947,0.1614],[33.1768,0.1614],[33.1659,0.147],[33.1641,0.1255],[33.1735,0.1061],[33.1809,0.1173],[33.1841,0.1499],[33.1947,0.1614]],[[33.3039,0.044],[33.283,0.044],[33.2904,0.0637],[33.2642,0.0575],[33.2503,0.0496],[33.2477,0.0354],[33.2562,0.0104],[33.2845,0.0219],[33.296,0.0307],[33.3039,0.044]],[[33.4002,0.2568],[33.381,0.2874],[33.371,0.2977],[33.3519,0.2977],[33.3519,0.2909],[33.3657,0.2851],[33.3722,0.27],[33.3569,0.2745],[33.3498,0.2671],[33.3472,0.2544],[33.3519,0.2427],[33.3381,0.25],[33.3292,0.2391],[33.3198,0.2403],[33.3145,0.248],[33.3178,0.263],[33.296,0.2633],[33.2939,0.2742],[33.3039,0.2883],[33.3178,0.2977],[33.2983,0.3051],[33.2386,0.2977],[33.205,0.2559],[33.2551,0.2079],[33.2633,0.1985],[33.2621,0.1915],[33.2562,0.1844],[33.2456,0.1811],[33.2077,0.1879],[33.2283,0.1538],[33.235,0.1538],[33.2468,0.165],[33.2645,0.1532],[33.2792,0.1299],[33.283,0.1061],[33.2939,0.1099],[33.3013,0.1176],[33.3045,0.1279],[33.3039,0.1402],[33.3107,0.1402],[33.3101,0.1002],[33.3163,0.0849],[33.3325,0.0781],[33.3392,0.0799],[33.3448,0.0855],[33.3245,0.097],[33.3192,0.119],[33.3251,0.1417],[33.3381,0.1538],[33.3251,0.1602],[33.3178,0.1714],[33.3169,0.1841],[33.3245,0.1956],[33.3183,0.2109],[33.3248,0.2191],[33.3363,0.2174],[33.3448,0.2018],[33.3593,0.2174],[33.3663,0.2191],[33.3722,0.2159],[33.3869,0.2512],[33.4002,0.2568]],[[33.7811,0.0728],[33.8314,0.0637],[33.8523,0.0731],[33.8635,0.0737],[33.8794,0.0637],[33.8826,0.0787],[33.8667,0.0905],[33.8438,0.0958],[33.8246,0.0917],[33.8123,0.1152],[33.7861,0.1158],[33.7655,0.1008],[33.7696,0.0781],[33.7811,0.0728]]]]},"properties":{"name":"Lake Victoria"}},{"type":"Feature","geometry":{"type":"Polygon","coordinates":[[[14.7337,13.0808],[14.7681,13.0699],[14.7207,13.0522],[14.6986,13.039],[14.6907,13.0095],[14.6813,13.0019],[14.6786,12.9954],[14.6839,12.9833],[14.6813,12.9777],[14.6371,12.973],[14.6195,12.9901],[14.5988,12.9963],[14.5882,12.9913],[14.5785,12.9742],[14.5715,12.9716],[14.5606,12.9845],[14.5509,12.986],[14.5091,12.978],[14.4955,12.9701],[14.479,12.9524],[14.4734,12.9371],[14.469,12.9392],[14.462,12.9574],[14.4525,12.9436],[14.4523,12.933],[14.4487,12.9265],[14.4414,12.9333],[14.4325,12.9362],[14.4234,12.9309],[14.3984,12.9071],[14.4102,12.8944],[14.4066,12.8821],[14.3875,12.8824],[14.3725,12.873],[14.343,12.8791],[14.3186,12.8703],[14.3133,12.875],[14.3104,12.885],[14.2689,12.8883],[14.2759,12.8986],[14.288,12.9042],[14.2733,12.9383],[14.2936,12.9468],[14.2859,12.9618],[14.2718,12.9739],[14.2709,12.9848],[14.2606,12.9939],[14.2474,12.9992],[14.2577,13.0098],[14.283,13.0131],[14.2939,13.0195],[14.2904,13.0422],[14.2739,13.0581],[14.2851,13.0616],[14.3248,13.0572],[14.3024,13.109],[14.2965,13.1182],[14.2848,13.1252],[14.2789,13.1361],[14.3068,13.1267],[14.346,13.0887],[14.3628,13.0678],[14.3807,13.0637],[14.3731,13.0834],[14.3713,13.1026],[14.3595,13.1123],[14.3448,13.1187],[14.3033,13.1655],[14.3004,13.1726],[14.3089,13.1717],[14.3372,13.1591],[14.3563,13.1588],[14.3636,13.1629],[14.3669,13.1703],[14.3642,13.1803],[14.374,13.1938],[14.4375,13.2235],[14.469,13.2144],[14.4626,13.2224],[14.4643,13.2306],[14.5132,13.2512],[14.5367,13.2536],[14.5706,13.2277],[14.6077,13.1929],[14.6142,13.2026],[14.6097,13.2174],[14.6318,13.2124],[14.6512,13.2159],[14.6674,13.2056],[14.6736,13.1885],[14.6668,13.177],[14.671,13.1644],[14.6754,13.1573],[14.6927,13.1488],[14.7028,13.1349],[14.7187,13.1279],[14.7187,13.0987],[14.7337,13.0808]]]},"properties":{"name":"Lake Chad"}},{"type":"Feature","geometry":{"type":"Polygon","coordinates":[[[37.3052,11.7311],[37.2923,11.7988],[37.2722,11.8165],[37.2246,11.8303],[37.2098,11.8303],[37.1674,11.81],[37.1486,11.8103],[37.1321,11.8165],[37.123,11.8259],[37.1198,11.8394],[37.1206,11.8583],[37.1018,11.8503],[37.0865,11.8035],[37.0697,11.8303],[37.0394,11.8412],[37.0356,11.8615],[37.0262,11.8798],[37.0108,11.8898],[36.9914,11.8854],[36.9873,11.9054],[37.0008,11.9354],[36.9994,11.9551],[37.0153,12.1709],[37.0244,12.1883],[37.0682,12.2421],[37.0812,12.2521],[37.11,12.2619],[37.1374,12.2813],[37.1554,12.2766],[37.1674,12.2589],[37.176,12.2201],[37.1963,12.2077],[37.2122,12.2206],[37.2266,12.2195],[37.251,12.2077],[37.2681,12.2092],[37.2758,12.2156],[37.2949,12.2648],[37.3017,12.2745],[37.3267,12.2892],[37.3376,12.291],[37.3479,12.2851],[37.3608,12.2689],[37.3782,12.2851],[37.3947,12.2901],[37.4291,12.2895],[37.4786,12.3092],[37.4986,12.3039],[37.5383,12.2368],[37.5463,12.2077],[37.5598,12.1803],[37.5919,12.1382],[37.601,12.112],[37.5981,12.0758],[37.5804,12.0158],[37.5666,11.9919],[37.5737,11.981],[37.5607,11.9684],[37.5489,11.9348],[37.5389,11.9201],[37.5257,11.9139],[37.5004,11.9127],[37.4912,11.906],[37.5116,11.8583],[37.5057,11.8383],[37.4712,11.8235],[37.4568,11.8103],[37.4503,11.7694],[37.4285,11.7464],[37.4291,11.7217],[37.4091,11.6905],[37.4062,11.6619],[37.3868,11.6319],[37.37,11.6243],[37.3505,11.6257],[37.3267,11.6322],[37.3155,11.6484],[37.2937,11.664],[37.2926,11.6802],[37.299,11.6976],[37.3079,11.6976],[37.319,11.6923],[37.3335,11.6937],[37.3441,11.7046],[37.3367,11.7123],[37.3129,11.7217],[37.3052,11.7311]]]},"properties":{"name":"Lake Tana"}},{"type":"Feature","geometry":{"type":"MultiPolygon","coordinates":[[[[28.1543,57.9913],[28.1402,57.9731],[28.1655,57.938],[28.1696,57.9171],[28.1623,57.8959],[28.1325,57.863],[28.1266,57.8591],[27.9606,57.855],[27.9403,57.8618],[27.9321,57.8874],[27.9203,57.9033],[27.8935,57.9115],[27.842,57.9213],[27.897,57.9357],[27.8988,57.9469],[27.8903,57.9557],[27.8761,57.9613],[27.8149,57.9742],[27.7878,57.9901],[27.7831,58.0],[28.1563,58.0],[28.1543,57.9913]]],[[[27.6391,58.0],[27.6159,57.9636],[27.6021,57.9848],[27.5971,58.0],[27.6391,58.0]]]]},"properties":{"name":"Lake Pskov"}},{"type":"Feature","geometry":{"type":"Polygon","coordinates":[[[76.7359,54.8125],[76.7156,54.8178],[76.7871,54.8543],[76.8103,54.889],[76.8386,54.8952],[76.9128,54.8949],[76.9422,54.9073],[77.004,54.9134],[77.0352,54.9317],[77.052,54.9346],[77.0982,54.9288],[77.1135,54.9346],[77.1135,54.9279],[77.14,54.9343],[77.1665,54.9296],[77.1786,54.9187],[77.1618,54.9073],[77.1188,54.9161],[77.1077,54.9155],[77.1241,54.8964],[77.1807,54.864],[77.2434,54.8036],[77.2637,54.7975],[77.2696,54.816],[77.3022,54.8351],[77.2978,54.8446],[77.3131,54.8575],[77.3261,54.8743],[77.3461,54.9134],[77.2966,54.9043],[77.2846,54.9073],[77.2828,54.9164],[77.2916,54.9544],[77.2916,54.9497],[77.3137,54.9726],[77.3523,54.9991],[77.3938,55.0209],[77.425,55.0303],[77.5421,55.0439],[77.6199,55.0671],[77.6478,55.058],[77.6313,55.0577],[77.6272,55.0439],[77.6837,55.063],[77.7032,55.0642],[77.6993,55.0544],[77.6896,55.0506],[77.7099,55.0439],[77.6825,55.0303],[77.7558,55.0238],[77.7918,55.0132],[77.8191,54.9956],[77.8362,55.0094],[77.8518,55.0129],[77.8945,55.0097],[77.9283,55.0303],[77.9413,55.0309],[78.0122,55.0177],[78.0467,55.0018],[78.0691,54.9779],[78.0723,54.9482],[78.0529,54.9152],[78.0217,54.9014],[77.913,54.8984],[77.8904,54.8943],[77.8465,54.8793],[77.7868,54.8531],[77.7653,54.8519],[77.7753,54.8681],[77.7918,54.8793],[77.7623,54.8817],[77.7441,54.8787],[77.7302,54.8725],[77.7214,54.8605],[77.7164,54.8366],[77.7099,54.8248],[77.6878,54.8092],[77.6001,54.7836],[77.5539,54.7607],[77.5433,54.7483],[77.5592,54.7421],[77.5851,54.7477],[77.6272,54.778],[77.6552,54.7901],[77.6555,54.768],[77.6478,54.7489],[77.6622,54.7465],[77.6858,54.7324],[77.7032,54.7286],[77.7214,54.7433],[77.7302,54.7421],[77.7314,54.718],[77.7394,54.6992],[77.7382,54.6844],[77.7314,54.6721],[77.7126,54.6635],[77.7129,54.6571],[77.7185,54.6529],[77.7455,54.6674],[77.7553,54.6662],[77.7653,54.6597],[77.7508,54.6465],[77.7873,54.6515],[77.7985,54.6465],[77.7532,54.6264],[77.7267,54.6332],[77.6614,54.6329],[77.646,54.6261],[77.6037,54.5982],[77.5624,54.607],[77.5454,54.6055],[77.5566,54.6153],[77.5566,54.6232],[77.5474,54.6273],[77.5312,54.6261],[77.5775,54.6447],[77.5934,54.6465],[77.5934,54.6526],[77.5766,54.6685],[77.5548,54.6727],[77.5039,54.6597],[77.4768,54.6715],[77.4423,54.6759],[77.4147,54.6841],[77.4076,54.708],[77.3864,54.7018],[77.3632,54.7012],[77.3499,54.6891],[77.3405,54.6877],[77.3326,54.7012],[77.3231,54.683],[77.3099,54.6809],[77.2958,54.6888],[77.2846,54.7012],[77.3205,54.7156],[77.395,54.7171],[77.4288,54.7218],[77.4017,54.7306],[77.3667,54.7321],[77.236,54.7192],[77.2054,54.7201],[77.2098,54.7354],[77.1274,54.7306],[77.0885,54.7156],[77.0691,54.7245],[77.0388,54.7489],[77.0161,54.7483],[76.9949,54.738],[76.9558,54.7115],[76.9455,54.7083],[76.8886,54.7059],[76.8663,54.6939],[76.8619,54.7042],[76.8663,54.7148],[76.8474,54.7171],[76.7921,54.6877],[76.7694,54.6874],[76.7524,54.6936],[76.7223,54.7148],[76.7303,54.7318],[76.7223,54.7489],[76.7382,54.7471],[76.7488,54.7395],[76.7547,54.7271],[76.7565,54.7115],[76.7624,54.71],[76.7924,54.7212],[76.8042,54.7218],[76.7741,54.7451],[76.7641,54.758],[76.7465,54.8042],[76.7359,54.8125]]]},"properties":{"name":"Lake Chany"}},{"type":"Feature","geometry":{"type":"Polygon","coordinates":[[[33.1606,1.6335],[33.1559,1.6303],[33.1547,1.6315],[33.1556,1.6321],[33.1606,1.6335]]]},"properties":{"name":""}},{"type":"Feature","geometry":{"type":"Polygon","coordinates":[[[6.9165,46.4419],[6.9354,46.4231],[6.9139,46.4043],[6.8677,46.4025],[6.6972,46.4231],[6.4994,46.4093],[6.4791,46.389],[6.4082,46.3654],[6.3937,46.3513],[6.3837,46.348],[6.3761,46.3507],[6.3555,46.3716],[6.2948,46.3739],[6.2371,46.3124],[6.183,46.2388],[6.1332,46.2047],[6.1403,46.2203],[6.1532,46.2312],[6.16,46.2689],[6.1765,46.3001],[6.3184,46.4511],[6.3346,46.4614],[6.3528,46.4673],[6.4191,46.4731],[6.4358,46.4796],[6.495,46.5132],[6.5109,46.5176],[6.5977,46.5223],[6.6201,46.5194],[6.8712,46.4587],[6.9165,46.4419]]]},"properties":{"name":"Lake Geneva"}},{"type":"Feature","geometry":{"type":"Polygon","coordinates":[[[-6.52,54.7289],[-6.5104,54.7395],[-6.4973,54.7465],[-6.4841,54.7477],[-6.4709,54.7407],[-6.4767,54.7192],[-6.4694,54.7086],[-6.4444,54.7068],[-6.4115,54.6971],[-6.3842,54.6997],[-6.3493,54.7106],[-6.3141,54.713],[-6.2782,54.7242],[-6.2596,54.7227],[-6.2465,54.7159],[-6.2393,54.7065],[-6.2385,54.6956],[-6.2448,54.6838],[-6.2935,54.6541],[-6.3163,54.612],[-6.3072,54.607],[-6.2729,54.61],[-6.2633,54.5976],[-6.267,54.5832],[-6.2797,54.5752],[-6.3085,54.5661],[-6.3157,54.5561],[-6.3397,54.5546],[-6.3406,54.5505],[-6.3328,54.542],[-6.3347,54.5346],[-6.3597,54.5261],[-6.3597,54.5214],[-6.336,54.5013],[-6.3852,54.4849],[-6.3998,54.4834],[-6.413,54.4878],[-6.4304,54.5019],[-6.4427,54.5078],[-6.4772,54.5111],[-6.5431,54.506],[-6.5758,54.5149],[-6.603,54.5267],[-6.6123,54.5364],[-6.6098,54.5499],[-6.6036,54.5537],[-6.5777,54.5584],[-6.5659,54.5743],[-6.5334,54.5944],[-6.5165,54.6135],[-6.5109,54.637],[-6.5185,54.6665],[-6.5288,54.6909],[-6.5288,54.7027],[-6.52,54.7289]]]},"properties":{"name":"Lough Neagh"}},{"type":"Feature","geometry":{"type":"Polygon","coordinates":[[[14.3563,57.9766],[14.3386,57.9613],[14.2856,57.8883],[14.2659,57.8465],[14.2674,57.8188],[14.2527,57.8047],[14.2294,57.7938],[14.202,57.7873],[14.1756,57.7847],[14.1555,57.7923],[14.1464,57.8103],[14.1373,57.8539],[14.1258,57.8712],[14.1014,57.898],[14.0867,57.9439],[14.1234,57.9766],[14.1414,58.0],[14.4129,58.0],[14.3563,57.9766]]]},"properties":{"name":"Vättern"}},{"type":"Feature","geometry":{"type":"Polygon","coordinates":[[[9.7321,47.5384],[9.7445,47.5199],[9.6897,47.5199],[9.6815,47.5031],[9.6762,47.4993],[9.6488,47.4993],[9.6429,47.5017],[9.6412,47.5105],[9.6347,47.5123],[9.6079,47.4993],[9.5929,47.4993],[9.5788,47.5017],[9.5529,47.5123],[9.5178,47.4928],[9.4946,47.4881],[9.398,47.544],[9.3807,47.5744],[9.3712,47.5811],[9.2067,47.6474],[9.1828,47.6706],[9.2064,47.6724],[9.2055,47.6815],[9.1828,47.7042],[9.1616,47.7469],[9.1487,47.7595],[9.131,47.7678],[9.091,47.7792],[9.073,47.7875],[9.0401,47.811],[9.0321,47.8207],[9.0719,47.8166],[9.1761,47.7657],[9.2108,47.7595],[9.2223,47.7292],[9.2267,47.7248],[9.3224,47.6818],[9.3412,47.678],[9.403,47.675],[9.4566,47.6565],[9.4881,47.6538],[9.5072,47.6421],[9.5217,47.6126],[9.5375,47.5991],[9.5529,47.5935],[9.5944,47.5882],[9.6347,47.5744],[9.6762,47.554],[9.7186,47.5467],[9.7321,47.5384]]]},"properties":{"name":"Bodensee"}},{"type":"Feature","geometry":{"type":"Polygon","coordinates":[[[33.4964,1.6547],[33.4891,1.6547],[33.4964,1.6335],[33.4543,1.6438],[33.4031,1.6494],[33.3519,1.6418],[33.3178,1.6132],[33.2874,1.6232],[33.2601,1.6118],[33.2147,1.572],[33.1979,1.5738],[33.1753,1.5647],[33.1556,1.5499],[33.1411,1.5232],[33.1099,1.5155],[33.0952,1.507],[33.0929,1.4922],[33.1082,1.4808],[33.147,1.469],[33.17,1.4684],[33.2215,1.4902],[33.2147,1.4766],[33.2577,1.4864],[33.2762,1.4858],[33.2771,1.469],[33.2621,1.4763],[33.2498,1.4705],[33.2442,1.4572],[33.2495,1.4419],[33.1997,1.4393],[33.1794,1.431],[33.1532,1.4137],[33.1662,1.4004],[33.2,1.4001],[33.2215,1.3945],[33.2215,1.3872],[33.1947,1.3945],[33.203,1.3813],[33.2224,1.378],[33.2433,1.383],[33.2562,1.3945],[33.2783,1.383],[33.2866,1.3919],[33.2904,1.4213],[33.3166,1.426],[33.3325,1.4237],[33.3381,1.4137],[33.3292,1.4036],[33.3157,1.4054],[33.3066,1.4031],[33.3107,1.3804],[33.3145,1.3754],[33.3284,1.3771],[33.3331,1.3719],[33.3245,1.3636],[33.3272,1.3545],[33.3519,1.3318],[33.3292,1.3047],[33.3178,1.3115],[33.2845,1.2983],[33.2689,1.2894],[33.2624,1.2809],[33.2739,1.2323],[33.2698,1.2158],[33.2568,1.2273],[33.2418,1.2226],[33.2406,1.2417],[33.2336,1.2656],[33.2147,1.3053],[33.2009,1.2977],[33.1865,1.3115],[33.1747,1.308],[33.1532,1.2847],[33.1526,1.2871],[33.1332,1.2847],[33.1205,1.2777],[33.1129,1.2774],[33.13,1.3192],[33.13,1.3256],[33.1026,1.3489],[33.0946,1.3477],[33.0678,1.3674],[33.0475,1.3589],[33.0284,1.3757],[32.9784,1.3948],[32.941,1.4228],[32.8995,1.4413],[32.8515,1.4281],[32.8727,1.4213],[32.8591,1.3945],[32.8515,1.3945],[32.8479,1.406],[32.8376,1.4137],[32.8438,1.3842],[32.8797,1.3401],[32.893,1.3115],[32.8856,1.3115],[32.8783,1.3206],[32.8653,1.3256],[32.8691,1.3106],[32.8794,1.2977],[32.8585,1.3089],[32.8468,1.3368],[32.8312,1.4013],[32.8112,1.3989],[32.7832,1.421],[32.7629,1.4137],[32.742,1.4163],[32.7243,1.3992],[32.7199,1.3777],[32.7487,1.3639],[32.7567,1.3495],[32.7726,1.3418],[32.7761,1.3309],[32.7764,1.3053],[32.7382,1.3536],[32.7205,1.3568],[32.6772,1.3742],[32.6454,1.3804],[32.6195,1.3804],[32.6007,1.3869],[32.5842,1.3969],[32.5715,1.4086],[32.5642,1.4213],[32.5506,1.431],[32.5424,1.4484],[32.5374,1.4507],[32.5392,1.4602],[32.5486,1.4675],[32.5577,1.4993],[32.5568,1.514],[32.5436,1.5237],[32.5609,1.5311],[32.5824,1.5052],[32.6019,1.497],[32.6625,1.4893],[32.6808,1.4902],[32.6949,1.4987],[32.7396,1.5382],[32.7576,1.5714],[32.8106,1.6],[32.8173,1.6],[32.8182,1.5903],[32.8176,1.5814],[32.8106,1.5652],[32.7967,1.5788],[32.7888,1.5652],[32.7891,1.5529],[32.7964,1.5432],[32.8106,1.5379],[32.8421,1.5564],[32.8515,1.5517],[32.8709,1.5588],[32.8992,1.5558],[32.9136,1.572],[32.9357,1.5535],[32.9798,1.5679],[32.9954,1.5585],[32.9825,1.5379],[33.0084,1.5423],[33.0334,1.5602],[33.0711,1.6],[33.0893,1.6118],[33.0917,1.6168],[33.0876,1.6356],[33.1076,1.6497],[33.1164,1.6456],[33.1164,1.6359],[33.1052,1.6274],[33.1052,1.6206],[33.1249,1.6056],[33.1332,1.6062],[33.1559,1.6303],[33.1606,1.6274],[33.1532,1.6206],[33.1706,1.6271],[33.1759,1.6494],[33.1841,1.665],[33.1921,1.6715],[33.2077,1.6683],[33.2071,1.6636],[33.2144,1.6556],[33.2239,1.653],[33.2418,1.6889],[33.2515,1.6921],[33.2571,1.6895],[33.2592,1.6821],[33.2509,1.6745],[33.2503,1.6577],[33.2577,1.6412],[33.2736,1.6335],[33.2854,1.6391],[33.311,1.6653],[33.3245,1.6745],[33.3769,1.6821],[33.3928,1.6889],[33.4205,1.748],[33.4379,1.774],[33.4549,1.7639],[33.4399,1.7551],[33.4343,1.7324],[33.4361,1.6706],[33.4552,1.6848],[33.4758,1.6889],[33.4691,1.6547],[33.4758,1.6547],[33.4838,1.6603],[33.4964,1.6547]],[[32.8653,1.4487],[32.7514,1.4469],[32.7417,1.4487],[32.727,1.4616],[32.7149,1.4622],[32.7326,1.4416],[32.7511,1.4313],[32.7738,1.4295],[32.8038,1.4354],[32.8241,1.4251],[32.8653,1.4419],[32.8653,1.4487]]]},"properties":{"name":"Lake Kyoga"}},{"type":"Feature","geometry":{"type":"Polygon","coordinates":[[[17.8457,46.8482],[17.5631,46.7646],[17.5316,46.7434],[17.4745,46.7172],[17.4312,46.7139],[17.3532,46.7242],[17.3099,46.7248],[17.2752,46.7166],[17.2584,46.7181],[17.2478,46.7316],[17.2628,46.7678],[17.3032,46.7684],[17.3453,46.7581],[17.3647,46.7622],[17.3709,46.7755],[17.3862,46.7875],[17.405,46.7969],[17.423,46.8005],[17.4607,46.7984],[17.4789,46.7943],[17.4957,46.7863],[17.5469,46.8128],[17.5755,46.8231],[17.6279,46.8284],[17.6396,46.8332],[17.6717,46.8655],[17.6826,46.8699],[17.8212,46.9062],[17.8377,46.92],[17.8781,46.897],[17.8928,46.8956],[17.9019,46.907],[17.8954,46.9203],[17.8807,46.9315],[17.8651,46.9371],[17.8651,46.9438],[17.9643,46.9824],[17.9955,46.9992],[18.0229,47.0245],[18.0335,47.0407],[18.0373,47.0569],[18.0467,47.0604],[18.1121,47.0469],[18.1521,47.0274],[18.1686,47.0136],[18.1695,47.0021],[18.1359,46.9559],[18.1189,46.9438],[18.0782,46.9273],[17.939,46.8941],[17.9196,46.8956],[17.8996,46.8755],[17.8698,46.8638],[17.8457,46.8482]]]},"properties":{"name":"Lake Balaton"}},{"type":"Feature","geometry":{"type":"Polygon","coordinates":[[[79.7984,53.0057],[79.8202,53.0013],[79.8087,52.9724],[79.7808,52.9715],[79.7455,52.9751],[79.7104,52.96],[79.7201,52.9442],[79.7166,52.9238],[79.7037,52.8888],[79.7125,52.8608],[79.7301,52.8544],[79.7434,52.8644],[79.7384,52.885],[79.7631,52.8785],[79.7646,52.857],[79.7522,52.8344],[79.7346,52.8235],[79.5944,52.8305],[79.5459,52.8426],[79.4891,52.8644],[79.4367,52.8941],[79.4013,52.9306],[79.3799,52.9674],[79.3772,52.9871],[79.3893,53.0145],[79.3957,53.0534],[79.4005,53.0604],[79.4876,53.1237],[79.542,53.1311],[79.6627,53.1049],[79.6513,53.1258],[79.6277,53.1334],[79.5738,53.1384],[79.5968,53.147],[79.666,53.1384],[79.6863,53.1299],[79.714,53.0922],[79.7346,53.0837],[79.7616,53.0816],[79.7728,53.0748],[79.7725,53.0428],[79.7661,53.0289],[79.7672,53.0251],[79.7784,53.0154],[79.7984,53.0057]]]},"properties":{"name":"Ozero Kulundinskoye"}},{"type":"Feature","geometry":{"type":"Polygon","coordinates":[[[73.4325,53.0681],[73.4128,53.0563],[73.3763,53.0557],[73.3495,53.0757],[73.3274,53.1022],[73.2971,53.1281],[73.2921,53.1431],[73.2968,53.152],[73.1697,53.2273],[73.1131,53.2473],[73.0908,53.2618],[73.0663,53.3074],[73.0599,53.3362],[73.0507,53.3398],[73.0395,53.3362],[72.9845,53.293],[72.9789,53.2833],[72.9748,53.242],[72.9527,53.2588],[72.9418,53.2591],[72.9336,53.2482],[72.9221,53.2541],[72.9147,53.2632],[72.9115,53.275],[72.9127,53.2891],[72.9315,53.2862],[72.9515,53.2994],[72.9883,53.3377],[73.0089,53.3301],[73.0013,53.343],[72.9883,53.3518],[72.9639,53.3439],[72.9536,53.3465],[72.9536,53.358],[72.9636,53.3627],[72.9948,53.3642],[73.0142,53.3889],[73.0443,53.396],[73.2644,53.4022],[73.3171,53.3928],[73.4054,53.3669],[73.4358,53.341],[73.4402,53.2965],[73.4128,53.2385],[73.4075,53.174],[73.4128,53.152],[73.4305,53.1234],[73.4334,53.1111],[73.4225,53.1169],[73.4122,53.1181],[73.3925,53.1111],[73.3795,53.0996],[73.426,53.0769],[73.4325,53.0681]]]},"properties":{"name":"Siletitengiz Kli"}},{"type":"Feature","geometry":{"type":"Polygon","coordinates":[[[79.9391,55.3753],[79.9062,55.3727],[79.8859,55.3768],[79.8202,55.4068],[79.8202,55.4],[79.8031,55.4651],[79.8102,55.4757],[79.8582,55.4895],[79.9165,55.4827],[79.9412,55.4851],[79.958,55.4957],[79.9633,55.5054],[79.968,55.5263],[80.0,55.5383],[80.0,55.3869],[79.9391,55.3753]]]},"properties":{"name":"Ubinskoye Lake"}},{"type":"Feature","geometry":{"type":"Polygon","coordinates":[[[35.6373,32.8406],[35.6409,32.8208],[35.635,32.794],[35.6356,32.782],[35.6409,32.7723],[35.635,32.7696],[35.6341,32.7522],[35.5994,32.7178],[35.577,32.7202],[35.5696,32.7375],[35.5664,32.757],[35.5493,32.7696],[35.5378,32.7935],[35.5172,32.8208],[35.5237,32.852],[35.5549,32.8806],[35.5917,32.898],[35.6135,32.8959],[35.6376,32.875],[35.6409,32.865],[35.6373,32.8406]]]},"properties":{"name":"Sea of Galilee"}},{"type":"Feature","geometry":{"type":"Polygon","coordinates":[[[72.0084,56.2089],[72.0199,56.1863],[72.0199,56.1727],[71.991,56.1436],[71.9766,56.1221],[71.9663,56.0986],[71.9519,56.0797],[71.9263,56.0718],[71.8839,56.0888],[71.8403,56.1209],[71.802,56.1368],[71.775,56.1065],[71.777,56.0732],[71.775,56.0647],[71.7623,56.0576],[71.7305,56.0594],[71.6931,56.0459],[71.6796,56.0609],[71.6657,56.1065],[71.6657,56.1268],[71.6446,56.133],[71.6151,56.1604],[71.611,56.1713],[71.6195,56.1922],[71.6407,56.201],[71.7959,56.2013],[71.8226,56.1945],[71.8512,56.1766],[71.8677,56.1748],[71.8809,56.1777],[71.8795,56.1839],[71.8694,56.191],[71.8568,56.1945],[71.8809,56.2104],[71.926,56.2181],[71.9742,56.2175],[72.0084,56.2089]]]},"properties":{"name":"Ozero Tenis"}},{"type":"Feature","geometry":{"type":"Polygon","coordinates":[[[67.6636,55.8221],[67.6983,55.7904],[67.6662,55.7909],[67.6121,55.798],[67.5809,55.7904],[67.6224,55.7768],[67.5912,55.7612],[67.5823,55.7506],[67.5885,55.7365],[67.5688,55.7297],[67.5314,55.743],[67.5161,55.7397],[67.494,55.7109],[67.4802,55.6979],[67.4684,55.6979],[67.4519,55.7082],[67.4346,55.7121],[67.3769,55.7197],[67.2824,55.7515],[67.2703,55.7668],[67.2791,55.7868],[67.3039,55.8148],[67.3686,55.8383],[67.3407,55.8545],[67.3333,55.8657],[67.3551,55.8737],[67.391,55.8751],[67.4092,55.8722],[67.4169,55.8628],[67.4201,55.8383],[67.4251,55.8289],[67.4563,55.8148],[67.4781,55.7942],[67.5002,55.7795],[67.5438,55.7939],[67.5491,55.8124],[67.5541,55.8183],[67.57,55.826],[67.645,55.8263],[67.6636,55.8221]]]},"properties":{"name":"Ozero Chërnoye"}},{"type":"Feature","geometry":{"type":"Polygon","coordinates":[[[45.0387,40.4964],[44.9937,40.4987],[44.9719,40.507],[44.9604,40.5196],[44.9666,40.537],[44.9828,40.5455],[45.0014,40.5505],[45.0125,40.5582],[45.0049,40.5744],[44.9775,40.5906],[44.974,40.6021],[44.9749,40.6153],[44.9781,40.6238],[44.9863,40.6274],[45.0014,40.6253],[45.0779,40.6021],[45.0908,40.6021],[45.1,40.5903],[45.2218,40.5335],[45.2472,40.5102],[45.2763,40.4896],[45.2969,40.4793],[45.2963,40.4613],[45.3031,40.4575],[45.3305,40.454],[45.3508,40.4478],[45.3596,40.4593],[45.3505,40.4675],[45.3517,40.4796],[45.3578,40.4887],[45.4061,40.4681],[45.4397,40.4416],[45.4909,40.3857],[45.5292,40.3651],[45.5701,40.3539],[45.5836,40.3454],[45.6493,40.275],[45.6613,40.2526],[45.6663,40.2247],[45.6616,40.2011],[45.6487,40.1826],[45.6301,40.1708],[45.608,40.1667],[45.563,40.1717],[45.5086,40.1461],[45.4682,40.1634],[45.4441,40.1661],[45.4043,40.1446],[45.3805,40.1393],[45.3305,40.1393],[45.286,40.1476],[45.2542,40.1679],[45.2333,40.1997],[45.2207,40.2418],[45.228,40.3239],[45.2266,40.3719],[45.2071,40.3998],[45.1983,40.3992],[45.1659,40.3863],[45.1406,40.3978],[45.1285,40.3998],[45.125,40.4048],[45.125,40.4375],[45.1215,40.4496],[45.0908,40.454],[45.0387,40.4964]]]},"properties":{"name":"Lake Sevan"}},{"type":"Feature","geometry":{"type":"Polygon","coordinates":[[[19.475,42.0721],[19.4823,42.0653],[19.4238,42.0718],[19.372,42.088],[19.2477,42.1439],[19.2254,42.1584],[19.2083,42.1766],[19.1918,42.2234],[19.1677,42.234],[19.1059,42.2358],[19.1194,42.2434],[19.1088,42.2549],[19.1059,42.2843],[19.0779,42.3058],[19.0914,42.3108],[19.1041,42.2976],[19.1459,42.2708],[19.155,42.277],[19.1659,42.2776],[19.1753,42.2729],[19.1809,42.2637],[19.2015,42.2714],[19.2274,42.2705],[19.3207,42.2543],[19.3372,42.2552],[19.3449,42.2708],[19.3249,42.2637],[19.3175,42.2843],[19.3481,42.2785],[19.3652,42.2802],[19.3796,42.3102],[19.3967,42.3244],[19.4173,42.335],[19.4347,42.3388],[19.4105,42.3047],[19.3784,42.2682],[19.3658,42.2311],[19.3993,42.1949],[19.4264,42.1872],[19.4347,42.1813],[19.4491,42.1566],[19.465,42.1539],[19.4785,42.1413],[19.4806,42.113],[19.475,42.0721]]]},"properties":{"name":"Lake Skadar"}},{"type":"Feature","geometry":{"type":"Polygon","coordinates":[[[9.1037,47.7006],[9.1275,47.6706],[9.0159,47.6792],[8.9974,47.6742],[8.9812,47.6624],[8.9447,47.6544],[8.9055,47.6521],[8.8811,47.6565],[8.9147,47.6565],[8.9353,47.6683],[8.9862,47.6865],[9.0047,47.7042],[8.9429,47.7339],[8.9494,47.7463],[8.9562,47.7474],[8.9712,47.7389],[9.0047,47.7321],[9.0047,47.7389],[8.9836,47.7463],[8.9836,47.7525],[9.066,47.723],[9.1037,47.7006]]]},"properties":{"name":""}},{"type":"Feature","geometry":{"type":"Polygon","coordinates":[[[75.9122,32.1058],[75.9214,32.1144],[75.9187,32.1267],[75.9455,32.1353],[75.9446,32.1444],[75.9311,32.1662],[75.9326,32.1753],[75.9373,32.1776],[75.9537,32.1782],[75.9744,32.1682],[75.9982,32.137],[76.0061,32.1329],[76.012,32.1326],[76.0253,32.1579],[76.0424,32.167],[76.0429,32.1411],[76.0391,32.1152],[76.0456,32.0999],[76.0521,32.0973],[76.0706,32.1011],[76.0803,32.0858],[76.0856,32.0834],[76.1065,32.0846],[76.1109,32.0811],[76.1124,32.0767],[76.1048,32.0475],[76.1121,32.0278],[76.1224,32.0175],[76.1351,32.0146],[76.161,32.0187],[76.1689,32.0175],[76.1728,32.0137],[76.1716,32.0046],[76.161,31.991],[76.1574,31.9801],[76.161,31.9681],[76.1966,31.9062],[76.2004,31.8827],[76.1978,31.8736],[76.1884,31.8689],[76.1825,31.8694],[76.1554,31.8874],[76.1454,31.8845],[76.1336,31.8736],[76.1236,31.8733],[76.1086,31.8939],[76.0833,31.8986],[76.08,31.9024],[76.0791,31.9177],[76.0712,31.9239],[76.0512,31.9266],[76.0079,31.9413],[75.9932,31.951],[75.9635,31.9613],[75.9349,31.9645],[75.944,31.9869],[75.9543,32.0004],[75.9582,32.0369],[75.9567,32.0416],[75.9314,32.0558],[75.9317,32.0755],[75.9367,32.089],[75.9346,32.0929],[75.9137,32.1029],[75.9122,32.1058]]]},"properties":{"name":""}},{"type":"Feature","geometry":{"type":"Polygon","coordinates":[[[78.9804,33.7357],[78.9848,33.721],[78.9704,33.7116],[78.8618,33.6895],[78.8238,33.6989],[78.7582,33.6698],[78.7275,33.678],[78.6916,33.7036],[78.6563,33.7384],[78.591,33.827],[78.5636,33.8399],[78.4865,33.8932],[78.4567,33.9209],[78.4355,33.9515],[78.4355,33.9789],[78.4479,33.9677],[78.4567,33.9689],[78.4735,33.9789],[78.4973,33.9777],[78.5018,33.9736],[78.5026,33.9553],[78.5112,33.9379],[78.5453,33.8964],[78.5518,33.9079],[78.5595,33.9059],[78.5765,33.8864],[78.6107,33.8699],[78.6183,33.8461],[78.6375,33.832],[78.6796,33.7831],[78.729,33.7445],[78.759,33.7289],[78.7855,33.7251],[78.8053,33.7425],[78.8135,33.746],[78.8209,33.7448],[78.8403,33.7325],[78.8559,33.7304],[78.8682,33.7319],[78.8956,33.746],[78.9133,33.7342],[78.9624,33.7401],[78.9804,33.7357]]]},"properties":{"name":"Banggong Co"}},{"type":"Feature","geometry":{"type":"Polygon","coordinates":[[[-4.338,57.3852],[-4.3377,57.374],[-4.3966,57.3417],[-4.4156,57.3196],[-4.5176,57.2354],[-4.5537,57.2239],[-4.6046,57.1815],[-4.6708,57.1427],[-4.677,57.1486],[-4.6791,57.1568],[-4.6605,57.1644],[-4.4954,57.271],[-4.4612,57.3057],[-4.4427,57.3296],[-4.4107,57.3402],[-4.3439,57.3943],[-4.338,57.3852]]]},"properties":{"name":"Loch Ness"}},{"type":"Feature","geometry":{"type":"Polygon","coordinates":[[[58.6045,51.8844],[58.6042,51.8983],[58.6104,51.9018],[58.6284,51.8983],[58.6401,51.8921],[58.6546,51.8774],[58.6634,51.8594],[58.659,51.8435],[58.7173,51.8176],[58.747,51.8129],[58.762,51.83],[58.7594,51.8418],[58.7426,51.8568],[58.7411,51.8703],[58.747,51.8827],[58.7791,51.9086],[58.7823,51.9201],[58.762,51.9633],[58.7688,51.991],[58.7667,51.9978],[58.7552,52.0113],[58.7526,52.0384],[58.7552,52.0478],[58.7741,52.0693],[58.7811,52.0823],[58.7826,52.097],[58.7758,52.1117],[58.8047,52.1717],[58.825,52.2003],[58.8441,52.1935],[58.8406,52.1703],[58.8147,52.1382],[58.8032,52.1179],[58.8032,52.077],[58.7973,52.0664],[58.7723,52.039],[58.7741,52.0263],[58.8032,51.9878],[58.8106,51.9704],[58.8032,51.9292],[58.8065,51.9177],[58.8229,51.9074],[58.8297,51.8983],[58.7956,51.8927],[58.7829,51.8706],[58.787,51.8418],[58.8126,51.7991],[58.8168,51.7958],[58.8256,51.7982],[58.8385,51.8126],[58.8471,51.8161],[58.868,51.8141],[58.8968,51.8047],[59.0369,51.7944],[59.0564,51.7991],[59.0773,51.7838],[59.1244,51.7923],[59.2003,51.8161],[59.185,51.7973],[59.1868,51.7888],[59.2003,51.782],[59.2003,51.7752],[59.1385,51.7849],[59.1043,51.7696],[59.0834,51.7693],[59.0428,51.7752],[59.0255,51.7732],[58.9937,51.7638],[58.9575,51.7602],[58.9333,51.7337],[58.9266,51.754],[58.9207,51.7623],[58.9124,51.7685],[58.8977,51.772],[58.8612,51.7617],[58.8079,51.7629],[58.782,51.7593],[58.7552,51.7473],[58.7438,51.7328],[58.7953,51.7261],[58.8106,51.7169],[58.7985,51.7011],[58.7702,51.699],[58.7143,51.7064],[58.636,51.6949],[58.6251,51.7034],[58.634,51.7184],[58.6549,51.7343],[58.6931,51.7546],[58.7302,51.7661],[58.7349,51.7752],[58.7287,51.7844],[58.7158,51.7908],[58.6766,51.7982],[58.6681,51.8041],[58.6557,51.82],[58.6251,51.8435],[58.6219,51.8544],[58.6319,51.8641],[58.6086,51.8788],[58.6045,51.8844]]]},"properties":{"name":""}},{"type":"Feature","geometry":{"type":"Polygon","coordinates":[[[-3.9954,15.3194],[-3.9795,15.2811],[-4.0104,15.2867],[-4.0213,15.2861],[-4.0312,15.2811],[-4.0412,15.2838],[-4.0488,15.2679],[-4.0584,15.2655],[-4.0711,15.2714],[-4.0886,15.2923],[-4.1217,15.3032],[-4.1439,15.3026],[-4.1529,15.2932],[-4.1469,15.2835],[-4.148,15.2761],[-4.1616,15.2614],[-4.1563,15.2499],[-4.1588,15.2414],[-4.1786,15.2317],[-4.1779,15.2076],[-4.1851,15.2031],[-4.1913,15.2049],[-4.2109,15.2208],[-4.2222,15.2226],[-4.2259,15.2329],[-4.2163,15.27],[-4.2453,15.2641],[-4.2562,15.2647],[-4.2524,15.275],[-4.2313,15.2912],[-4.1748,15.3203],[-4.1736,15.3277],[-4.1937,15.3374],[-4.2112,15.358],[-4.2228,15.3644],[-4.239,15.3618],[-4.2528,15.3539],[-4.2708,15.3533],[-4.2725,15.3574],[-4.2615,15.3856],[-4.2667,15.4375],[-4.2802,15.4704],[-4.3039,15.5069],[-4.2787,15.4981],[-4.2462,15.4725],[-4.2385,15.4613],[-4.2372,15.4339],[-4.2325,15.428],[-4.214,15.4239],[-4.1976,15.4004],[-4.1526,15.3753],[-4.1373,15.3709],[-4.1286,15.3777],[-4.1212,15.3986],[-4.1158,15.3986],[-4.1081,15.393],[-4.0812,15.3568],[-4.0635,15.3494],[-4.0531,15.3406],[-4.0061,15.3288],[-3.9954,15.3194]]]},"properties":{"name":"Lake Débo"}},{"type":"Feature","geometry":{"type":"Polygon","coordinates":[[[61.9679,46.2639],[61.9679,46.2459],[61.9553,46.2368],[61.945,46.2109],[61.9302,46.2003],[61.9132,46.1959],[61.9105,46.1929],[61.9167,46.1817],[61.9164,46.1758],[61.9052,46.1688],[61.8817,46.1758],[61.8675,46.1747],[61.8437,46.1823],[61.8384,46.1805],[61.8302,46.1661],[61.8181,46.1585],[61.8081,46.1405],[61.7942,46.1611],[61.7875,46.1635],[61.766,46.1579],[61.7145,46.1517],[61.6582,46.1552],[61.6453,46.1473],[61.6403,46.1411],[61.6397,46.1349],[61.6482,46.1299],[61.6865,46.1326],[61.7024,46.1296],[61.7048,46.1261],[61.6609,46.1117],[61.6544,46.1087],[61.6541,46.1037],[61.6665,46.1011],[61.7427,46.119],[61.7501,46.1173],[61.7542,46.1099],[61.7533,46.1008],[61.741,46.0746],[61.776,46.0781],[61.7951,46.0716],[61.7951,46.0628],[61.7825,46.0416],[61.7766,46.0219],[61.771,46.0195],[61.7448,46.0225],[61.7307,46.0163],[61.6912,45.9595],[61.6824,45.9524],[61.6794,45.9562],[61.6774,45.9895],[61.6712,45.9995],[61.6276,46.0125],[61.6008,46.0342],[61.5935,46.0437],[61.5785,46.0802],[61.5611,46.1017],[61.5638,46.1123],[61.5885,46.124],[61.6409,46.1717],[61.6424,46.1803],[61.6374,46.1917],[61.6415,46.1988],[61.6827,46.1976],[61.7086,46.2115],[61.7186,46.2132],[61.7513,46.1959],[61.7592,46.1976],[61.7654,46.2206],[61.7686,46.2259],[61.7781,46.2309],[61.8249,46.23],[61.8393,46.2362],[61.8634,46.2533],[61.8781,46.2577],[61.935,46.2568],[61.9679,46.2639]]]},"properties":{"name":""}},{"type":"Feature","geometry":{"type":"Polygon","coordinates":[[[18.9166,49.9461],[18.9413,49.9387],[18.9322,49.9246],[18.9231,49.9213],[18.896,49.9249],[18.8718,49.9081],[18.8583,49.9045],[18.8583,49.9113],[18.8654,49.9113],[18.8654,49.9181],[18.8453,49.9252],[18.8056,49.916],[18.7897,49.9181],[18.8239,49.9313],[18.8177,49.9387],[18.8271,49.9387],[18.8445,49.9449],[18.8904,49.9484],[18.9166,49.9461]]]},"properties":{"name":""}},{"type":"Feature","geometry":{"type":"Polygon","coordinates":[[[-5.2113,39.8096],[-5.2263,39.7981],[-5.2528,39.7875],[-5.2768,39.7828],[-5.3278,39.7911],[-5.3663,39.8102],[-5.3905,39.7955],[-5.4033,39.7937],[-5.4139,39.7967],[-5.4003,39.8093],[-5.4067,39.8158],[-5.4203,39.8152],[-5.4351,39.7958],[-5.4515,39.7984],[-5.4749,39.8102],[-5.5028,39.8176],[-5.5335,39.8202],[-5.5607,39.8143],[-5.5785,39.7967],[-5.5914,39.7981],[-5.6366,39.7828],[-5.7529,39.7967],[-5.785,39.7793],[-5.8007,39.7761],[-5.8235,39.7772],[-5.8453,39.7828],[-5.859,39.8034],[-5.8829,39.8037],[-5.9004,39.8135],[-5.9846,39.8447],[-5.9956,39.8517],[-5.9822,39.8579],[-5.9682,39.8517],[-5.9488,39.8508],[-5.9282,39.8408],[-5.9105,39.8246],[-5.8908,39.822],[-5.8391,39.8034],[-5.8213,39.8002],[-5.7664,39.8034],[-5.6809,39.7967],[-5.6422,39.7981],[-5.4809,39.8555],[-5.4649,39.8582],[-5.4295,39.8567],[-5.4134,39.8605],[-5.4003,39.8717],[-5.3994,39.8776],[-5.4139,39.8853],[-5.4139,39.8929],[-5.3929,39.8929],[-5.3792,39.9065],[-5.362,39.8912],[-5.352,39.8717],[-5.3751,39.8605],[-5.3636,39.8441],[-5.2981,39.8029],[-5.2863,39.7978],[-5.2694,39.7967],[-5.2562,39.8008],[-5.2336,39.8152],[-5.2216,39.817],[-5.2113,39.8096]]]},"properties":{"name":""}},{"type":"Feature","geometry":{"type":"Polygon","coordinates":[[[30.4212,46.1947],[30.501,46.1432],[30.5016,46.1358],[30.498,46.1249],[30.4804,46.1046],[30.4515,46.0837],[30.443,46.0805],[30.4312,46.0837],[30.423,46.0914],[30.3668,46.1752],[30.3411,46.2017],[30.3029,46.2238],[30.2322,46.2432],[30.2102,46.2456],[30.1922,46.2524],[30.1254,46.3051],[30.1142,46.3201],[30.1089,46.3383],[30.1174,46.3578],[30.1286,46.3739],[30.2069,46.3963],[30.2181,46.3963],[30.2278,46.3934],[30.2408,46.3822],[30.234,46.3628],[30.2431,46.3419],[30.2749,46.3133],[30.2946,46.3104],[30.3014,46.326],[30.3094,46.3748],[30.3205,46.3613],[30.327,46.343],[30.3303,46.3027],[30.3394,46.2898],[30.3985,46.2659],[30.4077,46.2591],[30.4127,46.2544],[30.4186,46.2382],[30.4192,46.2294],[30.4124,46.2076],[30.4212,46.1947]]]},"properties":{"name":""}},{"type":"Feature","geometry":{"type":"Polygon","coordinates":[[[31.4271,49.7706],[31.4432,49.8436],[31.4406,49.8698],[31.4256,49.9257],[31.4279,49.9487],[31.4406,49.9796],[31.4406,50.0143],[31.4821,50.0008],[31.4886,50.0037],[31.4942,50.0146],[31.5077,50.0214],[31.5233,50.0217],[31.5363,50.0143],[31.5265,49.9982],[31.5639,49.967],[31.5766,49.9449],[31.581,49.8548],[31.5907,49.8289],[31.5798,49.8239],[31.5601,49.8301],[31.5492,49.8289],[31.5265,49.7936],[31.5186,49.7877],[31.4727,49.7609],[31.4412,49.7527],[31.4271,49.7706]]]},"properties":{"name":""}},{"type":"Feature","geometry":{"type":"Polygon","coordinates":[[[32.5539,1.6312],[32.5642,1.6409],[32.5144,1.645],[32.4903,1.6533],[32.4494,1.6777],[32.4235,1.6821],[32.4108,1.6798],[32.3811,1.6639],[32.324,1.6409],[32.3278,1.6259],[32.3496,1.6174],[32.392,1.6062],[32.3999,1.6179],[32.4096,1.6168],[32.4411,1.5847],[32.4885,1.5879],[32.505,1.5841],[32.5162,1.572],[32.5168,1.5567],[32.5053,1.5541],[32.4753,1.5652],[32.4753,1.5517],[32.4023,1.5682],[32.3884,1.5917],[32.3787,1.5991],[32.3664,1.6044],[32.3299,1.6103],[32.3034,1.6206],[32.3034,1.6344],[32.281,1.6488],[32.2351,1.6683],[32.2598,1.6674],[32.2831,1.6615],[32.3481,1.658],[32.3678,1.6748],[32.392,1.6889],[32.4294,1.6977],[32.4591,1.6892],[32.4874,1.6756],[32.5197,1.6683],[32.571,1.6762],[32.5851,1.6821],[32.5963,1.6918],[32.6207,1.723],[32.6225,1.7298],[32.6478,1.743],[32.6693,1.8002],[32.6869,1.8116],[32.6822,1.7993],[32.684,1.7887],[32.6937,1.7639],[32.7008,1.7639],[32.7087,1.7801],[32.7467,1.7981],[32.7629,1.8116],[32.7708,1.8602],[32.7832,1.8664],[32.7764,1.8531],[32.7891,1.8546],[32.8,1.8634],[32.8106,1.8664],[32.8394,1.8549],[32.8376,1.8664],[32.8515,1.8737],[32.8653,1.8396],[32.8727,1.8396],[32.8727,1.8472],[32.8794,1.8472],[32.8897,1.8331],[32.9068,1.8255],[32.9201,1.8596],[32.9313,1.8793],[32.9442,1.8882],[32.9619,1.8938],[32.9872,1.9205],[33.0028,1.9291],[33.0231,1.9267],[33.0178,1.9123],[32.9901,1.8773],[32.9545,1.8472],[32.9748,1.8446],[32.9784,1.8319],[32.9778,1.8181],[32.986,1.8116],[33.006,1.8231],[33.0137,1.8237],[33.0166,1.8084],[33.006,1.7919],[32.9948,1.7893],[32.9928,1.7834],[32.9954,1.7707],[32.9916,1.7578],[32.9892,1.7157],[32.9825,1.7157],[32.9686,1.7848],[32.9545,1.7987],[32.9477,1.7919],[32.9386,1.7954],[32.9174,1.7937],[32.9089,1.784],[32.8794,1.7919],[32.8541,1.7854],[32.8515,1.7951],[32.8173,1.8328],[32.8126,1.824],[32.7932,1.8084],[32.7858,1.7984],[32.78,1.7695],[32.7964,1.7319],[32.7417,1.7283],[32.7311,1.7248],[32.7278,1.7154],[32.7346,1.6957],[32.7075,1.7018],[32.6966,1.6904],[32.6498,1.67],[32.6286,1.6353],[32.5795,1.6241],[32.5642,1.6132],[32.5715,1.6062],[32.5524,1.6032],[32.5368,1.5926],[32.5436,1.6062],[32.5336,1.6188],[32.5403,1.6253],[32.5539,1.6312]]]},"properties":{"name":"Lake Kwania"}},{"type":"Feature","geometry":{"type":"Polygon","coordinates":[[[20.8073,41.0939],[20.8058,41.0716],[20.8114,41.02],[20.8055,40.9994],[20.7861,40.9559],[20.7914,40.9344],[20.7802,40.9291],[20.7514,40.9241],[20.7287,40.9094],[20.7137,40.9061],[20.6783,40.9064],[20.6595,40.9103],[20.6507,40.9206],[20.6448,40.973],[20.6333,41.0162],[20.6357,41.0339],[20.6507,41.0539],[20.6545,41.0677],[20.6513,41.071],[20.6365,41.0727],[20.6333,41.0816],[20.6501,41.1652],[20.6545,41.1746],[20.6692,41.1796],[20.7225,41.1746],[20.749,41.1631],[20.7596,41.1534],[20.7637,41.1366],[20.7702,41.1287],[20.8043,41.1142],[20.8188,41.1125],[20.8073,41.0939]]]},"properties":{"name":""}},{"type":"Feature","geometry":{"type":"Polygon","coordinates":[[[8.8411,46.1714],[8.849,46.1649],[8.8417,46.1543],[8.7802,46.1176],[8.746,46.0925],[8.7419,46.0834],[8.7419,46.064],[8.7528,46.0289],[8.7534,46.0175],[8.7381,45.9945],[8.7201,45.9816],[8.6486,45.9451],[8.6188,45.9227],[8.6079,45.9086],[8.6044,45.8827],[8.6215,45.847],[8.6215,45.827],[8.6132,45.8141],[8.575,45.7943],[8.5703,45.7837],[8.5776,45.7667],[8.6206,45.7255],[8.6121,45.7222],[8.5941,45.7299],[8.5661,45.757],[8.5488,45.7911],[8.552,45.8005],[8.567,45.8185],[8.5744,45.852],[8.5664,45.87],[8.5211,45.8977],[8.4955,45.9297],[8.4929,45.9377],[8.5037,45.943],[8.5405,45.933],[8.5603,45.9321],[8.6156,45.9551],[8.6783,46.0104],[8.6966,46.0204],[8.7136,46.0387],[8.7139,46.0519],[8.7004,46.0811],[8.7004,46.0919],[8.7107,46.1105],[8.7333,46.1305],[8.7634,46.1493],[8.7952,46.1644],[8.8314,46.1717],[8.8411,46.1714]]]},"properties":{"name":"Lago di Como"}},{"type":"Feature","geometry":{"type":"Polygon","coordinates":[[[10.8678,45.8797],[10.8698,45.8603],[10.8628,45.8376],[10.8481,45.8135],[10.7762,45.7316],[10.7624,45.721],[10.72,45.6704],[10.7109,45.6522],[10.692,45.5974],[10.6897,45.5759],[10.7109,45.5809],[10.7129,45.5653],[10.7312,45.5182],[10.7182,45.4823],[10.7009,45.4493],[10.68,45.4573],[10.6558,45.4594],[10.6305,45.467],[10.612,45.4814],[10.6084,45.5044],[10.6026,45.4811],[10.5831,45.472],[10.5593,45.4744],[10.539,45.4841],[10.5466,45.4909],[10.5304,45.497],[10.5116,45.4982],[10.5116,45.5044],[10.5193,45.5065],[10.5675,45.5406],[10.5737,45.5491],[10.5575,45.5724],[10.5555,45.5812],[10.5737,45.5871],[10.5678,45.5986],[10.5569,45.6057],[10.5254,45.608],[10.6029,45.6422],[10.6282,45.6628],[10.7144,45.7172],[10.7294,45.7302],[10.7636,45.787],[10.783,45.7999],[10.8239,45.8438],[10.8419,45.8847],[10.8551,45.8956],[10.8678,45.8797]]]},"properties":{"name":"Lago di Garda"}},{"type":"Feature","geometry":{"type":"Polygon","coordinates":[[[41.6118,11.3926],[41.6176,11.3793],[41.607,11.3729],[41.5738,11.3667],[41.5667,11.3846],[41.5764,11.3973],[41.5944,11.4008],[41.6118,11.3926]]]},"properties":{"name":"Lake Adobed"}},{"type":"Feature","geometry":{"type":"Polygon","coordinates":[[[39.1282,8.4766],[39.14,8.4693],[39.14,8.4581],[39.1191,8.3974],[39.0885,8.3336],[39.0799,8.3215],[39.0667,8.3094],[39.0476,8.3212],[39.0031,8.3303],[38.9866,8.3409],[38.9837,8.3506],[39.0022,8.3674],[39.0019,8.3748],[38.9963,8.3836],[38.9984,8.3892],[39.0105,8.4004],[39.0449,8.408],[39.0546,8.4201],[39.0687,8.4525],[39.0793,8.4648],[39.1103,8.4763],[39.1282,8.4766]]]},"properties":{"name":"Koka Reservoir"}},{"type":"Feature","geometry":{"type":"Polygon","coordinates":[[[41.6904,11.4992],[41.6659,11.51],[41.6438,11.5295],[41.6274,11.5539],[41.62,11.5795],[41.6224,11.5966],[41.6306,11.6075],[41.6424,11.6107],[41.6547,11.6066],[41.6745,11.5866],[41.6942,11.5557],[41.703,11.5233],[41.6904,11.4992]]]},"properties":{"name":"Lake Gemeri"}},{"type":"Feature","geometry":{"type":"Polygon","coordinates":[[[42.5561,0.0316],[42.5651,0.0],[42.5229,0.0],[42.5158,0.0081],[42.4951,0.0187],[42.4492,0.0057],[42.4333,0.0084],[42.3803,0.0372],[42.3097,0.0472],[42.2897,0.0555],[42.3053,0.069],[42.3106,0.0914],[42.3153,0.1396],[42.3385,0.0943],[42.3547,0.0764],[42.3792,0.0599],[42.3998,0.051],[42.4675,0.0378],[42.539,0.0375],[42.5561,0.0316]]]},"properties":{"name":""}},{"type":"Feature","geometry":{"type":"Polygon","coordinates":[[[27.6666,49.4813],[27.6866,49.4786],[27.698,49.4657],[27.663,49.4657],[27.6542,49.4627],[27.6433,49.445],[27.623,49.3971],[27.613,49.39],[27.5444,49.3988],[27.4726,49.4174],[27.6065,49.4174],[27.6192,49.423],[27.6298,49.4657],[27.6451,49.476],[27.6666,49.4813]]]},"properties":{"name":""}},{"type":"Feature","geometry":{"type":"Polygon","coordinates":[[[-8.1754,53.0769],[-8.1617,53.0701],[-8.2209,53.0525],[-8.2375,53.0428],[-8.269,53.0051],[-8.2847,52.9951],[-8.2668,52.9603],[-8.2709,52.9489],[-8.2921,52.9465],[-8.2921,52.9403],[-8.2785,52.9336],[-8.2872,52.9262],[-8.2968,52.9218],[-8.3195,52.9191],[-8.3067,52.9097],[-8.2921,52.9056],[-8.2921,52.8994],[-8.3666,52.8994],[-8.3742,52.8953],[-8.4296,52.8276],[-8.4491,52.8167],[-8.4634,52.8441],[-8.4571,52.8529],[-8.4343,52.8676],[-8.4294,52.875],[-8.436,52.8929],[-8.453,52.8997],[-8.4976,52.8994],[-8.4756,52.9141],[-8.4463,52.9221],[-8.3538,52.9318],[-8.3339,52.943],[-8.3315,52.9606],[-8.3505,52.9848],[-8.3524,52.9945],[-8.3289,53.0113],[-8.2934,53.0272],[-8.2921,53.0534],[-8.278,53.0722],[-8.2444,53.0793],[-8.1754,53.0769]]]},"properties":{"name":"Lough Derg"}},{"type":"Feature","geometry":{"type":"Polygon","coordinates":[[[-7.9977,53.8679],[-8.0061,53.8799],[-7.9768,53.8793],[-7.9648,53.8711],[-7.9625,53.8652],[-7.9558,53.8652],[-7.9484,53.8699],[-7.9421,53.8676],[-7.9359,53.8514],[-7.94,53.8396],[-7.9492,53.8373],[-7.9584,53.8414],[-7.9625,53.8481],[-7.9977,53.8679]]]},"properties":{"name":""}},{"type":"Feature","geometry":{"type":"Polygon","coordinates":[[[-7.8539,53.5579],[-7.8396,53.5497],[-7.8856,53.5373],[-7.9037,53.527],[-7.9012,53.5164],[-7.9059,53.5082],[-7.9121,53.502],[-7.929,53.4952],[-7.929,53.4884],[-7.9085,53.4884],[-7.9085,53.4814],[-7.9222,53.4678],[-7.8948,53.4678],[-7.8948,53.4611],[-7.9578,53.4546],[-7.9776,53.4613],[-7.9768,53.4884],[-7.983,53.4884],[-7.9923,53.4758],[-7.9986,53.4917],[-8.0042,53.5293],[-7.983,53.5361],[-7.991,53.5414],[-7.9965,53.5564],[-8.0042,53.5629],[-8.0124,53.5617],[-8.0257,53.552],[-8.0382,53.5629],[-8.0314,53.5703],[-8.0478,53.5717],[-8.0592,53.577],[-8.0592,53.5847],[-8.0382,53.5982],[-8.0592,53.6318],[-8.0592,53.6391],[-8.018,53.6727],[-8.0042,53.6665],[-8.0114,53.6421],[-8.0111,53.633],[-8.0042,53.6182],[-7.9721,53.5809],[-7.9768,53.5629],[-7.9587,53.5529],[-7.939,53.5497],[-7.9113,53.5608],[-7.8997,53.5623],[-7.8948,53.5497],[-7.8794,53.5582],[-7.8666,53.5608],[-7.8539,53.5579]]]},"properties":{"name":"Lough Ree"}},{"type":"Feature","geometry":{"type":"Polygon","coordinates":[[[-8.0592,54.0568],[-8.0685,54.0639],[-8.0722,54.0789],[-8.0725,54.1084],[-8.0999,54.1534],[-8.0897,54.1593],[-8.0569,54.1549],[-8.0436,54.1566],[-8.0314,54.1669],[-8.0177,54.1531],[-8.0252,54.1225],[-8.0269,54.1066],[-8.0239,54.0978],[-8.05,54.0619],[-8.0592,54.0568]]]},"properties":{"name":"Lough Allen"}},{"type":"Feature","geometry":{"type":"Polygon","coordinates":[[[-4.9692,56.9269],[-4.9749,56.9337],[-4.9742,56.9437],[-4.9337,56.9625],[-4.8992,56.9908],[-4.8647,57.0131],[-4.8358,57.0102],[-4.8549,56.9978],[-4.8916,56.9666],[-4.9144,56.9584],[-4.9313,56.9463],[-4.9692,56.9269]]]},"properties":{"name":"Loch Lochy"}},{"type":"Feature","geometry":{"type":"Polygon","coordinates":[[[74.6606,34.3998],[74.665,34.3827],[74.6633,34.3754],[74.653,34.3695],[74.6273,34.3757],[74.6053,34.3898],[74.5967,34.3807],[74.5873,34.3765],[74.5785,34.3768],[74.5711,34.3824],[74.5638,34.3657],[74.5747,34.3324],[74.5711,34.3141],[74.5573,34.3012],[74.5408,34.2988],[74.5255,34.3056],[74.5158,34.3209],[74.5228,34.3551],[74.5228,34.3898],[74.5299,34.4027],[74.5411,34.4136],[74.5552,34.4204],[74.5699,34.4198],[74.5935,34.411],[74.6494,34.3983],[74.6606,34.3998]]]},"properties":{"name":""}},{"type":"Feature","geometry":{"type":"Polygon","coordinates":[[[73.8658,33.1496],[73.8702,33.1384],[73.8702,33.1284],[73.8641,33.1231],[73.8231,33.1317],[73.8175,33.1496],[73.7958,33.1629],[73.7284,33.1906],[73.7122,33.2076],[73.7042,33.2097],[73.701,33.1941],[73.7025,33.185],[73.7145,33.1558],[73.6692,33.1349],[73.6501,33.1323],[73.6389,33.1496],[73.6521,33.172],[73.6524,33.1838],[73.6468,33.1941],[73.6186,33.2112],[73.6121,33.2315],[73.5924,33.2273],[73.5788,33.2282],[73.5773,33.2385],[73.598,33.2459],[73.5909,33.3036],[73.598,33.321],[73.6086,33.3095],[73.6144,33.2968],[73.6138,33.2839],[73.6047,33.2727],[73.6371,33.2341],[73.6589,33.2215],[73.6765,33.2312],[73.681,33.2515],[73.6804,33.273],[73.6848,33.2842],[73.6986,33.2939],[73.6942,33.3068],[73.7175,33.3092],[73.7445,33.323],[73.7487,33.321],[73.7534,33.2977],[73.7416,33.2706],[73.7216,33.2465],[73.701,33.2315],[73.7154,33.2256],[73.7625,33.2179],[73.8025,33.2044],[73.8175,33.205],[73.8108,33.1808],[73.8255,33.1699],[73.8479,33.1626],[73.8658,33.1496]]]},"properties":{"name":""}},{"type":"Feature","geometry":{"type":"Polygon","coordinates":[[[-5.0794,6.3145],[-5.0707,6.2974],[-5.0782,6.2147],[-5.0951,6.2],[-5.1333,6.2289],[-5.1949,6.3004],[-5.1901,6.3157],[-5.2089,6.3372],[-5.2011,6.3557],[-5.2148,6.369],[-5.2013,6.3666],[-5.1598,6.2795],[-5.1396,6.2589],[-5.1294,6.2668],[-5.1196,6.2462],[-5.1124,6.2392],[-5.0975,6.2436],[-5.0918,6.2571],[-5.0946,6.2733],[-5.1056,6.2868],[-5.0919,6.2942],[-5.1047,6.3116],[-5.0956,6.3189],[-5.0794,6.3145]]]},"properties":{"name":""}},{"type":"Feature","geometry":{"type":"Polygon","coordinates":[[[2.5549,6.4246],[2.5576,6.4105],[2.5455,6.4043],[2.5193,6.4008],[2.4802,6.3858],[2.4501,6.3825],[2.4366,6.3846],[2.4169,6.3946],[2.3777,6.3955],[2.3768,6.4011],[2.3816,6.4461],[2.3883,6.4549],[2.4172,6.4635],[2.446,6.4817],[2.4799,6.4702],[2.4949,6.4685],[2.5084,6.472],[2.5349,6.4526],[2.5549,6.4246]]]},"properties":{"name":""}},{"type":"Feature","geometry":{"type":"Polygon","coordinates":[[[75.5731,24.8362],[75.5778,24.8545],[75.5761,24.8624],[75.5667,24.8748],[75.5643,24.8851],[75.5717,24.9186],[75.5826,24.9251],[75.599,24.9263],[75.5937,24.9027],[75.6052,24.8751],[75.6338,24.8233],[75.6394,24.7926],[75.6379,24.7782],[75.6299,24.7653],[75.607,24.7391],[75.592,24.7305],[75.5852,24.745],[75.5555,24.757],[75.4183,24.7267],[75.3797,24.755],[75.4118,24.755],[75.4572,24.7644],[75.4869,24.7817],[75.5307,24.7959],[75.5608,24.8191],[75.5731,24.8362]]]},"properties":{"name":""}},{"type":"Feature","geometry":{"type":"Polygon","coordinates":[[[13.8211,57.0467],[13.8285,57.0311],[13.8217,57.0102],[13.8144,57.004],[13.7982,56.9984],[13.7664,56.9752],[13.7626,56.9646],[13.774,56.9487],[13.7684,56.9378],[13.7664,56.9004],[13.7528,56.8721],[13.7358,56.8498],[13.6963,56.823],[13.6946,56.8183],[13.6731,56.8021],[13.6566,56.7774],[13.6678,56.7703],[13.6634,56.7653],[13.6369,56.7638],[13.6436,56.7835],[13.6422,56.7983],[13.631,56.8044],[13.6095,56.798],[13.6154,56.8083],[13.6168,56.8183],[13.613,56.8265],[13.6027,56.8321],[13.6098,56.8421],[13.6436,56.853],[13.6168,56.8601],[13.6316,56.8742],[13.6436,56.8942],[13.5957,56.8892],[13.5824,56.8942],[13.6168,56.9145],[13.6027,56.9351],[13.6307,56.9499],[13.6584,57.0096],[13.6848,57.0176],[13.6778,57.0102],[13.6949,57.0182],[13.7028,57.0285],[13.6999,57.0399],[13.6848,57.0517],[13.7384,57.0756],[13.7611,57.0735],[13.7664,57.0449],[13.7826,57.0529],[13.8032,57.0538],[13.8211,57.0467]]]},"properties":{"name":"Bolmen"}},{"type":"Feature","geometry":{"type":"Polygon","coordinates":[[[14.8293,56.654],[14.8632,56.6128],[14.8488,56.5896],[14.8393,56.5881],[14.812,56.6049],[14.7917,56.5928],[14.7843,56.6031],[14.7775,56.606],[14.7566,56.5978],[14.7678,56.5781],[14.7896,56.5554],[14.8014,56.5377],[14.766,56.5481],[14.7516,56.5695],[14.7337,56.5787],[14.7142,56.5572],[14.7045,56.5492],[14.6922,56.5445],[14.6804,56.5687],[14.6766,56.5872],[14.6509,56.5931],[14.6298,56.6131],[14.6156,56.6737],[14.5997,56.7032],[14.5891,56.7329],[14.5959,56.7638],[14.6053,56.7576],[14.61,56.75],[14.6271,56.7102],[14.6374,56.6749],[14.6551,56.6464],[14.6545,56.6402],[14.668,56.642],[14.6769,56.6473],[14.6786,56.6558],[14.6716,56.6676],[14.6872,56.6746],[14.7057,56.6749],[14.701,56.7155],[14.7057,56.7297],[14.7316,56.7126],[14.7652,56.6735],[14.7884,56.6614],[14.8167,56.6605],[14.8293,56.654]]]},"properties":{"name":"Åsnen"}},{"type":"Feature","geometry":{"type":"Polygon","coordinates":[[[12.7803,53.424],[12.787,53.4063],[12.7841,53.3889],[12.7726,53.3836],[12.7573,53.3822],[12.7426,53.3751],[12.7067,53.3477],[12.6978,53.3377],[12.7176,53.3445],[12.7137,53.3351],[12.7073,53.3301],[12.6996,53.3304],[12.6917,53.3377],[12.6905,53.3439],[12.6978,53.3683],[12.6937,53.3886],[12.6834,53.3998],[12.6569,53.4028],[12.6569,53.4128],[12.6463,53.4001],[12.6348,53.3972],[12.6293,53.4022],[12.6363,53.4128],[12.6287,53.4251],[12.6157,53.4313],[12.5989,53.4316],[12.5816,53.4269],[12.5816,53.4337],[12.6057,53.4469],[12.6381,53.4878],[12.6569,53.502],[12.6537,53.5102],[12.6658,53.5149],[12.6837,53.5146],[12.6978,53.5087],[12.6699,53.4979],[12.6646,53.4905],[12.7235,53.451],[12.7508,53.4449],[12.767,53.4369],[12.7803,53.424]]]},"properties":{"name":"Müritz"}},{"type":"Feature","geometry":{"type":"Polygon","coordinates":[[[11.4957,53.781],[11.5339,53.7902],[11.526,53.7831],[11.4918,53.7695],[11.4977,53.7537],[11.4989,53.7366],[11.4948,53.7219],[11.4848,53.7142],[11.4877,53.6989],[11.4815,53.6948],[11.47,53.6954],[11.4577,53.7007],[11.4639,53.6862],[11.4815,53.6642],[11.4848,53.6427],[11.5066,53.6262],[11.5121,53.6182],[11.511,53.6127],[11.5057,53.6082],[11.4989,53.6071],[11.4918,53.6112],[11.4759,53.6062],[11.4574,53.6097],[11.4241,53.6256],[11.4368,53.643],[11.4544,53.6527],[11.4577,53.6871],[11.4377,53.6871],[11.4433,53.7007],[11.4277,53.7272],[11.4527,53.7569],[11.4957,53.781]]]},"properties":{"name":"Schweriner See"}},{"type":"Feature","geometry":{"type":"Polygon","coordinates":[[[-7.4486,54.179],[-7.4349,54.1669],[-7.4605,54.1543],[-7.4777,54.1505],[-7.4901,54.1531],[-7.493,54.1643],[-7.4898,54.1778],[-7.4926,54.1893],[-7.5245,54.1993],[-7.5401,54.2229],[-7.5699,54.2305],[-7.6131,54.2488],[-7.6131,54.2555],[-7.5956,54.2576],[-7.5688,54.275],[-7.551,54.2767],[-7.5466,54.2688],[-7.5317,54.2629],[-7.5244,54.2426],[-7.4766,54.2282],[-7.4835,54.2079],[-7.4686,54.2052],[-7.4486,54.179]]]},"properties":{"name":"Upper Lough Erne"}},{"type":"Feature","geometry":{"type":"Polygon","coordinates":[[[11.9881,42.6314],[11.9996,42.6202],[11.9996,42.6129],[11.9931,42.6005],[11.9949,42.561],[11.9852,42.5443],[11.9637,42.5357],[11.941,42.5375],[11.9198,42.546],[11.8704,42.5793],[11.8595,42.5928],[11.8616,42.6129],[11.8754,42.632],[11.8939,42.6426],[11.9449,42.6535],[11.9634,42.647],[11.9881,42.6314]]]},"properties":{"name":"Lago di Bracciano"}},{"type":"Feature","geometry":{"type":"Polygon","coordinates":[[[21.0304,40.8449],[21.0301,40.842],[21.0301,40.8423],[21.0304,40.8449]]]},"properties":{"name":""}},{"type":"Feature","geometry":{"type":"Polygon","coordinates":[[[21.031,40.8399],[21.0313,40.8396],[21.0304,40.8402],[21.031,40.8399]]]},"properties":{"name":""}},{"type":"Feature","geometry":{"type":"Polygon","coordinates":[[[21.0322,40.8396],[21.036,40.8396],[21.0375,40.8387],[21.0322,40.8396]]]},"properties":{"name":""}},{"type":"Feature","geometry":{"type":"Polygon","coordinates":[[[21.0089,40.8166],[20.945,40.7854],[20.9206,40.7625],[20.9077,40.776],[20.9141,40.7902],[20.9412,40.8169],[20.9406,40.8414],[20.9692,40.8584],[20.9353,40.8776],[20.9268,40.8917],[20.9412,40.9064],[20.9506,40.8849],[20.9701,40.8926],[20.9845,40.9105],[20.9789,40.9206],[20.968,40.9232],[20.9412,40.9412],[20.928,40.94],[20.9174,40.9432],[20.9077,40.9547],[20.9065,40.9691],[20.9153,40.9818],[20.9447,41.0059],[20.9648,41.0159],[20.986,41.0148],[21.0304,41.0027],[21.0307,41.0074],[21.0242,41.0095],[21.0375,41.01],[21.0422,41.0074],[21.0584,40.9859],[21.0607,40.9771],[21.079,40.9685],[21.0931,40.9247],[21.1028,40.9103],[21.1199,40.862],[21.1155,40.847],[21.1052,40.8355],[21.079,40.8169],[21.0625,40.8387],[21.0492,40.8443],[21.0242,40.8449],[21.0089,40.8166]]]},"properties":{"name":""}},{"type":"Feature","geometry":{"type":"Polygon","coordinates":[[[21.1131,40.8108],[21.1302,40.7625],[21.1034,40.7333],[21.0993,40.7251],[21.0857,40.7154],[21.0195,40.6865],[20.9963,40.6804],[20.9963,40.688],[21.0201,40.6957],[21.0519,40.7113],[21.0778,40.7325],[21.0852,40.7554],[21.0545,40.7731],[21.0507,40.7796],[21.0849,40.8075],[21.0975,40.8111],[21.1131,40.8108]]]},"properties":{"name":""}},{"type":"Feature","geometry":{"type":"Polygon","coordinates":[[[14.3993,51.6672],[14.4175,51.6516],[14.4007,51.6375],[14.3904,51.6239],[14.3943,51.6145],[14.3934,51.6063],[14.3875,51.6001],[14.3772,51.5966],[14.3875,51.6463],[14.3993,51.6672]]]},"properties":{"name":""}},{"type":"Feature","geometry":{"type":"Polygon","coordinates":[[[6.2471,53.361],[6.263,53.3518],[6.2513,53.3415],[6.2186,53.3401],[6.1532,53.3445],[6.1468,53.3548],[6.1571,53.3716],[6.1677,53.4013],[6.1847,53.4069],[6.2068,53.4028],[6.2289,53.3928],[6.2118,53.3845],[6.1947,53.3928],[6.1956,53.3707],[6.2189,53.3636],[6.2471,53.361]]]},"properties":{"name":"Lauwerszee"}},{"type":"Feature","geometry":{"type":"Polygon","coordinates":[[[13.1912,52.5153],[13.2192,52.5076],[13.2068,52.5003],[13.198,52.487],[13.1891,52.4505],[13.1774,52.432],[13.1706,52.4264],[13.1632,52.4384],[13.1447,52.4387],[13.1026,52.4325],[13.1141,52.442],[13.1768,52.467],[13.1847,52.4823],[13.1912,52.5153]]]},"properties":{"name":""}},{"type":"Feature","geometry":{"type":"Polygon","coordinates":[[[12.8353,53.2282],[12.8565,53.2147],[12.8421,53.2103],[12.8147,53.2144],[12.8,53.2073],[12.7935,53.2244],[12.797,53.2312],[12.8076,53.2353],[12.8076,53.2147],[12.8353,53.2282]]]},"properties":{"name":""}},{"type":"Feature","geometry":{"type":"Polygon","coordinates":[[[12.493,52.4122],[12.4959,52.3916],[12.4909,52.3796],[12.4582,52.3643],[12.4309,52.371],[12.4309,52.3781],[12.4432,52.3834],[12.4406,52.3887],[12.4091,52.3981],[12.3899,52.399],[12.4041,52.4049],[12.4515,52.4058],[12.4897,52.4149],[12.493,52.4122]]]},"properties":{"name":""}},{"type":"Feature","geometry":{"type":"Polygon","coordinates":[[[12.9313,52.399],[12.9139,52.4169],[12.8901,52.4325],[12.9036,52.4317],[12.9433,52.4131],[12.9516,52.4058],[12.9483,52.3946],[12.9507,52.3825],[12.9657,52.3643],[12.9489,52.3654],[12.9407,52.374],[12.9313,52.399]]]},"properties":{"name":""}},{"type":"Feature","geometry":{"type":"Polygon","coordinates":[[[12.9592,52.3598],[12.9928,52.3507],[12.9737,52.3439],[12.9313,52.3166],[12.9469,52.3489],[12.9592,52.3598]]]},"properties":{"name":""}},{"type":"Feature","geometry":{"type":"Polygon","coordinates":[[[13.6837,52.4458],[13.6848,52.4393],[13.6513,52.4323],[13.6336,52.4317],[13.6233,52.4393],[13.628,52.4502],[13.6454,52.454],[13.6654,52.4526],[13.6837,52.4458]]]},"properties":{"name":""}},{"type":"Feature","geometry":{"type":"Polygon","coordinates":[[[14.2303,52.0864],[14.2465,52.0899],[14.2465,52.0837],[14.2315,52.0799],[14.2191,52.0696],[14.2262,52.0605],[14.2274,52.0484],[14.2229,52.0369],[14.2126,52.0284],[14.1923,52.0354],[14.1988,52.0228],[14.197,52.0172],[14.1888,52.0148],[14.1829,52.0198],[14.185,52.0307],[14.1923,52.0428],[14.1976,52.074],[14.1962,52.0884],[14.185,52.0973],[14.185,52.1043],[14.2126,52.1117],[14.2068,52.0973],[14.2147,52.0887],[14.2303,52.0864]]]},"properties":{"name":""}},{"type":"Feature","geometry":{"type":"Polygon","coordinates":[[[14.7116,53.4602],[14.7148,53.4513],[14.7057,53.4399],[14.6651,53.4343],[14.6527,53.4275],[14.6716,53.4128],[14.6527,53.4063],[14.6306,53.4128],[14.6353,53.4207],[14.6374,53.4337],[14.6306,53.4269],[14.6077,53.4431],[14.6097,53.4566],[14.6239,53.4616],[14.6374,53.4537],[14.6468,53.4664],[14.6512,53.5308],[14.6527,53.5346],[14.6615,53.5361],[14.6816,53.5341],[14.6857,53.5293],[14.6907,53.5117],[14.7057,53.502],[14.6995,53.4746],[14.7116,53.4602]]]},"properties":{"name":"Jezioro Dąbie"}},{"type":"Feature","geometry":{"type":"Polygon","coordinates":[[[79.8806,35.277],[79.91,35.2231],[79.9053,35.1922],[79.8888,35.1657],[79.8676,35.1537],[79.8317,35.1584],[79.8135,35.1643],[79.8055,35.1707],[79.7987,35.1952],[79.8114,35.209],[79.8123,35.2149],[79.7955,35.2299],[79.7672,35.2426],[79.7493,35.2588],[79.7646,35.2838],[79.7943,35.2958],[79.8352,35.3003],[79.8756,35.2964],[79.9018,35.2838],[79.8806,35.277]]]},"properties":{"name":"Alesayqin Ha"}},{"type":"Feature","geometry":{"type":"Polygon","coordinates":[[[78.4014,54.5428],[78.4082,54.5428],[78.4037,54.5549],[78.4093,54.5649],[78.4211,54.5726],[78.4455,54.5779],[78.4703,54.5708],[78.4806,54.5752],[78.487,54.5876],[78.4973,54.5947],[78.518,54.5894],[78.5968,54.5573],[78.6142,54.5467],[78.6069,54.5187],[78.588,54.5096],[78.5633,54.5137],[78.5068,54.5322],[78.4361,54.5361],[78.4014,54.5428]]]},"properties":{"name":""}},{"type":"Feature","geometry":{"type":"Polygon","coordinates":[[[78.0676,53.3224],[78.0682,53.2912],[78.0629,53.2721],[78.039,53.2585],[78.0075,53.2538],[77.9751,53.2591],[77.9489,53.2753],[77.9489,53.2685],[77.9392,53.2986],[77.9286,53.3186],[77.9283,53.3377],[77.9489,53.3648],[77.9669,53.3798],[77.9978,53.3854],[78.0131,53.3822],[78.0487,53.3648],[78.0614,53.3518],[78.0676,53.3224]]]},"properties":{"name":"Ozero Bol'shoye Topol'noye"}},{"type":"Feature","geometry":{"type":"Polygon","coordinates":[[[79.7313,52.6545],[79.7145,52.6642],[79.6989,52.6895],[79.6898,52.7175],[79.7104,52.7652],[79.7216,52.7711],[79.7928,52.7825],[79.8282,52.7746],[79.8476,52.7661],[79.8617,52.7546],[79.862,52.7313],[79.8762,52.7084],[79.8823,52.6901],[79.8791,52.6686],[79.8709,52.6563],[79.8444,52.6357],[79.8308,52.6271],[79.8108,52.6201],[79.7896,52.6162],[79.7725,52.6174],[79.7569,52.6271],[79.7313,52.6545]]]},"properties":{"name":"Ozero Kuchukskoye"}},{"type":"Feature","geometry":{"type":"Polygon","coordinates":[[[79.7104,52.666],[79.7145,52.6642],[79.7178,52.6592],[79.7104,52.666]]]},"properties":{"name":"Ozero Kuchukskoye"}},{"type":"Feature","geometry":{"type":"Polygon","coordinates":[[[77.8156,52.336],[77.8259,52.3227],[77.8227,52.2857],[77.7879,52.2762],[77.745,52.2851],[77.7167,52.3033],[77.7235,52.3033],[77.7252,52.3119],[77.7358,52.3266],[77.7614,52.3542],[77.777,52.3578],[77.7971,52.3495],[77.8156,52.336]]]},"properties":{"name":"Ozero Maraldy"}},{"type":"Feature","geometry":{"type":"Polygon","coordinates":[[[77.9457,55.1322],[77.9428,55.1501],[77.9519,55.1684],[77.9737,55.181],[77.9987,55.1863],[78.0184,55.181],[78.0299,55.1745],[78.0593,55.1536],[78.0688,55.1395],[78.0832,55.1466],[78.1073,55.1401],[78.0799,55.1257],[78.0988,55.1151],[78.1032,55.1018],[78.0944,55.0904],[78.0729,55.0854],[78.0225,55.0812],[77.9987,55.0827],[77.9769,55.0921],[77.9537,55.1163],[77.9457,55.1322]]]},"properties":{"name":"Ozero Tandovo"}},{"type":"Feature","geometry":{"type":"Polygon","coordinates":[[[71.8032,54.6582],[71.8088,54.6397],[71.7959,54.6179],[71.767,54.6085],[71.7337,54.6076],[71.7067,54.6117],[71.6864,54.6211],[71.6663,54.637],[71.6528,54.6574],[71.6519,54.68],[71.6684,54.6983],[71.6967,54.7103],[71.7267,54.7142],[71.7682,54.6986],[71.7882,54.6797],[71.8032,54.6582]]]},"properties":{"name":"Ebeyty Lake"}},{"type":"Feature","geometry":{"type":"Polygon","coordinates":[[[71.6301,56.0788],[71.639,56.0718],[71.6278,56.0417],[71.6213,56.0376],[71.5824,56.0317],[71.5515,56.0182],[71.5215,56.015],[71.4921,56.0179],[71.4703,56.0276],[71.4662,56.0359],[71.4703,56.0568],[71.4844,56.0818],[71.601,56.0909],[71.6301,56.0788]]]},"properties":{"name":"Ozero Ik"}},{"type":"Feature","geometry":{"type":"Polygon","coordinates":[[[72.1935,57.447],[72.2003,57.4353],[72.2,57.4217],[72.1871,57.4023],[72.1703,57.4011],[72.0776,57.4459],[72.0702,57.4565],[72.0837,57.4685],[72.1126,57.4715],[72.1662,57.4626],[72.1815,57.4568],[72.1935,57.447]]]},"properties":{"name":"Ozero Artevo"}},{"type":"Feature","geometry":{"type":"Polygon","coordinates":[[[70.6169,57.5315],[70.5684,57.5345],[70.5545,57.5315],[70.5442,57.5239],[70.531,57.5041],[70.5213,57.4974],[70.4939,57.4918],[70.3414,57.4877],[70.3137,57.493],[70.2917,57.5074],[70.2831,57.5242],[70.2831,57.5436],[70.2922,57.5595],[70.3123,57.5663],[70.5757,57.5792],[70.6261,57.5916],[70.6528,57.5939],[70.6643,57.5827],[70.6631,57.566],[70.6573,57.5492],[70.6428,57.5365],[70.6169,57.5315]]]},"properties":{"name":"Ozero Bolshoy Uvat"}},{"type":"Feature","geometry":{"type":"Polygon","coordinates":[[[68.587,57.8427],[68.582,57.8235],[68.5823,57.8038],[68.5888,57.7847],[68.5564,57.777],[68.5399,57.7808],[68.5269,57.7923],[68.5473,57.8053],[68.5057,57.82],[68.4875,57.833],[68.4857,57.8539],[68.5007,57.8686],[68.5255,57.8765],[68.5755,57.8803],[68.5958,57.8603],[68.587,57.8427]]]},"properties":{"name":"Ozero Bolshoy Shishkarym"}},{"type":"Feature","geometry":{"type":"Polygon","coordinates":[[[73.0787,53.8261],[73.084,53.8172],[73.0813,53.8093],[73.0634,53.7831],[73.046,53.7678],[73.0275,53.7592],[72.981,53.7622],[72.9139,53.7807],[72.8512,53.8105],[72.8391,53.8225],[72.8255,53.8434],[72.822,53.8632],[72.8403,53.872],[72.865,53.877],[72.8841,53.8899],[72.9159,53.9235],[72.9389,53.9338],[72.963,53.9309],[72.9848,53.9194],[73.0496,53.8582],[73.0604,53.8367],[73.0787,53.8261]]]},"properties":{"name":"Ozero Teke"}},{"type":"Feature","geometry":{"type":"Polygon","coordinates":[[[73.892,53.4678],[73.9017,53.4543],[73.9,53.4466],[73.8929,53.4396],[73.8879,53.4281],[73.892,53.4063],[73.8894,53.391],[73.8791,53.3783],[73.8635,53.3722],[73.8084,53.3654],[73.7634,53.3695],[73.7204,53.3786],[73.6389,53.4063],[73.6642,53.4425],[73.6877,53.4508],[73.7183,53.4781],[73.7469,53.494],[73.7766,53.4961],[73.8532,53.4867],[73.8823,53.4752],[73.892,53.4678]]]},"properties":{"name":"Qyzylqaq Kli"}},{"type":"Feature","geometry":{"type":"Polygon","coordinates":[[[74.1458,52.8782],[74.2017,52.8167],[74.1799,52.809],[74.1481,52.8105],[74.0819,52.8258],[74.0601,52.8555],[74.0583,52.8959],[74.0748,52.9312],[74.1084,52.9465],[74.1237,52.9386],[74.1458,52.8782]]]},"properties":{"name":"Žalauly Kli"}},{"type":"Feature","geometry":{"type":"Polygon","coordinates":[[[75.871,52.2674],[75.8719,52.2324],[75.8663,52.2206],[75.8422,52.1968],[75.8328,52.1918],[75.8204,52.1909],[75.793,52.1965],[75.7409,52.2171],[75.7244,52.2303],[75.7218,52.2483],[75.7521,52.2356],[75.7665,52.2362],[75.7771,52.2483],[75.7639,52.2668],[75.7854,52.2883],[75.8316,52.3195],[75.8189,52.3657],[75.8178,52.3834],[75.8189,52.389],[75.8231,52.3913],[75.8419,52.3884],[75.8445,52.3822],[75.8451,52.3575],[75.8419,52.3434],[75.8557,52.3242],[75.8528,52.3095],[75.871,52.2674]]]},"properties":{"name":"Shreksor Kli"}},{"type":"Feature","geometry":{"type":"Polygon","coordinates":[[[75.5831,49.9048],[75.617,49.8828],[75.599,49.8424],[75.5778,49.8324],[75.5625,49.8421],[75.5343,49.8804],[75.5137,49.8937],[75.4901,49.901],[75.4654,49.9022],[75.4419,49.8978],[75.4077,49.8816],[75.373,49.8566],[75.3597,49.8365],[75.3453,49.8236],[75.29,49.7968],[75.2714,49.7956],[75.2084,49.8104],[75.1893,49.8201],[75.1769,49.8321],[75.1878,49.8407],[75.2776,49.8572],[75.3156,49.8498],[75.3382,49.8636],[75.383,49.9281],[75.3968,49.9387],[75.4607,49.9372],[75.4895,49.9249],[75.5831,49.9048]]]},"properties":{"name":"Qarasor Kli"}},{"type":"Feature","geometry":{"type":"Polygon","coordinates":[[[78.4061,54.9499],[78.3946,54.9544],[78.45,54.9817],[78.4526,55.0041],[78.45,55.0029],[78.4838,55.0303],[78.5141,55.0456],[78.5483,55.055],[78.5868,55.058],[78.6204,55.0547],[78.664,55.0447],[78.7049,55.0294],[78.7311,55.0097],[78.7325,54.9814],[78.7096,54.955],[78.6757,54.9352],[78.6242,54.9249],[78.5598,54.9073],[78.5336,54.9076],[78.5144,54.9129],[78.477,54.9346],[78.4644,54.9273],[78.4423,54.9482],[78.4061,54.9499]]]},"properties":{"name":"Ozero Sartlan"}},{"type":"Feature","geometry":{"type":"Polygon","coordinates":[[[78.095,54.6241],[78.0873,54.6117],[78.1135,54.6055],[78.1276,54.5885],[78.1288,54.5658],[78.1147,54.5428],[78.0902,54.5255],[78.059,54.5105],[78.0264,54.4999],[77.9978,54.4957],[77.9749,54.5007],[77.9454,54.5125],[77.9195,54.5269],[77.8942,54.554],[77.8615,54.5605],[77.7985,54.5646],[77.8056,54.5758],[77.828,54.5888],[77.8556,54.6158],[77.8807,54.6194],[77.9222,54.6055],[77.9384,54.6052],[77.9837,54.6117],[78.0314,54.6135],[78.0452,54.6194],[78.0526,54.6291],[78.0429,54.6406],[78.0452,54.6465],[78.0567,54.6494],[78.0929,54.6397],[78.1229,54.6576],[78.1344,54.6526],[78.095,54.6241]]]},"properties":{"name":""}},{"type":"Feature","geometry":{"type":"Polygon","coordinates":[[[77.8191,54.5852],[77.8091,54.5788],[77.805,54.5776],[77.8191,54.5852]]]},"properties":{"name":""}},{"type":"Feature","geometry":{"type":"Polygon","coordinates":[[[77.4939,53.2997],[77.5127,53.2544],[77.483,53.2273],[77.4335,53.2217],[77.3938,53.242],[77.4014,53.2482],[77.3331,53.2359],[77.3119,53.242],[77.3119,53.2482],[77.3458,53.2603],[77.4132,53.3103],[77.4532,53.3201],[77.4939,53.2997]]]},"properties":{"name":"Iken Zhbolat Lake"}},{"type":"Feature","geometry":{"type":"Polygon","coordinates":[[[77.7352,54.8937],[77.7099,54.9134],[77.7099,54.8999],[77.7064,54.9179],[77.7364,54.9355],[77.7767,54.9491],[77.805,54.9544],[77.7915,54.9479],[77.7844,54.9346],[77.8465,54.9073],[77.8183,54.892],[77.7765,54.887],[77.7352,54.8937]]]},"properties":{"name":""}},{"type":"Feature","geometry":{"type":"Polygon","coordinates":[[[69.3029,50.045],[69.3082,50.0308],[69.3058,50.0164],[69.2991,50.0102],[69.2737,50.0037],[69.2629,49.9861],[69.2537,49.9796],[69.2393,49.9781],[69.1987,49.9823],[69.1854,49.9864],[69.1707,50.0026],[69.1566,50.0282],[69.1551,50.05],[69.1781,50.0547],[69.2146,50.0382],[69.2225,50.0376],[69.2331,50.0453],[69.264,50.0411],[69.2902,50.047],[69.3029,50.045]]]},"properties":{"name":"Qiyakty Kli"}},{"type":"Feature","geometry":{"type":"Polygon","coordinates":[[[68.7533,50.1645],[68.7592,50.1418],[68.7548,50.1247],[68.7424,50.1124],[68.7253,50.1032],[68.6989,50.0974],[68.6638,50.1127],[68.6403,50.1174],[68.6303,50.1247],[68.6341,50.1409],[68.6476,50.1571],[68.6674,50.1645],[68.7162,50.1771],[68.7395,50.1789],[68.7533,50.1645]]]},"properties":{"name":"Kerey Kli"}},{"type":"Feature","geometry":{"type":"Polygon","coordinates":[[[69.1642,50.918],[69.1525,50.9195],[69.1354,50.9083],[69.1195,50.9051],[69.1086,50.9104],[69.1004,50.923],[69.0992,50.9366],[69.1092,50.946],[69.0959,50.9666],[69.1095,50.9713],[69.116,50.9701],[69.1377,50.964],[69.1781,50.946],[69.1996,50.9442],[69.2178,50.9563],[69.2293,50.9595],[69.2811,50.9319],[69.2817,50.9186],[69.2734,50.908],[69.2596,50.901],[69.2437,50.8983],[69.2046,50.916],[69.1887,50.8968],[69.1745,50.891],[69.166,50.8945],[69.1642,50.918]]]},"properties":{"name":"Qozhakl"}},{"type":"Feature","geometry":{"type":"Polygon","coordinates":[[[61.6329,51.0008],[61.6332,50.9699],[61.6291,50.951],[61.6135,50.9419],[61.5284,50.9319],[61.517,50.9319],[61.4999,50.9395],[61.4978,50.9481],[61.5075,50.9557],[61.5243,50.9595],[61.504,50.9778],[61.4984,50.9866],[61.4908,51.0187],[61.5149,51.0208],[61.5408,51.0005],[61.6329,51.0008]]]},"properties":{"name":"Yke Lake"}},{"type":"Feature","geometry":{"type":"Polygon","coordinates":[[[64.2445,50.3638],[64.2598,50.3508],[64.2545,50.3396],[64.2122,50.3134],[64.1757,50.2604],[64.1536,50.2342],[64.1274,50.2163],[64.1,50.2198],[64.1103,50.2313],[64.1477,50.2607],[64.1689,50.3155],[64.1506,50.3081],[64.13,50.2893],[64.0968,50.2501],[64.085,50.2413],[64.0794,50.2439],[64.0797,50.2607],[64.1,50.2813],[64.0932,50.2949],[64.0991,50.299],[64.0932,50.3093],[64.0979,50.3243],[64.075,50.3505],[64.0932,50.3638],[64.0932,50.3705],[64.0603,50.3664],[64.0529,50.3685],[64.0532,50.39],[64.0659,50.3973],[64.0659,50.4114],[64.0726,50.4144],[64.0865,50.4114],[64.1106,50.4332],[64.1256,50.4409],[64.1415,50.4382],[64.1524,50.4259],[64.1512,50.412],[64.1347,50.3838],[64.155,50.3823],[64.1689,50.3964],[64.1724,50.4176],[64.1615,50.4382],[64.1839,50.4488],[64.2013,50.4435],[64.2127,50.4262],[64.2169,50.4011],[64.2101,50.3564],[64.2048,50.3426],[64.206,50.3367],[64.2245,50.344],[64.2445,50.3638]]]},"properties":{"name":"Saryqopa Kli"}},{"type":"Feature","geometry":{"type":"Polygon","coordinates":[[[64.1827,50.2125],[64.1698,50.1945],[64.1721,50.186],[64.1827,50.1789],[64.1739,50.1665],[64.1521,50.1468],[64.1424,50.1247],[64.1159,50.1082],[64.1071,50.0962],[64.1568,50.1153],[64.1751,50.1174],[64.1615,50.0753],[64.1553,50.0344],[64.1362,50.0149],[64.1082,50.0035],[64.0885,50.0052],[64.0932,50.0273],[64.0659,50.0161],[64.052,50.0146],[64.0385,50.0211],[64.06,50.0414],[64.1415,50.0826],[64.1415,50.0894],[64.118,50.0847],[64.0923,50.0841],[64.0706,50.0915],[64.0535,50.1215],[64.0544,50.1274],[64.1409,50.1989],[64.1612,50.2086],[64.1827,50.2125]]]},"properties":{"name":""}},{"type":"Feature","geometry":{"type":"Polygon","coordinates":[[[70.0691,54.1013],[70.0706,54.0857],[70.0656,54.071],[70.0462,54.0412],[70.04,54.0374],[70.0238,54.0365],[70.0191,54.0412],[70.022,54.0524],[70.0344,54.0713],[69.9814,54.1045],[69.8342,54.0115],[69.7677,54.0086],[69.7418,54.071],[69.778,54.141],[69.8469,54.1914],[69.9184,54.194],[69.9367,54.1884],[69.9723,54.1678],[70.0344,54.1472],[70.0482,54.1375],[70.0618,54.1184],[70.0691,54.1013]]]},"properties":{"name":"Shaghalalytengiz Kli"}},{"type":"Feature","geometry":{"type":"Polygon","coordinates":[[[64.5995,54.1263],[64.5998,54.1122],[64.5951,54.0969],[64.5769,54.0645],[64.5692,54.0551],[64.5527,54.0501],[64.5395,54.0524],[64.5083,54.0683],[64.4812,54.0928],[64.485,54.0966],[64.5221,54.1019],[64.5077,54.1246],[64.5077,54.136],[64.5168,54.1631],[64.5153,54.1943],[64.523,54.2179],[64.5586,54.222],[64.5763,54.2155],[64.5789,54.2031],[64.5713,54.1896],[64.5586,54.1805],[64.5789,54.1387],[64.5995,54.1263]]]},"properties":{"name":""}},{"type":"Feature","geometry":{"type":"Polygon","coordinates":[[[64.5212,51.6095],[64.5451,51.6107],[64.5351,51.5827],[64.5168,51.5642],[64.4924,51.5548],[64.4632,51.5556],[64.4459,51.5692],[64.412,51.563],[64.3932,51.5665],[64.3864,51.5759],[64.3864,51.5892],[64.3958,51.6316],[64.4359,51.7002],[64.4541,51.7217],[64.4806,51.7337],[64.5103,51.7343],[64.5383,51.7199],[64.5407,51.6696],[64.5383,51.6593],[64.5254,51.6613],[64.4853,51.6775],[64.4768,51.6687],[64.4768,51.6448],[64.4886,51.6295],[64.4939,51.6007],[64.5042,51.6016],[64.5212,51.6095]]]},"properties":{"name":"Zharman Kli"}},{"type":"Feature","geometry":{"type":"Polygon","coordinates":[[[64.5413,51.3999],[64.5451,51.3911],[64.5418,51.3823],[64.5183,51.3431],[64.4983,51.3369],[64.48,51.3405],[64.4635,51.3505],[64.4562,51.3502],[64.4332,51.372],[64.405,51.3843],[64.3938,51.3937],[64.3888,51.4149],[64.3885,51.4361],[64.3917,51.4455],[64.4368,51.475],[64.4618,51.4829],[64.4968,51.5127],[64.5042,51.513],[64.5215,51.5082],[64.5339,51.5003],[64.5368,51.4815],[64.5321,51.4455],[64.5248,51.4273],[64.5248,51.4191],[64.5283,51.4108],[64.5413,51.3999]]]},"properties":{"name":"Iken Aqsuat Kli"}},{"type":"Feature","geometry":{"type":"Polygon","coordinates":[[[65.6351,52.6318],[65.6704,52.6145],[65.6684,52.6071],[65.6557,52.5889],[65.6487,52.5703],[65.6313,52.5615],[65.6148,52.56],[65.5804,52.5703],[65.5618,52.578],[65.5433,52.5959],[65.5415,52.6201],[65.5595,52.6454],[65.5868,52.6613],[65.5968,52.6713],[65.6063,52.7051],[65.6195,52.7095],[65.6522,52.7069],[65.6666,52.6998],[65.6675,52.6833],[65.6613,52.6648],[65.6554,52.6524],[65.6363,52.641],[65.6351,52.6318]]]},"properties":{"name":"Koybaghar Kli"}},{"type":"Feature","geometry":{"type":"Polygon","coordinates":[[[68.3015,52.9951],[68.2582,53.0133],[68.2343,53.0198],[68.2087,53.0222],[68.199,53.028],[68.1975,53.0416],[68.2052,53.064],[68.2202,53.0701],[68.2349,53.0696],[68.2864,53.0578],[68.3147,53.0428],[68.3403,53.0245],[68.3556,53.0086],[68.3597,52.9851],[68.3465,52.9733],[68.325,52.9754],[68.3015,52.9951]]]},"properties":{"name":"Imantau Kli"}},{"type":"Feature","geometry":{"type":"Polygon","coordinates":[[[70.7179,53.95],[70.7341,53.9409],[70.717,53.9347],[70.7038,53.9356],[70.6955,53.9314],[70.689,53.8729],[70.6837,53.8549],[70.6752,53.8414],[70.6531,53.8243],[70.6263,53.8143],[70.5993,53.8155],[70.5763,53.8328],[70.5698,53.844],[70.5722,53.8529],[70.5851,53.8826],[70.6031,53.9061],[70.6099,53.9341],[70.6187,53.9473],[70.6284,53.9532],[70.6999,53.9538],[70.7179,53.95]]]},"properties":{"name":"Qalybek Kli"}},{"type":"Feature","geometry":{"type":"Polygon","coordinates":[[[71.4226,54.068],[71.4255,54.0604],[71.422,54.0468],[71.4049,54.0342],[71.3982,54.0227],[71.4191,54.0227],[71.4191,54.0159],[71.4035,54.0059],[71.3852,54.0],[71.3649,53.9968],[71.319,53.9968],[71.2946,54.0009],[71.2742,54.0089],[71.261,54.0227],[71.2595,54.0348],[71.2692,54.0619],[71.286,54.0813],[71.2972,54.0851],[71.3263,54.0848],[71.3552,54.0672],[71.3676,54.0639],[71.3779,54.068],[71.3858,54.0869],[71.3949,54.091],[71.4049,54.0872],[71.4226,54.068]]]},"properties":{"name":"Kishi Qaraoy Kli"}},{"type":"Feature","geometry":{"type":"Polygon","coordinates":[[[15.8231,57.9978],[15.8605,57.9728],[15.8929,57.9669],[15.9096,57.9589],[15.9238,57.948],[15.932,57.9357],[15.8575,57.9357],[15.852,57.9221],[15.8452,57.9177],[15.8331,57.9251],[15.829,57.933],[15.8305,57.9401],[15.844,57.9492],[15.7784,57.9857],[15.7591,58.0],[15.8273,58.0],[15.8231,57.9978]]]},"properties":{"name":""}},{"type":"Feature","geometry":{"type":"MultiPolygon","coordinates":[[[[15.3695,57.9563],[15.3704,57.9492],[15.3592,57.9581],[15.3424,57.9901],[15.3166,58.0],[15.3657,58.0],[15.3636,57.9636],[15.3695,57.9563]]],[[[15.2885,57.9937],[15.2968,57.9825],[15.3227,57.9636],[15.3215,57.9548],[15.3298,57.9439],[15.3568,57.9289],[15.3465,57.9189],[15.3451,57.9089],[15.3568,57.8877],[15.3351,57.8883],[15.3212,57.8968],[15.2609,57.9766],[15.2473,57.9869],[15.2394,57.9975],[15.227,57.9978],[15.2217,57.9946],[15.1967,57.9592],[15.1946,57.9451],[15.2067,57.9151],[15.1876,57.9166],[15.1673,57.9257],[15.1511,57.9389],[15.1446,57.9531],[15.1325,57.9672],[15.0687,57.994],[15.0649,58.0],[15.291,58.0],[15.2885,57.9937]]]]},"properties":{"name":""}},{"type":"Feature","geometry":{"type":"Polygon","coordinates":[[[10.4424,54.1584],[10.4501,54.1531],[10.4354,54.1084],[10.4292,54.0978],[10.4112,54.0892],[10.4036,54.1028],[10.3994,54.1225],[10.3918,54.1325],[10.3529,54.1275],[10.3365,54.1316],[10.3438,54.1493],[10.36,54.156],[10.3827,54.1555],[10.4045,54.1496],[10.4156,54.1396],[10.4095,54.1531],[10.4318,54.1596],[10.4424,54.1584]]]},"properties":{"name":""}},{"type":"Feature","geometry":{"type":"Polygon","coordinates":[[[21.5756,54.0972],[21.5859,54.1045],[21.6065,54.1122],[21.6371,54.1325],[21.6915,54.1248],[21.7095,54.1325],[21.6611,54.153],[21.6571,54.1902],[21.6492,54.1976],[21.6492,54.2116],[21.6562,54.2127],[21.658,54.2079],[21.6757,54.2017],[21.6719,54.1933],[21.6815,54.1903],[21.6989,54.1981],[21.718,54.2008],[21.729,54.1663],[21.7404,54.1712],[21.7332,54.18],[21.7521,54.192],[21.7736,54.1834],[21.7885,54.1869],[21.8114,54.1797],[21.7999,54.1722],[21.7803,54.1735],[21.7537,54.1694],[21.7391,54.1535],[21.7278,54.1596],[21.7192,54.1575],[21.7163,54.1531],[21.7216,54.1449],[21.753,54.1432],[21.7745,54.1152],[21.7654,54.1084],[21.7542,54.1057],[21.7395,54.1075],[21.7225,54.1048],[21.7127,54.0969],[21.7133,54.0895],[21.7292,54.0775],[21.7292,54.0713],[21.7201,54.0607],[21.7361,54.0426],[21.726,54.0304],[21.6997,54.0335],[21.6881,54.0519],[21.6787,54.059],[21.6924,54.0736],[21.6748,54.1022],[21.6482,54.1146],[21.6545,54.0892],[21.6486,54.083],[21.6302,54.0808],[21.6346,54.0744],[21.5962,54.0698],[21.5921,54.0742],[21.5963,54.082],[21.5932,54.0941],[21.5815,54.0904],[21.5756,54.0972]]]},"properties":{"name":""}},{"type":"Feature","geometry":{"type":"Polygon","coordinates":[[[19.651,53.7463],[19.681,53.7551],[19.6404,53.7174],[19.6469,53.7007],[19.6363,53.6857],[19.5848,53.6462],[19.5659,53.6197],[19.5551,53.6121],[19.5433,53.6182],[19.5916,53.6698],[19.5954,53.6786],[19.6192,53.6871],[19.6228,53.7016],[19.6222,53.7104],[19.6004,53.7192],[19.5577,53.7622],[19.5439,53.7831],[19.5498,53.7922],[19.5627,53.7899],[19.5712,53.7763],[19.5786,53.7763],[19.5795,53.7925],[19.5863,53.8008],[19.5957,53.8002],[19.6054,53.7902],[19.6198,53.7955],[19.6266,53.7878],[19.6334,53.7622],[19.6431,53.7484],[19.651,53.7463]]]},"properties":{"name":""}},{"type":"Feature","geometry":{"type":"Polygon","coordinates":[[[21.5701,53.8024],[21.5654,53.8018],[21.5604,53.8174],[21.5442,53.8238],[21.5096,53.8632],[21.4793,53.8891],[21.4802,53.9055],[21.5011,53.9209],[21.5258,53.9306],[21.5376,53.9303],[21.5285,53.9129],[21.5117,53.9064],[21.5029,53.8991],[21.5179,53.8793],[21.552,53.8576],[21.5591,53.8367],[21.5694,53.8214],[21.5701,53.8024]]]},"properties":{"name":""}},{"type":"Feature","geometry":{"type":"Polygon","coordinates":[[[21.8158,53.7657],[21.7884,53.7354],[21.7292,53.7416],[21.7504,53.728],[21.7492,53.7163],[21.7763,53.6974],[21.7855,53.6801],[21.7593,53.6762],[21.7437,53.6871],[21.7437,53.7007],[21.7292,53.7007],[21.6748,53.7207],[21.6618,53.7213],[21.6468,53.7172],[21.6256,53.7042],[21.6132,53.7007],[21.638,53.7342],[21.6339,53.7492],[21.6238,53.7607],[21.615,53.7613],[21.582,53.7378],[21.5723,53.7142],[21.5706,53.6839],[21.5673,53.6742],[21.5582,53.6801],[21.555,53.6915],[21.5564,53.706],[21.5682,53.7483],[21.5779,53.7595],[21.5997,53.7695],[21.5997,53.7763],[21.5879,53.7784],[21.5654,53.8018],[21.5701,53.8024],[21.6153,53.7778],[21.6406,53.7763],[21.6262,53.7831],[21.6262,53.7902],[21.6559,53.7952],[21.6641,53.7857],[21.6851,53.7866],[21.6904,53.7904],[21.7604,53.7896],[21.8337,53.8025],[21.8461,53.7963],[21.8605,53.8043],[21.8658,53.799],[21.8605,53.7763],[21.849,53.7675],[21.8261,53.7698],[21.8158,53.7657]]]},"properties":{"name":""}},{"type":"Feature","geometry":{"type":"Polygon","coordinates":[[[21.9423,53.6727],[21.9703,53.6665],[21.9497,53.66],[21.9035,53.6648],[21.8682,53.6483],[21.8443,53.6433],[21.8162,53.6401],[21.8112,53.6505],[21.8876,53.6665],[21.8764,53.6721],[21.8646,53.6724],[21.8405,53.6665],[21.8561,53.6883],[21.8679,53.6871],[21.8679,53.6801],[21.9338,53.6912],[21.9503,53.6871],[21.9423,53.6727]]]},"properties":{"name":""}},{"type":"Feature","geometry":{"type":"Polygon","coordinates":[[[21.7552,54.0325],[21.8067,54.0226],[21.8176,54.0104],[21.8108,54.0006],[21.8193,53.9953],[21.8193,53.9891],[21.6921,53.8999],[21.668,53.8915],[21.6634,53.9008],[21.6841,53.9091],[21.7317,53.9514],[21.7643,53.9707],[21.7646,53.9901],[21.7386,54.0086],[21.7426,54.019],[21.7552,54.0325]]]},"properties":{"name":""}},{"type":"Feature","geometry":{"type":"Polygon","coordinates":[[[46.802,49.153],[46.804,49.1368],[46.7525,49.0956],[46.6736,49.0883],[46.5995,49.1086],[46.5721,49.1268],[46.5706,49.1572],[46.5959,49.1854],[46.6145,49.1995],[46.6292,49.2057],[46.6736,49.1981],[46.6945,49.2104],[46.7219,49.2193],[46.7334,49.2075],[46.7434,49.2025],[46.7593,49.1845],[46.7749,49.1801],[46.7908,49.1686],[46.802,49.153]]]},"properties":{"name":""}},{"type":"Feature","geometry":{"type":"Polygon","coordinates":[[[46.9677,48.184],[46.9683,48.171],[46.963,48.1584],[46.9527,48.1516],[46.94,48.1507],[46.8874,48.1743],[46.8703,48.1866],[46.8585,48.2052],[46.8517,48.2426],[46.8544,48.2641],[46.8826,48.2664],[46.8997,48.2611],[46.9239,48.2482],[46.9456,48.2314],[46.9677,48.184]]]},"properties":{"name":""}},{"type":"Feature","geometry":{"type":"Polygon","coordinates":[[[48.4834,49.0059],[48.4687,49.0003],[48.4813,48.9905],[48.4899,48.9791],[48.4242,48.9755],[48.411,48.9649],[48.398,48.9611],[48.3836,48.9635],[48.3662,48.9723],[48.3498,48.967],[48.3218,48.9643],[48.2358,48.9655],[48.2217,48.9702],[48.2123,48.9988],[48.2023,49.005],[48.1746,49.0138],[48.1643,49.025],[48.1575,49.0479],[48.1508,49.0583],[48.1175,49.0809],[48.1131,49.0921],[48.1175,49.1077],[48.1293,49.1142],[48.1608,49.1157],[48.1849,49.1095],[48.2194,49.123],[48.2355,49.1221],[48.32,49.0921],[48.3321,49.0821],[48.3244,49.0747],[48.3595,49.0412],[48.3456,49.0338],[48.2962,49.0633],[48.2732,49.0653],[48.2564,49.0474],[48.255,49.02],[48.2715,49.0011],[48.2994,48.9917],[48.3321,48.9926],[48.3654,49.0076],[48.3913,48.9944],[48.4013,48.9967],[48.421,49.0138],[48.4431,49.0217],[48.489,49.0182],[48.4913,49.0126],[48.4834,49.0059]]]},"properties":{"name":""}},{"type":"Feature","geometry":{"type":"Polygon","coordinates":[[[50.2775,48.7689],[50.282,48.7645],[50.2752,48.7397],[50.2622,48.7224],[50.2543,48.7188],[50.2455,48.7221],[50.234,48.7498],[50.2042,48.7657],[50.1083,48.7712],[50.09,48.7774],[50.0697,48.7892],[50.0468,48.7939],[49.9741,48.7963],[49.9396,48.8051],[49.8952,48.801],[49.9217,48.8213],[49.8601,48.8419],[49.8478,48.8528],[49.8637,48.8557],[49.8913,48.8534],[49.9484,48.841],[50.0073,48.8493],[50.0132,48.8557],[49.9944,48.8699],[49.9529,48.8905],[49.9325,48.8946],[49.909,48.9049],[49.8875,48.9184],[49.8746,48.9314],[49.899,48.9299],[49.9402,48.9146],[49.9626,48.9108],[50.0041,48.9137],[50.0235,48.9093],[50.0418,48.8784],[50.0647,48.8781],[50.1068,48.8905],[50.1277,48.8925],[50.148,48.8899],[50.1566,48.8822],[50.1413,48.8699],[50.1686,48.8604],[50.2322,48.8578],[50.2575,48.8493],[50.241,48.8428],[50.2098,48.8378],[50.2034,48.8213],[50.1569,48.8392],[50.1324,48.8395],[50.1068,48.8284],[50.093,48.8113],[50.1048,48.8004],[50.1545,48.788],[50.2381,48.7801],[50.2775,48.7689]]]},"properties":{"name":""}},{"type":"Feature","geometry":{"type":"Polygon","coordinates":[[[51.757,50.6101],[51.7856,50.5625],[51.7853,50.5445],[51.7779,50.528],[51.7582,50.5009],[51.7508,50.4794],[51.7441,50.4736],[51.6605,50.4738],[51.6366,50.4777],[51.621,50.4868],[51.5989,50.5109],[51.5833,50.5348],[51.5822,50.5613],[51.6037,50.5928],[51.6658,50.624],[51.6858,50.6302],[51.6967,50.6319],[51.7137,50.6243],[51.7479,50.6172],[51.757,50.6101]]]},"properties":{"name":""}},{"type":"Feature","geometry":{"type":"Polygon","coordinates":[[[52.5079,49.4445],[52.5129,49.4277],[52.5091,49.4177],[52.4847,49.4247],[52.482,49.415],[52.4894,49.4035],[52.4847,49.3968],[52.4664,49.3912],[52.4485,49.3965],[52.4055,49.4297],[52.3472,49.445],[52.3431,49.4492],[52.3431,49.4551],[52.3343,49.4521],[52.3313,49.4465],[52.3319,49.433],[52.3207,49.4309],[52.2886,49.4606],[52.2807,49.4757],[52.2995,49.4863],[52.291,49.4977],[52.2933,49.5113],[52.3034,49.5225],[52.3169,49.5272],[52.3251,49.5248],[52.3331,49.5125],[52.341,49.5066],[52.389,49.4998],[52.4408,49.4757],[52.4785,49.4689],[52.4953,49.4589],[52.5079,49.4445]]]},"properties":{"name":""}},{"type":"Feature","geometry":{"type":"Polygon","coordinates":[[[60.4596,55.3865],[60.4684,55.3727],[60.444,55.3718],[60.3866,55.3523],[60.3639,55.3247],[60.3504,55.3135],[60.3313,55.3114],[60.3104,55.3703],[60.2971,55.3865],[60.313,55.3912],[60.3263,55.4015],[60.3354,55.4153],[60.3386,55.4312],[60.3265,55.4548],[60.3245,55.4654],[60.3413,55.4692],[60.3622,55.4654],[60.3866,55.4348],[60.3863,55.4227],[60.414,55.4139],[60.4596,55.3865]]]},"properties":{"name":""}},{"type":"Feature","geometry":{"type":"Polygon","coordinates":[[[60.5426,55.5346],[60.5612,55.516],[60.5435,55.5031],[60.4805,55.4857],[60.4502,55.4872],[60.4213,55.5031],[60.4046,55.5222],[60.3981,55.5407],[60.4013,55.5593],[60.4278,55.5961],[60.4369,55.5973],[60.4649,55.5864],[60.489,55.5646],[60.5426,55.5346]]]},"properties":{"name":""}},{"type":"Feature","geometry":{"type":"Polygon","coordinates":[[[60.94,50.8088],[60.9688,50.7847],[60.945,50.7338],[60.8923,50.7105],[60.8387,50.7135],[60.8122,50.7423],[60.824,50.7815],[60.8791,50.8056],[60.94,50.8088]]]},"properties":{"name":""}},{"type":"Feature","geometry":{"type":"Polygon","coordinates":[[[29.1178,54.6818],[29.1242,54.6632],[29.1187,54.6565],[29.0827,54.6397],[29.0621,54.6197],[29.0509,54.6156],[29.0418,54.6261],[29.0468,54.6341],[29.0483,54.6444],[29.0418,54.6671],[29.0589,54.6721],[29.0692,54.6877],[29.0418,54.6939],[29.0665,54.71],[29.078,54.7136],[29.0827,54.7047],[29.1036,54.6939],[29.1178,54.6818]]]},"properties":{"name":""}},{"type":"Feature","geometry":{"type":"Polygon","coordinates":[[[30.337,57.193],[30.3385,57.1939],[30.337,57.1921],[30.337,57.193]]]},"properties":{"name":""}},{"type":"Feature","geometry":{"type":"Polygon","coordinates":[[[30.4247,57.2107],[30.4318,57.1868],[30.4186,57.1765],[30.3844,57.1609],[30.3747,57.16],[30.3662,57.1609],[30.3509,57.1686],[30.3385,57.1939],[30.3461,57.2033],[30.3779,57.2242],[30.3924,57.2298],[30.4177,57.2322],[30.4247,57.2239],[30.4247,57.2107]]]},"properties":{"name":""}},{"type":"Feature","geometry":{"type":"Polygon","coordinates":[[[33.2035,57.1756],[33.2168,57.1615],[33.1979,57.1547],[33.1355,57.1756],[33.1129,57.1686],[33.1096,57.1544],[33.0631,57.1574],[33.0431,57.1547],[33.0278,57.1227],[33.0172,57.1106],[32.9993,57.1171],[32.9733,57.1383],[32.9695,57.1497],[32.989,57.1547],[33.0346,57.175],[33.0508,57.1883],[33.0166,57.2163],[33.006,57.2536],[32.9616,57.2648],[32.9469,57.2866],[32.9292,57.2916],[32.893,57.2913],[32.8995,57.2778],[32.8927,57.2737],[32.8538,57.2843],[32.825,57.2778],[32.7829,57.2778],[32.7508,57.2687],[32.7417,57.271],[32.7393,57.2781],[32.7552,57.2896],[32.7826,57.2937],[32.8085,57.3034],[32.8444,57.3072],[32.893,57.3193],[32.9148,57.3205],[32.9686,57.3057],[33.0078,57.3102],[33.0743,57.3393],[33.1052,57.3399],[33.1214,57.3266],[33.1429,57.3172],[33.1874,57.3057],[33.1553,57.3063],[33.14,57.3043],[33.1264,57.2981],[33.1479,57.291],[33.1673,57.2778],[33.1285,57.2687],[33.1191,57.2645],[33.1076,57.2525],[33.1706,57.1921],[33.2035,57.1756]],[[33.0905,57.2807],[33.1129,57.2778],[33.104,57.2887],[33.0823,57.2934],[33.0787,57.3119],[33.0375,57.3016],[33.0137,57.2922],[33.0028,57.281],[33.009,57.2684],[33.0231,57.2519],[33.0508,57.2298],[33.054,57.2533],[33.069,57.2716],[33.0905,57.2807]]]},"properties":{"name":""}},{"type":"Feature","geometry":{"type":"Polygon","coordinates":[[[23.1333,54.0383],[23.1345,54.0159],[23.1177,54.0215],[23.0839,54.0086],[23.0371,54.0121],[23.0253,54.0086],[23.0194,54.0145],[23.0118,54.0159],[23.0194,54.0171],[23.0253,54.0227],[23.035,54.0218],[23.1142,54.0365],[23.1142,54.0439],[23.0857,54.0433],[23.0595,54.0501],[23.0642,54.0601],[23.0645,54.0707],[23.0709,54.078],[23.0945,54.0775],[23.0945,54.073],[23.0868,54.0713],[23.1207,54.0524],[23.1333,54.0383]]]},"properties":{"name":""}},{"type":"Feature","geometry":{"type":"Polygon","coordinates":[[[26.9589,56.8015],[26.9933,56.7912],[26.83,56.72],[26.7941,56.7105],[26.7737,56.7158],[26.7823,56.747],[26.8067,56.7782],[26.8376,56.8024],[26.9142,56.8256],[26.9315,56.8259],[26.9501,56.8186],[26.9563,56.8115],[26.9589,56.8015]]]},"properties":{"name":""}},{"type":"Feature","geometry":{"type":"Polygon","coordinates":[[[26.8376,54.8849],[26.8488,54.8793],[26.8485,54.8569],[26.8291,54.8316],[26.8005,54.8145],[26.7502,54.8198],[26.7172,54.8413],[26.719,54.8555],[26.7146,54.8655],[26.6954,54.869],[26.691,54.8828],[26.694,54.8952],[26.7013,54.9002],[26.7255,54.9073],[26.7546,54.8893],[26.7873,54.8793],[26.8376,54.8849]]]},"properties":{"name":""}},{"type":"Feature","geometry":{"type":"Polygon","coordinates":[[[27.5117,56.3361],[27.5141,56.3081],[27.5032,56.2934],[27.4776,56.2908],[27.4311,56.2981],[27.4181,56.3167],[27.399,56.3237],[27.3557,56.3323],[27.3557,56.3391],[27.401,56.3446],[27.4219,56.3511],[27.4213,56.3629],[27.4163,56.372],[27.4208,56.3776],[27.4305,56.3773],[27.4523,56.3617],[27.4864,56.3597],[27.5035,56.3494],[27.5117,56.3361]]]},"properties":{"name":""}},{"type":"Feature","geometry":{"type":"Polygon","coordinates":[[[25.3028,57.7179],[25.3214,57.7028],[25.3113,57.6978],[25.3002,57.7028],[25.2513,57.709],[25.2277,57.7173],[25.2177,57.7264],[25.2101,57.7446],[25.193,57.7661],[25.1727,57.7838],[25.1562,57.7923],[25.1789,57.7962],[25.2292,57.7747],[25.2592,57.7705],[25.2595,57.7658],[25.2519,57.7644],[25.281,57.7532],[25.3028,57.7179]]]},"properties":{"name":""}},{"type":"Feature","geometry":{"type":"Polygon","coordinates":[[[35.9388,14.7628],[35.9358,14.7507],[35.9432,14.7363],[35.9282,14.7042],[35.9005,14.6615],[35.8964,14.645],[35.8952,14.6197],[35.8805,14.668],[35.884,14.6771],[35.8984,14.6957],[35.9258,14.7775],[35.9235,14.7969],[35.8858,14.8337],[35.8734,14.8523],[35.8752,14.8749],[35.8979,14.915],[35.9017,14.9356],[35.9085,14.8737],[35.9152,14.8523],[35.95,14.8007],[35.9494,14.7772],[35.9388,14.7628]]]},"properties":{"name":"Khashm el Girba Dam"}},{"type":"Feature","geometry":{"type":"Polygon","coordinates":[[[46.8971,40.8487],[46.6174,40.9067],[46.4552,40.897],[46.4108,40.8867],[46.3855,40.8858],[46.3378,40.8997],[46.3702,40.9247],[46.4864,40.9397],[46.5235,40.9753],[46.5011,40.9906],[46.4664,41.0295],[46.4408,41.043],[46.4408,41.0504],[46.4688,41.0504],[46.5218,41.0407],[46.5506,41.043],[46.5977,41.061],[46.6227,41.0654],[46.6463,41.0574],[46.658,41.018],[46.6851,40.9868],[46.7216,40.9638],[46.8988,40.9044],[46.9412,40.8796],[46.9683,40.8584],[47.0048,40.8523],[47.0292,40.8411],[47.1261,40.8178],[47.1432,40.8099],[47.1549,40.7966],[47.1596,40.7731],[47.0852,40.7978],[47.0584,40.7969],[47.0216,40.7801],[46.9992,40.776],[46.9848,40.789],[46.9715,40.8128],[46.9618,40.8199],[46.9412,40.8314],[46.8971,40.8487]]]},"properties":{"name":"Mingevir Reservoir"}},{"type":"Feature","geometry":{"type":"Polygon","coordinates":[[[76.5654,12.4438],[76.5704,12.4358],[76.5704,12.4267],[76.5654,12.4199],[76.5581,12.4205],[76.5113,12.4411],[76.4901,12.4455],[76.4707,12.4441],[76.4556,12.4335],[76.4542,12.4479],[76.4627,12.4767],[76.4456,12.482],[76.4324,12.492],[76.4291,12.5109],[76.4353,12.5221],[76.4489,12.5094],[76.4545,12.4976],[76.4839,12.467],[76.4936,12.4608],[76.5213,12.4653],[76.5245,12.4576],[76.5654,12.4438]]]},"properties":{"name":"Krishna Raja Sagar"}},{"type":"Feature","geometry":{"type":"Polygon","coordinates":[[[75.6338,13.7084],[75.6467,13.6674],[75.6447,13.6465],[75.6158,13.6772],[75.6064,13.6674],[75.5955,13.6722],[75.5572,13.6674],[75.5572,13.6601],[75.5725,13.6498],[75.5773,13.6324],[75.5778,13.5918],[75.5843,13.5656],[75.5787,13.5526],[75.5572,13.5447],[75.5572,13.537],[75.5717,13.5303],[75.5461,13.5155],[75.5307,13.4961],[75.5328,13.5176],[75.5416,13.5391],[75.5549,13.5579],[75.5717,13.5712],[75.5617,13.5883],[75.5572,13.6059],[75.5516,13.6059],[75.5352,13.588],[75.5101,13.5712],[75.5293,13.6089],[75.5254,13.6189],[75.4963,13.6192],[75.4963,13.6265],[75.5113,13.6306],[75.5393,13.6545],[75.5443,13.6639],[75.5487,13.6998],[75.5549,13.7157],[75.5643,13.7145],[75.5767,13.7269],[75.5914,13.7222],[75.6185,13.721],[75.6338,13.7084]]]},"properties":{"name":"Bhadra Reservoir"}},{"type":"Feature","geometry":{"type":"Polygon","coordinates":[[[76.3326,15.2564],[76.3347,15.2361],[76.322,15.2255],[76.2843,15.2093],[76.2999,15.1937],[76.2914,15.1902],[76.2599,15.1949],[76.2481,15.1905],[76.229,15.1687],[76.2154,15.1607],[76.2048,15.1681],[76.1957,15.1875],[76.1884,15.1949],[76.176,15.1999],[76.1607,15.1887],[76.1192,15.1746],[76.1089,15.1449],[76.1027,15.1404],[76.07,15.1401],[76.065,15.1369],[76.0585,15.1222],[76.0479,15.1131],[76.0209,15.1275],[75.9832,15.1198],[75.9143,15.1198],[75.8937,15.0928],[75.8837,15.0972],[75.8799,15.1063],[75.8802,15.1304],[75.8846,15.1431],[75.9031,15.1437],[75.9105,15.1566],[75.9381,15.1607],[75.9461,15.1722],[75.952,15.1746],[75.9658,15.1684],[75.9738,15.1716],[75.977,15.1799],[75.9758,15.2017],[75.9832,15.2017],[75.992,15.1722],[76.0014,15.1631],[76.0173,15.1607],[76.065,15.1855],[76.0694,15.1955],[76.0889,15.2131],[76.093,15.2264],[76.09,15.275],[76.093,15.2844],[76.1192,15.2638],[76.1742,15.2638],[76.1931,15.2573],[76.2016,15.2638],[76.2098,15.2564],[76.2187,15.2555],[76.226,15.2617],[76.229,15.2744],[76.2246,15.302],[76.2278,15.3112],[76.2428,15.305],[76.2643,15.2903],[76.3129,15.2806],[76.3326,15.2564]]]},"properties":{"name":"Tungabhadra"}},{"type":"Feature","geometry":{"type":"Polygon","coordinates":[[[43.4162,33.2521],[43.3938,33.2591],[43.3506,33.2868],[43.3044,33.3048],[43.2873,33.3215],[43.2952,33.3489],[43.3061,33.356],[43.3388,33.3601],[43.3567,33.3757],[43.362,33.3904],[43.3709,33.4446],[43.4168,33.4252],[43.4256,33.4166],[43.4295,33.3813],[43.4339,33.3675],[43.4498,33.3619],[43.4819,33.3295],[43.4904,33.3351],[43.5113,33.3271],[43.5172,33.3313],[43.5292,33.3557],[43.5702,33.3374],[43.597,33.293],[43.5919,33.2718],[43.5805,33.2474],[43.5649,33.2256],[43.549,33.2112],[43.5128,33.2073],[43.501,33.1947],[43.4665,33.1838],[43.4465,33.1897],[43.4289,33.2011],[43.4268,33.2097],[43.438,33.222],[43.4324,33.2315],[43.4465,33.2459],[43.4465,33.2521],[43.4162,33.2521]]]},"properties":{"name":"Lake Habbaniyah"}},{"type":"Feature","geometry":{"type":"Polygon","coordinates":[[[43.2914,33.7198],[43.2849,33.7234],[43.2808,33.7325],[43.2746,33.7325],[43.2611,33.7183],[43.249,33.7272],[43.2352,33.7478],[43.2228,33.7516],[43.2225,33.7554],[43.2007,33.7816],[43.2131,33.7863],[43.2078,33.7949],[43.1722,33.8205],[43.1369,33.8614],[43.1248,33.8873],[43.0962,33.915],[43.0877,33.9359],[43.0783,33.9468],[43.0762,33.9544],[43.0886,33.973],[43.0762,33.9789],[43.083,33.9933],[43.0692,33.9933],[43.0692,33.9995],[43.083,34.0118],[43.0792,34.0545],[43.0898,34.0675],[43.0898,34.0751],[43.0677,34.0854],[43.0642,34.1046],[43.0762,34.1496],[43.0753,34.1767],[43.0594,34.2182],[43.0512,34.2535],[43.0515,34.2644],[43.0589,34.2768],[43.0803,34.295],[43.083,34.3041],[43.0762,34.3294],[43.0765,34.343],[43.0865,34.3489],[43.0962,34.3445],[43.103,34.3339],[43.1101,34.308],[43.1177,34.308],[43.1127,34.3209],[43.1112,34.3365],[43.1148,34.3459],[43.1239,34.3412],[43.1407,34.3165],[43.1519,34.3141],[43.1501,34.3091],[43.1451,34.308],[43.1563,34.2971],[43.1569,34.2829],[43.1451,34.2526],[43.1613,34.2476],[43.1689,34.2391],[43.191,34.1829],[43.2166,34.1602],[43.2196,34.1434],[43.2405,34.1366],[43.2575,34.1122],[43.2664,34.1081],[43.2864,34.1075],[43.2952,34.1019],[43.297,34.0943],[43.2908,34.0789],[43.2952,34.0675],[43.3226,34.0948],[43.3329,34.058],[43.3294,34.0472],[43.3464,34.048],[43.3573,34.0416],[43.3629,34.0292],[43.3635,34.0124],[43.3709,34.0124],[43.3947,34.0368],[43.405,34.0398],[43.4124,34.036],[43.4392,34.0124],[43.4465,33.9653],[43.4562,33.9574],[43.4774,33.9518],[43.4807,33.9379],[43.4954,33.9394],[43.5033,33.9244],[43.5075,33.8758],[43.4895,33.8767],[43.4821,33.8835],[43.453,33.8758],[43.4683,33.8744],[43.488,33.8673],[43.506,33.8579],[43.5148,33.8479],[43.4945,33.8555],[43.4892,33.8502],[43.4727,33.8479],[43.4795,33.8426],[43.4695,33.8017],[43.4727,33.7934],[43.4913,33.7837],[43.4945,33.7766],[43.4889,33.7425],[43.4804,33.7213],[43.4665,33.7045],[43.4418,33.693],[43.3874,33.7113],[43.345,33.7142],[43.3229,33.7204],[43.3088,33.7325],[43.2999,33.7228],[43.2914,33.7198]]]},"properties":{"name":"Buhayrat ath Tharthar"}},{"type":"Feature","geometry":{"type":"Polygon","coordinates":[[[38.3546,38.5421],[38.3452,38.5624],[38.3361,38.598],[38.3593,38.6378],[38.3776,38.6684],[38.3979,38.689],[38.4473,38.7066],[38.4677,38.7278],[38.4715,38.7408],[38.4883,38.714],[38.4785,38.6946],[38.4317,38.6737],[38.4002,38.6528],[38.369,38.6018],[38.369,38.5818],[38.3767,38.5542],[38.4023,38.5394],[38.4291,38.5368],[38.4718,38.5094],[38.5804,38.4712],[38.6705,38.4467],[38.6984,38.442],[38.7605,38.4411],[38.8412,38.4656],[38.8477,38.4376],[38.865,38.4241],[38.8798,38.3881],[38.9033,38.3823],[38.9395,38.3631],[38.9654,38.3443],[38.9966,38.3369],[39.0508,38.349],[39.0735,38.3481],[39.0264,38.3204],[38.9395,38.3107],[38.9166,38.2936],[38.9013,38.2886],[38.9216,38.3201],[38.9239,38.3434],[38.9107,38.3496],[38.8895,38.3537],[38.8056,38.4252],[38.7311,38.404],[38.7011,38.4023],[38.6814,38.4129],[38.6349,38.4305],[38.5745,38.447],[38.505,38.4585],[38.4453,38.4762],[38.4188,38.4929],[38.3994,38.4982],[38.3808,38.5103],[38.3546,38.5421]]]},"properties":{"name":"Saksak Dagi"}},{"type":"Feature","geometry":{"type":"Polygon","coordinates":[[[33.5856,49.0082],[33.7196,48.959],[33.7737,48.9461],[33.7952,48.937],[33.8603,48.9293],[33.9765,48.8778],[33.996,48.8654],[34.054,48.8772],[34.0987,48.8816],[34.109,48.8887],[34.1114,48.912],[34.1237,48.9305],[34.1399,48.9164],[34.132,48.8816],[34.1099,48.8534],[34.1137,48.8369],[34.1379,48.8431],[34.1761,48.8634],[34.2011,48.8684],[34.2191,48.8613],[34.1814,48.8454],[34.202,48.8334],[34.2441,48.8331],[34.2562,48.813],[34.2603,48.7698],[34.2677,48.7565],[34.3042,48.7421],[34.3295,48.7224],[34.3566,48.7068],[34.4687,48.6603],[34.5099,48.6249],[34.5606,48.5937],[34.5703,48.5622],[34.5226,48.5249],[34.4911,48.5319],[34.469,48.5484],[34.477,48.5684],[34.474,48.5808],[34.4366,48.5985],[34.3828,48.5973],[34.3651,48.6126],[34.3698,48.637],[34.3651,48.6559],[34.3283,48.6588],[34.2971,48.6659],[34.2936,48.69],[34.2794,48.7021],[34.2418,48.7062],[34.2153,48.7324],[34.192,48.7492],[34.1588,48.7486],[34.1349,48.7598],[34.0678,48.7727],[34.0148,48.8004],[33.996,48.7898],[33.9721,48.786],[33.9474,48.8281],[33.9247,48.844],[33.8868,48.8613],[33.8529,48.864],[33.8447,48.8752],[33.7293,48.9152],[33.7093,48.9067],[33.704,48.8984],[33.6954,48.9114],[33.6657,48.9308],[33.631,48.9376],[33.5683,48.9708],[33.5365,49.0023],[33.5856,49.0082]]]},"properties":{"name":""}},{"type":"Feature","geometry":{"type":"Polygon","coordinates":[[[30.4362,50.8765],[30.4374,50.891],[30.4327,50.9051],[30.4468,50.9104],[30.4424,50.9475],[30.4462,50.9666],[30.4297,50.974],[30.4121,51.0122],[30.3882,51.0211],[30.2702,51.0293],[30.254,51.034],[30.2567,51.0393],[30.2952,51.0437],[30.3079,51.0532],[30.32,51.0552],[30.3591,51.049],[30.3712,51.0552],[30.3582,51.0691],[30.3712,51.0764],[30.3844,51.0682],[30.4047,51.0691],[30.4106,51.0738],[30.4124,51.097],[30.4274,51.1141],[30.4636,51.1123],[30.4842,51.1206],[30.4895,51.13],[30.4874,51.14],[30.4801,51.1482],[30.4562,51.1544],[30.4542,51.1612],[30.4601,51.1753],[30.4774,51.1844],[30.4845,51.2042],[30.5145,51.2204],[30.5289,51.2198],[30.5407,51.2042],[30.5493,51.1992],[30.5596,51.2012],[30.5905,51.2204],[30.589,51.2006],[30.5699,51.1615],[30.5666,51.1106],[30.5622,51.097],[30.5719,51.102],[30.5822,51.1017],[30.5911,51.0953],[30.5972,51.0826],[30.5961,51.0729],[30.5649,51.0222],[30.5587,51.0008],[30.5599,50.9778],[30.5699,50.9534],[30.5604,50.9386],[30.5575,50.9133],[30.5604,50.8857],[30.5699,50.8636],[30.5596,50.8427],[30.5451,50.7629],[30.5357,50.7338],[30.5095,50.6846],[30.5057,50.654],[30.5222,50.6302],[30.5269,50.6128],[30.5272,50.6031],[30.5145,50.5966],[30.4701,50.624],[30.4527,50.6304],[30.4103,50.6637],[30.3985,50.6784],[30.3988,50.7029],[30.3788,50.727],[30.3835,50.7806],[30.4121,50.8392],[30.4306,50.8636],[30.4362,50.8765]]]},"properties":{"name":"Kiev Reservoir"}},{"type":"Feature","geometry":{"type":"Polygon","coordinates":[[[45.2451,56.1772],[45.2713,56.1754],[45.3154,56.151],[45.3519,56.1206],[45.3726,56.1077],[45.4135,56.1139],[45.4341,56.1236],[45.46,56.1471],[45.4841,56.1789],[45.5247,56.1842],[45.5518,56.1922],[45.5718,56.2034],[45.6027,56.2036],[45.6295,56.2169],[45.6557,56.2139],[45.6625,56.206],[45.7078,56.1986],[45.7264,56.2128],[45.7579,56.2051],[45.825,56.2454],[45.8809,56.2434],[45.9318,56.2228],[45.9578,56.1798],[45.9813,56.1742],[45.9922,56.1892],[46.0313,56.1954],[46.0687,56.1933],[46.0908,56.2001],[46.092,56.2154],[46.079,56.239],[46.0496,56.2413],[46.0399,56.2231],[46.0696,56.2125],[46.0455,56.2089],[46.0143,56.2107],[46.0007,56.2281],[46.0043,56.2563],[46.0266,56.2602],[46.0911,56.2566],[46.1385,56.2646],[46.1632,56.2834],[46.278,56.302],[46.3266,56.3055],[46.354,56.3205],[46.3478,56.3311],[46.3086,56.3555],[46.2954,56.3688],[46.2477,56.3826],[46.2527,56.4097],[46.2174,56.4332],[46.2748,56.4541],[46.3528,56.4097],[46.3996,56.4018],[46.4228,56.3862],[46.4538,56.385],[46.4729,56.3897],[46.4817,56.3809],[46.5117,56.3753],[46.5653,56.3841],[46.6239,56.4238],[46.7134,56.4118],[46.7714,56.3941],[46.7887,56.3776],[46.7917,56.3396],[46.8617,56.3146],[46.8576,56.2743],[46.8473,56.2419],[46.8635,56.2443],[46.9141,56.2354],[46.9612,56.2325],[47.001,56.2092],[47.0949,56.1933],[47.142,56.1963],[47.1791,56.2075],[47.2356,56.1863],[47.3074,56.1748],[47.4163,56.1777],[47.4455,56.1695],[47.4631,56.1568],[47.4519,56.1433],[47.4087,56.1333],[47.358,56.1295],[47.2429,56.1442],[47.1826,56.1451],[47.1005,56.1407],[47.0651,56.1286],[47.0016,56.1245],[46.9138,56.1315],[46.862,56.1601],[46.8285,56.188],[46.762,56.2131],[46.7028,56.2419],[46.6748,56.2507],[46.6295,56.2872],[46.5762,56.3429],[46.5494,56.3399],[46.5165,56.3235],[46.4808,56.317],[46.4549,56.3043],[46.3278,56.2655],[46.2963,56.2575],[46.2256,56.2469],[46.1826,56.2334],[46.15,56.2151],[46.1238,56.1854],[46.0811,56.1627],[46.0069,56.1421],[45.9963,56.1312],[46.034,56.1165],[46.082,56.0924],[46.1129,56.0824],[46.127,56.0691],[46.104,56.0573],[46.082,56.0603],[46.0466,56.0862],[46.0216,56.1103],[45.9651,56.1168],[45.9363,56.1306],[45.9239,56.1465],[45.9316,56.1613],[45.9104,56.1786],[45.8624,56.1895],[45.8241,56.1845],[45.7702,56.1554],[45.7125,56.1377],[45.6622,56.1289],[45.5362,56.12],[45.4797,56.0989],[45.4358,56.0718],[45.3846,56.075],[45.3319,56.088],[45.2772,56.1303],[45.1945,56.1418],[45.213,56.1719],[45.2451,56.1772]]]},"properties":{"name":"Cheboksary Reservoir"}},{"type":"Feature","geometry":{"type":"Polygon","coordinates":[[[12.7441,6.5064],[12.7611,6.4861],[12.7844,6.4723],[12.8056,6.5],[12.8112,6.4723],[12.8721,6.4832],[12.8621,6.467],[12.8282,6.4611],[12.7956,6.4511],[12.7776,6.4278],[12.802,6.4084],[12.8332,6.4278],[12.8332,6.4055],[12.8553,6.4223],[12.8612,6.4167],[12.8536,6.3875],[12.8777,6.3834],[12.8854,6.3649],[12.9001,6.361],[12.9277,6.3222],[12.9319,6.3375],[12.9292,6.354],[12.9325,6.3657],[12.9389,6.3722],[12.9398,6.4019],[12.9445,6.4278],[12.9501,6.4223],[12.9557,6.439],[12.9866,6.432],[13.0166,6.439],[12.9722,6.3722],[12.9831,6.3601],[12.9666,6.3554],[12.9899,6.3342],[13.0013,6.3181],[12.9628,6.3169],[12.9389,6.2833],[12.9207,6.2883],[12.9113,6.311],[12.8889,6.2889],[12.8718,6.3213],[12.8332,6.2945],[12.8023,6.3231],[12.7723,6.3445],[12.7508,6.3793],[12.7555,6.3999],[12.6902,6.4429],[12.6222,6.4555],[12.6334,6.4555],[12.611,6.5],[12.6293,6.4885],[12.6502,6.4832],[12.6502,6.4944],[12.6702,6.4938],[12.6887,6.5],[12.6867,6.5294],[12.7223,6.5332],[12.7223,6.5223],[12.7441,6.5064]]]},"properties":{"name":"M'Bakaou Reservoir"}},{"type":"Feature","geometry":{"type":"Polygon","coordinates":[[[48.4584,53.1225],[48.4784,53.1484],[48.5134,53.177],[48.5761,53.1705],[48.6618,53.1384],[48.6159,53.1264],[48.5643,53.0993],[48.5432,53.081],[48.5452,53.0551],[48.5393,53.0216],[48.5673,52.9951],[48.5658,52.9851],[48.5573,52.9739],[48.5705,52.9589],[48.602,52.9333],[48.6217,52.9038],[48.6156,52.882],[48.537,52.8061],[48.4484,52.7675],[48.4398,52.7602],[48.4107,52.7148],[48.4098,52.6939],[48.3942,52.6589],[48.4175,52.6436],[48.4445,52.6586],[48.4616,52.676],[48.4987,52.6886],[48.5261,52.681],[48.5149,52.673],[48.491,52.6748],[48.4669,52.6474],[48.418,52.6098],[48.3977,52.6098],[48.3186,52.5995],[48.2779,52.59],[48.265,52.5694],[48.2629,52.5385],[48.2479,52.5217],[48.2267,52.505],[48.2096,52.4534],[48.2123,52.4205],[48.1861,52.3813],[48.1734,52.3319],[48.1228,52.2733],[48.141,52.248],[48.1546,52.2403],[48.1799,52.2439],[48.1976,52.2215],[48.2291,52.2171],[48.2523,52.2235],[48.2697,52.2235],[48.3842,52.2138],[48.4516,52.218],[48.4648,52.215],[48.4604,52.2038],[48.3857,52.1921],[48.3133,52.1947],[48.2926,52.1921],[48.2738,52.1853],[48.25,52.1921],[48.1687,52.2006],[48.1581,52.2156],[48.1408,52.2286],[48.0622,52.2309],[48.038,52.2209],[48.0274,52.1959],[47.9886,52.1723],[47.975,52.1452],[47.9665,52.117],[47.9197,52.0772],[47.8432,52.0649],[47.8343,52.0546],[47.7899,52.0563],[47.769,52.074],[47.7566,52.0893],[47.781,52.1208],[47.8746,52.2074],[47.9217,52.2253],[47.9591,52.2495],[48.0324,52.3177],[48.0427,52.3351],[48.0675,52.356],[48.0848,52.3863],[48.109,52.4178],[48.1199,52.4543],[48.1072,52.515],[48.1054,52.5441],[48.1193,52.5674],[48.1658,52.5986],[48.212,52.6377],[48.2332,52.6719],[48.2594,52.6981],[48.3374,52.719],[48.3368,52.7796],[48.3695,52.8417],[48.4316,52.9041],[48.4657,52.9321],[48.4987,52.9536],[48.4946,52.9762],[48.4372,53.0619],[48.4275,53.084],[48.4375,53.1096],[48.4584,53.1225]]]},"properties":{"name":"Saratov Reservoir"}},{"type":"Feature","geometry":{"type":"Polygon","coordinates":[[[53.4084,55.8863],[53.4708,55.9005],[53.5011,55.9134],[53.5385,55.9396],[53.5641,55.9278],[53.5971,55.919],[53.6857,55.9137],[53.6951,55.8843],[53.6819,55.8754],[53.6677,55.871],[53.6192,55.879],[53.5868,55.876],[53.5612,55.8598],[53.5447,55.8413],[53.5182,55.8481],[53.4973,55.8687],[53.4737,55.8784],[53.4573,55.8713],[53.4275,55.8672],[53.3145,55.8398],[53.1447,55.8419],[53.0958,55.8498],[53.0254,55.8731],[52.961,55.9005],[52.8868,55.9128],[52.84,55.9163],[52.845,55.9031],[52.8603,55.8963],[52.8783,55.8954],[52.89,55.8857],[52.9083,55.8828],[52.9336,55.8863],[52.9848,55.8745],[53.0193,55.8339],[53.0584,55.8157],[53.1017,55.8171],[53.1664,55.803],[53.2097,55.8015],[53.2206,55.808],[53.2259,55.7842],[53.2692,55.7889],[53.3375,55.7544],[53.3728,55.7238],[53.391,55.7141],[53.4007,55.7115],[53.4202,55.7141],[53.4252,55.705],[53.4219,55.6953],[53.4113,55.6876],[53.4163,55.6788],[53.3981,55.6753],[53.3748,55.6909],[53.3536,55.6935],[53.2904,55.7165],[53.2733,55.7394],[53.248,55.7521],[53.2091,55.7559],[53.1862,55.7539],[53.1567,55.7294],[53.1152,55.7126],[53.0981,55.7159],[53.1358,55.7327],[53.1435,55.7624],[53.1114,55.7736],[53.0416,55.7618],[52.9804,55.7618],[52.9563,55.7777],[52.9374,55.8027],[52.9312,55.8204],[52.9086,55.8354],[52.8859,55.8422],[52.7228,55.8481],[52.674,55.8272],[52.6113,55.8351],[52.5827,55.8478],[52.548,55.8304],[52.5082,55.8375],[52.4408,55.8292],[52.402,55.8327],[52.3622,55.8292],[52.3457,55.8086],[52.3419,55.7909],[52.3516,55.7715],[52.3708,55.7512],[52.3946,55.748],[52.3496,55.7012],[52.2933,55.6753],[52.2754,55.6841],[52.2766,55.6959],[52.3048,55.7153],[52.3228,55.7497],[52.2933,55.8133],[52.291,55.8516],[52.3145,55.8848],[52.3622,55.8884],[52.3846,55.9037],[52.5085,55.8896],[52.5645,55.914],[52.593,55.9473],[52.6843,56.0026],[52.7261,56.007],[52.7793,56.0206],[52.8273,56.0382],[52.8809,56.0529],[52.9024,56.0547],[52.8986,56.0314],[52.8771,56.0235],[52.85,56.0191],[52.797,55.9999],[52.7891,55.9885],[52.8691,55.9723],[52.8994,55.9455],[52.9515,55.9252],[53.0298,55.9102],[53.1073,55.8887],[53.1585,55.879],[53.1891,55.8748],[53.2468,55.8737],[53.3063,55.894],[53.3127,55.8825],[53.3339,55.876],[53.4084,55.8863]]]},"properties":{"name":"Nizhnekamsk Reservoir"}},{"type":"Feature","geometry":{"type":"Polygon","coordinates":[[[38.6034,37.541],[38.6045,37.5204],[38.6013,37.4921],[38.5766,37.4762],[38.5616,37.4818],[38.5451,37.4833],[38.5198,37.4736],[38.533,37.4527],[38.558,37.4238],[38.5401,37.4176],[38.49,37.4447],[38.4309,37.4635],[38.3729,37.473],[38.3361,37.4833],[38.3169,37.4977],[38.3161,37.5177],[38.286,37.551],[38.2737,37.5736],[38.2551,37.5842],[38.2478,37.596],[38.2575,37.6125],[38.2775,37.6148],[38.3087,37.6004],[38.3231,37.5669],[38.3408,37.5722],[38.349,37.6057],[38.3399,37.6796],[38.3649,37.6575],[38.3899,37.6508],[38.4014,37.6602],[38.4259,37.6602],[38.4394,37.654],[38.4588,37.6222],[38.4211,37.6272],[38.4158,37.6087],[38.4055,37.6022],[38.3846,37.5984],[38.3735,37.5754],[38.3676,37.5548],[38.3749,37.5286],[38.3746,37.5086],[38.3873,37.4953],[38.3958,37.508],[38.4185,37.5242],[38.45,37.5315],[38.4859,37.5448],[38.4927,37.5677],[38.5056,37.5804],[38.5304,37.5828],[38.558,37.6016],[38.5936,37.609],[38.621,37.6198],[38.6237,37.6387],[38.6298,37.6519],[38.7046,37.6481],[38.7382,37.6593],[38.7137,37.6937],[38.6799,37.7285],[38.6666,37.7476],[38.6581,37.7859],[38.6672,37.7968],[38.6852,37.7706],[38.6923,37.7467],[38.7264,37.699],[38.7744,37.659],[38.8082,37.6596],[38.8132,37.6708],[38.7891,37.6973],[38.8141,37.7152],[38.8489,37.7129],[38.8765,37.7235],[38.8789,37.7482],[38.873,37.7579],[38.8927,37.7676],[38.9024,37.7697],[38.918,37.7676],[38.9325,37.7794],[38.9298,37.795],[38.8848,37.7735],[38.8827,37.8106],[38.9266,37.8433],[38.9513,37.8406],[38.961,37.8595],[38.9734,37.8662],[38.9828,37.8995],[39.0002,37.881],[38.9922,37.8262],[38.9707,37.8085],[38.9793,37.7959],[38.9796,37.7776],[38.9728,37.75],[38.9472,37.7479],[38.9283,37.7279],[38.9357,37.7105],[38.9127,37.6979],[38.9272,37.6952],[38.946,37.699],[38.9513,37.6881],[38.9316,37.6823],[38.9121,37.692],[38.8889,37.6855],[38.8471,37.6867],[38.8412,37.6761],[38.8827,37.6546],[38.8809,37.6387],[38.8359,37.641],[38.75,37.6204],[38.6578,37.6101],[38.6137,37.5492],[38.6034,37.541]]]},"properties":{"name":"Ataturk Barajt"}},{"type":"Feature","geometry":{"type":"Polygon","coordinates":[[[4.6782,10.3747],[4.6947,10.3641],[4.6808,10.3361],[4.6638,10.3505],[4.6573,10.3408],[4.6529,10.2958],[4.6231,10.2325],[4.619,10.2134],[4.6326,10.2201],[4.6337,10.2066],[4.6228,10.1934],[4.6084,10.1886],[4.5984,10.1998],[4.5825,10.1822],[4.5631,10.148],[4.5431,10.1445],[4.5431,10.1383],[4.5637,10.1177],[4.5563,10.0997],[4.559,10.0927],[4.5675,10.0897],[4.5778,10.0933],[4.5916,10.1177],[4.614,10.1254],[4.6223,10.1174],[4.6202,10.1077],[4.6052,10.1103],[4.6081,10.0847],[4.6058,10.0788],[4.5984,10.0836],[4.5964,10.0703],[4.6184,10.0565],[4.6258,10.0421],[4.6061,10.0058],[4.6137,9.9752],[4.6258,9.9602],[4.6217,9.9534],[4.6081,9.9511],[4.6052,9.9426],[4.6064,9.9228],[4.6111,9.9116],[4.6217,9.9102],[4.6393,9.919],[4.6435,9.9008],[4.6299,9.8813],[4.6258,9.8675],[4.619,9.8616],[4.5849,9.8451],[4.571,9.8428],[4.5755,9.8545],[4.5849,9.8646],[4.5849,9.8572],[4.5911,9.8693],[4.5902,9.8807],[4.5772,9.8981],[4.5575,9.891],[4.5628,9.9105],[4.5625,9.9334],[4.556,9.947],[4.5431,9.939],[4.5392,9.9558],[4.5643,9.9773],[4.571,9.9935],[4.5687,10.0038],[4.5407,10.0344],[4.5345,10.0341],[4.5228,10.0214],[4.516,10.0291],[4.5278,10.0391],[4.5366,10.0541],[4.5366,10.07],[4.5228,10.0836],[4.5125,10.08],[4.5027,10.0836],[4.4674,10.0421],[4.4748,10.0694],[4.4474,10.0556],[4.4586,10.0753],[4.4939,10.0953],[4.4954,10.1103],[4.4645,10.1245],[4.4503,10.1277],[4.443,10.1259],[4.4333,10.1177],[4.4398,10.1386],[4.4624,10.1439],[4.488,10.138],[4.5027,10.1245],[4.5089,10.1245],[4.5139,10.1362],[4.5228,10.1445],[4.5157,10.1651],[4.5169,10.1757],[4.5228,10.1854],[4.4771,10.1763],[4.4554,10.1795],[4.4474,10.1998],[4.4833,10.1907],[4.5051,10.2048],[4.5101,10.2284],[4.4954,10.2481],[4.4998,10.2605],[4.4863,10.287],[4.4818,10.3061],[4.4442,10.3641],[4.4297,10.3703],[4.4053,10.3979],[4.3929,10.4053],[4.3776,10.4006],[4.3488,10.3809],[4.3308,10.3847],[4.3544,10.3973],[4.3753,10.4156],[4.3885,10.4221],[4.4006,10.4177],[4.4162,10.4053],[4.4424,10.3965],[4.4536,10.3932],[4.4612,10.3982],[4.4612,10.4106],[4.4406,10.4536],[4.4612,10.4462],[4.463,10.4724],[4.4748,10.4945],[4.4612,10.4992],[4.4333,10.5292],[4.448,10.5328],[4.4712,10.5666],[4.4916,10.5857],[4.4977,10.5981],[4.4742,10.6063],[4.4583,10.6214],[4.4539,10.6402],[4.4674,10.6658],[4.4827,10.6358],[4.4886,10.6311],[4.496,10.6355],[4.5089,10.6658],[4.516,10.6658],[4.5248,10.6231],[4.5528,10.6087],[4.5601,10.6002],[4.5637,10.5902],[4.5755,10.5972],[4.5819,10.5955],[4.5875,10.5684],[4.6008,10.5763],[4.6264,10.6037],[4.6393,10.6125],[4.6496,10.6155],[4.6546,10.6134],[4.6555,10.6037],[4.6479,10.5955],[4.6243,10.5542],[4.6214,10.5436],[4.6237,10.5316],[4.6317,10.5219],[4.6411,10.5216],[4.6599,10.5292],[4.657,10.5148],[4.6326,10.4945],[4.6331,10.4812],[4.6655,10.4233],[4.6782,10.3747]]]},"properties":{"name":"Kainji Reservoir"}},{"type":"Feature","geometry":{"type":"Polygon","coordinates":[[[35.3212,47.534],[35.3262,47.5267],[35.3194,47.5199],[35.3244,47.5061],[35.2882,47.4881],[35.2779,47.4749],[35.2871,47.4378],[35.2823,47.4351],[35.2352,47.4569],[35.2226,47.4578],[35.1781,47.4448],[35.0995,47.451],[35.0775,47.4445],[35.0586,47.4219],[35.0212,47.4142],[34.9685,47.3963],[34.9253,47.3957],[34.8926,47.4086],[34.8328,47.451],[34.7922,47.4672],[34.781,47.4749],[34.7607,47.5022],[34.7537,47.5061],[34.7275,47.509],[34.6159,47.5414],[34.5765,47.5343],[34.5105,47.5061],[34.4684,47.4958],[34.3839,47.4914],[34.3522,47.4781],[34.3133,47.4298],[34.2939,47.4236],[34.2226,47.4169],[34.0905,47.4228],[34.0513,47.4169],[34.0357,47.4072],[34.0298,47.3921],[34.0301,47.348],[34.0651,47.3571],[34.1379,47.3562],[34.1832,47.3798],[34.1897,47.378],[34.1914,47.3689],[34.1673,47.348],[34.1744,47.3377],[34.205,47.3197],[34.2159,47.3071],[34.1749,47.3124],[34.0922,47.3365],[34.0513,47.328],[34.036,47.318],[34.0228,47.3047],[34.013,47.2885],[34.0066,47.2509],[33.9986,47.2379],[33.9212,47.1758],[33.9135,47.1667],[33.9053,47.1484],[33.8638,47.1278],[33.8453,47.1152],[33.8235,47.0616],[33.8076,47.0536],[33.7887,47.0489],[33.7051,46.9853],[33.6995,46.978],[33.6907,46.9438],[33.6916,46.9338],[33.7107,46.925],[33.7358,46.9221],[33.7899,46.9232],[33.7899,46.9165],[33.7699,46.9179],[33.6842,46.9053],[33.6669,46.8976],[33.653,46.8855],[33.6404,46.8682],[33.6857,46.8682],[33.7069,46.8635],[33.7051,46.8514],[33.6951,46.8479],[33.6745,46.8546],[33.6595,46.8488],[33.6436,46.8482],[33.633,46.8346],[33.54,46.8314],[33.5588,46.8367],[33.5783,46.8755],[33.5989,46.8894],[33.6048,46.9038],[33.6133,46.9459],[33.6445,46.9883],[33.6404,46.9992],[33.6254,46.9948],[33.6048,46.9951],[33.5862,46.9998],[33.5783,47.0089],[33.5856,47.0171],[33.6236,47.0165],[33.6404,47.0263],[33.633,47.0333],[33.6604,47.0742],[33.6663,47.0628],[33.6604,47.0263],[33.6863,47.041],[33.7758,47.1202],[33.7861,47.1346],[33.7899,47.1493],[33.7867,47.1655],[33.7781,47.1737],[33.749,47.184],[33.7605,47.1882],[33.7837,47.184],[33.8455,47.202],[33.925,47.2629],[33.958,47.2974],[33.9724,47.3333],[33.9483,47.3615],[33.9848,47.3707],[33.9892,47.3795],[33.9848,47.3933],[33.9618,47.4201],[33.9291,47.4498],[33.923,47.4646],[33.9551,47.4646],[33.9492,47.4743],[33.9342,47.484],[33.9277,47.4919],[33.9236,47.5037],[33.9209,47.5334],[33.9236,47.5543],[33.9277,47.5608],[33.9339,47.5608],[33.9492,47.5446],[33.9651,47.5405],[34.0098,47.554],[34.051,47.5752],[34.0778,47.5811],[34.1025,47.5711],[34.132,47.5408],[34.147,47.5305],[34.1643,47.5267],[34.2191,47.5267],[34.2574,47.5608],[34.2574,47.5676],[34.2312,47.5894],[34.225,47.6],[34.2365,47.6091],[34.26,47.6123],[34.2665,47.6014],[34.2683,47.5841],[34.2771,47.5676],[34.2909,47.5791],[34.303,47.5797],[34.3313,47.5676],[34.3592,47.5608],[34.3795,47.5402],[34.3889,47.5399],[34.4587,47.5699],[34.4628,47.5741],[34.4487,47.5956],[34.4667,47.5997],[34.5273,47.6017],[34.5909,47.6112],[34.613,47.6091],[34.6321,47.6011],[34.6692,47.5791],[34.897,47.5467],[34.9421,47.5464],[34.9859,47.557],[35.0201,47.5764],[35.0783,47.6291],[35.0987,47.6533],[35.119,47.6898],[35.1313,47.7301],[35.1269,47.7657],[35.091,47.809],[35.086,47.8243],[35.1134,47.8481],[35.1166,47.8372],[35.1393,47.8028],[35.1625,47.7901],[35.1678,47.7837],[35.1705,47.7713],[35.1884,47.7463],[35.1955,47.7295],[35.2014,47.7001],[35.2093,47.6836],[35.2573,47.6427],[35.2753,47.595],[35.2844,47.5811],[35.3124,47.5676],[35.3194,47.5608],[35.3224,47.5511],[35.3212,47.534]]]},"properties":{"name":"Kakhovka Reservoir"}},{"type":"Feature","geometry":{"type":"Polygon","coordinates":[[[33.1532,49.0276],[33.1532,49.0206],[33.1874,48.9723],[33.1712,48.9732],[33.147,49.0003],[33.1332,49.0079],[33.1223,49.0091],[33.0687,49.002],[33.0137,48.9835],[32.9825,48.9791],[33.0917,49.0188],[33.0987,49.0276],[33.099,49.0379],[33.0926,49.0556],[33.0987,49.0691],[33.089,49.0777],[33.0787,49.0815],[33.0413,49.0842],[33.0128,49.0956],[32.9395,49.0703],[32.9271,49.0718],[32.9186,49.0815],[32.8971,49.0897],[32.8721,49.095],[32.8515,49.0956],[32.8097,49.0839],[32.7891,49.0812],[32.7696,49.0883],[32.7632,49.1086],[32.7334,49.1392],[32.6666,49.1919],[32.5233,49.2602],[32.452,49.2743],[32.4332,49.2946],[32.379,49.3223],[32.248,49.3535],[32.208,49.37],[32.1223,49.4271],[32.0906,49.4383],[32.0567,49.4427],[32.0443,49.4495],[32.0046,49.4945],[31.989,49.5054],[31.9684,49.5066],[31.8857,49.5551],[31.9242,49.5604],[31.9454,49.5678],[31.9546,49.5787],[31.9619,49.599],[31.979,49.6022],[32.0161,49.5893],[32.044,49.571],[32.08,49.5342],[32.1117,49.521],[32.183,49.5063],[32.2204,49.5072],[32.2557,49.521],[32.3331,49.4883],[32.364,49.4642],[32.3902,49.4545],[32.427,49.4247],[32.4444,49.4171],[32.5021,49.4041],[32.5442,49.3859],[32.5916,49.3838],[32.6066,49.3656],[32.6157,49.3626],[32.6619,49.3517],[32.7011,49.3488],[32.7355,49.355],[32.749,49.3626],[32.749,49.37],[32.6881,49.3997],[32.6734,49.4112],[32.6737,49.4286],[32.6531,49.4383],[32.6119,49.4657],[32.6233,49.4742],[32.6357,49.4898],[32.6531,49.521],[32.6651,49.556],[32.6763,49.564],[32.717,49.5701],[32.749,49.5407],[32.7429,49.5266],[32.7008,49.4801],[32.7473,49.4757],[32.8653,49.4383],[32.8553,49.4218],[32.8412,49.4085],[32.8385,49.4],[32.8874,49.3968],[32.9006,49.3932],[32.9286,49.3414],[32.941,49.3282],[32.9572,49.3185],[33.0007,49.3079],[33.0128,49.2914],[33.0302,49.2534],[33.0949,49.2172],[33.1052,49.209],[33.147,49.151],[33.1809,49.1368],[33.2041,49.1077],[33.2044,49.1027],[33.1841,49.0691],[33.1747,49.0635],[33.1532,49.0276]]]},"properties":{"name":"Kremenchuk Reservoir"}},{"type":"Feature","geometry":{"type":"Polygon","coordinates":[[[48.373,54.1669],[48.3586,54.202],[48.3695,54.2435],[48.4222,54.3539],[48.4213,54.3671],[48.3995,54.3989],[48.3936,54.4166],[48.3921,54.4369],[48.3936,54.461],[48.4119,54.5267],[48.411,54.5399],[48.4027,54.5611],[48.4119,54.5823],[48.4283,54.6005],[48.4419,54.6117],[48.4852,54.6373],[48.5314,54.6518],[48.6406,54.6597],[48.8043,54.6494],[48.8181,54.65],[48.8287,54.6562],[48.8319,54.6665],[48.8237,54.6918],[48.8181,54.7012],[48.7963,54.723],[48.7916,54.7359],[48.8078,54.7666],[48.8207,54.8036],[48.8475,54.8166],[48.8834,54.8555],[48.8931,54.8719],[48.8858,54.8805],[48.8728,54.887],[48.8658,54.8964],[48.8481,54.9361],[48.8455,54.9544],[48.8543,55.0044],[48.8596,55.0165],[48.8861,55.0335],[49.2379,55.1513],[49.2847,55.1584],[49.2961,55.1707],[49.2944,55.1884],[49.2782,55.2084],[49.2128,55.2411],[49.2028,55.2523],[49.1981,55.2773],[49.1857,55.2941],[49.1478,55.3176],[49.0933,55.3656],[49.0574,55.3788],[49.0212,55.4118],[49.01,55.4274],[49.0191,55.4327],[49.0309,55.4554],[49.0403,55.4551],[49.05,55.4445],[49.0589,55.4409],[49.0771,55.4421],[49.0777,55.4501],[49.0589,55.4827],[49.0792,55.4774],[49.1042,55.4604],[49.1251,55.4398],[49.1422,55.4036],[49.1616,55.3912],[49.186,55.3862],[49.2093,55.3865],[49.1978,55.3615],[49.1952,55.3482],[49.2405,55.3073],[49.2652,55.2702],[49.2849,55.2561],[49.2955,55.2643],[49.2958,55.2737],[49.2891,55.2832],[49.2782,55.2902],[49.3008,55.2882],[49.3423,55.2735],[49.3668,55.2705],[49.39,55.274],[49.4021,55.2838],[49.4065,55.2994],[49.4071,55.3211],[49.3953,55.3335],[49.3373,55.3462],[49.3159,55.3553],[49.3085,55.3721],[49.3185,55.3835],[49.3591,55.3933],[49.355,55.4047],[49.3294,55.4174],[49.322,55.4289],[49.3244,55.4351],[49.3332,55.4409],[49.3362,55.4542],[49.3338,55.4598],[49.3141,55.4651],[49.3088,55.4719],[49.3053,55.4895],[49.3164,55.5169],[49.3441,55.5401],[49.3783,55.5566],[49.4071,55.5646],[49.3585,55.5284],[49.3435,55.5063],[49.3471,55.4757],[49.3806,55.4445],[49.3847,55.4336],[49.4145,55.3933],[49.4333,55.3791],[49.4519,55.3759],[49.5867,55.3865],[49.6064,55.3803],[49.6261,55.3868],[49.6635,55.4147],[49.6853,55.4212],[49.7135,55.4189],[49.74,55.4127],[49.7851,55.3933],[49.8283,55.3662],[49.851,55.3562],[49.8775,55.3523],[49.9031,55.3547],[49.9617,55.3697],[49.9838,55.3803],[49.997,55.3924],[50.0079,55.4095],[50.0153,55.4301],[50.0179,55.4515],[50.0329,55.4507],[50.1204,55.4757],[50.0997,55.4477],[50.1995,55.4477],[50.2705,55.4289],[50.3326,55.4271],[50.3399,55.4242],[50.3464,55.4027],[50.3629,55.4089],[50.3859,55.4253],[50.4347,55.4398],[50.4589,55.4527],[50.4789,55.4704],[50.491,55.4895],[50.4971,55.4895],[50.5057,55.473],[50.5275,55.4648],[50.5763,55.4621],[50.5975,55.458],[50.6149,55.4474],[50.6275,55.4321],[50.6349,55.4139],[50.7747,55.4907],[50.7997,55.4989],[50.8221,55.5134],[50.8336,55.5169],[50.8813,55.5031],[50.9705,55.4886],[50.9996,55.4727],[51.0335,55.471],[51.0694,55.4733],[51.1386,55.4957],[51.1618,55.5169],[51.2195,55.5269],[51.2545,55.5272],[51.2757,55.5201],[51.2969,55.5066],[51.3814,55.4895],[51.367,55.4866],[51.3063,55.4895],[51.3308,55.4798],[51.3599,55.476],[51.4194,55.4757],[51.4362,55.4819],[51.4765,55.5134],[51.4844,55.5272],[51.4856,55.546],[51.4682,55.5699],[51.473,55.5808],[51.4709,55.592],[51.4612,55.6081],[51.4226,55.6464],[51.3967,55.6838],[51.3902,55.7056],[51.4173,55.7238],[51.4094,55.743],[51.3849,55.7733],[51.3867,55.7883],[51.4156,55.7957],[51.4641,55.7974],[51.4709,55.8133],[51.4682,55.8551],[51.4777,55.8663],[51.4859,55.8301],[51.5018,55.801],[51.495,55.7924],[51.4226,55.77],[51.4359,55.7515],[51.4491,55.7468],[51.4844,55.7427],[51.4418,55.7026],[51.4338,55.6829],[51.4435,55.6602],[51.4597,55.6405],[51.4791,55.6214],[51.5027,55.6081],[51.5477,55.6073],[51.5769,55.617],[51.6466,55.6302],[51.6587,55.6364],[51.7176,55.6988],[51.7441,55.7153],[51.7835,55.7232],[51.8147,55.7124],[51.8441,55.6965],[51.8783,55.6882],[51.9077,55.6968],[51.9698,55.7274],[51.9978,55.7229],[51.9519,55.6962],[51.8718,55.6626],[51.8559,55.6602],[51.8409,55.6638],[51.8071,55.6891],[51.7926,55.695],[51.7664,55.6947],[51.742,55.6832],[51.7238,55.6638],[51.7173,55.6396],[51.7311,55.629],[51.7376,55.6199],[51.7344,55.6093],[51.6961,55.5719],[51.702,55.5681],[51.7099,55.5502],[51.6828,55.5513],[51.621,55.5781],[51.5648,55.5793],[51.5354,55.5746],[51.5189,55.5646],[51.5604,55.5237],[51.543,55.5095],[51.4974,55.4901],[51.4983,55.4757],[51.4482,55.4521],[51.43,55.4477],[51.4064,55.4486],[51.296,55.4704],[51.2216,55.4998],[51.1824,55.4957],[51.1824,55.4895],[51.2113,55.4854],[51.2375,55.4757],[51.145,55.4772],[51.1209,55.4683],[51.1515,55.458],[51.1862,55.4524],[51.2177,55.4412],[51.2375,55.4139],[51.2345,55.3859],[51.1924,55.3529],[51.1824,55.3317],[51.1606,55.3456],[51.135,55.3523],[51.1521,55.3626],[51.1883,55.3744],[51.2027,55.3865],[51.2086,55.4018],[51.2048,55.415],[51.1824,55.4348],[51.1444,55.4486],[51.0117,55.4477],[50.8754,55.4795],[50.8265,55.4827],[50.808,55.4798],[50.7733,55.4654],[50.7188,55.4251],[50.71,55.4139],[50.7329,55.4171],[50.7697,55.4445],[50.7924,55.4477],[50.7774,55.4227],[50.7594,55.4059],[50.7353,55.3962],[50.6773,55.3909],[50.6267,55.3685],[50.6119,55.3665],[50.4765,55.375],[50.4362,55.3727],[50.4056,55.3653],[50.3573,55.3473],[50.3114,55.3447],[50.3014,55.347],[50.2764,55.3626],[50.2304,55.3659],[50.2057,55.3618],[50.1545,55.325],[50.1315,55.3158],[50.075,55.3052],[49.9537,55.2958],[49.9284,55.297],[49.9072,55.3135],[49.894,55.3182],[49.8637,55.2705],[49.8263,55.2425],[49.7415,55.2116],[49.7191,55.1987],[49.6965,55.1716],[49.6667,55.1745],[49.6132,55.1884],[49.6344,55.1604],[49.6046,55.1557],[49.579,55.1401],[49.6002,55.1054],[49.5543,55.116],[49.5408,55.1272],[49.5449,55.1469],[49.4939,55.1428],[49.4672,55.1354],[49.4486,55.1257],[49.4283,55.0854],[49.405,55.0703],[49.4009,55.058],[49.4251,55.0648],[49.4545,55.0801],[49.4728,55.0859],[49.4622,55.0642],[49.4474,55.0465],[49.3974,54.9991],[49.3844,54.9917],[49.3738,54.9973],[49.3529,55.0165],[49.2158,55.0232],[49.1881,55.0303],[49.1766,55.0285],[49.1681,55.0165],[49.2084,55.0065],[49.2158,54.9956],[49.1607,54.9879],[48.9894,54.9956],[48.965,54.9926],[48.9455,54.9841],[48.9326,54.9685],[48.9279,54.9446],[48.927,54.9164],[48.937,54.8675],[48.9491,54.8416],[48.9491,54.8036],[48.9597,54.7895],[48.9697,54.7936],[48.9823,54.8048],[49.0003,54.811],[49.0212,54.8034],[49.0262,54.814],[49.0312,54.8169],[49.0447,54.8178],[49.0992,54.811],[49.1334,54.7933],[49.1613,54.7695],[49.1613,54.7627],[49.0795,54.7804],[49.0745,54.786],[49.0633,54.7886],[49.0412,54.7901],[49.038,54.786],[49.038,54.7595],[49.0206,54.7392],[48.9076,54.6877],[48.9223,54.6835],[48.9564,54.6927],[48.9759,54.6939],[48.9744,54.6865],[48.9594,54.6656],[48.9779,54.6523],[49.0097,54.6432],[49.0344,54.6397],[49.1295,54.6462],[49.1545,54.6397],[49.1239,54.6185],[49.0886,54.6108],[48.9991,54.6135],[48.9579,54.6232],[48.9453,54.6294],[48.9246,54.65],[48.914,54.6532],[48.9005,54.6465],[48.9082,54.6273],[48.9026,54.612],[48.8923,54.5979],[48.8805,54.5623],[48.8817,54.554],[48.8937,54.5505],[48.9205,54.5549],[48.9211,54.5428],[48.9138,54.5261],[48.8973,54.5161],[48.8325,54.5046],[48.8387,54.4931],[48.8734,54.4684],[48.8681,54.461],[48.8867,54.4163],[48.8834,54.4101],[48.8773,54.4074],[48.8625,54.4127],[48.8478,54.4425],[48.7984,54.4475],[48.7913,54.4684],[48.6974,54.4578],[48.6665,54.4463],[48.6167,54.4475],[48.6041,54.4448],[48.5788,54.4269],[48.5376,54.4063],[48.5258,54.3818],[48.476,54.3768],[48.4628,54.3683],[48.4654,54.3515],[48.5461,54.219],[48.5723,54.1873],[48.5905,54.1737],[48.6153,54.1628],[48.6424,54.1558],[48.713,54.1437],[48.7371,54.154],[48.8051,54.1531],[48.7707,54.1396],[48.7831,54.1243],[48.8455,54.091],[48.834,54.0783],[48.7913,54.0848],[48.7736,54.078],[48.7736,54.073],[48.8045,54.0548],[48.8307,54.0483],[48.8802,54.0086],[48.9076,53.9818],[48.942,53.9709],[48.975,53.9482],[48.9976,53.9444],[49.0206,53.9497],[49.1781,54.0412],[49.2234,54.0501],[49.3126,54.0989],[49.3744,54.0998],[49.3815,54.1051],[49.3942,54.1251],[49.4162,54.1399],[49.4554,54.1366],[49.4831,54.1396],[49.5042,54.1496],[49.5655,54.194],[49.5846,54.2037],[49.6064,54.2079],[49.6464,54.1984],[49.6609,54.2002],[49.6982,54.2323],[49.7183,54.2432],[49.7442,54.2349],[49.7297,54.2261],[49.7191,54.2146],[49.7027,54.1873],[49.7288,54.179],[49.7933,54.1664],[49.8192,54.1531],[49.7998,54.1534],[49.7503,54.1457],[49.6547,54.1752],[49.622,54.1778],[49.5917,54.1719],[49.5655,54.1531],[49.5516,54.1251],[49.4869,54.1119],[49.4736,54.1066],[49.4519,54.0845],[49.453,54.0804],[49.5343,54.0916],[49.5516,54.091],[49.5452,54.0819],[49.5355,54.0757],[49.499,54.0677],[49.4622,54.0439],[49.3894,54.0248],[49.3668,54.0159],[49.38,54.0047],[49.4127,53.9971],[49.4283,53.9891],[49.4009,53.9818],[49.3397,53.9953],[49.3159,53.9856],[49.2964,53.9521],[49.2882,53.947],[49.2796,53.9506],[49.2741,53.9682],[49.2638,53.975],[49.2446,53.97],[49.222,53.9532],[49.2034,53.9326],[49.1955,53.9167],[49.2011,53.8976],[49.2431,53.8378],[49.2585,53.8031],[49.2714,53.7846],[49.2882,53.7763],[49.297,53.7816],[49.3117,53.8052],[49.3223,53.8105],[49.3353,53.8055],[49.3394,53.7695],[49.3574,53.7542],[49.3753,53.7469],[49.3886,53.736],[49.3942,53.7113],[49.3703,53.6804],[49.35,53.6801],[49.3468,53.6827],[49.3476,53.6954],[49.3423,53.7251],[49.3332,53.7354],[49.3144,53.7475],[49.3032,53.7486],[49.2923,53.718],[49.2847,53.711],[49.2746,53.708],[49.2658,53.7119],[49.2711,53.7416],[49.2526,53.7569],[49.2052,53.7846],[49.1831,53.8281],[49.1543,53.8346],[49.1222,53.8317],[49.0992,53.8243],[49.0795,53.8075],[49.0765,53.7922],[49.0857,53.7522],[49.0836,53.7292],[49.0433,53.6283],[49.0412,53.5873],[49.055,53.5517],[49.0857,53.5226],[49.1345,53.5037],[49.8601,53.4746],[49.8816,53.4693],[49.9423,53.4399],[49.4563,53.4475],[49.3806,53.4231],[49.3053,53.4143],[49.282,53.406],[49.2638,53.3928],[49.2532,53.3751],[49.2446,53.3498],[49.2449,53.3268],[49.2643,53.3127],[49.2593,53.303],[49.2499,53.2936],[49.2402,53.2891],[49.1955,53.2753],[49.159,53.2741],[49.0889,53.285],[48.8937,53.2685],[48.8081,53.2753],[48.7639,53.3098],[48.6547,53.3648],[48.6547,53.3716],[48.7018,53.3666],[48.7489,53.3463],[48.8319,53.2965],[48.8561,53.2862],[48.8876,53.278],[48.9196,53.2765],[48.97,53.2939],[49.0236,53.2971],[49.0515,53.3027],[49.154,53.2983],[49.1828,53.3092],[49.2049,53.3115],[49.2161,53.3359],[49.1893,53.3518],[49.1863,53.3666],[49.2034,53.3672],[49.2158,53.3716],[49.2293,53.3898],[49.2311,53.4013],[49.2196,53.4063],[49.1775,53.4145],[49.1593,53.4084],[49.1339,53.4128],[49.1245,53.411],[49.1066,53.3989],[49.0804,53.3984],[49.0574,53.421],[49.038,53.4269],[48.9803,53.4331],[48.9535,53.4413],[48.9279,53.4537],[48.9994,53.4472],[49.0315,53.4534],[49.0447,53.4781],[49.033,53.4996],[49.0059,53.5188],[48.9161,53.567],[48.8896,53.5759],[48.8578,53.6341],[48.849,53.6639],[48.8478,53.6921],[48.8596,53.708],[48.8564,53.7469],[48.8619,53.7601],[48.8973,53.7872],[48.9043,53.7943],[48.9076,53.8037],[48.8893,53.8211],[48.8852,53.8325],[48.9005,53.8378],[48.9311,53.8311],[48.9349,53.8414],[48.9305,53.864],[48.8784,53.9438],[48.8664,53.9538],[48.844,53.9579],[48.8196,53.9677],[48.7636,54.0045],[48.6765,54.0504],[48.6406,54.0863],[48.6303,54.091],[48.5823,54.1048],[48.5676,54.1019],[48.5308,54.0848],[48.5237,54.1095],[48.4975,54.1128],[48.469,54.111],[48.4445,54.1363],[48.373,54.1669]]]},"properties":{"name":"Samara Reservoir"}},{"type":"Feature","geometry":{"type":"Polygon","coordinates":[[[32.2277,22.6514],[32.2483,22.6785],[32.2177,22.6862],[32.2112,22.6929],[32.2215,22.7059],[32.2054,22.708],[32.1815,22.7259],[32.1662,22.7333],[32.1488,22.7344],[32.1326,22.73],[32.0944,22.7077],[32.077,22.7044],[32.0797,22.6962],[32.0776,22.6923],[32.0558,22.6897],[32.0502,22.6847],[32.0443,22.6709],[32.0532,22.6553],[32.057,22.6376],[32.0205,22.6517],[32.0043,22.6485],[31.9852,22.6344],[31.9696,22.6146],[31.969,22.5999],[31.9813,22.5619],[31.9522,22.5796],[31.944,22.5784],[31.9401,22.5619],[31.9428,22.5649],[31.9546,22.5284],[31.9746,22.4937],[31.9513,22.4972],[31.9413,22.4895],[31.9348,22.4786],[31.9036,22.4666],[31.8948,22.4507],[31.8924,22.4112],[31.8336,22.4204],[31.8118,22.4183],[31.8242,22.4042],[31.8168,22.3968],[31.83,22.3906],[31.8409,22.3786],[31.8451,22.3641],[31.838,22.3497],[31.8224,22.3415],[31.8127,22.3479],[31.7965,22.3703],[31.7688,22.3762],[31.7414,22.3712],[31.6864,22.3424],[31.6973,22.3262],[31.6932,22.3182],[31.6805,22.3209],[31.6661,22.3359],[31.6593,22.3088],[31.6461,22.3223],[31.6378,22.3038],[31.6181,22.295],[31.6484,22.2729],[31.6549,22.2546],[31.6617,22.2473],[31.6723,22.2449],[31.6864,22.2467],[31.6678,22.2402],[31.6113,22.2535],[31.5963,22.2487],[31.5424,22.2125],[31.5451,22.2058],[31.5424,22.1919],[31.5316,22.1969],[31.5177,22.1896],[31.44,22.1266],[31.3926,22.053],[31.3855,22.035],[31.3826,22.0082],[31.3873,21.9564],[31.3855,21.932],[31.3782,21.9117],[31.3443,21.8564],[31.3308,21.8431],[31.3308,21.8222],[31.3034,21.7948],[31.2952,21.7733],[31.2831,21.7669],[31.2687,21.7813],[31.2584,21.7742],[31.2551,21.7669],[31.2301,21.7686],[31.221,21.7601],[31.2131,21.7433],[31.221,21.726],[31.201,21.7056],[31.1818,21.6562],[31.1589,21.6438],[31.1383,21.6409],[31.1215,21.6347],[31.0906,21.6091],[31.1074,21.6444],[31.1212,21.6585],[31.1383,21.6644],[31.1586,21.6659],[31.1668,21.6712],[31.181,21.718],[31.1733,21.7669],[31.1916,21.8087],[31.1869,21.8222],[31.2016,21.8169],[31.2113,21.8175],[31.2278,21.829],[31.2325,21.8358],[31.2381,21.8593],[31.2619,21.8699],[31.2813,21.8855],[31.337,21.9609],[31.344,21.9876],[31.3443,22.0477],[31.3661,22.1092],[31.3655,22.1216],[31.3582,22.1437],[31.3811,22.1463],[31.4009,22.1604],[31.4173,22.1819],[31.4303,22.2058],[31.4444,22.2211],[31.5151,22.2602],[31.6593,22.3839],[31.6461,22.3906],[31.6584,22.3965],[31.6867,22.3998],[31.6937,22.4042],[31.6728,22.4595],[31.689,22.4636],[31.7208,22.4477],[31.73,22.4477],[31.7482,22.4666],[31.7559,22.4695],[31.7553,22.4816],[31.7485,22.4937],[31.7894,22.4751],[31.8112,22.4728],[31.8168,22.4937],[31.8044,22.5028],[31.7382,22.5316],[31.6693,22.5923],[31.6561,22.614],[31.6602,22.6264],[31.6678,22.6367],[31.6661,22.6514],[31.6905,22.6208],[31.7453,22.6026],[31.7553,22.5961],[31.7732,22.5714],[31.7829,22.5631],[31.8242,22.5749],[31.8362,22.572],[31.8448,22.5619],[31.8562,22.5702],[31.8562,22.5773],[31.8486,22.5823],[31.838,22.5831],[31.8389,22.6005],[31.8474,22.6132],[31.8615,22.6208],[31.8789,22.6235],[31.8895,22.6288],[31.8786,22.652],[31.8924,22.6576],[31.9331,22.6626],[31.9575,22.677],[32.0025,22.7265],[31.9949,22.7333],[32.0164,22.7368],[32.0429,22.7344],[32.0623,22.7403],[32.0638,22.7674],[32.0906,22.7542],[32.1041,22.7559],[32.1282,22.778],[32.1441,22.7798],[32.1583,22.7857],[32.1662,22.8083],[32.1703,22.7904],[32.1662,22.7748],[32.2048,22.7674],[32.2257,22.7695],[32.2419,22.7815],[32.251,22.7692],[32.258,22.7424],[32.266,22.7297],[32.2898,22.7127],[32.2837,22.6959],[32.2863,22.6885],[32.3075,22.6767],[32.3104,22.6717],[32.3104,22.6438],[32.3213,22.6352],[32.3511,22.6279],[32.3655,22.6308],[32.3867,22.6467],[32.4235,22.7165],[32.4464,22.7318],[32.5041,22.7586],[32.5162,22.7748],[32.5459,22.7659],[32.5598,22.7857],[32.5642,22.8431],[32.5718,22.8857],[32.5715,22.8978],[32.5527,22.919],[32.5506,22.932],[32.568,22.9225],[32.5836,22.9193],[32.5992,22.9234],[32.6157,22.9352],[32.6278,22.9505],[32.6363,22.9693],[32.6369,22.9855],[32.6254,22.9941],[32.6357,23.0106],[32.6493,23.0247],[32.651,23.0312],[32.6425,23.0471],[32.6425,23.0556],[32.6722,23.0647],[32.6805,23.0709],[32.6596,23.0759],[32.6596,23.0833],[32.6813,23.0856],[32.6937,23.1015],[32.6961,23.1236],[32.6869,23.1448],[32.6958,23.1545],[32.7008,23.1925],[32.7249,23.196],[32.7273,23.2019],[32.7205,23.2131],[32.7211,23.2199],[32.7691,23.2781],[32.78,23.2796],[32.7894,23.2608],[32.8009,23.2831],[32.8103,23.2902],[32.8197,23.2823],[32.8312,23.2608],[32.8427,23.2761],[32.8371,23.2867],[32.8268,23.2967],[32.825,23.3093],[32.8329,23.3188],[32.8541,23.3217],[32.8653,23.3296],[32.8736,23.3191],[32.8839,23.2934],[32.893,23.2887],[32.9054,23.2943],[32.9095,23.3064],[32.9068,23.3296],[32.8942,23.3497],[32.8703,23.3703],[32.8444,23.3844],[32.825,23.385],[32.8288,23.3985],[32.8621,23.4356],[32.88,23.4665],[32.8856,23.4865],[32.8794,23.5004],[32.8656,23.5001],[32.8212,23.473],[32.8073,23.4792],[32.7797,23.5248],[32.7764,23.5225],[32.762,23.5254],[32.7487,23.5307],[32.749,23.5351],[32.7408,23.5316],[32.7211,23.5142],[32.7149,23.4901],[32.6916,23.481],[32.6772,23.4701],[32.6451,23.4583],[32.6139,23.4692],[32.5574,23.508],[32.5783,23.518],[32.6236,23.5248],[32.646,23.5316],[32.6666,23.5489],[32.6869,23.5422],[32.7393,23.5616],[32.7249,23.5731],[32.6919,23.5793],[32.6796,23.6011],[32.6649,23.6008],[32.6543,23.5872],[32.6596,23.5625],[32.6369,23.564],[32.621,23.576],[32.6125,23.5952],[32.6119,23.6178],[32.6369,23.6116],[32.6537,23.6293],[32.6737,23.6649],[32.7014,23.6791],[32.7111,23.6758],[32.7264,23.6455],[32.7331,23.6175],[32.7393,23.6111],[32.7561,23.5993],[32.7764,23.5905],[32.7985,23.5646],[32.8106,23.5625],[32.8206,23.5666],[32.8226,23.5743],[32.8106,23.5905],[32.8282,23.5987],[32.8412,23.6105],[32.8444,23.6214],[32.8447,23.6449],[32.8644,23.6914],[32.8653,23.7064],[32.8524,23.6964],[32.8415,23.7],[32.8173,23.7203],[32.853,23.7161],[32.8715,23.7379],[32.8783,23.773],[32.8794,23.8089],[32.8771,23.8257],[32.87,23.8421],[32.8591,23.8569],[32.8371,23.8736],[32.8312,23.886],[32.825,23.8916],[32.7832,23.8984],[32.805,23.906],[32.8347,23.8966],[32.8515,23.9119],[32.8594,23.9293],[32.87,23.969],[32.8794,23.9878],[32.8895,23.9669],[32.8883,23.9513],[32.8794,23.9187],[32.8821,23.9101],[32.8992,23.8916],[32.8986,23.8833],[32.8912,23.8748],[32.893,23.8642],[32.9036,23.848],[32.9295,23.8212],[32.9404,23.7783],[32.9548,23.7694],[32.9725,23.765],[32.9892,23.7544],[32.9704,23.7529],[32.9731,23.7403],[32.9875,23.7244],[33.0028,23.7132],[32.9901,23.7047],[32.9825,23.6929],[32.9954,23.6826],[32.9934,23.6782],[32.9825,23.6723],[32.9751,23.624],[32.9686,23.624],[32.9601,23.6378],[32.933,23.6464],[32.9271,23.6587],[32.9024,23.6222],[32.8962,23.5905],[32.8992,23.5852],[32.9174,23.5796],[32.9348,23.5551],[32.9545,23.5693],[32.9477,23.5422],[32.9686,23.5489],[32.9731,23.5298],[32.991,23.5177],[33.0128,23.5145],[33.0302,23.5216],[33.0372,23.5142],[33.0163,23.503],[32.9937,23.4995],[32.9704,23.5016],[32.9477,23.508],[32.9101,23.5236],[32.8953,23.5222],[32.8992,23.5004],[32.9059,23.4927],[32.931,23.4836],[32.9351,23.4762],[32.9224,23.4671],[32.9204,23.4595],[32.9327,23.4436],[32.9583,23.4247],[32.9477,23.4185],[32.9542,23.3979],[32.9663,23.39],[32.9745,23.3944],[32.9686,23.4118],[32.9845,23.4115],[32.9925,23.4032],[33.0028,23.3776],[32.9725,23.3629],[32.9704,23.3517],[32.9919,23.327],[33.0099,23.3296],[33.0184,23.3261],[32.9981,23.2758],[32.9993,23.2681],[33.0157,23.2499],[33.0166,23.2405],[33.0081,23.2234],[32.9925,23.2219],[32.9545,23.234],[32.9613,23.2546],[32.9395,23.2543],[32.9204,23.2608],[32.9068,23.234],[32.9204,23.2287],[32.941,23.1851],[32.9639,23.1592],[32.9704,23.1445],[32.9577,23.138],[32.926,23.1466],[32.8924,23.1616],[32.863,23.1683],[32.8447,23.151],[32.8447,23.1371],[32.8653,23.0971],[32.8674,23.0762],[32.8727,23.0691],[32.8806,23.0659],[32.9006,23.065],[32.936,23.0418],[32.9469,23.03],[32.9442,23.0179],[32.9227,23.002],[32.9239,22.9935],[32.9318,22.9805],[32.9477,22.9864],[32.9572,22.9714],[33.0093,22.959],[33.0643,22.9181],[33.0396,22.9146],[33.0007,22.9205],[32.9628,22.932],[32.941,22.9455],[32.9368,22.9323],[32.941,22.9181],[32.928,22.9249],[32.8856,22.9652],[32.8097,23.0117],[32.7997,23.0247],[32.7764,23.0279],[32.7764,23.0691],[32.7399,23.0562],[32.7284,23.0485],[32.7405,23.0432],[32.747,23.0353],[32.7479,23.0256],[32.7417,23.0144],[32.7555,23.0144],[32.7502,23.0047],[32.744,23.0003],[32.737,23.0011],[32.7284,23.0076],[32.7311,22.9891],[32.7287,22.9702],[32.7149,22.932],[32.7043,22.9508],[32.6925,22.9555],[32.6866,22.9464],[32.6937,22.9249],[32.6563,22.932],[32.6254,22.9181],[32.6342,22.904],[32.6325,22.8902],[32.6119,22.9181],[32.603,22.9066],[32.5983,22.8931],[32.5983,22.8637],[32.6086,22.8678],[32.6151,22.8651],[32.6195,22.8463],[32.6027,22.8363],[32.5983,22.8301],[32.5963,22.7818],[32.5871,22.7715],[32.5851,22.7606],[32.5659,22.7409],[32.4885,22.7156],[32.4818,22.6985],[32.4635,22.6962],[32.4497,22.6885],[32.4235,22.6611],[32.4076,22.6105],[32.3993,22.6029],[32.3434,22.6055],[32.3313,22.6029],[32.326,22.5908],[32.3178,22.5346],[32.3443,22.5284],[32.3266,22.5199],[32.3146,22.5254],[32.3028,22.5357],[32.2863,22.5413],[32.2784,22.5378],[32.2645,22.5225],[32.2557,22.521],[32.2504,22.5266],[32.2419,22.5552],[32.2695,22.5581],[32.2934,22.5708],[32.3104,22.5911],[32.3178,22.6167],[32.2975,22.6102],[32.276,22.6102],[32.2831,22.6308],[32.266,22.6344],[32.2424,22.6532],[32.2277,22.6514]]]},"properties":{"name":"Lake Nasser"}},{"type":"Feature","geometry":{"type":"Polygon","coordinates":[[[73.2753,41.7869],[73.3109,41.7724],[73.3104,41.7701],[73.3004,41.7598],[73.2903,41.7557],[73.2491,41.756],[73.1744,41.7354],[73.0931,41.7616],[73.0437,41.7839],[72.9665,41.7621],[72.9191,41.7362],[72.9,41.7301],[72.8791,41.7295],[72.817,41.756],[72.777,41.7551],[72.7502,41.7392],[72.7078,41.6947],[72.6757,41.6741],[72.6454,41.665],[72.6168,41.6727],[72.5906,41.7015],[72.6033,41.7065],[72.6316,41.688],[72.6731,41.7015],[72.6707,41.7186],[72.7107,41.7421],[72.7249,41.7713],[72.7396,41.7795],[72.7419,41.7842],[72.7255,41.8004],[72.704,41.8113],[72.6525,41.8661],[72.6254,41.8728],[72.6151,41.897],[72.5948,41.9134],[72.5906,41.9211],[72.608,41.9285],[72.6254,41.9211],[72.6998,41.9023],[72.85,41.8852],[72.885,41.8878],[72.9194,41.9008],[72.9448,41.8658],[72.9536,41.859],[72.9715,41.8711],[72.9975,41.8608],[73.0525,41.8587],[73.0716,41.8522],[73.0734,41.821],[73.0772,41.8113],[73.0866,41.8069],[73.1493,41.8036],[73.2006,41.791],[73.2753,41.7869]]]},"properties":{"name":"Toktogul Suu Saktagychy"}},{"type":"Feature","geometry":{"type":"Polygon","coordinates":[[[0.3073,7.4802],[0.2945,7.4587],[0.3045,7.4434],[0.2945,7.4452],[0.2829,7.4263],[0.2895,7.4175],[0.3023,7.4104],[0.3081,7.3972],[0.3016,7.3963],[0.2673,7.3625],[0.2673,7.3557],[0.2863,7.3577],[0.2673,7.3209],[0.2735,7.3083],[0.287,7.2992],[0.3028,7.2942],[0.3157,7.2942],[0.3217,7.28],[0.3081,7.2753],[0.2886,7.2859],[0.2746,7.28],[0.2685,7.268],[0.2664,7.2503],[0.2673,7.2117],[0.2735,7.2132],[0.2746,7.2191],[0.283,7.2135],[0.2877,7.2191],[0.2945,7.2191],[0.2851,7.2026],[0.2673,7.1917],[0.2673,7.1844],[0.2873,7.1844],[0.292,7.1755],[0.2826,7.1679],[0.2604,7.1708],[0.2795,7.1502],[0.2733,7.1329],[0.2624,7.1158],[0.2673,7.0958],[0.2757,7.1064],[0.2983,7.1108],[0.3081,7.1161],[0.3131,7.1055],[0.3113,7.0961],[0.2945,7.0819],[0.3081,7.0678],[0.2953,7.0631],[0.2945,7.0472],[0.281,7.0546],[0.2746,7.0337],[0.2673,7.0337],[0.2673,7.0546],[0.2596,7.0328],[0.281,6.9383],[0.2746,6.9312],[0.2677,6.933],[0.253,6.9592],[0.2239,6.8809],[0.22,6.8394],[0.2399,6.8211],[0.2342,6.8038],[0.2468,6.7455],[0.239,6.6904],[0.2468,6.6775],[0.2402,6.6657],[0.2401,6.656],[0.2468,6.6501],[0.2604,6.6501],[0.2727,6.6572],[0.2827,6.6707],[0.2945,6.6984],[0.3061,6.7667],[0.3157,6.7867],[0.3217,6.7867],[0.3091,6.714],[0.3217,6.7046],[0.3098,6.6848],[0.3098,6.6742],[0.3157,6.6636],[0.3081,6.643],[0.3014,6.643],[0.3014,6.6636],[0.2869,6.6545],[0.2668,6.6263],[0.253,6.6301],[0.253,6.6227],[0.2468,6.6301],[0.2395,6.613],[0.2336,6.6068],[0.2262,6.6021],[0.2262,6.6159],[0.2127,6.6124],[0.203,6.608],[0.1962,6.6006],[0.1916,6.5886],[0.1849,6.6012],[0.1694,6.6165],[0.1648,6.6301],[0.1438,6.6021],[0.1648,6.5948],[0.1369,6.5477],[0.1448,6.5368],[0.1573,6.527],[0.1488,6.515],[0.1306,6.5056],[0.1238,6.4923],[0.1219,6.4776],[0.1369,6.4446],[0.1419,6.412],[0.1356,6.3852],[0.1095,6.3416],[0.1033,6.3384],[0.0958,6.4043],[0.1035,6.4008],[0.1033,6.3899],[0.1095,6.3899],[0.1061,6.4558],[0.0942,6.4776],[0.0686,6.4655],[0.0712,6.4379],[0.0676,6.422],[0.0612,6.4105],[0.0412,6.4187],[0.0346,6.4173],[0.0046,6.3493],[-0.0106,6.339],[-0.0277,6.3625],[-0.0334,6.3896],[-0.0356,6.4326],[-0.0487,6.4514],[-0.0876,6.4749],[-0.1049,6.4894],[-0.1164,6.5129],[-0.1441,6.5059],[-0.1779,6.5223],[-0.2118,6.5444],[-0.24,6.5544],[-0.2398,6.5694],[-0.2487,6.5833],[-0.2746,6.6021],[-0.2726,6.6071],[-0.2671,6.6092],[-0.2746,6.6227],[-0.2944,6.6168],[-0.3429,6.6242],[-0.3597,6.6192],[-0.3707,6.623],[-0.4206,6.6778],[-0.4427,6.6892],[-0.4863,6.7046],[-0.5313,6.7046],[-0.5419,6.7078],[-0.5621,6.7319],[-0.568,6.7207],[-0.5865,6.7143],[-0.5962,6.7046],[-0.6098,6.7319],[-0.6345,6.734],[-0.65,6.7764],[-0.6691,6.7826],[-0.6764,6.7952],[-0.6993,6.8008],[-0.711,6.8223],[-0.7197,6.8491],[-0.7054,6.8417],[-0.6993,6.8553],[-0.694,6.8414],[-0.6859,6.8358],[-0.6776,6.8385],[-0.6719,6.8491],[-0.6645,6.8491],[-0.6583,6.835],[-0.6364,6.8361],[-0.6193,6.8146],[-0.6046,6.7879],[-0.5893,6.7734],[-0.5817,6.7867],[-0.5584,6.7776],[-0.5484,6.794],[-0.5484,6.8158],[-0.5525,6.8379],[-0.5512,6.8567],[-0.5349,6.8691],[-0.5326,6.8202],[-0.5226,6.8079],[-0.5194,6.7602],[-0.5157,6.7452],[-0.5075,6.7319],[-0.4883,6.7296],[-0.4685,6.7181],[-0.449,6.7157],[-0.4386,6.7393],[-0.4311,6.7393],[-0.4173,6.7154],[-0.4011,6.7122],[-0.3955,6.7187],[-0.4112,6.7564],[-0.4193,6.7946],[-0.4181,6.8082],[-0.4125,6.8205],[-0.3846,6.8553],[-0.3613,6.7773],[-0.3549,6.7334],[-0.3566,6.691],[-0.3451,6.6972],[-0.3307,6.7146],[-0.3053,6.7204],[-0.2936,6.7299],[-0.2844,6.7319],[-0.2648,6.7134],[-0.2536,6.7122],[-0.243,6.7175],[-0.2364,6.7275],[-0.2331,6.7531],[-0.2121,6.7455],[-0.2121,6.7599],[-0.2058,6.7599],[-0.1928,6.7352],[-0.1838,6.7287],[-0.171,6.7319],[-0.1587,6.7131],[-0.1731,6.7037],[-0.1779,6.6948],[-0.1776,6.6622],[-0.1744,6.6575],[-0.1576,6.6407],[-0.1439,6.6336],[-0.1273,6.6321],[-0.1164,6.6363],[-0.1164,6.6159],[-0.1035,6.6227],[-0.0965,6.6177],[-0.089,6.6227],[-0.0829,6.6159],[-0.0458,6.6251],[-0.034,6.6566],[-0.0344,6.7319],[-0.014,6.7181],[-0.0202,6.7599],[-0.0643,6.7667],[-0.0836,6.7823],[-0.0608,6.787],[-0.0549,6.794],[-0.0618,6.8017],[-0.0854,6.8123],[-0.089,6.8282],[-0.0829,6.8282],[-0.0754,6.8185],[-0.0634,6.8146],[-0.0509,6.8179],[-0.0414,6.8282],[-0.0549,6.8417],[-0.0414,6.8417],[-0.0414,6.8491],[-0.0487,6.8491],[-0.0487,6.8553],[-0.0389,6.857],[-0.0338,6.8629],[-0.0344,6.8835],[-0.0277,6.8835],[-0.0206,6.8782],[-0.014,6.8553],[-0.0035,6.8417],[0.014,6.8282],[0.014,6.8553],[0.0253,6.847],[0.0406,6.8417],[0.0337,6.8556],[0.0412,6.8594],[0.0686,6.8629],[0.0695,6.8726],[0.0829,6.8835],[0.0994,6.8891],[0.1095,6.8835],[0.1164,6.8835],[0.1217,6.9085],[0.1195,6.9177],[0.1095,6.9241],[0.0964,6.9262],[0.0851,6.9221],[0.0686,6.9038],[0.058,6.9071],[0.0481,6.9174],[0.0255,6.9071],[-0.0003,6.9038],[0.0206,6.935],[0.0524,6.9439],[0.0546,6.9583],[0.0481,6.9927],[0.1063,6.9683],[0.1164,6.9686],[0.1186,6.9524],[0.1235,6.9571],[0.1306,6.9927],[0.1263,6.9913],[0.1238,6.9857],[0.1095,7.0001],[0.1033,6.9927],[0.0612,7.0198],[0.069,7.0269],[0.0976,7.0248],[0.1095,7.0269],[0.0754,7.0472],[0.1217,7.0445],[0.1306,7.0546],[0.089,7.0819],[0.0829,7.0746],[0.0885,7.0955],[0.0827,7.1011],[0.0686,7.1025],[0.0686,7.1099],[0.0863,7.1146],[0.0933,7.1202],[0.0958,7.129],[0.0904,7.1364],[0.0749,7.1437],[0.0829,7.157],[0.0712,7.162],[0.0608,7.1596],[0.0481,7.1434],[0.0365,7.1629],[0.0406,7.1844],[0.0346,7.1844],[0.0261,7.1726],[0.016,7.1705],[0.0065,7.1755],[-0.0003,7.1844],[-0.0013,7.1956],[0.0019,7.2097],[0.014,7.2329],[0.0138,7.2223],[0.0065,7.2017],[0.011,7.192],[0.0215,7.1923],[0.0406,7.2056],[0.0456,7.2],[0.0549,7.2056],[0.0686,7.1844],[0.0754,7.1844],[0.0824,7.2008],[0.0926,7.2038],[0.101,7.1953],[0.1033,7.1776],[0.1306,7.2259],[0.1573,7.2191],[0.1573,7.2259],[0.1476,7.2318],[0.1454,7.2415],[0.1506,7.2662],[0.1595,7.2633],[0.1643,7.2574],[0.1648,7.2391],[0.1874,7.2609],[0.1965,7.2741],[0.1882,7.28],[0.1872,7.2862],[0.1648,7.3209],[0.1573,7.3012],[0.1423,7.3051],[0.1306,7.2942],[0.125,7.3298],[0.1201,7.3351],[0.1067,7.3392],[0.0963,7.3489],[0.0829,7.3692],[0.089,7.3763],[0.0765,7.3895],[0.0525,7.4293],[0.0346,7.4381],[0.0612,7.4525],[0.044,7.454],[0.0346,7.4655],[0.0458,7.467],[0.053,7.4723],[0.0561,7.4817],[0.0549,7.4934],[0.0406,7.4793],[-0.0034,7.5076],[-0.0202,7.5135],[-0.0287,7.509],[-0.0414,7.5135],[-0.05,7.509],[-0.089,7.5135],[-0.0496,7.4617],[-0.0361,7.4343],[-0.0549,7.4246],[-0.0553,7.4419],[-0.0668,7.4581],[-0.0818,7.4684],[-0.0926,7.469],[-0.1229,7.4475],[-0.1335,7.4452],[-0.1381,7.4484],[-0.1164,7.4655],[-0.1194,7.4861],[-0.1335,7.4999],[-0.1679,7.5241],[-0.1812,7.5264],[-0.2008,7.5191],[-0.2331,7.4996],[-0.2378,7.5143],[-0.2536,7.5202],[-0.2536,7.5276],[-0.2194,7.5276],[-0.2262,7.5476],[-0.1984,7.5405],[-0.1921,7.5612],[-0.1853,7.5612],[-0.1818,7.5467],[-0.1706,7.5411],[-0.1369,7.5405],[-0.1436,7.5538],[-0.13,7.5679],[-0.1244,7.5541],[-0.1136,7.5461],[-0.101,7.5441],[-0.089,7.5476],[-0.0829,7.5344],[-0.0723,7.5373],[-0.0612,7.5344],[-0.0549,7.5405],[-0.0586,7.5517],[-0.0549,7.5612],[-0.0487,7.5612],[-0.0414,7.5405],[-0.0344,7.5538],[-0.0237,7.5394],[-0.0146,7.5394],[0.0065,7.5476],[0.0481,7.5344],[0.0397,7.5488],[-0.0003,7.5753],[-0.0132,7.6015],[-0.0221,7.6121],[-0.0524,7.618],[-0.0556,7.6224],[-0.0549,7.6368],[-0.0531,7.6356],[-0.0593,7.6545],[-0.0692,7.6618],[-0.0871,7.6577],[-0.1058,7.6474],[-0.1164,7.6368],[-0.1239,7.6368],[-0.127,7.6486],[-0.1351,7.6512],[-0.1444,7.6468],[-0.1512,7.6368],[-0.1648,7.6442],[-0.1797,7.6395],[-0.2227,7.6589],[-0.2467,7.6506],[-0.2194,7.6442],[-0.2315,7.6318],[-0.2467,7.6227],[-0.2698,7.6344],[-0.3041,7.6144],[-0.3157,7.6227],[-0.3219,7.6227],[-0.3353,7.6177],[-0.422,7.6138],[-0.4407,7.6059],[-0.456,7.5909],[-0.4664,7.5679],[-0.4727,7.5959],[-0.4961,7.5888],[-0.5039,7.603],[-0.5123,7.6006],[-0.5207,7.5932],[-0.5509,7.555],[-0.5621,7.5476],[-0.569,7.5679],[-0.5761,7.5591],[-0.5875,7.555],[-0.6204,7.5538],[-0.6585,7.5317],[-0.6719,7.5405],[-0.6595,7.5594],[-0.6391,7.5673],[-0.5721,7.5688],[-0.5618,7.5723],[-0.5409,7.5891],[-0.5431,7.6018],[-0.5409,7.6088],[-0.5244,7.6224],[-0.5206,7.63],[-0.5137,7.63],[-0.506,7.6239],[-0.4938,7.63],[-0.4864,7.6188],[-0.4747,7.6174],[-0.4639,7.6227],[-0.4591,7.6336],[-0.4348,7.6359],[-0.4162,7.6415],[-0.4043,7.6506],[-0.4109,7.6609],[-0.4112,7.6777],[-0.4043,7.6777],[-0.3797,7.6539],[-0.3629,7.648],[-0.3493,7.6636],[-0.3131,7.6489],[-0.2869,7.6612],[-0.2627,7.6839],[-0.2331,7.6989],[-0.2331,7.7051],[-0.2558,7.7083],[-0.2746,7.7195],[-0.2607,7.7225],[-0.2311,7.7195],[-0.2194,7.7263],[-0.1996,7.7119],[-0.1815,7.7051],[-0.1676,7.6924],[-0.1573,7.6989],[-0.1713,7.7145],[-0.1541,7.7313],[-0.1573,7.7466],[-0.112,7.7357],[-0.0914,7.7378],[-0.0829,7.7572],[-0.0957,7.7628],[-0.1567,7.7643],[-0.1779,7.774],[-0.1597,7.7749],[-0.1436,7.781],[-0.1592,7.7978],[-0.1779,7.8075],[-0.1388,7.8119],[-0.1241,7.8175],[-0.13,7.8355],[-0.1504,7.8323],[-0.1684,7.8402],[-0.174,7.8546],[-0.1573,7.8702],[-0.1648,7.877],[-0.1625,7.9076],[-0.1668,7.9309],[-0.1818,7.9294],[-0.1984,7.9173],[-0.2088,7.9253],[-0.1847,7.963],[-0.1779,7.9862],[-0.2058,7.9727],[-0.2058,7.9862],[-0.2237,7.9859],[-0.2414,7.9986],[-0.2551,8.018],[-0.2604,8.038],[-0.2692,8.0519],[-0.3123,8.0919],[-0.3294,8.1031],[-0.3297,8.0881],[-0.3219,8.0516],[-0.3496,7.9962],[-0.3488,7.983],[-0.3529,7.98],[-0.3771,7.9862],[-0.4386,7.9727],[-0.447,7.9588],[-0.4527,7.9585],[-0.4576,7.963],[-0.4592,7.9703],[-0.4567,7.9771],[-0.4318,7.983],[-0.4022,7.9962],[-0.3875,7.9995],[-0.3627,8.013],[-0.3582,8.041],[-0.3678,8.0636],[-0.3846,8.0619],[-0.3981,8.0701],[-0.4131,8.0881],[-0.4249,8.0954],[-0.4385,8.0978],[-0.4545,8.0969],[-0.4795,8.0901],[-0.5,8.0686],[-0.5331,8.0115],[-0.5546,7.9933],[-0.5409,8.0483],[-0.5137,8.0792],[-0.5172,8.1305],[-0.5293,8.1519],[-0.5546,8.1714],[-0.5508,8.1243],[-0.5591,8.109],[-0.6014,8.0981],[-0.6583,8.0683],[-0.6583,8.0757],[-0.6474,8.0845],[-0.6358,8.1007],[-0.6327,8.1163],[-0.6477,8.1234],[-0.6788,8.1031],[-0.724,8.0913],[-0.7319,8.0954],[-0.7433,8.109],[-0.7608,8.0901],[-0.7743,8.1028],[-0.7706,8.1193],[-0.757,8.1346],[-0.7402,8.144],[-0.709,8.124],[-0.6859,8.1299],[-0.6625,8.1461],[-0.6304,8.1575],[-0.6083,8.1446],[-0.5962,8.1502],[-0.5893,8.1849],[-0.5993,8.1952],[-0.6148,8.1993],[-0.6508,8.1993],[-0.6492,8.2255],[-0.6975,8.2508],[-0.7054,8.2812],[-0.7421,8.2788],[-0.7425,8.2974],[-0.7471,8.3085],[-0.757,8.3138],[-0.8323,8.3162],[-0.8482,8.32],[-0.8501,8.3289],[-0.8378,8.3339],[-0.788,8.3289],[-0.7602,8.3353],[-0.7743,8.3562],[-0.8017,8.4178],[-0.8129,8.4331],[-0.8687,8.4937],[-0.881,8.5016],[-0.8978,8.5069],[-0.8937,8.5246],[-0.9072,8.5543],[-0.9149,8.5894],[-0.9236,8.6038],[-0.9462,8.6238],[-0.9523,8.6362],[-0.9726,8.6397],[-1.0055,8.6553],[-1.0287,8.6741],[-1.0836,8.6841],[-1.1034,8.6786],[-1.1348,8.6641],[-1.1468,8.6541],[-1.1517,8.6409],[-1.1451,8.6097],[-1.1346,8.5811],[-1.1342,8.5558],[-1.1579,8.5343],[-1.1602,8.5738],[-1.1845,8.6565],[-1.1928,8.6709],[-1.21,8.6644],[-1.2547,8.6715],[-1.2817,8.6627],[-1.2868,8.6677],[-1.2889,8.6889],[-1.2933,8.6953],[-1.323,8.7056],[-1.3636,8.7407],[-1.3703,8.7504],[-1.3814,8.7539],[-1.4528,8.7536],[-1.4723,8.7457],[-1.4851,8.7342],[-1.4921,8.718],[-1.4943,8.6956],[-1.5029,8.685],[-1.5559,8.6512],[-1.564,8.65],[-1.5687,8.6556],[-1.5763,8.658],[-1.6118,8.6574],[-1.6403,8.6715],[-1.6556,8.6674],[-1.6924,8.6338],[-1.7128,8.6306],[-1.6764,8.6812],[-1.652,8.6959],[-1.6172,8.6786],[-1.6088,8.6839],[-1.5887,8.68],[-1.5763,8.6853],[-1.5394,8.675],[-1.5192,8.7006],[-1.5079,8.736],[-1.4974,8.7536],[-1.4631,8.7713],[-1.4149,8.776],[-1.4012,8.7816],[-1.3913,8.7945],[-1.3776,8.7745],[-1.3714,8.7922],[-1.3776,8.8434],[-1.365,8.829],[-1.3566,8.7807],[-1.348,8.7627],[-1.333,8.7448],[-1.3143,8.7348],[-1.2951,8.7398],[-1.2638,8.6945],[-1.2474,8.6853],[-1.2089,8.68],[-1.0613,8.7048],[-1.0523,8.7092],[-1.0487,8.7159],[-1.044,8.7165],[-1.0139,8.6927],[-1.0131,8.7307],[-1.0169,8.746],[-1.0282,8.7536],[-1.0166,8.7639],[-1.0254,8.7745],[-1.0423,8.7834],[-1.0697,8.7916],[-1.1654,8.7978],[-1.1807,8.8043],[-1.1723,8.8157],[-1.0971,8.8087],[-1.1145,8.8352],[-1.1723,8.9043],[-1.1813,8.9276],[-1.1848,8.9535],[-1.1791,9.0074],[-1.1648,8.9732],[-1.1407,9.0259],[-1.138,9.0453],[-1.1399,9.0674],[-1.1517,9.1166],[-1.1284,9.1048],[-1.11,9.0821],[-1.0989,9.0533],[-1.0971,9.0209],[-1.1074,8.9991],[-1.1437,8.9626],[-1.1517,8.9352],[-1.1437,8.9176],[-1.1002,8.8496],[-1.0856,8.8443],[-1.0606,8.821],[-1.0453,8.8157],[-1.037,8.8237],[-1.0207,8.8775],[-1.0229,8.8254],[-1.0194,8.7992],[-1.007,8.7807],[-1.0008,8.7884],[-0.992,8.7716],[-0.988,8.7589],[-0.9848,8.7056],[-0.9785,8.6892],[-0.9599,8.6647],[-0.9116,8.6409],[-0.9015,8.6179],[-0.8837,8.6064],[-0.8824,8.595],[-0.8706,8.5761],[-0.8632,8.5523],[-0.8563,8.5482],[-0.846,8.5473],[-0.8326,8.5726],[-0.7965,8.5997],[-0.7886,8.6147],[-0.7955,8.6373],[-0.8073,8.6488],[-0.8367,8.6674],[-0.8426,8.6818],[-0.8383,8.7015],[-0.8188,8.7056],[-0.8126,8.7095],[-0.8073,8.7183],[-0.7964,8.7533],[-0.7955,8.7745],[-0.7705,8.7545],[-0.7817,8.7277],[-0.8222,8.6853],[-0.784,8.6803],[-0.7661,8.658],[-0.7539,8.6306],[-0.7328,8.61],[-0.73,8.6444],[-0.7213,8.6571],[-0.7054,8.6647],[-0.7132,8.6312],[-0.7113,8.6164],[-0.6993,8.61],[-0.7196,8.5917],[-0.7762,8.5711],[-0.7937,8.5323],[-0.8204,8.5214],[-0.8289,8.5146],[-0.8304,8.4993],[-0.8242,8.486],[-0.8127,8.4766],[-0.7717,8.4634],[-0.7536,8.4404],[-0.7266,8.391],[-0.7054,8.3765],[-0.6922,8.3583],[-0.657,8.3477],[-0.6501,8.3503],[-0.6447,8.3692],[-0.6402,8.3592],[-0.6377,8.3289],[-0.6139,8.3133],[-0.6057,8.2965],[-0.5868,8.2897],[-0.5777,8.2676],[-0.5665,8.2682],[-0.5484,8.2812],[-0.5409,8.2812],[-0.5424,8.2647],[-0.5612,8.2408],[-0.569,8.2258],[-0.5397,8.204],[-0.5254,8.2029],[-0.5137,8.2258],[-0.5138,8.2008],[-0.5075,8.1781],[-0.4895,8.1858],[-0.4819,8.1934],[-0.4795,8.2055],[-0.4454,8.1781],[-0.4267,8.1858],[-0.4203,8.182],[-0.4181,8.1714],[-0.3978,8.1784],[-0.3903,8.192],[-0.3908,8.2226],[-0.4043,8.2364],[-0.4011,8.2432],[-0.3933,8.247],[-0.3628,8.2538],[-0.3415,8.2276],[-0.3294,8.2258],[-0.321,8.2297],[-0.3166,8.2373],[-0.3157,8.26],[-0.2869,8.2497],[-0.2604,8.2464],[-0.24,8.2335],[-0.2405,8.2364],[-0.2342,8.2408],[-0.2194,8.2464],[-0.2268,8.2279],[-0.189,8.2202],[-0.1779,8.2023],[-0.1838,8.1758],[-0.2164,8.1961],[-0.2331,8.1781],[-0.2565,8.1937],[-0.2692,8.197],[-0.2826,8.1811],[-0.3002,8.1823],[-0.3188,8.189],[-0.3294,8.1993],[-0.336,8.1366],[-0.3219,8.144],[-0.3107,8.1334],[-0.3011,8.1337],[-0.2877,8.1502],[-0.2798,8.1219],[-0.2732,8.1128],[-0.248,8.1054],[-0.2433,8.096],[-0.2428,8.0851],[-0.2467,8.0757],[-0.2261,8.0654],[-0.2021,8.0619],[-0.1938,8.0557],[-0.1885,8.0433],[-0.1815,8.0363],[-0.1679,8.0451],[-0.1513,8.0469],[-0.1342,8.0274],[-0.1096,7.9862],[-0.1152,7.978],[-0.1123,7.9706],[-0.1029,7.9662],[-0.089,7.9659],[-0.089,7.9585],[-0.0949,7.9529],[-0.0951,7.9465],[-0.0829,7.9318],[-0.0914,7.9215],[-0.0905,7.9064],[-0.0755,7.877],[-0.089,7.8702],[-0.079,7.8635],[-0.0755,7.849],[-0.0756,7.8417],[-0.0829,7.8287],[-0.0779,7.8125],[-0.0549,7.7672],[-0.0391,7.7802],[-0.0277,7.7952],[-0.0193,7.7908],[0.014,7.8149],[0.0208,7.8075],[0.0035,7.7963],[-0.0066,7.774],[0.011,7.7734],[0.0209,7.7807],[0.0346,7.8014],[0.0393,7.7843],[0.0458,7.7834],[0.0549,7.7884],[0.0612,7.774],[0.0829,7.774],[0.0709,7.7896],[0.0749,7.7993],[0.0845,7.8064],[0.089,7.8149],[0.084,7.8267],[0.0689,7.8467],[0.0686,7.8629],[0.0584,7.8608],[0.0478,7.8643],[0.0405,7.872],[0.0406,7.8832],[0.0475,7.8908],[0.0686,7.8832],[0.0723,7.8941],[0.0406,7.9385],[0.0536,7.9329],[0.0608,7.9388],[0.0599,7.9494],[0.0481,7.9585],[0.0481,7.9659],[0.0699,7.9662],[0.0904,7.9738],[0.1048,7.9874],[0.1095,8.0068],[0.1033,8.0183],[0.0727,8.0051],[0.0549,8.0068],[0.0754,8.0274],[0.0545,8.0416],[0.0396,8.0566],[0.0392,8.0739],[0.0612,8.0954],[0.0687,8.0772],[0.0765,8.0739],[0.0902,8.0819],[0.1033,8.0825],[0.1095,8.1031],[0.1264,8.106],[0.1395,8.1007],[0.1445,8.0878],[0.1369,8.0683],[0.1825,8.0842],[0.1916,8.0901],[0.1859,8.1004],[0.1438,8.1366],[0.1506,8.1434],[0.1438,8.1502],[0.1541,8.1534],[0.16,8.1611],[0.1648,8.1849],[0.1506,8.1808],[0.1347,8.187],[0.1217,8.1999],[0.1164,8.2161],[0.1064,8.2155],[0.0892,8.2261],[0.084,8.2358],[0.1095,8.2335],[0.1033,8.2538],[0.1114,8.2444],[0.1201,8.2411],[0.1288,8.2444],[0.1369,8.2538],[0.1687,8.2438],[0.1831,8.2664],[0.183,8.3015],[0.1709,8.3289],[0.1912,8.3409],[0.2286,8.3465],[0.2286,8.3553],[0.2195,8.3801],[0.2071,8.3857],[0.1306,8.3692],[0.1032,8.3707],[0.0889,8.3807],[0.0838,8.398],[0.0801,8.4339],[0.0717,8.449],[0.0754,8.4593],[0.0821,8.4637],[0.1164,8.4731],[0.1164,8.4793],[0.089,8.4899],[0.081,8.4996],[0.0754,8.5146],[0.0874,8.5387],[0.0724,8.5449],[0.0774,8.5511],[0.089,8.5555],[0.1164,8.6026],[0.1304,8.6073],[0.1492,8.595],[0.1648,8.5891],[0.1594,8.6073],[0.1448,8.6241],[0.1334,8.6435],[0.1369,8.6709],[0.146,8.6821],[0.1671,8.6989],[0.1709,8.7159],[0.1657,8.7374],[0.1671,8.7439],[0.2005,8.7536],[0.2195,8.7474],[0.1984,8.7262],[0.2058,8.7106],[0.1846,8.6945],[0.1604,8.6577],[0.1535,8.6391],[0.1612,8.6306],[0.1797,8.6191],[0.1809,8.5964],[0.1646,8.5805],[0.1306,8.5891],[0.1095,8.5417],[0.1119,8.5016],[0.1242,8.5002],[0.1306,8.4934],[0.1344,8.4819],[0.1311,8.4613],[0.1238,8.4519],[0.0996,8.4525],[0.0958,8.4487],[0.1091,8.4225],[0.1064,8.4142],[0.1086,8.3995],[0.1414,8.3977],[0.2334,8.4051],[0.2473,8.4021],[0.253,8.3942],[0.2598,8.3692],[0.2608,8.3548],[0.253,8.3433],[0.2627,8.3315],[0.276,8.3283],[0.2879,8.3324],[0.2945,8.3433],[0.3014,8.3433],[0.2982,8.3221],[0.286,8.3185],[0.2693,8.3206],[0.253,8.3153],[0.2205,8.3265],[0.2036,8.3271],[0.1916,8.3227],[0.2074,8.3159],[0.2262,8.3153],[0.2058,8.2947],[0.2058,8.2538],[0.1937,8.24],[0.1578,8.2261],[0.1438,8.2129],[0.1619,8.2141],[0.2208,8.2032],[0.2181,8.1982],[0.2058,8.1917],[0.1882,8.1611],[0.1774,8.129],[0.2049,8.1143],[0.2673,8.1093],[0.2742,8.1169],[0.281,8.116],[0.2693,8.0863],[0.2639,8.0825],[0.2296,8.0954],[0.2133,8.0904],[0.195,8.0672],[0.1238,8.0483],[0.1247,8.033],[0.135,8.0139],[0.1497,7.998],[0.1648,7.9933],[0.1554,7.9824],[0.1292,7.9741],[0.1238,7.9621],[0.1176,7.9582],[0.0754,7.9447],[0.1194,7.9385],[0.1306,7.9318],[0.1325,7.9223],[0.1164,7.89],[0.1238,7.89],[0.137,7.9029],[0.1579,7.9111],[0.1769,7.9076],[0.1853,7.8867],[0.1619,7.8355],[0.1506,7.8014],[0.1675,7.8049],[0.1857,7.8376],[0.1984,7.849],[0.1916,7.8629],[0.2009,7.8682],[0.2119,7.8629],[0.2058,7.8832],[0.2117,7.8935],[0.22,7.8997],[0.2433,7.9038],[0.2595,7.9312],[0.2673,7.9385],[0.2746,7.9173],[0.2615,7.9008],[0.2521,7.8973],[0.2399,7.8976],[0.2399,7.89],[0.253,7.8832],[0.2331,7.877],[0.2509,7.8755],[0.2673,7.8702],[0.2673,7.8629],[0.2483,7.8623],[0.239,7.8561],[0.2421,7.8499],[0.2604,7.849],[0.2604,7.8423],[0.2511,7.8379],[0.2468,7.8287],[0.2371,7.8323],[0.2058,7.8287],[0.218,7.8067],[0.2539,7.8019],[0.2673,7.7884],[0.2673,7.7952],[0.281,7.7884],[0.2688,7.7704],[0.2692,7.7622],[0.2746,7.7543],[0.281,7.7543],[0.2877,7.7604],[0.2891,7.7292],[0.2857,7.7172],[0.2746,7.7119],[0.2877,7.6989],[0.2789,7.6907],[0.2741,7.681],[0.2673,7.6574],[0.2824,7.653],[0.2864,7.6427],[0.2877,7.6165],[0.2746,7.6227],[0.277,7.603],[0.2833,7.5977],[0.2945,7.5959],[0.2839,7.5823],[0.281,7.5612],[0.2688,7.57],[0.2473,7.5941],[0.2331,7.6027],[0.2504,7.5712],[0.2468,7.5612],[0.2058,7.5476],[0.2117,7.5373],[0.2206,7.5299],[0.2324,7.5279],[0.2468,7.5344],[0.2533,7.5143],[0.2348,7.489],[0.2331,7.4723],[0.2417,7.4578],[0.2512,7.4599],[0.2683,7.4864],[0.2849,7.4899],[0.2917,7.5008],[0.2917,7.5146],[0.2877,7.5276],[0.3014,7.5202],[0.3081,7.5391],[0.3081,7.5476],[0.3217,7.5405],[0.3217,7.5679],[0.3293,7.5679],[0.3298,7.5473],[0.3209,7.5141],[0.3073,7.4802]],[[0.1828,6.7228],[0.1777,6.7428],[0.1506,6.7805],[0.1409,6.7675],[0.1369,6.7531],[0.1306,6.7599],[0.1286,6.7534],[0.1238,6.7531],[0.1238,6.7667],[0.1033,6.7599],[0.1095,6.7734],[0.0958,6.7734],[0.0958,6.7805],[0.1057,6.7855],[0.1095,6.7937],[0.1033,6.8143],[0.0871,6.8138],[0.0754,6.8082],[0.0829,6.794],[0.0686,6.8008],[0.0624,6.7823],[0.0612,6.7599],[0.0493,6.7652],[0.0422,6.7749],[0.0394,6.7873],[0.0406,6.8008],[0.0346,6.8008],[0.006,6.7605],[-0.0031,6.7349],[0.0065,6.7046],[0.0208,6.7455],[0.0277,6.7455],[0.0327,6.7281],[0.0277,6.7122],[0.0392,6.7169],[0.049,6.7169],[0.0565,6.7125],[0.0612,6.7046],[0.0612,6.6984],[0.0406,6.691],[0.0612,6.691],[0.0549,6.6775],[0.0727,6.6731],[0.0787,6.6763],[0.0829,6.6848],[0.089,6.6775],[0.1033,6.6848],[0.091,6.6701],[0.089,6.6501],[0.0958,6.6501],[0.1039,6.6733],[0.1256,6.6831],[0.1512,6.6881],[0.1709,6.6984],[0.1828,6.7228]]]},"properties":{"name":"Lake Volta"}},{"type":"Feature","geometry":{"type":"Polygon","coordinates":[[[68.4513,41.1192],[68.4557,41.1069],[68.4257,41.0942],[68.4171,41.0816],[68.3692,41.0504],[68.3244,41.0574],[68.2735,41.0162],[68.2311,41.0389],[68.2182,41.043],[68.1917,41.0368],[68.1696,41.048],[68.1169,41.0669],[68.0954,41.0654],[68.0819,41.043],[68.071,41.0536],[68.0586,41.0551],[68.0339,41.043],[68.0206,41.0595],[68.0127,41.0981],[68.0027,41.116],[67.9491,41.1722],[67.9309,41.2152],[67.9138,41.2173],[67.91,41.2217],[67.912,41.242],[67.9282,41.2502],[68.0124,41.2467],[68.0292,41.242],[68.0439,41.2326],[68.0813,41.1822],[68.0916,41.1746],[68.1101,41.179],[68.1381,41.2005],[68.1575,41.2081],[68.1805,41.2102],[68.2399,41.2076],[68.2635,41.1849],[68.2806,41.1566],[68.335,41.1331],[68.3839,41.1381],[68.393,41.1366],[68.4083,41.1272],[68.4383,41.1254],[68.4513,41.1192]]]},"properties":{"name":"Shardara Bgeni"}},{"type":"Feature","geometry":{"type":"Polygon","coordinates":[[[41.2532,57.5109],[41.3424,57.5109],[41.3424,57.483],[41.2768,57.4947],[41.2426,57.4977],[41.2155,57.4865],[41.2102,57.4679],[41.2158,57.452],[41.212,57.4459],[41.1782,57.4565],[41.1785,57.4756],[41.1555,57.4883],[41.0901,57.5009],[41.0716,57.5277],[41.0642,57.5333],[41.0339,57.5445],[41.0613,57.5483],[41.1225,57.5147],[41.1434,57.5242],[41.119,57.5374],[41.0922,57.5589],[41.0704,57.5833],[41.0525,57.6407],[41.0307,57.6578],[41.0018,57.6699],[40.9727,57.6884],[40.9377,57.7502],[40.89,57.7744],[40.8647,57.7806],[40.807,57.7755],[40.7802,57.7779],[40.764,57.7861],[40.8217,57.7985],[40.6707,57.7976],[40.6398,57.7885],[40.6251,57.7797],[40.5877,57.7703],[40.5712,57.7611],[40.5565,57.7226],[40.5467,57.7096],[40.5279,57.7388],[40.5002,57.7476],[40.3978,57.7308],[40.3704,57.7214],[40.3528,57.7023],[40.3489,57.6681],[40.3242,57.679],[40.3007,57.679],[40.2106,57.6449],[40.1915,57.6307],[40.1838,57.6104],[40.1614,57.5716],[40.1087,57.5568],[40.0475,57.5577],[39.9992,57.5663],[40.0949,57.586],[40.1149,57.5963],[40.1532,57.6378],[40.1903,57.6663],[40.3866,57.7544],[40.4299,57.7661],[40.5744,57.7847],[40.5838,57.7879],[40.5994,57.802],[40.6092,57.8053],[40.6642,57.8126],[40.6295,57.8259],[40.6371,57.8377],[40.633,57.8486],[40.595,57.878],[40.5682,57.8871],[40.5467,57.8877],[40.5535,57.903],[40.55,57.9148],[40.5385,57.9213],[40.5203,57.9213],[40.527,57.9083],[40.5088,57.9086],[40.4581,57.9357],[40.4838,57.9436],[40.5747,57.9357],[40.6083,57.9392],[40.6301,57.9269],[40.643,57.9283],[40.6642,57.943],[40.6512,57.951],[40.6089,57.9636],[40.643,57.9766],[40.6351,57.9946],[40.6433,57.9978],[40.7301,58.0],[40.7248,57.9913],[40.7219,57.9748],[40.7257,57.9592],[40.7393,57.9492],[40.787,57.9636],[40.8423,57.9636],[40.8136,58.0],[40.8936,58.0],[40.8803,57.9619],[40.8806,57.9295],[40.9044,57.9083],[40.8817,57.9012],[40.8499,57.8983],[40.8176,57.8995],[40.7711,57.9098],[40.7437,57.9086],[40.7278,57.8995],[40.7393,57.8803],[40.7157,57.8742],[40.663,57.8739],[40.643,57.8603],[40.6986,57.8226],[40.7666,57.8115],[40.8385,57.8079],[40.9044,57.7923],[40.9277,57.7806],[40.9715,57.7511],[41.0224,57.694],[41.043,57.6778],[41.0684,57.6681],[41.0851,57.6687],[41.1364,57.6822],[41.1567,57.6793],[41.159,57.6722],[41.1487,57.6652],[41.1299,57.6619],[41.1049,57.6525],[41.0999,57.6307],[41.1066,57.6054],[41.116,57.586],[41.1369,57.5621],[41.1576,57.5533],[41.1693,57.5295],[41.1811,57.5242],[41.2532,57.5109]]]},"properties":{"name":"Kostroma Reservoir"}},{"type":"Feature","geometry":{"type":"Polygon","coordinates":[[[38.0217,57.3169],[38.0052,57.3057],[37.9817,57.2972],[37.9319,57.2866],[37.909,57.2778],[37.8742,57.2525],[37.8568,57.246],[37.8339,57.2504],[37.7806,57.2837],[37.7579,57.2913],[37.7894,57.2966],[37.8047,57.2949],[37.8542,57.2778],[37.8851,57.2913],[37.9354,57.3034],[37.9725,57.3087],[37.9849,57.3166],[38.0052,57.3399],[38.0829,57.392],[38.1091,57.4294],[38.2233,57.4868],[38.2389,57.4986],[38.2684,57.5277],[38.301,57.5716],[38.306,57.5663],[38.3049,57.5509],[38.2919,57.51],[38.2857,57.4974],[38.2695,57.4818],[38.2098,57.4565],[38.1356,57.4155],[38.1271,57.4061],[38.1115,57.3773],[38.0664,57.3602],[38.0217,57.3169]]]},"properties":{"name":"Uglich Reservoir"}},{"type":"Feature","geometry":{"type":"Polygon","coordinates":[[[36.997,56.7573],[36.9841,56.722],[36.9467,56.7671],[36.9252,56.78],[36.8248,56.7936],[36.8092,56.788],[36.7765,56.7671],[36.7718,56.7603],[36.7718,56.7123],[36.7671,56.7029],[36.7215,56.6785],[36.6876,56.6726],[36.5681,56.6043],[36.5042,56.5857],[36.4545,56.5828],[36.3671,56.5651],[36.3123,56.5377],[36.237,56.5304],[36.1372,56.5074],[36.1133,56.5104],[36.1322,56.5357],[36.1604,56.5551],[36.2487,56.5907],[36.2926,56.5846],[36.3167,56.601],[36.3356,56.6096],[36.3556,56.6131],[36.4092,56.6069],[36.4613,56.6137],[36.5004,56.6272],[36.4975,56.6437],[36.4468,56.6605],[36.4201,56.6814],[36.3744,56.7023],[36.3744,56.7064],[36.4981,56.6676],[36.5543,56.6631],[36.5725,56.654],[36.5799,56.6425],[36.5828,56.6308],[36.5878,56.6266],[36.6311,56.6581],[36.7235,56.7085],[36.7503,56.735],[36.7439,56.757],[36.7156,56.7718],[36.6756,56.7774],[36.7748,56.8092],[36.8092,56.8121],[36.8701,56.8106],[36.8884,56.8153],[36.899,56.8236],[36.9219,56.853],[36.9396,56.8542],[36.9585,56.8492],[36.9914,56.8321],[37.0209,56.8118],[37.0518,56.8295],[37.0618,56.828],[37.0712,56.7983],[37.1115,56.7697],[37.1145,56.7556],[37.1206,56.75],[37.1521,56.7541],[37.1239,56.7326],[37.1206,56.7258],[37.1148,56.7241],[37.0856,56.735],[37.0735,56.7364],[37.0638,56.7276],[37.0647,56.7064],[37.0497,56.7023],[37.0368,56.7044],[37.0315,56.71],[37.0323,56.7185],[37.0394,56.7297],[37.03,56.7559],[37.0209,56.7644],[37.0053,56.7638],[36.997,56.7573]]]},"properties":{"name":"Ivankovo Reservoir"}},{"type":"Feature","geometry":{"type":"Polygon","coordinates":[[[73.0192,34.0781],[73.0204,34.0628],[72.9998,34.051],[72.9577,34.0366],[72.9303,34.0151],[72.9141,34.0118],[72.8915,34.0198],[72.8797,34.0313],[72.865,34.0751],[72.8514,34.089],[72.8344,34.0969],[72.7926,34.1019],[72.7749,34.0963],[72.7469,34.0731],[72.7313,34.0675],[72.716,34.0766],[72.6969,34.0957],[72.6893,34.1146],[72.757,34.1387],[72.7796,34.1514],[72.7935,34.1799],[72.8126,34.1902],[72.817,34.2011],[72.8164,34.2249],[72.8096,34.2464],[72.8261,34.2685],[72.8344,34.2927],[72.837,34.345],[72.817,34.3898],[72.8155,34.4322],[72.8096,34.4451],[72.83,34.4725],[72.8305,34.4866],[72.8267,34.4911],[72.7758,34.4996],[72.7684,34.5058],[72.7676,34.5202],[72.7843,34.5402],[72.7958,34.5649],[72.7938,34.5708],[72.784,34.5794],[72.7752,34.602],[72.7743,34.6135],[72.7817,34.6226],[72.7961,34.6176],[72.8108,34.5973],[72.8205,34.5735],[72.8199,34.5576],[72.8014,34.5276],[72.7999,34.5122],[72.8132,34.5058],[72.84,34.5034],[72.8506,34.4955],[72.837,34.4154],[72.8385,34.3924],[72.8591,34.373],[72.8791,34.308],[72.8629,34.2779],[72.8573,34.2426],[72.8629,34.2091],[72.8791,34.1776],[72.8688,34.1569],[72.8771,34.1387],[72.8938,34.129],[72.9091,34.1328],[72.9244,34.1431],[72.9451,34.1487],[72.9654,34.1475],[72.981,34.1366],[72.9683,34.1204],[72.9439,34.101],[72.9468,34.0881],[72.9639,34.0778],[73.0036,34.0831],[73.0192,34.0781]]]},"properties":{"name":"Tarbela Dam"}},{"type":"Feature","geometry":{"type":"Polygon","coordinates":[[[34.3192,11.6225],[34.3522,11.6322],[34.3457,11.6549],[34.328,11.6899],[34.3313,11.714],[34.3563,11.7585],[34.3742,11.7785],[34.3934,11.7894],[34.4201,11.7918],[34.4437,11.7985],[34.464,11.7991],[34.4826,11.7832],[34.4887,11.76],[34.4893,11.7267],[34.4817,11.7029],[34.4622,11.7076],[34.4522,11.7276],[34.4463,11.7329],[34.4349,11.7279],[34.4305,11.7179],[34.4281,11.6873],[34.4172,11.6637],[34.4228,11.654],[34.441,11.6384],[34.4617,11.5913],[34.4831,11.5742],[34.5288,11.5527],[34.5626,11.5045],[34.5809,11.4853],[34.6509,11.437],[34.6712,11.4161],[34.7104,11.3988],[34.716,11.3852],[34.721,11.3558],[34.7339,11.3322],[34.7537,11.3128],[34.7775,11.2963],[34.7366,11.2957],[34.7069,11.3231],[34.6818,11.3611],[34.6553,11.392],[34.6389,11.402],[34.5856,11.4232],[34.5662,11.435],[34.5208,11.4844],[34.504,11.4962],[34.4552,11.5018],[34.4393,11.515],[34.4137,11.5442],[34.361,11.5636],[34.3295,11.5939],[34.3192,11.6225]]]},"properties":{"name":"Roseires Reservoir"}},{"type":"Feature","geometry":{"type":"Polygon","coordinates":[[[55.5546,57.2913],[55.5882,57.2419],[55.5855,57.2266],[55.5664,57.2224],[55.547,57.2395],[55.5202,57.2778],[55.4713,57.3072],[55.421,57.3081],[55.2602,57.271],[55.2496,57.274],[55.2311,57.2881],[55.1322,57.3084],[55.1033,57.3057],[55.0666,57.2875],[55.0642,57.281],[55.0942,57.2742],[55.1022,57.2689],[55.088,57.2442],[55.0889,57.2095],[55.0813,57.201],[55.0618,57.1912],[55.0548,57.1815],[55.0551,57.135],[55.0498,57.1103],[55.0303,57.0997],[55.0086,57.0947],[54.9621,57.072],[54.9382,57.0652],[54.8911,57.0661],[54.8767,57.062],[54.8528,57.0237],[54.7804,57.0311],[54.726,57.0152],[54.7012,57.0111],[54.6468,57.0102],[54.6232,57.0161],[54.5773,57.0388],[54.5476,57.0382],[54.484,57.0025],[54.4401,56.9928],[54.3695,56.9631],[54.3392,56.9566],[54.2532,56.9555],[54.2306,56.949],[54.2203,56.9322],[54.212,56.8872],[54.1879,56.8218],[54.1846,56.8015],[54.0884,56.7712],[54.0952,56.798],[54.0872,56.8253],[54.0952,56.8972],[54.0875,56.936],[54.0884,56.9487],[54.0987,56.966],[54.1305,56.9775],[54.1752,57.0031],[54.2067,57.009],[54.3409,57.012],[54.3727,57.019],[54.3963,57.0382],[54.4446,57.0685],[54.4669,57.09],[54.4652,57.1065],[54.4784,57.1162],[54.527,57.0997],[54.6324,57.0979],[54.655,57.0932],[54.698,57.0791],[54.7248,57.0661],[54.7407,57.0629],[54.7601,57.0652],[54.7704,57.072],[54.8016,57.1029],[54.8072,57.1221],[54.8211,57.1238],[54.8626,57.1115],[54.8843,57.1015],[54.897,57.0997],[54.9049,57.1015],[54.9515,57.1297],[54.9623,57.14],[54.9715,57.1547],[54.9612,57.1686],[54.9535,57.1874],[54.9523,57.2077],[54.9774,57.2589],[54.9818,57.2801],[54.9994,57.2913],[55.0044,57.3149],[54.9977,57.3322],[54.9806,57.3428],[54.9473,57.3484],[54.947,57.3528],[54.9585,57.3602],[54.9685,57.3602],[54.9936,57.3528],[55.0174,57.3561],[55.0716,57.3946],[55.0936,57.4014],[55.1033,57.384],[55.1195,57.369],[55.1575,57.3602],[55.2255,57.3528],[55.3185,57.3272],[55.3391,57.329],[55.3612,57.3384],[55.4528,57.3467],[55.4798,57.3523],[55.5031,57.3637],[55.5099,57.3749],[55.5075,57.3838],[55.4866,57.4194],[55.4557,57.4311],[55.4195,57.4359],[55.3904,57.4353],[55.4816,57.4771],[55.5066,57.4974],[55.5196,57.5209],[55.5208,57.548],[55.5087,57.5701],[55.4828,57.5792],[55.4177,57.5819],[55.3974,57.586],[55.3474,57.6098],[55.3324,57.6134],[55.3433,57.6313],[55.3459,57.6469],[55.3427,57.6619],[55.333,57.6725],[55.2956,57.6961],[55.3191,57.6978],[55.3503,57.6946],[55.3777,57.6975],[55.3904,57.7164],[55.3815,57.7358],[55.3583,57.7443],[55.3079,57.7544],[55.2723,57.7767],[55.2432,57.8017],[55.232,57.8073],[55.1914,57.8126],[55.1646,57.8394],[55.1787,57.8565],[55.1981,57.8683],[55.2214,57.8742],[55.2467,57.8742],[55.2308,57.8639],[55.2264,57.8483],[55.2302,57.8321],[55.2396,57.8188],[55.257,57.8082],[55.3986,57.7567],[55.4363,57.737],[55.4528,57.7131],[55.4451,57.679],[55.441,57.6737],[55.4221,57.6658],[55.3998,57.6293],[55.3965,57.6089],[55.4145,57.5998],[55.5031,57.5998],[55.519,57.5969],[55.5343,57.5892],[55.5614,57.5663],[55.5755,57.5259],[55.5543,57.4935],[55.5261,57.4647],[55.5202,57.4353],[55.5355,57.4161],[55.5746,57.3785],[55.5823,57.3564],[55.5764,57.3328],[55.554,57.3113],[55.5546,57.2913]]]},"properties":{"name":"Votkinsk Reservoir"}},{"type":"Feature","geometry":{"type":"Polygon","coordinates":[[[56.8095,57.9919],[56.7809,57.9698],[56.7297,57.9728],[56.6982,57.9704],[56.665,57.9636],[56.665,57.9569],[56.7006,57.9569],[56.7332,57.9492],[56.7059,57.9151],[56.7474,57.9289],[56.7677,57.9322],[56.7848,57.9251],[56.7939,57.9065],[56.7839,57.8951],[56.7468,57.8803],[56.8086,57.8709],[56.8322,57.853],[56.8342,57.8435],[56.7904,57.835],[56.7792,57.8279],[56.7747,57.8159],[56.783,57.8109],[56.8327,57.8188],[56.8489,57.8168],[56.8548,57.8103],[56.8566,57.7847],[56.8634,57.7611],[56.8595,57.7576],[56.8363,57.7582],[56.8363,57.7417],[56.8625,57.7049],[56.871,57.6822],[56.8581,57.6902],[56.826,57.7264],[56.7951,57.7505],[56.7965,57.7614],[56.8224,57.7705],[56.8369,57.7844],[56.8383,57.7909],[56.8051,57.7923],[56.77,57.7811],[56.7527,57.78],[56.7332,57.7923],[56.7365,57.8026],[56.7329,57.8209],[56.7406,57.8332],[56.7518,57.8388],[56.7951,57.8468],[56.7739,57.8518],[56.7209,57.8503],[56.7023,57.8571],[56.6991,57.8718],[56.7406,57.9083],[56.6891,57.8998],[56.6711,57.9033],[56.682,57.9251],[56.6776,57.933],[56.639,57.951],[56.637,57.9698],[56.6544,57.9843],[56.6829,57.9928],[56.765,58.0],[56.8095,58.0],[56.8095,57.9919]]]},"properties":{"name":"Kama Reservoir"}},{"type":"Feature","geometry":{"type":"Polygon","coordinates":[[[38.5498,35.8905],[38.5736,35.8902],[38.5613,35.8646],[38.5598,35.8528],[38.5192,35.836],[38.5192,35.8428],[38.5121,35.8428],[38.5042,35.8334],[38.4582,35.8013],[38.45,35.8013],[38.4418,35.8122],[38.4206,35.8066],[38.4091,35.8086],[38.4097,35.8151],[38.3938,35.8472],[38.3894,35.8395],[38.3658,35.8251],[38.3614,35.8186],[38.3682,35.7877],[38.3682,35.7739],[38.3614,35.7739],[38.3576,35.7895],[38.3505,35.7945],[38.3272,35.7945],[38.319,35.7868],[38.3102,35.7854],[38.306,35.7907],[38.3093,35.7989],[38.324,35.8072],[38.3355,35.8363],[38.3181,35.8593],[38.3075,35.8657],[38.2757,35.8701],[38.2537,35.8775],[38.2236,35.9155],[38.2039,35.9317],[38.1344,35.9487],[38.1082,35.9732],[38.1129,35.982],[38.11,35.9897],[38.1023,35.9923],[38.0944,35.9861],[38.0876,35.9861],[38.0741,35.9938],[38.0741,36.0],[38.0873,36.0079],[38.08,36.015],[38.0529,36.027],[38.0249,36.0621],[38.0188,36.0756],[38.0149,36.1133],[38.0249,36.146],[38.0423,36.1725],[38.0797,36.2104],[38.0912,36.2163],[38.0944,36.2402],[38.1038,36.2496],[38.1424,36.2675],[38.1515,36.2622],[38.1592,36.2628],[38.1765,36.3014],[38.1754,36.3308],[38.1786,36.3426],[38.1895,36.3364],[38.1968,36.3364],[38.2225,36.2808],[38.2257,36.2522],[38.2004,36.2402],[38.1748,36.2337],[38.1441,36.2175],[38.1253,36.1954],[38.1356,36.1719],[38.1,36.1427],[38.0944,36.1339],[38.1106,36.0844],[38.1182,36.0718],[38.1492,36.055],[38.1627,36.027],[38.1748,36.0138],[38.1895,36.0067],[38.2098,36.0067],[38.2172,35.9938],[38.2548,35.9938],[38.2548,35.9888],[38.2684,35.9702],[38.3511,35.9402],[38.3717,35.9205],[38.3894,35.9184],[38.4047,35.9278],[38.4114,35.9579],[38.4235,35.9658],[38.4297,35.9452],[38.437,35.9452],[38.437,35.9526],[38.4432,35.9526],[38.4638,35.9117],[38.4768,35.9049],[38.4815,35.8878],[38.4888,35.8919],[38.498,35.9043],[38.5156,35.8902],[38.5333,35.8961],[38.5404,35.9037],[38.5445,35.9037],[38.5463,35.8937],[38.5498,35.8905]]]},"properties":{"name":"Buhayrat al-Assad"}},{"type":"Feature","geometry":{"type":"Polygon","coordinates":[[[39.8606,38.6907],[39.8621,38.6725],[39.8473,38.641],[39.8191,38.6189],[39.7849,38.6101],[39.7523,38.618],[39.7317,38.6383],[39.7019,38.6413],[39.6984,38.6489],[39.6878,38.6551],[39.6219,38.6451],[39.5871,38.6528],[39.5439,38.6266],[39.4158,38.5933],[39.3714,38.593],[39.3543,38.6119],[39.3655,38.6239],[39.4073,38.6389],[39.4255,38.659],[39.4667,38.6822],[39.4779,38.6999],[39.477,38.7211],[39.4717,38.7408],[39.4744,38.7549],[39.4717,38.7626],[39.4535,38.762],[39.4426,38.7802],[39.4235,38.7755],[39.4011,38.7649],[39.3825,38.7626],[39.3681,38.7961],[39.356,38.8044],[39.3463,38.8061],[39.3243,38.8035],[39.3063,38.8073],[39.2589,38.837],[39.2451,38.8582],[39.2351,38.8524],[39.2186,38.8506],[39.2242,38.8335],[39.2203,38.8285],[39.2103,38.8276],[39.1974,38.8303],[39.1632,38.8582],[39.1353,38.8656],[39.117,38.8609],[39.1047,38.8459],[39.0949,38.8226],[39.0805,38.8359],[39.0788,38.8541],[39.0843,38.878],[39.064,38.8797],[39.0534,38.878],[39.0381,38.8662],[39.0296,38.8644],[39.0093,38.8697],[38.9969,38.8786],[38.9851,38.8812],[38.9678,38.8677],[38.9601,38.8653],[38.9304,38.878],[38.9157,38.8665],[38.8845,38.8606],[38.8683,38.8426],[38.8483,38.8471],[38.8415,38.8562],[38.81,38.8585],[38.8009,38.8565],[38.7926,38.8506],[38.7873,38.8182],[38.78,38.8076],[38.7591,38.8164],[38.7497,38.8303],[38.7532,38.8429],[38.7644,38.8526],[38.7791,38.8582],[38.7732,38.8715],[38.7252,38.8989],[38.6999,38.8918],[38.6834,38.8992],[38.6666,38.8992],[38.6493,38.9277],[38.639,38.9639],[38.6419,38.9878],[38.651,38.9872],[38.6616,38.9551],[38.6714,38.9427],[38.6808,38.9198],[38.7146,38.9198],[38.7264,38.9248],[38.7396,38.9368],[38.7656,38.971],[38.7703,38.9845],[38.7685,38.9963],[38.712,39.0169],[38.704,39.0219],[38.6999,39.0334],[38.7455,39.0296],[38.732,39.0772],[38.7491,39.0781],[38.7597,39.0708],[38.7706,39.0375],[38.8065,39.0151],[38.8103,39.0025],[38.8091,38.9819],[38.8474,38.9401],[38.8177,38.9236],[38.7865,38.9265],[38.7865,38.9198],[38.8268,38.9133],[38.8753,38.9198],[38.8753,38.9265],[38.8547,38.9401],[38.868,38.9639],[38.8756,38.971],[38.8753,38.9954],[38.893,38.9998],[38.8974,39.0122],[38.9095,39.0296],[38.9163,39.0296],[38.903,38.9822],[38.8957,38.9674],[38.9066,38.9516],[38.911,38.9386],[38.921,38.9298],[38.9472,38.9265],[38.9572,38.9298],[38.9513,38.948],[38.9539,38.9574],[38.9628,38.9604],[38.9784,38.9327],[38.9866,38.9265],[39.0052,38.9265],[39.014,38.9377],[39.0222,38.938],[39.029,38.9121],[39.0364,38.9027],[39.0464,38.898],[39.0687,38.9077],[39.0802,38.9036],[39.0949,38.8918],[39.1806,38.8853],[39.2215,38.8712],[39.2348,38.8738],[39.2451,38.8918],[39.2618,38.8915],[39.2769,38.865],[39.296,38.8538],[39.3125,38.8344],[39.3681,38.8226],[39.3902,38.8058],[39.4029,38.7817],[39.4096,38.7817],[39.4217,38.7914],[39.4361,38.7882],[39.4608,38.7755],[39.4917,38.7779],[39.5023,38.782],[39.5303,38.8164],[39.5571,38.8197],[39.5751,38.8365],[39.5871,38.8582],[39.5957,38.89],[39.5948,38.9165],[39.5786,38.9442],[39.5765,38.9548],[39.5948,38.9542],[39.6157,38.9368],[39.6183,38.9071],[39.6021,38.8506],[39.6307,38.8468],[39.6548,38.8479],[39.7046,38.8582],[39.8005,38.8582],[39.7632,38.8447],[39.618,38.8362],[39.5948,38.8303],[39.5698,38.8114],[39.53,38.8058],[39.4923,38.7626],[39.4879,38.7502],[39.4882,38.7328],[39.5015,38.7016],[39.5315,38.6813],[39.5568,38.674],[39.6021,38.6663],[39.6807,38.6725],[39.7013,38.6681],[39.7308,38.6487],[39.7523,38.6451],[39.8238,38.6634],[39.8356,38.6696],[39.8406,38.6804],[39.8512,38.6905],[39.8606,38.6907]]]},"properties":{"name":"Keban Baraji"}},{"type":"Feature","geometry":{"type":"Polygon","coordinates":[[[46.3378,50.1789],[46.3192,50.1786],[46.3125,50.1895],[46.3036,50.2198],[46.2536,50.2504],[46.2418,50.2404],[46.238,50.2319],[46.2356,50.2057],[46.2277,50.2036],[46.1938,50.2057],[46.2012,50.2198],[46.1944,50.2322],[46.2091,50.249],[46.2147,50.2607],[46.1856,50.2492],[46.1723,50.2478],[46.1665,50.2575],[46.1741,50.2763],[46.1703,50.2843],[46.1491,50.2875],[46.1379,50.2819],[46.1135,50.2616],[46.0849,50.269],[46.0481,50.2584],[46.0066,50.276],[45.9707,50.2754],[45.9065,50.2607],[45.8465,50.2384],[45.8232,50.221],[45.8376,50.2057],[45.7841,50.1857],[45.7585,50.1848],[45.704,50.2077],[45.6908,50.2104],[45.6778,50.2086],[45.656,50.2328],[45.6937,50.3093],[45.7087,50.3255],[45.7287,50.3408],[45.7505,50.352],[45.7823,50.359],[45.8103,50.377],[45.8518,50.3911],[45.8577,50.4226],[45.8294,50.4612],[45.7555,50.5277],[45.7314,50.5551],[45.6969,50.5725],[45.6596,50.6034],[45.6384,50.6375],[45.6487,50.667],[45.644,50.7267],[45.6596,50.7541],[45.6707,50.7626],[45.714,50.7809],[45.7608,50.7921],[45.787,50.8053],[45.8574,50.8088],[45.8771,50.813],[45.9239,50.8294],[45.9474,50.8436],[45.9984,50.853],[46.0316,50.8724],[46.0431,50.8845],[46.0154,50.9254],[45.9787,50.9584],[45.976,50.9693],[45.9813,50.9869],[45.9998,51.0058],[46.0022,51.0181],[45.9996,51.029],[45.9934,51.037],[45.9586,51.0567],[45.8556,51.092],[45.82,51.1114],[45.7947,51.1409],[45.7829,51.1862],[45.7773,51.2766],[45.7858,51.3157],[45.8103,51.3502],[45.9257,51.4082],[45.9474,51.4326],[45.9557,51.4779],[45.9672,51.4944],[46.0128,51.5053],[46.135,51.5653],[46.1562,51.5692],[46.1697,51.5786],[46.1809,51.6448],[46.1879,51.656],[46.1927,51.6575],[46.2141,51.6516],[46.2233,51.656],[46.2492,51.6822],[46.2418,51.7534],[46.2492,51.7685],[46.2577,51.7693],[46.2866,51.7546],[46.321,51.7852],[46.3451,51.7952],[46.3731,51.7952],[46.427,51.7882],[46.4744,51.7976],[46.5147,51.8229],[46.5438,51.8603],[46.5577,51.9056],[46.5747,51.8933],[46.5715,51.8727],[46.5506,51.83],[46.5912,51.8161],[46.5912,51.81],[46.545,51.81],[46.52,51.8067],[46.5091,51.7991],[46.5188,51.7841],[46.5418,51.7799],[46.5691,51.7814],[46.6719,51.7741],[46.6907,51.7649],[46.7069,51.7517],[46.7204,51.7473],[46.7572,51.7467],[46.7767,51.7411],[46.7308,51.7196],[46.7075,51.7152],[46.6469,51.714],[46.5909,51.719],[46.5253,51.7411],[46.487,51.7729],[46.4788,51.7717],[46.4382,51.7455],[46.3931,51.727],[46.3413,51.7222],[46.3151,51.7164],[46.3036,51.7034],[46.2974,51.6802],[46.2662,51.654],[46.2554,51.6375],[46.2777,51.6389],[46.3145,51.6601],[46.3345,51.6654],[46.3454,51.6593],[46.3348,51.6457],[46.3163,51.6316],[46.2551,51.5998],[46.2221,51.5915],[46.2091,51.5795],[46.1871,51.5495],[46.1594,51.5291],[45.9998,51.4803],[45.9848,51.4706],[45.9736,51.4538],[45.981,51.4458],[45.9984,51.4458],[46.0157,51.4532],[46.0293,51.4397],[45.9998,51.4123],[45.9957,51.4017],[45.9945,51.3558],[45.9884,51.3431],[45.9295,51.3122],[45.8924,51.2819],[45.8744,51.2592],[45.8636,51.2342],[45.8583,51.2053],[45.858,51.1721],[45.8647,51.1412],[45.8803,51.1217],[45.9036,51.1088],[46.0031,51.0699],[46.0193,51.059],[46.0408,51.0334],[46.0416,51.0211],[46.0281,50.9746],[46.0308,50.961],[46.0602,50.9354],[46.0696,50.9177],[46.072,50.8939],[46.0699,50.8695],[46.064,50.8498],[46.0393,50.8188],[46.0225,50.7847],[46.009,50.7741],[45.9792,50.7744],[45.9274,50.7809],[45.8792,50.7611],[45.8318,50.762],[45.8011,50.7485],[45.7493,50.7402],[45.7352,50.727],[45.7543,50.7241],[45.7523,50.7108],[45.7276,50.6784],[45.7193,50.6634],[45.7152,50.6475],[45.7184,50.6307],[45.7314,50.6137],[45.8409,50.5239],[45.8877,50.4665],[45.9215,50.4008],[45.9195,50.3393],[45.858,50.2949],[46.0222,50.309],[46.0428,50.3211],[46.0355,50.3429],[46.0525,50.3423],[46.0773,50.3155],[46.0926,50.3128],[46.1355,50.3223],[46.2268,50.3096],[46.2554,50.3155],[46.2545,50.2928],[46.2609,50.2852],[46.2724,50.2819],[46.2866,50.271],[46.2963,50.2722],[46.3228,50.3016],[46.3345,50.3093],[46.3572,50.3114],[46.3657,50.3178],[46.3652,50.3464],[46.3684,50.3555],[46.3931,50.3502],[46.4099,50.3679],[46.4343,50.3746],[46.4437,50.3741],[46.4479,50.3673],[46.4473,50.3611],[46.4284,50.3287],[46.427,50.3187],[46.4402,50.3052],[46.4346,50.2949],[46.4208,50.2875],[46.381,50.2807],[46.3652,50.2746],[46.3516,50.2501],[46.331,50.2328],[46.3869,50.2201],[46.4067,50.2198],[46.359,50.2057],[46.3378,50.1789]]]},"properties":{"name":"Volgograd Reservoir"}},{"type":"Feature","geometry":{"type":"Polygon","coordinates":[[[42.5932,57.4208],[42.5758,57.4155],[42.5879,57.4273],[42.6088,57.4347],[42.6994,57.4491],[42.7456,57.447],[42.7604,57.4491],[42.7763,57.4559],[42.7777,57.4612],[42.7677,57.4865],[42.7707,57.4915],[42.7819,57.4865],[42.7813,57.483],[42.8169,57.4956],[42.824,57.5047],[42.8292,57.5242],[42.8343,57.5142],[42.8434,57.5056],[42.8702,57.4974],[42.8593,57.4835],[42.8287,57.4721],[42.8189,57.435],[42.8222,57.4155],[42.8534,57.3943],[42.9732,57.3876],[43.0012,57.3908],[43.043,57.4049],[43.1422,57.4194],[43.1581,57.4285],[43.1601,57.437],[43.1581,57.4576],[43.1728,57.4794],[43.179,57.4974],[43.1804,57.5171],[43.1654,57.5663],[43.1675,57.5889],[43.1757,57.6051],[43.2069,57.634],[43.1925,57.5957],[43.186,57.5554],[43.204,57.5392],[43.2069,57.5277],[43.2084,57.4938],[43.1925,57.4453],[43.1931,57.4247],[43.2131,57.4155],[43.2396,57.4176],[43.2634,57.4244],[43.2826,57.437],[43.2952,57.4565],[43.3032,57.4997],[43.3123,57.5171],[43.3509,57.528],[43.4186,57.5589],[43.4359,57.573],[43.4612,57.6081],[43.4768,57.624],[43.4863,57.6284],[43.539,57.6363],[43.5763,57.6552],[43.5837,57.6552],[43.6067,57.6814],[43.6358,57.7064],[43.6697,57.7243],[43.7067,57.7296],[43.6491,57.6858],[43.6385,57.6681],[43.5796,57.6372],[43.5725,57.6301],[43.5802,57.6172],[43.6099,57.6081],[43.6111,57.5998],[43.6034,57.5963],[43.5893,57.5969],[43.556,57.6081],[43.5142,57.6072],[43.5063,57.6039],[43.5148,57.5792],[43.4957,57.5583],[43.4824,57.5504],[43.3997,57.5236],[43.3691,57.5065],[43.3506,57.483],[43.3635,57.4788],[43.3709,57.4694],[43.35,57.4556],[43.3361,57.4388],[43.3409,57.4261],[43.3635,57.4144],[43.3709,57.4011],[43.3235,57.4023],[43.2846,57.3808],[43.2673,57.3758],[43.2626,57.3634],[43.2614,57.3475],[43.2543,57.3322],[43.2205,57.3102],[43.2057,57.296],[43.1972,57.2628],[43.1872,57.2492],[43.1931,57.2422],[43.1928,57.2366],[43.1539,57.1801],[43.1427,57.1497],[43.1413,57.1185],[43.1589,57.0611],[43.1689,57.0585],[43.1766,57.062],[43.1795,57.0705],[43.179,57.0897],[43.1872,57.105],[43.2063,57.1203],[43.2287,57.1312],[43.247,57.1335],[43.2322,57.1232],[43.2166,57.1059],[43.2046,57.0864],[43.1946,57.0508],[43.2131,57.0449],[43.2216,57.0467],[43.2355,57.0561],[43.247,57.0517],[43.2319,57.0458],[43.2234,57.0388],[43.2225,57.0305],[43.2461,56.9931],[43.2717,56.9864],[43.2991,56.9716],[43.3155,56.9693],[43.3273,56.9719],[43.3635,56.9896],[43.3615,56.9716],[43.3638,56.9607],[43.3729,56.954],[43.39,56.9487],[43.39,56.9419],[43.3744,56.9363],[43.3329,56.9351],[43.3176,56.9307],[43.3061,56.9213],[43.3008,56.9122],[43.3055,56.9078],[43.3208,56.9036],[43.3338,56.8822],[43.3429,56.873],[43.3729,56.8716],[43.3844,56.8668],[43.3691,56.8512],[43.365,56.8409],[43.3635,56.8289],[43.3662,56.8162],[43.3735,56.8106],[43.3983,56.8053],[43.3682,56.7797],[43.3759,56.7391],[43.4033,56.6991],[43.4324,56.6749],[43.4194,56.6682],[43.3776,56.6749],[43.3294,56.6614],[43.1999,56.6749],[43.1684,56.6746],[43.1539,56.6717],[43.1413,56.6643],[43.1283,56.6378],[43.0783,56.6105],[43.0541,56.6025],[43.0589,56.6166],[43.0883,56.6387],[43.1145,56.669],[43.1239,56.6749],[43.247,56.692],[43.2355,56.707],[43.2096,56.7182],[43.1581,56.7297],[43.1048,56.722],[43.0821,56.7217],[43.0692,56.7364],[43.1189,56.7382],[43.2131,56.73],[43.2393,56.7311],[43.247,56.7438],[43.2399,56.75],[43.219,56.75],[43.2131,56.757],[43.2255,56.7665],[43.2631,56.7765],[43.2587,56.7885],[43.2331,56.8121],[43.2255,56.8268],[43.219,56.8474],[43.2131,56.8907],[43.2034,56.9078],[43.1804,56.9042],[43.1374,56.8872],[43.1324,56.8913],[43.1277,56.9048],[43.121,56.9078],[43.0686,56.9066],[43.0594,56.9092],[43.0462,56.9343],[43.025,56.954],[43.0488,56.9555],[43.0765,56.951],[43.1124,56.9328],[43.1586,56.9351],[43.1837,56.9422],[43.1919,56.9593],[43.1869,56.9799],[43.1722,56.9973],[43.1478,57.0067],[43.0868,57.0167],[43.0659,57.0276],[43.0624,57.0652],[43.0541,57.0747],[43.0215,57.0926],[43.0344,57.1073],[43.0388,57.1188],[43.0359,57.1291],[43.0235,57.1453],[43.0029,57.16],[42.9935,57.1748],[42.9758,57.1833],[42.9597,57.1859],[42.9252,57.1815],[42.9064,57.1724],[42.9025,57.1742],[42.9049,57.1883],[42.9282,57.2145],[42.937,57.2319],[42.9611,57.2419],[42.9891,57.2586],[43.0624,57.2778],[43.0877,57.2872],[43.1021,57.2984],[43.1086,57.3155],[43.1101,57.3431],[43.0974,57.3629],[43.0671,57.3714],[42.97,57.3746],[42.9579,57.3696],[42.9482,57.3475],[42.9364,57.347],[42.9234,57.3511],[42.8952,57.3711],[42.8702,57.374],[42.8596,57.3687],[42.854,57.3528],[42.8434,57.3467],[42.8304,57.3475],[42.8063,57.357],[42.7916,57.3496],[42.7639,57.3155],[42.7239,57.2831],[42.6997,57.2698],[42.6782,57.2645],[42.7091,57.3019],[42.7333,57.3119],[42.7392,57.3169],[42.7471,57.3322],[42.8054,57.3732],[42.8154,57.384],[42.8033,57.4079],[42.7748,57.4211],[42.7406,57.4273],[42.698,57.4267],[42.6517,57.4155],[42.5932,57.4208]]]},"properties":{"name":"Gorky Reservoir"}},{"type":"Feature","geometry":{"type":"Polygon","coordinates":[[[70.3582,40.4281],[70.3847,40.3998],[70.3708,40.3651],[70.3402,40.341],[70.3361,40.3277],[70.3255,40.315],[70.3014,40.3042],[70.1833,40.2656],[70.1613,40.2621],[70.12,40.2765],[70.0812,40.2653],[69.9119,40.232],[69.8698,40.2356],[69.8501,40.2418],[69.831,40.2512],[69.8221,40.2653],[69.8324,40.2862],[69.851,40.2968],[69.9252,40.3036],[70.1368,40.3651],[70.1827,40.3889],[70.1957,40.3925],[70.2057,40.4063],[70.2172,40.4092],[70.2663,40.401],[70.2793,40.4019],[70.3028,40.4148],[70.3176,40.4142],[70.3429,40.4063],[70.2884,40.3722],[70.342,40.3828],[70.3467,40.3913],[70.3549,40.4354],[70.3582,40.4281]]]},"properties":{"name":"Obanbori Qayroqum"}},{"type":"Feature","geometry":{"type":"Polygon","coordinates":[[[-2.5869,40.7257],[-2.5769,40.7242],[-2.5995,40.7033],[-2.631,40.6854],[-2.6577,40.6603],[-2.6588,40.6394],[-2.6934,40.6009],[-2.6953,40.5817],[-2.673,40.5638],[-2.6906,40.5482],[-2.7092,40.5099],[-2.7239,40.5023],[-2.7376,40.512],[-2.7324,40.5329],[-2.714,40.5638],[-2.7271,40.5838],[-2.7151,40.6115],[-2.6927,40.6362],[-2.6762,40.6468],[-2.6549,40.6768],[-2.602,40.7189],[-2.5869,40.7257]]]},"properties":{"name":"Embalse de Entrepeas"}},{"type":"Feature","geometry":{"type":"Polygon","coordinates":[[[76.7789,31.2398],[76.7844,31.2168],[76.7624,31.2342],[76.7262,31.2934],[76.7053,31.3063],[76.6955,31.2654],[76.6847,31.2595],[76.6479,31.2578],[76.6214,31.2675],[76.6064,31.2766],[76.5445,31.3384],[76.5381,31.3505],[76.4936,31.3882],[76.4818,31.394],[76.4556,31.4185],[76.435,31.4223],[76.4427,31.4291],[76.4071,31.498],[76.385,31.523],[76.3591,31.5389],[76.3709,31.5506],[76.3703,31.5674],[76.3526,31.6004],[76.3723,31.5924],[76.4038,31.5283],[76.4289,31.5003],[76.4445,31.4882],[76.4624,31.4844],[76.4589,31.4673],[76.4665,31.4579],[76.4774,31.4506],[76.4827,31.44],[76.4889,31.4376],[76.5163,31.4111],[76.5534,31.3664],[76.5619,31.3614],[76.5996,31.3216],[76.6111,31.2987],[76.6364,31.2822],[76.6479,31.2784],[76.6658,31.279],[76.6785,31.2863],[76.6814,31.2948],[76.6717,31.2987],[76.6119,31.3514],[76.579,31.3882],[76.5863,31.3949],[76.5969,31.3796],[76.617,31.3646],[76.6402,31.3567],[76.6605,31.3614],[76.6599,31.3487],[76.6746,31.3205],[76.6979,31.3208],[76.7206,31.3131],[76.7359,31.3157],[76.7365,31.3472],[76.7424,31.3649],[76.7182,31.372],[76.715,31.3776],[76.7191,31.3846],[76.7391,31.4017],[76.7506,31.407],[76.7647,31.4088],[76.7506,31.3949],[76.7435,31.3814],[76.7603,31.3887],[76.7777,31.3814],[76.7612,31.3611],[76.7512,31.3137],[76.7365,31.2987],[76.7789,31.2398]]]},"properties":{"name":"Gobind Sagar Reservoir"}},{"type":"Feature","geometry":{"type":"Polygon","coordinates":[[[79.3207,16.5799],[79.313,16.5799],[79.3189,16.5602],[79.3054,16.5487],[79.2689,16.5351],[79.2651,16.5266],[79.2674,16.5057],[79.2653,16.4972],[79.2562,16.491],[79.2244,16.4904],[79.2244,16.4836],[79.245,16.4774],[79.2403,16.4663],[79.2274,16.4504],[79.2244,16.4395],[79.2247,16.4156],[79.2171,16.3947],[79.2347,16.3641],[79.2586,16.3403],[79.2324,16.3152],[79.2268,16.2708],[79.2135,16.2281],[79.1659,16.2093],[79.1532,16.2107],[79.1214,16.2228],[79.0834,16.2228],[79.039,16.244],[79.0172,16.2402],[78.9972,16.2302],[79.0054,16.2481],[79.0143,16.2534],[79.0513,16.2487],[79.0728,16.2367],[79.1037,16.244],[79.1358,16.2381],[79.1632,16.2284],[79.1876,16.2263],[79.2106,16.244],[79.2209,16.267],[79.2259,16.2973],[79.2238,16.3273],[79.2138,16.3497],[79.2018,16.3588],[79.1555,16.3812],[79.1214,16.4127],[79.107,16.4221],[79.152,16.4047],[79.1709,16.3921],[79.1897,16.3738],[79.1944,16.3838],[79.1965,16.4153],[79.2106,16.4562],[79.2085,16.4701],[79.1968,16.4716],[79.1897,16.4774],[79.1835,16.4925],[79.192,16.501],[79.1991,16.521],[79.1947,16.5187],[79.142,16.5184],[79.1238,16.5222],[79.1079,16.5307],[79.1023,16.5431],[79.1146,16.5593],[79.1049,16.5678],[79.0561,16.594],[79.0319,16.6208],[79.0566,16.6167],[79.1043,16.5937],[79.1276,16.6002],[79.1438,16.5808],[79.1691,16.5728],[79.1641,16.6023],[79.1653,16.617],[79.1729,16.6173],[79.1815,16.6037],[79.185,16.5758],[79.1897,16.5655],[79.2003,16.5613],[79.2206,16.5902],[79.2653,16.6064],[79.2589,16.6173],[79.2356,16.6252],[79.2244,16.6343],[79.2403,16.6361],[79.2512,16.6417],[79.2374,16.6549],[79.245,16.6623],[79.2595,16.6567],[79.2751,16.6573],[79.2877,16.6541],[79.2963,16.6232],[79.3207,16.5799]]]},"properties":{"name":"Nagarjuna Sagar Dam"}},{"type":"Feature","geometry":{"type":"Polygon","coordinates":[[[78.0046,43.7788],[77.9972,43.7709],[78.0013,43.7712],[78.0058,43.7662],[78.0078,43.7544],[77.9905,43.7435],[77.8942,43.7406],[77.886,43.7615],[77.8659,43.7682],[77.8191,43.7647],[77.742,43.7768],[77.727,43.7747],[77.7073,43.7668],[77.6808,43.7706],[77.6349,43.7844],[77.508,43.7794],[77.3611,43.8047],[77.3429,43.8156],[77.3225,43.8227],[77.2934,43.8206],[77.2501,43.8118],[77.1924,43.8256],[77.1777,43.8224],[77.1553,43.8089],[77.1415,43.8056],[77.15,43.8274],[77.1389,43.8436],[77.1221,43.8574],[77.1135,43.8707],[77.1377,43.9081],[77.1892,43.9013],[77.2354,43.9051],[77.2584,43.9101],[77.3117,43.9398],[77.3349,43.9478],[77.3532,43.9496],[77.3873,43.9292],[77.4282,43.9292],[77.4494,43.9187],[77.6699,43.8742],[77.8968,43.8565],[77.9563,43.8671],[78.0116,43.8863],[78.0378,43.891],[78.0661,43.8875],[78.1047,43.8757],[78.1624,43.8766],[78.1759,43.8671],[78.14,43.8539],[78.1073,43.8324],[78.0935,43.8404],[78.082,43.8377],[78.0537,43.8139],[78.0378,43.8089],[78.032,43.7912],[78.0046,43.7788]]]},"properties":{"name":"Kapchagay Reservoir"}},{"type":"Feature","geometry":{"type":"Polygon","coordinates":[[[-5.3184,7.4378],[-5.3022,7.436],[-5.3109,7.4104],[-5.3411,7.3875],[-5.3615,7.3792],[-5.371,7.3577],[-5.3792,7.3489],[-5.4273,7.346],[-5.4465,7.3015],[-5.4499,7.2892],[-5.4406,7.28],[-5.4254,7.2791],[-5.3951,7.2909],[-5.3674,7.2986],[-5.3595,7.298],[-5.3758,7.278],[-5.3929,7.2739],[-5.3866,7.2532],[-5.4003,7.2532],[-5.3929,7.2391],[-5.4073,7.2326],[-5.4214,7.2332],[-5.4332,7.2403],[-5.4406,7.2532],[-5.4465,7.2409],[-5.4665,7.2379],[-5.4749,7.2329],[-5.4759,7.2223],[-5.4674,7.2003],[-5.4791,7.1773],[-5.4716,7.1679],[-5.4685,7.154],[-5.4631,7.1535],[-5.451,7.1602],[-5.4391,7.1608],[-5.4338,7.1434],[-5.4276,7.1434],[-5.4262,7.1549],[-5.4204,7.1632],[-5.4003,7.1708],[-5.4072,7.157],[-5.4008,7.147],[-5.3998,7.137],[-5.4042,7.1284],[-5.4139,7.1228],[-5.4139,7.1161],[-5.3966,7.1102],[-5.3792,7.1161],[-5.3892,7.0916],[-5.4048,7.0916],[-5.4213,7.1008],[-5.4338,7.1025],[-5.4401,7.0872],[-5.4309,7.0719],[-5.4128,7.0631],[-5.3929,7.0678],[-5.3891,7.0593],[-5.3929,7.0546],[-5.3866,7.0472],[-5.3792,7.0546],[-5.3833,7.0401],[-5.3794,7.0298],[-5.3685,7.0266],[-5.352,7.0337],[-5.3561,7.0236],[-5.3593,6.9927],[-5.3479,6.9907],[-5.3473,6.9795],[-5.3593,6.9789],[-5.3593,6.9592],[-5.3691,6.9586],[-5.3729,6.9609],[-5.3724,6.9654],[-5.3844,6.9577],[-5.388,6.9515],[-5.3866,6.938],[-5.4011,6.9406],[-5.4139,6.938],[-5.4139,6.9721],[-5.4338,6.9592],[-5.4276,6.9721],[-5.4338,6.9789],[-5.4457,6.9777],[-5.4481,6.9927],[-5.455,6.9927],[-5.4612,6.9721],[-5.4858,7.013],[-5.4944,7.0169],[-5.5017,7.026],[-5.5096,7.0472],[-5.524,7.0431],[-5.5392,7.0448],[-5.548,7.0513],[-5.5436,7.0607],[-5.5529,7.0649],[-5.5748,7.0607],[-5.5833,7.0646],[-5.5847,7.0881],[-5.5989,7.0919],[-5.625,7.0866],[-5.646,7.0931],[-5.6621,7.0704],[-5.6775,7.0784],[-5.6831,7.0972],[-5.6884,7.1025],[-5.6976,7.1052],[-5.7045,7.1025],[-5.7089,7.0958],[-5.7199,7.1058],[-5.7196,7.1158],[-5.6955,7.1561],[-5.6905,7.1699],[-5.692,7.1764],[-5.722,7.1555],[-5.731,7.1567],[-5.7398,7.2076],[-5.7614,7.2073],[-5.7703,7.2191],[-5.7569,7.2209],[-5.7218,7.2391],[-5.7361,7.2456],[-5.7613,7.2438],[-5.7703,7.2465],[-5.7751,7.255],[-5.7769,7.2671],[-5.7765,7.2942],[-5.7985,7.2659],[-5.8116,7.2541],[-5.8175,7.2635],[-5.8234,7.3003],[-5.8391,7.3283],[-5.8031,7.3207],[-5.7976,7.3248],[-5.7947,7.3371],[-5.7882,7.3392],[-5.7625,7.3301],[-5.7582,7.3315],[-5.7567,7.3457],[-5.784,7.3763],[-5.7616,7.3884],[-5.7651,7.4169],[-5.7491,7.4307],[-5.7606,7.4355],[-5.7707,7.4331],[-5.784,7.4178],[-5.7869,7.4278],[-5.7907,7.4307],[-5.7628,7.4793],[-5.7765,7.4996],[-5.7712,7.5014],[-5.7703,7.5073],[-5.7538,7.4996],[-5.7454,7.5079],[-5.7433,7.5208],[-5.7458,7.5276],[-5.7579,7.5338],[-5.767,7.5479],[-5.7707,7.5617],[-5.7664,7.5679],[-5.7324,7.5479],[-5.7218,7.5476],[-5.7164,7.5567],[-5.721,7.5773],[-5.7089,7.5818],[-5.7143,7.5929],[-5.7026,7.6124],[-5.7099,7.6138],[-5.7218,7.6088],[-5.7391,7.6265],[-5.7427,7.6383],[-5.7423,7.6574],[-5.7355,7.6574],[-5.728,7.6424],[-5.7211,7.6383],[-5.7123,7.6368],[-5.7026,7.6403],[-5.7024,7.648],[-5.7196,7.6771],[-5.721,7.6865],[-5.7089,7.6916],[-5.7089,7.6989],[-5.7145,7.7051],[-5.7089,7.7136],[-5.7089,7.7195],[-5.7199,7.7354],[-5.7218,7.7295],[-5.7266,7.7266],[-5.7367,7.7295],[-5.7461,7.7387],[-5.7491,7.7543],[-5.7394,7.7481],[-5.7291,7.746],[-5.7186,7.7481],[-5.7089,7.7543],[-5.7332,7.7675],[-5.7519,7.7896],[-5.7541,7.8058],[-5.7294,7.8014],[-5.7034,7.7699],[-5.6884,7.7672],[-5.6795,7.7743],[-5.6843,7.786],[-5.702,7.8075],[-5.6809,7.8149],[-5.702,7.822],[-5.6945,7.8384],[-5.6996,7.8464],[-5.7255,7.8593],[-5.7333,7.8702],[-5.7349,7.8823],[-5.7294,7.9111],[-5.702,7.9038],[-5.7127,7.8829],[-5.7132,7.8758],[-5.6884,7.89],[-5.6809,7.89],[-5.6703,7.8532],[-5.6605,7.8423],[-5.6399,7.8629],[-5.6483,7.8852],[-5.6434,7.9061],[-5.6256,7.9385],[-5.6144,7.9409],[-5.6126,7.9485],[-5.6212,7.9594],[-5.6194,7.9659],[-5.5881,7.9892],[-5.5773,8.0286],[-5.5449,8.0572],[-5.5374,8.0719],[-5.5386,8.0963],[-5.5357,8.1057],[-5.5265,8.1093],[-5.4997,8.1078],[-5.4861,8.1037],[-5.4749,8.0954],[-5.4833,8.0892],[-5.4822,8.0825],[-5.5018,8.0836],[-5.5128,8.0736],[-5.5233,8.0516],[-5.5385,8.0365],[-5.5443,8.0242],[-5.5374,8.0068],[-5.5489,7.9995],[-5.5524,7.993],[-5.5505,7.9691],[-5.5533,7.9562],[-5.5785,7.9385],[-5.5649,7.932],[-5.5535,7.9332],[-5.5442,7.9403],[-5.5374,7.9521],[-5.524,7.9397],[-5.5158,7.925],[-5.5374,7.9173],[-5.5301,7.8976],[-5.5594,7.9073],[-5.5729,7.9085],[-5.5785,7.9006],[-5.577,7.8711],[-5.5808,7.8602],[-5.5922,7.8558],[-5.5847,7.8355],[-5.61,7.8264],[-5.6201,7.8178],[-5.6256,7.8075],[-5.6113,7.804],[-5.5989,7.7952],[-5.6179,7.786],[-5.629,7.7731],[-5.6266,7.7625],[-5.6057,7.7604],[-5.6194,7.7398],[-5.6054,7.7407],[-5.5785,7.7604],[-5.5844,7.7757],[-5.582,7.7884],[-5.5726,7.7943],[-5.558,7.7884],[-5.4959,7.8287],[-5.5058,7.8078],[-5.537,7.7766],[-5.5517,7.7289],[-5.581,7.6798],[-5.5785,7.6574],[-5.5931,7.6583],[-5.6062,7.6551],[-5.6157,7.6468],[-5.6194,7.6336],[-5.6126,7.6088],[-5.6256,7.5891],[-5.6181,7.5556],[-5.6023,7.5535],[-5.558,7.5753],[-5.561,7.5609],[-5.5751,7.5408],[-5.5785,7.5311],[-5.5711,7.512],[-5.572,7.5014],[-5.5847,7.4934],[-5.5898,7.507],[-5.5989,7.4996],[-5.6057,7.4996],[-5.6256,7.5202],[-5.6331,7.5202],[-5.6377,7.5023],[-5.6475,7.502],[-5.6703,7.5135],[-5.6862,7.5055],[-5.6931,7.4876],[-5.6914,7.4672],[-5.6809,7.4525],[-5.6939,7.4405],[-5.702,7.4246],[-5.6792,7.4175],[-5.6555,7.3925],[-5.6474,7.3898],[-5.6194,7.4104],[-5.6271,7.3742],[-5.6349,7.3633],[-5.6536,7.3692],[-5.6589,7.3583],[-5.6612,7.3471],[-5.6581,7.3389],[-5.6474,7.3351],[-5.6605,7.3209],[-5.6518,7.3106],[-5.6396,7.3068],[-5.6256,7.3083],[-5.6126,7.3148],[-5.6126,7.2532],[-5.6251,7.2362],[-5.6225,7.2294],[-5.6138,7.2235],[-5.5847,7.2191],[-5.5688,7.1982],[-5.5614,7.2017],[-5.558,7.2329],[-5.5542,7.2341],[-5.5505,7.2426],[-5.5527,7.2488],[-5.5922,7.2739],[-5.5797,7.2909],[-5.5785,7.3148],[-5.5689,7.3003],[-5.552,7.2945],[-5.5326,7.295],[-5.5158,7.3012],[-5.5317,7.3351],[-5.5566,7.3686],[-5.558,7.3972],[-5.5373,7.368],[-5.5134,7.356],[-5.5086,7.3577],[-5.5096,7.3763],[-5.5136,7.3763],[-5.5245,7.3869],[-5.5027,7.4043],[-5.5078,7.414],[-5.5149,7.4181],[-5.5374,7.4246],[-5.5474,7.4207],[-5.5464,7.449],[-5.5505,7.4655],[-5.5399,7.4758],[-5.5268,7.4973],[-5.5158,7.5073],[-5.5155,7.4799],[-5.5096,7.4587],[-5.5027,7.4587],[-5.4974,7.4752],[-5.4959,7.4934],[-5.4892,7.4934],[-5.4806,7.4731],[-5.4768,7.4534],[-5.4708,7.4487],[-5.4363,7.5017],[-5.4338,7.5102],[-5.437,7.5235],[-5.4516,7.5494],[-5.455,7.5644],[-5.4506,7.575],[-5.4403,7.5762],[-5.4288,7.5723],[-5.4061,7.555],[-5.4003,7.5311],[-5.405,7.4826],[-5.3995,7.4628],[-5.3792,7.4587],[-5.3792,7.4525],[-5.4038,7.4408],[-5.4231,7.4193],[-5.4325,7.3937],[-5.4276,7.3692],[-5.3929,7.3972],[-5.3724,7.4057],[-5.3667,7.4128],[-5.3663,7.4307],[-5.3449,7.4307],[-5.3184,7.4378]]]},"properties":{"name":"Lac de Kossou"}},{"type":"Feature","geometry":{"type":"Polygon","coordinates":[[[-5.0592,39.3036],[-5.0235,39.3601],[-5.0026,39.3572],[-5.0291,39.3101],[-5.0455,39.3001],[-5.0554,39.286],[-5.0641,39.2809],[-5.065,39.273],[-5.0873,39.2871],[-5.0592,39.3036]]]},"properties":{"name":"Embalse de García de Sola"}},{"type":"Feature","geometry":{"type":"Polygon","coordinates":[[[-5.065,39.273],[-5.067,39.2618],[-5.085,39.2621],[-5.1107,39.253],[-5.1361,39.2374],[-5.1636,39.2156],[-5.1698,39.1773],[-5.1739,39.17],[-5.1807,39.1658],[-5.1807,39.1591],[-5.1926,39.1729],[-5.1927,39.1888],[-5.1807,39.2212],[-5.1686,39.2692],[-5.1602,39.2827],[-5.118,39.2689],[-5.0873,39.2871],[-5.065,39.273]]]},"properties":{"name":"Embalse de Orellana"}},{"type":"Feature","geometry":{"type":"Polygon","coordinates":[[[-5.0503,39.4125],[-5.0503,39.4199],[-5.0435,39.4199],[-5.0339,39.4122],[-5.0164,39.4055],[-4.9881,39.3993],[-4.9565,39.4249],[-4.8448,39.3925],[-4.8448,39.3852],[-4.8729,39.3884],[-4.9187,39.4028],[-4.9441,39.4061],[-4.9596,39.4019],[-4.9446,39.3919],[-4.8719,39.3619],[-4.8669,39.3542],[-4.862,39.3301],[-4.8343,39.291],[-4.785,39.2665],[-4.7697,39.2486],[-4.8128,39.2583],[-4.8326,39.2668],[-4.8483,39.2789],[-4.8798,39.333],[-4.8926,39.3442],[-4.9268,39.351],[-4.9449,39.369],[-4.9881,39.3819],[-4.9905,39.3854],[-5.0114,39.3754],[-5.0026,39.3572],[-5.0235,39.3601],[-5.0503,39.4125]]]},"properties":{"name":"Embalse de Cala"}},{"type":"Feature","geometry":{"type":"Polygon","coordinates":[[[-6.9348,6.5129],[-6.9351,6.505],[-6.928,6.4908],[-6.9284,6.485],[-6.9736,6.4732],[-6.9863,6.4682],[-6.9973,6.4582],[-6.9782,6.4408],[-6.9803,6.4278],[-6.991,6.4155],[-6.9973,6.4005],[-6.9969,6.3675],[-6.9985,6.3525],[-7.0035,6.3416],[-7.0346,6.3354],[-7.0379,6.331],[-7.0381,6.3116],[-7.0287,6.2989],[-7.0328,6.2804],[-7.0446,6.2527],[-7.0569,6.2618],[-7.0719,6.263],[-7.1095,6.2589],[-7.1232,6.2462],[-7.1397,6.2542],[-7.1455,6.2506],[-7.1476,6.2315],[-7.1711,6.2527],[-7.182,6.2506],[-7.194,6.2418],[-7.2172,6.2371],[-7.2135,6.2854],[-7.2084,6.2942],[-7.2021,6.2868],[-7.1979,6.301],[-7.2053,6.3045],[-7.23,6.3075],[-7.2436,6.3298],[-7.2508,6.3357],[-7.2637,6.3278],[-7.2718,6.3322],[-7.2836,6.3454],[-7.2739,6.3628],[-7.2802,6.3654],[-7.2951,6.3625],[-7.3095,6.3672],[-7.3241,6.3787],[-7.3356,6.394],[-7.34,6.4105],[-7.3597,6.4072],[-7.3669,6.4193],[-7.3707,6.4352],[-7.3803,6.4446],[-7.4218,6.434],[-7.4411,6.4349],[-7.4492,6.4549],[-7.4512,6.4691],[-7.4729,6.4688],[-7.4771,6.4782],[-7.4629,6.5097],[-7.4649,6.5332],[-7.4711,6.5488],[-7.4817,6.5591],[-7.497,6.5674],[-7.497,6.575],[-7.4589,6.5668],[-7.4389,6.5338],[-7.4255,6.4956],[-7.4077,6.472],[-7.3946,6.4682],[-7.3666,6.4767],[-7.3495,6.4958],[-7.34,6.4997],[-7.3348,6.4917],[-7.3305,6.4658],[-7.3152,6.4655],[-7.3107,6.4623],[-7.3182,6.4446],[-7.307,6.4311],[-7.2636,6.412],[-7.2537,6.4105],[-7.2272,6.4181],[-7.2227,6.4137],[-7.2244,6.379],[-7.2172,6.3543],[-7.2021,6.349],[-7.1884,6.3613],[-7.1817,6.3625],[-7.1711,6.349],[-7.172,6.3398],[-7.1669,6.3225],[-7.1526,6.3113],[-7.1264,6.321],[-7.1207,6.3295],[-7.1061,6.369],[-7.1129,6.4005],[-7.1014,6.4125],[-7.0971,6.4382],[-7.0905,6.4526],[-7.079,6.462],[-7.0616,6.4655],[-7.0596,6.4588],[-7.0615,6.4267],[-7.0519,6.4173],[-7.0572,6.4025],[-7.0583,6.3858],[-7.0527,6.376],[-7.0384,6.3825],[-7.03,6.3972],[-7.0384,6.4446],[-7.024,6.4688],[-7.0265,6.4779],[-7.0388,6.4761],[-7.0477,6.4785],[-7.0618,6.4894],[-7.055,6.4923],[-7.0396,6.492],[-7.0309,6.485],[-7.0119,6.4991],[-7.0179,6.5138],[-7.0356,6.5244],[-7.0519,6.527],[-7.0796,6.5129],[-7.088,6.5135],[-7.0793,6.5332],[-7.0513,6.5494],[-7.0465,6.5577],[-7.0718,6.5612],[-7.0996,6.55],[-7.1129,6.5544],[-7.1192,6.56],[-7.1264,6.5783],[-7.1264,6.5886],[-7.1095,6.5794],[-7.0892,6.5744],[-7.0722,6.5771],[-7.0624,6.6033],[-7.0384,6.6092],[-7.0172,6.6092],[-7.0169,6.6192],[-7.0196,6.6236],[-7.024,6.6227],[-7.0176,6.6368],[-7.0134,6.6416],[-7.0004,6.643],[-6.9954,6.6469],[-7.0138,6.6675],[-7.0107,6.6704],[-7.0101,6.6954],[-7.0172,6.7319],[-6.9973,6.7252],[-7.015,6.7696],[-7.021,6.7946],[-7.0416,6.8052],[-7.0519,6.8143],[-7.0477,6.8255],[-7.0722,6.8541],[-7.0793,6.8726],[-7.0752,6.8882],[-7.0591,6.9071],[-7.0583,6.9241],[-7.0784,6.9527],[-7.0871,6.9715],[-7.0824,6.9892],[-7.0624,7.026],[-7.0505,7.0422],[-7.0384,7.041],[-7.0393,7.0189],[-7.0502,6.9789],[-7.0519,6.9592],[-7.0494,6.948],[-7.0384,6.9312],[-7.0446,6.8903],[-7.0418,6.8644],[-7.0324,6.8553],[-7.0188,6.8511],[-7.0035,6.8417],[-6.9926,6.8058],[-6.9839,6.7964],[-6.9626,6.8082],[-6.9551,6.794],[-6.9657,6.777],[-6.9551,6.7216],[-6.9641,6.6966],[-6.9589,6.6878],[-6.927,6.6769],[-6.9209,6.6636],[-6.951,6.643],[-6.9682,6.6045],[-6.9669,6.573],[-6.9421,6.575],[-6.9473,6.5556],[-6.942,6.5491],[-6.9084,6.5362],[-6.9074,6.527],[-6.9348,6.5129]]]},"properties":{"name":"Lac de Buyo"}},{"type":"Feature","geometry":{"type":"Polygon","coordinates":[[[44.022,49.1845],[44.0247,49.1601],[43.9846,49.1469],[43.9737,49.1265],[43.9681,49.1053],[43.9608,49.0983],[43.9493,49.0956],[43.944,49.0906],[43.9637,49.0562],[43.9714,49.0532],[43.9726,49.0406],[43.9599,49.0276],[43.9467,48.9941],[43.9075,48.9523],[43.8922,48.9408],[43.8707,48.9314],[43.821,48.9175],[43.7936,48.9152],[43.743,48.9264],[43.7091,48.9276],[43.6755,48.9246],[43.652,48.9175],[43.6417,48.9022],[43.6211,48.8419],[43.5887,48.8236],[43.5837,48.818],[43.5805,48.806],[43.5722,48.7998],[43.5107,48.7815],[43.478,48.7533],[43.473,48.743],[43.4727,48.7259],[43.4839,48.7044],[43.5522,48.6538],[43.5746,48.6423],[43.6058,48.6423],[43.6658,48.65],[43.6976,48.6579],[43.76,48.6835],[43.7889,48.6779],[43.7235,48.6509],[43.702,48.627],[43.6246,48.6158],[43.597,48.5923],[43.5869,48.5887],[43.5416,48.5884],[43.5348,48.5852],[43.5298,48.5708],[43.4945,48.5199],[43.5231,48.5125],[43.6176,48.5193],[43.6143,48.5116],[43.5763,48.5007],[43.4877,48.4969],[43.4665,48.4925],[43.428,48.4778],[43.3941,48.4548],[43.3618,48.4374],[43.3538,48.4268],[43.3709,48.4174],[43.3591,48.3965],[43.3167,48.3674],[43.302,48.3485],[43.3032,48.3321],[43.3506,48.287],[43.3288,48.2882],[43.2955,48.3091],[43.2779,48.3144],[43.257,48.3112],[43.2205,48.297],[43.1822,48.2903],[43.1687,48.2811],[43.1595,48.2682],[43.1392,48.2305],[43.1374,48.222],[43.1404,48.2117],[43.1516,48.1955],[43.1519,48.1846],[43.1239,48.171],[43.1112,48.1401],[43.0948,48.1189],[43.0868,48.1019],[43.0889,48.0877],[43.118,48.0792],[43.1277,48.0577],[43.1372,48.0515],[43.2278,48.023],[43.247,48.02],[43.2246,48.0035],[43.1843,48.0038],[43.1101,48.0127],[43.0862,48.0],[43.0642,47.9753],[43.0483,47.9441],[43.0421,47.9138],[43.0474,47.9055],[43.0709,47.8861],[43.0803,47.8552],[43.0992,47.8349],[43.1033,47.8246],[43.0809,47.7772],[43.0886,47.7525],[43.0883,47.7186],[43.0971,47.7042],[43.088,47.6939],[43.0762,47.6859],[43.063,47.6821],[43.0488,47.6836],[43.0368,47.698],[43.0335,47.7068],[43.0433,47.7165],[43.0415,47.7289],[43.0353,47.7495],[43.0271,47.7636],[43.0488,47.7798],[43.0462,47.801],[43.035,47.8234],[43.0179,47.8411],[42.9973,47.8481],[42.9323,47.7875],[42.9096,47.7757],[42.8887,47.7719],[42.8363,47.7731],[42.7259,47.7595],[42.6809,47.7469],[42.6515,47.7239],[42.6253,47.6962],[42.5902,47.6706],[42.5219,47.6344],[42.519,47.6306],[42.5349,47.6091],[42.521,47.6097],[42.5007,47.6223],[42.4592,47.6397],[42.438,47.6418],[42.413,47.635],[42.3904,47.6229],[42.3765,47.6091],[42.3851,47.6035],[42.3892,47.5947],[42.3909,47.5711],[42.3848,47.5649],[42.3712,47.5717],[42.3533,47.5882],[42.2652,47.5888],[42.2399,47.5811],[42.2252,47.5676],[42.2161,47.5517],[42.2025,47.5387],[42.1749,47.5334],[42.1375,47.5926],[42.1098,47.6017],[42.1151,47.6147],[42.1166,47.6671],[42.1242,47.6792],[42.1643,47.7003],[42.1955,47.7077],[42.2164,47.7168],[42.2346,47.7301],[42.2399,47.7463],[42.2117,47.7589],[42.2028,47.7751],[42.1937,47.7789],[42.1711,47.7798],[42.1752,47.7875],[42.1784,47.7907],[42.2034,47.7943],[42.2488,47.7795],[42.2717,47.7948],[42.2885,47.801],[42.2732,47.8202],[42.2555,47.8322],[42.2067,47.8481],[42.2346,47.8528],[42.3076,47.8337],[42.3327,47.8381],[42.3418,47.8505],[42.3497,47.8829],[42.3709,47.9308],[42.2847,47.9582],[42.2573,47.9888],[42.2123,48.0127],[42.2573,47.9997],[42.2791,47.9894],[42.3,47.9603],[42.3268,47.9526],[42.3562,47.952],[42.3765,47.9582],[42.3915,47.9782],[42.3974,47.9947],[42.406,47.9988],[42.4283,47.9823],[42.4324,47.9732],[42.4313,47.9503],[42.4354,47.9411],[42.4607,47.9244],[42.466,47.9102],[42.4569,47.8437],[42.4695,47.8346],[42.4934,47.8302],[42.5387,47.8107],[42.5623,47.8072],[42.5858,47.8125],[42.6279,47.8305],[42.6547,47.8346],[42.6762,47.8461],[42.7,47.8496],[42.7668,47.874],[42.7919,47.8784],[42.8501,47.9559],[42.8549,47.9659],[42.8572,47.9791],[42.8092,47.9382],[42.8013,47.9535],[42.8425,47.9985],[42.8357,48.02],[42.8431,48.0342],[42.8357,48.071],[42.864,48.1225],[42.8596,48.1566],[42.8334,48.1634],[42.7604,48.1566],[42.7604,48.1634],[42.8781,48.1908],[42.9184,48.1908],[42.9046,48.2181],[43.0224,48.2184],[43.0353,48.222],[43.0762,48.2664],[43.088,48.3173],[43.0971,48.3353],[43.0886,48.3485],[43.1024,48.3847],[43.1033,48.4036],[43.0762,48.4242],[43.0692,48.4583],[43.0412,48.489],[43.0029,48.5093],[42.9252,48.5402],[42.9252,48.5469],[42.9664,48.5546],[42.9773,48.549],[43.0044,48.5231],[43.0274,48.5087],[43.0515,48.5063],[43.0971,48.5199],[43.126,48.5355],[43.1374,48.534],[43.1439,48.5266],[43.1419,48.5175],[43.1351,48.5101],[43.111,48.4995],[43.1154,48.4834],[43.1319,48.4669],[43.1519,48.4583],[43.1572,48.4657],[43.1722,48.4725],[43.186,48.4651],[43.2437,48.4725],[43.3217,48.4628],[43.3429,48.4651],[43.4015,48.5104],[43.4115,48.5231],[43.4153,48.5402],[43.4256,48.5567],[43.4392,48.5711],[43.4954,48.6085],[43.5136,48.6258],[43.5213,48.6467],[43.5113,48.6659],[43.4633,48.6965],[43.4465,48.7121],[43.4362,48.7551],[43.4539,48.7839],[43.5213,48.8213],[43.5681,48.8387],[43.5887,48.8495],[43.6028,48.8846],[43.6164,48.9069],[43.6446,48.9376],[43.6861,48.9458],[43.798,48.9449],[43.8501,48.9517],[43.8901,48.9723],[43.9104,49.0029],[43.9175,49.0412],[43.9184,49.0853],[43.9216,49.0971],[43.9464,49.1095],[43.9525,49.1436],[43.987,49.1733],[43.989,49.1851],[43.9202,49.2025],[43.8742,49.2057],[43.8513,49.2013],[43.808,49.1825],[43.7853,49.1784],[43.7639,49.1786],[43.7321,49.1869],[43.6962,49.2107],[43.6823,49.2257],[43.6805,49.2405],[43.7,49.2534],[43.6888,49.2625],[43.6652,49.2696],[43.6591,49.2802],[43.677,49.3099],[43.6938,49.3247],[43.6926,49.3467],[43.6794,49.3838],[43.6223,49.4533],[43.5887,49.4827],[43.549,49.5066],[43.5866,49.4963],[43.6237,49.4662],[43.7006,49.3803],[43.7132,49.36],[43.7182,49.3385],[43.71,49.3185],[43.6926,49.2955],[43.6959,49.2861],[43.7088,49.2784],[43.7209,49.2602],[43.7156,49.2502],[43.7135,49.2328],[43.7203,49.2231],[43.7515,49.1951],[43.773,49.186],[43.7948,49.1951],[43.8366,49.2254],[43.8592,49.2316],[43.8842,49.2328],[43.9832,49.2075],[44.0082,49.196],[44.022,49.1845]]]},"properties":{"name":"Tsimlyansk Reservoir"}},{"type":"Feature","geometry":{"type":"Polygon","coordinates":[[[77.9013,11.9339],[77.9086,11.9266],[77.9013,11.9201],[77.9024,11.911],[77.8886,11.9013],[77.8533,11.8854],[77.8362,11.8606],[77.8312,11.8447],[77.8465,11.8303],[77.8168,11.8171],[77.805,11.8165],[77.7912,11.8212],[77.7791,11.8365],[77.7653,11.8444],[77.8124,11.8721],[77.8174,11.8854],[77.8138,11.8936],[77.7985,11.8854],[77.7918,11.8992],[77.7773,11.8883],[77.7626,11.8889],[77.7302,11.8992],[77.7367,11.9195],[77.7329,11.9275],[77.7235,11.9339],[77.7073,11.9277],[77.6552,11.9475],[77.6599,11.9634],[77.6687,11.971],[77.6793,11.9704],[77.6923,11.9566],[77.7029,11.9542],[77.7138,11.9554],[77.7235,11.9613],[77.755,11.9522],[77.7576,11.9401],[77.7653,11.9389],[77.7735,11.9389],[77.78,11.9433],[77.7844,11.9545],[77.7918,11.9545],[77.7932,11.9439],[77.7985,11.9366],[77.8124,11.9266],[77.8191,11.9266],[77.8294,11.9381],[77.8586,11.9301],[77.8739,11.9339],[77.8854,11.9266],[77.9013,11.9339]]]},"properties":{"name":"Stanley Reservoir"}},{"type":"Feature","geometry":{"type":"Polygon","coordinates":[[[75.635,24.6375],[75.6467,24.6178],[75.6285,24.6231],[75.6191,24.6225],[75.612,24.6178],[75.609,24.6075],[75.6261,24.5904],[75.6261,24.5259],[75.5884,24.4774],[75.5881,24.4647],[75.6073,24.4229],[75.612,24.4058],[75.594,24.4164],[75.5802,24.4312],[75.5643,24.4606],[75.554,24.4556],[75.5296,24.4315],[75.5219,24.4085],[75.5034,24.4058],[75.468,24.3467],[75.4519,24.337],[75.4371,24.3334],[75.4277,24.3093],[75.4174,24.3061],[75.3833,24.3093],[75.3659,24.2993],[75.3739,24.2766],[75.4003,24.241],[75.3865,24.241],[75.3933,24.2272],[75.3818,24.2236],[75.3609,24.2254],[75.3456,24.2136],[75.3382,24.2254],[75.3527,24.2513],[75.3497,24.2616],[75.3321,24.2751],[75.3371,24.3052],[75.3282,24.3093],[75.3103,24.3102],[75.2979,24.3161],[75.31,24.3249],[75.3435,24.334],[75.3703,24.3532],[75.408,24.3632],[75.4221,24.3767],[75.4277,24.3947],[75.421,24.4129],[75.4557,24.4259],[75.4639,24.4353],[75.448,24.4471],[75.4639,24.4541],[75.5081,24.483],[75.5169,24.4909],[75.5204,24.5021],[75.5281,24.5109],[75.5608,24.5348],[75.5684,24.5448],[75.5502,24.5622],[75.5469,24.5907],[75.5499,24.621],[75.5572,24.6387],[75.5814,24.6478],[75.6102,24.6472],[75.635,24.6375]]]},"properties":{"name":"Gandhi Sagar Dam"}},{"type":"Feature","geometry":{"type":"Polygon","coordinates":[[[-2.483,40.4337],[-2.4669,40.434],[-2.4872,40.4272],[-2.5097,40.4307],[-2.5455,40.4507],[-2.5614,40.4549],[-2.6527,40.4466],[-2.6691,40.4422],[-2.6799,40.4322],[-2.6915,40.3984],[-2.6903,40.3916],[-2.683,40.3828],[-2.664,40.3719],[-2.6585,40.3651],[-2.6588,40.3515],[-2.6712,40.3666],[-2.6744,40.356],[-2.673,40.3242],[-2.6859,40.3357],[-2.7015,40.3415],[-2.7148,40.3518],[-2.7243,40.4028],[-2.736,40.4072],[-2.7533,40.4034],[-2.7754,40.4063],[-2.7499,40.4284],[-2.7286,40.4399],[-2.7031,40.4407],[-2.673,40.4478],[-2.6591,40.4593],[-2.6519,40.4714],[-2.6362,40.4672],[-2.5607,40.4628],[-2.5352,40.4681],[-2.5102,40.444],[-2.483,40.4337]]]},"properties":{"name":"Embalse de Buendía"}},{"type":"Feature","geometry":{"type":"Polygon","coordinates":[[[24.2248,54.8346],[24.2337,54.8142],[24.2178,54.7975],[24.1677,54.8101],[24.1412,54.8092],[24.1354,54.7836],[24.1307,54.783],[24.1256,54.8137],[24.1539,54.8204],[24.1913,54.8207],[24.2178,54.8248],[24.1922,54.8452],[24.163,54.8384],[24.1489,54.8502],[24.1198,54.8543],[24.1177,54.8596],[24.1218,54.8663],[24.1215,54.8725],[24.11,54.8852],[24.0668,54.8931],[24.005,54.859],[23.9929,54.8737],[23.9938,54.8802],[23.9988,54.8861],[24.0158,54.8843],[24.0677,54.9073],[24.0906,54.9134],[24.113,54.9049],[24.1548,54.8672],[24.2034,54.8516],[24.2248,54.8346]]]},"properties":{"name":"Kauno marios"}},{"type":"Feature","geometry":{"type":"Polygon","coordinates":[[[5.8745,52.5214],[5.8727,52.5014],[5.8606,52.4782],[5.8009,52.4228],[5.7791,52.4081],[5.7467,52.3934],[5.7123,52.3825],[5.654,52.3716],[5.6237,52.3563],[5.5778,52.3227],[5.5454,52.2757],[5.5333,52.268],[5.4474,52.255],[5.4047,52.2574],[5.3611,52.2701],[5.2684,52.3116],[5.2051,52.3095],[5.1813,52.3116],[5.1124,52.3378],[5.0305,52.3478],[4.9681,52.371],[4.982,52.3781],[4.982,52.3854],[4.9967,52.384],[5.0093,52.3781],[5.0093,52.3854],[5.0249,52.3781],[5.0417,52.404],[5.0538,52.4122],[5.0753,52.4202],[5.0918,52.4393],[5.0756,52.4443],[5.0617,52.4614],[5.0503,52.4673],[5.0782,52.4735],[5.0706,52.4879],[5.0909,52.5008],[5.0832,52.5256],[5.0503,52.5703],[5.0364,52.5997],[5.035,52.6251],[5.0497,52.6418],[5.085,52.6454],[5.1118,52.6392],[5.1365,52.6251],[5.1657,52.6301],[5.2272,52.6533],[5.2431,52.6645],[5.2563,52.6886],[5.2707,52.6969],[5.304,52.7069],[5.294,52.7431],[5.2869,52.7484],[5.236,52.7622],[5.2201,52.7628],[5.1945,52.7581],[5.1704,52.746],[5.1365,52.7622],[5.1227,52.7755],[5.1203,52.8394],[5.115,52.8611],[5.0653,52.923],[5.0441,52.9336],[5.0859,52.9439],[5.1292,52.96],[5.2878,53.0445],[5.3723,53.0769],[5.39,53.0463],[5.3997,53.036],[5.4094,53.0322],[5.4138,53.0198],[5.4126,53.0069],[5.4064,52.9951],[5.4162,52.9839],[5.4203,52.9677],[5.4162,52.9515],[5.3997,52.9403],[5.4132,52.9244],[5.4041,52.9165],[5.3879,52.9112],[5.3767,52.8994],[5.3661,52.895],[5.3655,52.885],[5.3691,52.8785],[5.4109,52.8573],[5.4424,52.8523],[5.5059,52.8508],[5.5575,52.8373],[5.5736,52.8385],[5.6057,52.8508],[5.6375,52.855],[5.7099,52.8423],[5.7217,52.8373],[5.6858,52.8326],[5.6564,52.8196],[5.6319,52.7999],[5.6119,52.7752],[5.6034,52.7505],[5.5963,52.7087],[5.5978,52.6695],[5.6157,52.6524],[5.6281,52.6463],[5.6605,52.6115],[5.6767,52.6086],[5.8088,52.613],[5.8265,52.6103],[5.8406,52.6042],[5.8509,52.5933],[5.8577,52.5768],[5.8745,52.5214]],[[5.8589,52.5262],[5.8392,52.5703],[5.6808,52.5936],[5.6537,52.6115],[5.6358,52.6027],[5.5778,52.5909],[5.5162,52.5568],[5.4862,52.5571],[5.4786,52.5529],[5.4544,52.5153],[5.4412,52.5085],[5.4035,52.4991],[5.3585,52.4735],[5.2837,52.4552],[5.241,52.4293],[5.1786,52.4084],[5.1501,52.3913],[5.133,52.3854],[5.143,52.3698],[5.1459,52.3554],[5.153,52.3439],[5.1739,52.3369],[5.236,52.3369],[5.3046,52.321],[5.3367,52.3101],[5.3964,52.2807],[5.4232,52.2739],[5.4892,52.2757],[5.5248,52.2842],[5.5457,52.3024],[5.5519,52.3275],[5.5436,52.3581],[5.5716,52.3672],[5.6166,52.3754],[5.6378,52.3946],[5.6499,52.399],[5.6758,52.4022],[5.7238,52.4164],[5.7812,52.4258],[5.8074,52.4414],[5.8294,52.4614],[5.8453,52.4808],[5.8583,52.5064],[5.8589,52.5262]]]},"properties":{"name":"IJsselmeer"}},{"type":"Feature","geometry":{"type":"Polygon","coordinates":[[[35.3877,45.3066],[35.441,45.2922],[35.4554,45.2792],[35.4336,45.2612],[35.4201,45.2542],[35.4045,45.2512],[35.3865,45.2565],[35.3498,45.2854],[35.2349,45.3145],[35.2164,45.3234],[35.2093,45.3307],[35.1934,45.3366],[35.1617,45.3404],[35.1334,45.3322],[35.1228,45.3325],[35.0648,45.3646],[35.0519,45.3749],[35.0242,45.4128],[35.0103,45.4226],[35.0103,45.4299],[35.056,45.4396],[35.0878,45.4579],[35.0957,45.4744],[35.0892,45.4805],[35.0669,45.5615],[35.043,45.5777],[35.0339,45.6048],[35.0033,45.6218],[34.9768,45.6631],[34.9656,45.6689],[34.915,45.6654],[34.9003,45.6689],[34.8723,45.6969],[34.839,45.7037],[34.8723,45.7316],[34.8723,45.7372],[34.8511,45.7349],[34.814,45.7196],[34.7916,45.7172],[34.7372,45.7284],[34.716,45.7243],[34.7534,45.762],[34.7648,45.7837],[34.7501,45.8061],[34.7242,45.8132],[34.6471,45.7855],[34.6524,45.7982],[34.6656,45.8161],[34.6718,45.8406],[34.6804,45.8482],[34.7089,45.8559],[34.7401,45.86],[34.7472,45.8582],[34.7545,45.867],[34.7569,45.8776],[34.7501,45.9024],[34.7228,45.8797],[34.7072,45.8715],[34.6648,45.8656],[34.6477,45.8588],[34.5464,45.7926],[34.5061,45.7779],[34.4617,45.772],[34.4617,45.7787],[34.5032,45.7999],[34.5208,45.8297],[34.5411,45.8394],[34.5461,45.8629],[34.5547,45.8682],[34.5915,45.8771],[34.6077,45.8882],[34.6227,45.9038],[34.6327,45.925],[34.6268,45.9474],[34.6156,45.9527],[34.5441,45.9707],[34.5441,45.9645],[34.5753,45.9392],[34.5788,45.9297],[34.5691,45.9183],[34.5373,45.923],[34.5305,45.9197],[34.5185,45.8991],[34.4999,45.8785],[34.4881,45.8756],[34.4773,45.8853],[34.4617,45.9097],[34.4826,45.9297],[34.4655,45.9362],[34.4449,45.9324],[34.4278,45.9192],[34.4204,45.8988],[34.4178,45.8741],[34.4116,45.8647],[34.4069,45.8712],[34.4069,45.8956],[34.4007,45.8956],[34.394,45.885],[34.3795,45.8818],[34.386,45.8888],[34.3866,45.9024],[34.3592,45.8818],[34.371,45.908],[34.3728,45.9197],[34.3778,45.9247],[34.4069,45.9365],[34.4107,45.9562],[34.3969,45.9668],[34.3757,45.9745],[34.3592,45.9848],[34.3866,45.9916],[34.363,46.0169],[34.3498,46.026],[34.3313,46.0251],[34.323,46.003],[34.3183,45.998],[34.2977,45.9992],[34.2806,46.0086],[34.2768,46.0231],[34.2791,46.0398],[34.2771,46.046],[34.2397,46.0075],[34.2268,46.0045],[34.2159,46.0184],[34.2285,46.0292],[34.212,46.0363],[34.1673,46.0463],[34.1611,46.0387],[34.1502,46.0478],[34.1161,46.0599],[34.1131,46.0578],[34.1131,46.0484],[34.1847,46.0086],[34.1953,46.0004],[34.2008,45.9886],[34.202,45.9674],[34.1961,45.9501],[34.1658,45.9445],[34.1537,45.9365],[34.1281,45.9548],[34.1172,45.9683],[34.1128,45.9848],[34.1296,45.9792],[34.1446,45.9789],[34.1573,45.9833],[34.1673,45.9916],[34.1673,45.998],[34.1122,46.0334],[34.079,46.0454],[34.0375,46.0872],[34.0189,46.0964],[33.9989,46.1008],[33.9518,46.1017],[33.9397,46.0987],[33.9433,46.0922],[33.9618,46.0805],[33.9913,46.0769],[33.996,46.0669],[33.9765,46.0607],[33.976,46.0522],[33.9892,46.0289],[33.9815,46.0175],[33.9654,46.0201],[33.9498,46.0281],[33.9371,46.0369],[33.9265,46.0557],[33.9135,46.0599],[33.9038,46.0557],[33.8829,46.0393],[33.8656,46.0387],[33.8732,46.0463],[33.8656,46.0599],[33.8856,46.0652],[33.8765,46.0816],[33.8385,46.1152],[33.8488,46.1223],[33.8523,46.1326],[33.852,46.1594],[33.8458,46.1649],[33.8043,46.1767],[33.8043,46.1435],[33.7996,46.1279],[33.787,46.1214],[33.7322,46.1455],[33.6878,46.2029],[33.6678,46.2176],[33.6678,46.2238],[33.6951,46.2238],[33.714,46.2191],[33.7558,46.2456],[33.7714,46.2474],[33.7923,46.2447],[33.8102,46.2382],[33.8229,46.2241],[33.8556,46.2238],[33.8812,46.2312],[33.8938,46.2312],[33.9521,46.2138],[33.9721,46.2109],[33.9818,46.2012],[34.0069,46.1591],[34.026,46.1473],[34.0339,46.1358],[34.0672,46.1508],[34.0778,46.1493],[34.0855,46.1281],[34.1381,46.1243],[34.1234,46.1652],[34.0778,46.1835],[34.0778,46.1903],[34.1049,46.1858],[34.1155,46.1891],[34.1243,46.2097],[34.1352,46.2079],[34.1467,46.2],[34.1537,46.1903],[34.1476,46.1623],[34.159,46.147],[34.1611,46.1529],[34.202,46.1835],[34.167,46.2067],[34.1532,46.22],[34.1476,46.2347],[34.1482,46.26],[34.1526,46.2762],[34.1629,46.2827],[34.1817,46.2792],[34.2132,46.2606],[34.2373,46.2344],[34.2897,46.1614],[34.2971,46.142],[34.2986,46.1064],[34.308,46.1017],[34.3183,46.1125],[34.3313,46.1629],[34.3313,46.1767],[34.3224,46.1817],[34.2986,46.1841],[34.2909,46.1903],[34.2921,46.1973],[34.3112,46.2144],[34.3795,46.1903],[34.4487,46.1523],[34.4846,46.1455],[34.5173,46.1623],[34.5273,46.1864],[34.5338,46.1903],[34.5444,46.1873],[34.5682,46.1694],[34.5726,46.1594],[34.5706,46.1208],[34.5606,46.1078],[34.5523,46.0852],[34.5391,46.0981],[34.5241,46.1281],[34.5123,46.1217],[34.4929,46.0946],[34.4896,46.1117],[34.4955,46.1226],[34.4943,46.127],[34.4826,46.1281],[34.4487,46.1078],[34.4396,46.0908],[34.4399,46.0728],[34.4496,46.0572],[34.469,46.0463],[34.4614,46.0342],[34.4413,46.044],[34.4275,46.0463],[34.4169,46.039],[34.4057,46.0248],[34.4013,46.0113],[34.4107,46.0054],[34.4617,46.003],[34.4725,45.993],[34.4617,45.9707],[34.4828,45.9668],[34.5143,45.9948],[34.5553,45.9824],[34.5756,45.9969],[34.6294,46.0713],[34.6333,46.084],[34.6165,46.1414],[34.6203,46.1623],[34.6521,46.1844],[34.6977,46.1805],[34.7422,46.1623],[34.7707,46.142],[34.7872,46.1114],[34.7881,46.0946],[34.7743,46.0872],[34.766,46.0905],[34.7469,46.1078],[34.7219,46.1096],[34.683,46.102],[34.6704,46.0964],[34.6609,46.0872],[34.6801,46.0796],[34.698,46.066],[34.711,46.0501],[34.716,46.0357],[34.7537,46.0116],[34.7631,46.0163],[34.7707,46.036],[34.7846,46.0387],[34.7952,46.0292],[34.8102,45.9848],[34.8155,45.9356],[34.8222,45.9265],[34.8479,45.913],[34.8414,45.9024],[34.8255,45.8956],[34.8278,45.8841],[34.8328,45.8818],[34.8114,45.8179],[34.8158,45.8135],[34.8458,45.8214],[34.859,45.8353],[34.8646,45.85],[34.8723,45.8544],[34.8838,45.8532],[34.8947,45.8464],[34.9109,45.8303],[34.9203,45.8141],[34.9329,45.7764],[34.9421,45.759],[34.9771,45.7178],[34.9812,45.706],[34.9965,45.6869],[34.9998,45.6748],[35.0239,45.6628],[35.0519,45.6218],[35.0783,45.5971],[35.0845,45.5871],[35.1269,45.553],[35.3383,45.3401],[35.3453,45.3354],[35.3668,45.3304],[35.3877,45.3066]]]},"properties":{"name":"Syvash"}},{"type":"Feature","geometry":{"type":"Polygon","coordinates":[[[78.3063,42.6026],[78.3275,42.5952],[78.3201,42.5716],[78.3004,42.5634],[78.173,42.5752],[78.1509,42.574],[78.1282,42.5655],[78.1076,42.551],[78.0558,42.4933],[78.0287,42.4751],[77.9958,42.4657],[77.9007,42.458],[77.8294,42.4348],[77.8124,42.4209],[77.8227,42.4027],[77.8927,42.3918],[77.9148,42.3738],[77.8795,42.3727],[77.8518,42.3615],[77.83,42.3426],[77.7921,42.2938],[77.6873,42.2146],[77.6569,42.2031],[77.6222,42.1966],[77.5831,42.1949],[77.553,42.1857],[77.5154,42.169],[77.4812,42.1619],[77.463,42.1813],[77.427,42.1701],[77.39,42.1698],[77.3187,42.1813],[77.2893,42.181],[77.1748,42.166],[77.1368,42.1534],[77.1135,42.1607],[77.0482,42.1607],[77.0185,42.1687],[76.9879,42.1822],[76.9608,42.1866],[76.9422,42.1672],[76.9355,42.1672],[76.9266,42.1843],[76.9075,42.1975],[76.8836,42.2057],[76.8407,42.2119],[76.8198,42.2205],[76.755,42.262],[76.7435,42.2637],[76.7064,42.2511],[76.6758,42.2667],[76.6064,42.2708],[76.5619,42.2802],[76.3968,42.3456],[76.3717,42.3473],[76.3494,42.3359],[76.3329,42.3229],[76.3141,42.3155],[76.2932,42.3138],[76.2705,42.3185],[76.2478,42.3288],[76.2396,42.3373],[76.2331,42.3644],[76.2084,42.393],[76.2228,42.4003],[76.2196,42.4041],[76.2084,42.4071],[76.2154,42.4071],[76.2019,42.4186],[76.196,42.4398],[76.2025,42.4601],[76.2257,42.4692],[76.3046,42.4822],[76.3326,42.4827],[76.4433,42.4677],[76.4562,42.4683],[76.4656,42.4727],[76.488,42.5028],[76.4971,42.5101],[76.5204,42.5148],[76.5752,42.5092],[76.5996,42.5137],[76.6532,42.5557],[76.6746,42.5655],[76.9764,42.6096],[76.9817,42.614],[77.014,42.6064],[77.027,42.6099],[77.0582,42.6343],[77.0838,42.6396],[77.1359,42.6435],[77.1739,42.6535],[77.2063,42.6473],[77.2195,42.6488],[77.2389,42.657],[77.3255,42.6797],[77.3496,42.6817],[77.3735,42.6779],[77.4356,42.6535],[77.528,42.6473],[77.5377,42.6502],[77.5792,42.6761],[77.6204,42.6817],[77.7043,42.7056],[77.7455,42.7109],[77.7844,42.7227],[77.8327,42.7162],[77.9172,42.7268],[77.956,42.7141],[77.9831,42.7132],[78.1038,42.7256],[78.1373,42.7403],[78.2048,42.7462],[78.2239,42.743],[78.236,42.7465],[78.3063,42.743],[78.3063,42.7362],[78.2828,42.733],[78.2498,42.7194],[78.2336,42.7162],[78.2015,42.7212],[78.1933,42.7035],[78.1691,42.6747],[78.1209,42.6679],[78.0817,42.6229],[78.0997,42.604],[78.1108,42.5996],[78.2548,42.5996],[78.3063,42.6026]]]},"properties":{"name":"Issyk-Kul"}},{"type":"Feature","geometry":{"type":"Polygon","coordinates":[[[36.7097,2.7303],[36.6879,2.7153],[36.6912,2.6835],[36.7,2.6462],[36.6962,2.6144],[36.6962,2.6205],[36.6938,2.5452],[36.7082,2.5084],[36.7024,2.4863],[36.6909,2.4672],[36.6358,2.4089],[36.6217,2.4033],[36.5937,2.4083],[36.5817,2.4074],[36.572,2.4051],[36.5581,2.3945],[36.5319,2.4227],[36.5257,2.4642],[36.526,2.5105],[36.5178,2.5517],[36.4945,2.5914],[36.4769,2.6117],[36.4433,2.6306],[36.4365,2.6544],[36.436,2.7303],[36.4177,2.7639],[36.4103,2.7913],[36.4003,2.8134],[36.3806,2.8463],[36.3577,2.8663],[36.3026,2.9025],[36.2614,2.9385],[36.2579,2.9426],[36.2473,2.9806],[36.2396,2.982],[36.2231,2.9673],[36.2131,2.9632],[36.2028,2.9658],[36.1822,2.9835],[36.1419,2.9823],[36.1266,2.9876],[36.1207,3.0079],[36.1481,3.1165],[36.1481,3.128],[36.1345,3.1722],[36.1481,3.2131],[36.1428,3.2199],[36.1063,3.2163],[36.0283,3.2525],[35.9965,3.3058],[35.9594,3.3276],[35.9479,3.3394],[35.9432,3.3641],[35.9432,3.529],[35.94,3.5407],[35.9329,3.5501],[35.9258,3.5522],[35.9226,3.5425],[35.9367,3.5081],[35.9358,3.4975],[35.9182,3.4813],[35.9079,3.4957],[35.9017,3.5425],[35.8961,3.5613],[35.8531,3.6005],[35.8413,3.6302],[35.8343,3.6735],[35.8334,3.7197],[35.8402,3.7583],[35.8605,3.7924],[35.8608,3.8051],[35.8531,3.8372],[35.854,3.959],[35.8646,3.9914],[35.9196,4.1059],[35.9226,4.118],[35.9152,4.4229],[35.927,4.465],[35.932,4.5042],[35.9461,4.5516],[35.9494,4.5769],[35.9556,4.594],[35.9703,4.6172],[35.9882,4.6352],[36.0041,4.6352],[36.0079,4.6234],[36.0071,4.591],[36.0294,4.5539],[36.0321,4.5254],[36.038,4.5254],[36.0542,4.5475],[36.0583,4.5604],[36.0386,4.5728],[36.025,4.6034],[36.0247,4.6149],[36.0433,4.6366],[36.0745,4.6434],[36.1066,4.6378],[36.1269,4.6216],[36.1236,4.6631],[36.1548,4.664],[36.1675,4.6602],[36.1866,4.6246],[36.1855,4.616],[36.1684,4.6149],[36.1981,4.5472],[36.2031,4.5157],[36.1958,4.4783],[36.2072,4.4624],[36.2084,4.4427],[36.2005,4.387],[36.189,4.3582],[36.1884,4.3393],[36.2111,4.3014],[36.2149,4.2858],[36.2149,4.2298],[36.2231,4.2148],[36.2161,4.1998],[36.2193,4.193],[36.237,4.1827],[36.2446,4.1451],[36.2429,4.1236],[36.2249,4.0879],[36.2161,4.032],[36.1984,3.9793],[36.1816,3.962],[36.1855,3.9428],[36.219,3.8798],[36.2299,3.8319],[36.2426,3.8089],[36.247,3.7795],[36.2646,3.765],[36.2658,3.7536],[36.2464,3.6944],[36.2358,3.6838],[36.2167,3.6811],[36.2114,3.6588],[36.2064,3.5401],[36.2161,3.4565],[36.2405,3.3938],[36.2443,3.3709],[36.2381,3.3462],[36.2267,3.3341],[36.2225,3.322],[36.237,3.2988],[36.2746,3.2634],[36.2917,3.2431],[36.3014,3.199],[36.3067,3.1919],[36.3262,3.1866],[36.3406,3.1616],[36.3759,3.123],[36.3883,3.0762],[36.3883,3.0321],[36.4006,3.0106],[36.5322,2.9017],[36.5746,2.8946],[36.6579,2.8987],[36.6891,2.8811],[36.6994,2.8504],[36.6976,2.7695],[36.7097,2.7303]]]},"properties":{"name":"Lake Turkana"}},{"type":"Feature","geometry":{"type":"Polygon","coordinates":[[[19.7932,54.5434],[19.9071,54.6282],[19.9207,54.6329],[19.9554,54.6356],[19.9616,54.6465],[19.9477,54.6532],[19.9445,54.6691],[19.9548,54.7012],[19.9663,54.7118],[20.0001,54.7209],[20.0201,54.7218],[20.0399,54.7165],[20.0446,54.7033],[20.0458,54.6865],[20.054,54.6706],[20.0728,54.6574],[20.0858,54.6565],[20.1126,54.6738],[20.1768,54.6956],[20.4066,54.6877],[20.4066,54.68],[20.3336,54.6603],[20.2804,54.6291],[20.253,54.6235],[20.1217,54.5814],[20.0923,54.5746],[20.079,54.5605],[20.0681,54.5573],[20.0487,54.5605],[20.0305,54.5708],[19.991,54.5726],[19.9666,54.547],[19.943,54.5125],[19.9065,54.4884],[19.84,54.4707],[19.7932,54.5434]]]},"properties":{"name":"Kaliningradskiy Zaliv"}},{"type":"Feature","geometry":{"type":"Polygon","coordinates":[[[19.8212,54.4684],[19.8153,54.4642],[19.8035,54.4454],[19.754,54.433],[19.7432,54.4336],[19.7493,54.4139],[19.7337,54.4119],[19.7205,54.391],[19.7117,54.3859],[19.684,54.3815],[19.6192,54.3536],[19.5633,54.3465],[19.46,54.3109],[19.4347,54.297],[19.3961,54.2632],[19.3784,54.2358],[19.3652,54.2282],[19.3699,54.255],[19.377,54.2641],[19.3864,54.2691],[19.3864,54.2767],[19.3628,54.275],[19.2739,54.2817],[19.2489,54.2903],[19.2519,54.3044],[19.2628,54.3103],[19.2524,54.3138],[19.2292,54.3318],[19.2292,54.338],[19.2704,54.3471],[19.3572,54.3515],[19.3993,54.3586],[19.4423,54.3718],[19.7411,54.5049],[19.7932,54.5434],[19.84,54.4707],[19.8212,54.4684]]]},"properties":{"name":"Zalew Wislany"}},{"type":"Feature","geometry":{"type":"Polygon","coordinates":[[[43.8981,32.704],[43.8996,32.6945],[43.8919,32.6625],[43.8919,32.6183],[43.8863,32.6018],[43.8734,32.588],[43.8342,32.5615],[43.8021,32.5462],[43.7689,32.5053],[43.7639,32.5144],[43.7574,32.5173],[43.7409,32.5117],[43.7488,32.5262],[43.7377,32.5459],[43.7347,32.5606],[43.7274,32.5606],[43.7209,32.5462],[43.7135,32.5462],[43.7067,32.5668],[43.7,32.5606],[43.6823,32.5665],[43.677,32.5409],[43.6691,32.5332],[43.6564,32.5382],[43.6517,32.5503],[43.652,32.5806],[43.6664,32.5777],[43.6794,32.5806],[43.6638,32.588],[43.6111,32.5742],[43.619,32.5856],[43.6311,32.5948],[43.5837,32.6077],[43.5737,32.5909],[43.5378,32.5956],[43.4989,32.6124],[43.4807,32.6318],[43.4451,32.6792],[43.4292,32.7104],[43.4392,32.7313],[43.4256,32.7381],[43.4256,32.7449],[43.4348,32.7528],[43.4309,32.769],[43.4115,32.807],[43.4256,32.7996],[43.4495,32.8367],[43.4465,32.8479],[43.4321,32.8423],[43.4194,32.8629],[43.405,32.8685],[43.405,32.8759],[43.4392,32.8888],[43.4615,32.8773],[43.4727,32.8759],[43.4727,32.8821],[43.4557,32.8838],[43.4554,32.8891],[43.4698,32.9097],[43.4836,32.9091],[43.4869,32.913],[43.4883,32.9295],[43.4945,32.9442],[43.483,32.9518],[43.4577,32.9768],[43.453,32.9851],[43.4577,32.9974],[43.4869,33.026],[43.5045,33.0181],[43.5178,33.0219],[43.526,33.0331],[43.5292,33.0466],[43.5213,33.0866],[43.5216,33.1046],[43.5348,33.1149],[43.5351,33.0737],[43.5419,33.0566],[43.5554,33.0398],[43.571,33.0301],[43.6099,33.0198],[43.6246,33.0125],[43.6161,32.9901],[43.624,32.9727],[43.6446,32.9474],[43.6661,32.89],[43.7321,32.7755],[43.7544,32.7522],[43.7956,32.7449],[43.8263,32.7246],[43.8981,32.704]]]},"properties":{"name":"Lake Razazah"}},{"type":"Feature","geometry":{"type":"Polygon","coordinates":[[[35.5864,31.7529],[35.5882,31.7305],[35.5785,31.7014],[35.5546,31.5383],[35.5685,31.4968],[35.572,31.4682],[35.5446,31.354],[35.5476,31.3319],[35.5237,31.3102],[35.5128,31.3049],[35.5037,31.3063],[35.5013,31.3181],[35.5125,31.3543],[35.5105,31.3676],[35.4913,31.367],[35.4422,31.3222],[35.4148,31.3266],[35.406,31.3449],[35.4019,31.3952],[35.3936,31.4358],[35.4007,31.4723],[35.3927,31.5141],[35.4148,31.5663],[35.4077,31.6022],[35.408,31.6148],[35.4354,31.6557],[35.4545,31.6952],[35.4766,31.7305],[35.5069,31.7558],[35.559,31.7655],[35.5864,31.7529]]]},"properties":{"name":"Dead Sea"}},{"type":"Feature","geometry":{"type":"Polygon","coordinates":[[[45.9104,37.3888],[45.9133,37.3741],[45.9089,37.3629],[45.8865,37.3743],[45.8756,37.3741],[45.863,37.3661],[45.8347,37.3561],[45.8238,37.3499],[45.8176,37.3264],[45.8141,37.3231],[45.7485,37.2849],[45.7352,37.2822],[45.7175,37.2855],[45.7025,37.2943],[45.6952,37.3072],[45.7005,37.3231],[45.6596,37.3096],[45.6366,37.2793],[45.6287,37.2749],[45.6236,37.264],[45.6183,37.1927],[45.6001,37.1497],[45.5851,37.1315],[45.5668,37.1238],[45.5548,37.1271],[45.5324,37.1445],[45.5121,37.1445],[45.5038,37.1427],[45.5018,37.13],[45.4776,37.1209],[45.4629,37.1212],[45.4049,37.181],[45.3958,37.1963],[45.3902,37.1992],[45.372,37.1995],[45.3564,37.2107],[45.3449,37.2278],[45.3384,37.2519],[45.3275,37.2542],[45.3169,37.2651],[45.3031,37.3361],[45.2825,37.3635],[45.3072,37.372],[45.3175,37.3796],[45.3243,37.3908],[45.3075,37.4373],[45.2954,37.4577],[45.2925,37.4747],[45.2622,37.5045],[45.2651,37.5189],[45.2825,37.556],[45.2822,37.5736],[45.276,37.5842],[45.2486,37.6042],[45.2628,37.6148],[45.2563,37.6334],[45.2348,37.669],[45.2392,37.6802],[45.258,37.6905],[45.2622,37.6958],[45.253,37.7603],[45.2242,37.7941],[45.2207,37.8059],[45.1833,37.823],[45.1689,37.8386],[45.1456,37.8297],[45.0785,37.8542],[45.0599,37.8577],[45.0629,37.8686],[45.0493,37.9328],[45.0479,37.954],[45.0514,37.9716],[45.0599,37.9878],[45.0735,38.0043],[45.0914,38.0152],[45.1385,38.0231],[45.1812,38.0384],[45.1898,38.0464],[45.1933,38.0593],[45.1939,38.0926],[45.2009,38.1026],[45.1995,38.1135],[45.1933,38.1312],[45.173,38.1524],[45.1727,38.1659],[45.1659,38.1659],[45.1544,38.1412],[45.14,38.13],[45.125,38.135],[45.1115,38.1591],[45.0735,38.135],[45.0505,38.1264],[45.0287,38.1244],[45.0037,38.1379],[44.9975,38.1594],[45.0037,38.1756],[45.0152,38.1724],[45.024,38.183],[45.0332,38.2033],[45.0493,38.2071],[45.0473,38.2504],[45.0941,38.268],[45.3084,38.2725],[45.3617,38.266],[45.4173,38.2251],[45.4653,38.1762],[45.4847,38.1659],[45.4935,38.1565],[45.4977,38.135],[45.498,38.1041],[45.5027,38.0955],[45.495,38.0761],[45.4738,38.0426],[45.4862,38.0334],[45.4768,38.0034],[45.4879,37.9878],[45.4538,37.9737],[45.4676,37.9601],[45.4341,37.936],[45.4096,37.9092],[45.4061,37.901],[45.4061,37.8645],[45.412,37.8477],[45.4129,37.8159],[45.4217,37.7982],[45.4361,37.7782],[45.4535,37.7614],[45.4791,37.7505],[45.4941,37.7273],[45.5071,37.7291],[45.518,37.7376],[45.5239,37.7494],[45.5221,37.7614],[45.5495,37.7661],[45.6454,37.7673],[45.6663,37.7579],[45.7111,37.7246],[45.742,37.7117],[45.7555,37.7273],[45.7561,37.7117],[45.7605,37.6996],[45.7761,37.6787],[45.7926,37.6714],[45.7967,37.6652],[45.7973,37.6572],[45.7897,37.6413],[45.7729,37.6343],[45.6628,37.6446],[45.6599,37.6405],[45.6781,37.6216],[45.7052,37.6134],[45.714,37.5763],[45.7258,37.5639],[45.7658,37.5315],[45.7929,37.5259],[45.8003,37.5065],[45.8103,37.5006],[45.8115,37.4797],[45.8315,37.45],[45.8571,37.4235],[45.8756,37.412],[45.8903,37.4091],[45.9021,37.4008],[45.9104,37.3888]],[[45.5577,37.3405],[45.5565,37.352],[45.5297,37.397],[45.5297,37.407],[45.5427,37.412],[45.5383,37.4229],[45.5292,37.4318],[45.5106,37.4394],[45.4968,37.4365],[45.4941,37.4262],[45.5086,37.412],[45.4882,37.407],[45.4838,37.4003],[45.5018,37.3847],[45.5324,37.3741],[45.5427,37.3437],[45.5577,37.3405]],[[45.6663,37.4803],[45.664,37.5018],[45.6475,37.508],[45.6042,37.508],[45.5892,37.5283],[45.5807,37.5248],[45.5686,37.5124],[45.5668,37.5068],[45.5701,37.4945],[45.5657,37.4927],[45.5639,37.4871],[45.5807,37.485],[45.6042,37.4721],[45.6116,37.4597],[45.6183,37.4597],[45.6245,37.4685],[45.6525,37.4871],[45.6663,37.4803]]]},"properties":{"name":"Lake Urmia"}},{"type":"Feature","geometry":{"type":"Polygon","coordinates":[[[57.8836,41.8169],[57.8863,41.8075],[57.8548,41.7757],[57.8507,41.756],[57.8565,41.6897],[57.8539,41.6827],[57.8015,41.6682],[57.7317,41.6635],[57.7085,41.6588],[57.6879,41.6482],[57.6752,41.6353],[57.6643,41.6158],[57.6525,41.6076],[57.6184,41.5952],[57.5993,41.5952],[57.5586,41.6082],[57.5463,41.6038],[57.5139,41.5814],[57.4945,41.5755],[57.4821,41.5788],[57.4544,41.5973],[57.4356,41.5994],[57.4203,41.5899],[57.3876,41.5552],[57.3691,41.5425],[57.3523,41.5405],[57.3358,41.5464],[57.2416,41.6129],[57.236,41.6223],[57.2287,41.6571],[57.2366,41.6921],[57.2322,41.7068],[57.2198,41.718],[57.1624,41.7501],[57.1527,41.7607],[57.1371,41.7966],[57.1271,41.8001],[57.118,41.7942],[57.0794,41.7206],[57.0803,41.6886],[57.0747,41.6674],[57.0673,41.6653],[57.0456,41.6938],[57.0335,41.7395],[57.0359,41.7518],[57.052,41.7798],[57.0582,41.7969],[57.0682,41.9323],[57.0721,41.947],[57.1972,42.2405],[57.2292,42.2885],[57.2646,42.3138],[57.3073,42.3314],[57.3647,42.3453],[57.39,42.3473],[57.407,42.3441],[57.4533,42.3044],[57.4753,42.2961],[57.5177,42.2926],[57.5704,42.2708],[57.5946,42.2564],[57.614,42.2399],[57.6281,42.2196],[57.6369,42.1946],[57.6458,42.1398],[57.6452,42.1221],[57.6393,42.1174],[57.6157,42.1189],[57.6046,42.1139],[57.5987,42.1057],[57.596,42.0948],[57.5948,42.0818],[57.5978,42.0698],[57.6075,42.06],[57.6219,42.0527],[57.6652,42.0418],[57.7229,42.0132],[57.7267,42.0088],[57.7279,41.9894],[57.7238,41.9835],[57.684,41.965],[57.6784,41.9547],[57.6755,41.9205],[57.6802,41.9031],[57.6952,41.8961],[57.7467,41.8943],[57.7623,41.8896],[57.7782,41.8825],[57.8412,41.8384],[57.8836,41.8169]]]},"properties":{"name":"Sarygamysh Köli"}},{"type":"Feature","geometry":{"type":"Polygon","coordinates":[[[33.4205,38.9545],[33.4205,38.9404],[33.4343,38.9133],[33.4137,38.8677],[33.4261,38.8506],[33.5468,38.7529],[33.5553,38.7611],[33.5527,38.7793],[33.5474,38.7894],[33.5474,38.8038],[33.5715,38.8918],[33.5783,38.8918],[33.5842,38.8465],[33.6295,38.7864],[33.6439,38.7314],[33.6863,38.6595],[33.6987,38.6469],[33.716,38.6404],[33.7428,38.6383],[33.7428,38.631],[33.711,38.6216],[33.6295,38.6151],[33.5989,38.5974],[33.59,38.5506],[33.5683,38.5318],[33.5415,38.4844],[33.5306,38.4876],[33.517,38.4982],[33.4979,38.5288],[33.4626,38.5389],[33.4208,38.5633],[33.3548,38.5827],[33.2966,38.6383],[33.2648,38.6578],[33.1874,38.6881],[33.1532,38.7072],[33.1385,38.7381],[33.1467,38.7793],[33.2021,38.9047],[33.2194,38.9203],[33.2456,38.9265],[33.2989,38.9295],[33.3225,38.9383],[33.3325,38.9574],[33.3345,38.9839],[33.3325,38.9954],[33.3039,39.0493],[33.3051,39.0611],[33.3175,39.0793],[33.3178,39.0908],[33.3098,39.1029],[33.2892,39.1179],[33.283,39.1317],[33.3248,39.1508],[33.3381,39.1523],[33.3451,39.147],[33.366,39.1182],[33.4423,39.0449],[33.4726,38.981],[33.4599,38.9778],[33.4443,38.9636],[33.4205,38.9545]]]},"properties":{"name":"Lake Tuz"}},{"type":"Feature","geometry":{"type":"Polygon","coordinates":[[[43.1042,38.3143],[43.0191,38.3166],[43.0009,38.3269],[42.9944,38.3354],[42.9455,38.3366],[42.9352,38.344],[42.937,38.3516],[42.9532,38.3717],[42.9532,38.3775],[42.9361,38.3928],[42.9284,38.3964],[42.9184,38.392],[42.9114,38.4017],[42.8978,38.4058],[42.9049,38.4329],[42.9117,38.4329],[42.9252,38.4188],[42.9243,38.4279],[42.939,38.4329],[42.9252,38.4535],[42.9108,38.4467],[42.8702,38.4535],[42.8775,38.4608],[42.871,38.4676],[42.8722,38.4717],[42.8911,38.4741],[42.879,38.4809],[42.8702,38.4944],[42.8799,38.5006],[42.8763,38.5059],[42.8684,38.5047],[42.8566,38.4738],[42.8393,38.4697],[42.8019,38.4815],[42.798,38.4564],[42.7913,38.4467],[42.7739,38.4402],[42.7645,38.4441],[42.6918,38.4388],[42.6632,38.4723],[42.6517,38.4788],[42.5988,38.4856],[42.5837,38.4935],[42.5758,38.5079],[42.5417,38.4944],[42.5287,38.4782],[42.5208,38.4741],[42.5013,38.4712],[42.4863,38.4753],[42.4748,38.4841],[42.466,38.4944],[42.4687,38.495],[42.4698,38.5088],[42.466,38.515],[42.4572,38.5168],[42.4098,38.4962],[42.3957,38.4959],[42.3842,38.5079],[42.3697,38.4976],[42.3279,38.4873],[42.3082,38.4876],[42.2997,38.5077],[42.3097,38.518],[42.3497,38.5286],[42.3618,38.538],[42.3795,38.5665],[42.3909,38.5771],[42.4201,38.5812],[42.4251,38.5868],[42.408,38.6074],[42.4107,38.618],[42.4239,38.6227],[42.494,38.6248],[42.4728,38.6383],[42.466,38.659],[42.4354,38.7037],[42.4383,38.7208],[42.4678,38.7367],[42.6008,38.7785],[42.7091,38.7932],[42.7333,38.8035],[42.8019,38.7926],[42.8098,38.7855],[42.8284,38.7846],[42.9164,38.7967],[42.9417,38.7852],[42.9564,38.7844],[43.0924,38.8041],[43.1239,38.8164],[43.1622,38.8412],[43.1757,38.8444],[43.1837,38.8506],[43.1951,38.8806],[43.2069,38.8918],[43.194,38.8977],[43.1778,38.9003],[43.1451,38.8992],[43.1422,38.9059],[43.1374,38.9059],[43.1333,38.9027],[43.1313,38.8936],[43.1101,38.878],[43.1439,38.8803],[43.1478,38.8653],[43.1295,38.8518],[43.0971,38.8582],[43.0883,38.8668],[43.0721,38.893],[43.0659,38.9256],[43.0721,38.9309],[43.1107,38.9339],[43.1451,38.9468],[43.1619,38.948],[43.2034,38.9401],[43.2196,38.9427],[43.2543,38.9604],[43.2711,38.9624],[43.3155,38.9542],[43.3088,38.981],[43.3155,38.981],[43.3197,38.9727],[43.3273,38.9683],[43.3506,38.9674],[43.3535,38.9848],[43.36,38.9878],[43.3771,38.9878],[43.393,38.9998],[43.4015,39.0016],[43.4121,38.996],[43.4777,38.9931],[43.5422,38.981],[43.5902,38.981],[43.6131,38.9651],[43.6246,38.9604],[43.6323,38.9639],[43.6591,38.9468],[43.6446,38.9401],[43.6591,38.9327],[43.6405,38.9309],[43.597,38.9198],[43.5475,38.918],[43.5348,38.9133],[43.5213,38.8853],[43.5013,38.8712],[43.4571,38.8671],[43.4465,38.8582],[43.4289,38.8588],[43.4127,38.8503],[43.39,38.8226],[43.3844,38.8226],[43.3697,38.8409],[43.3391,38.8459],[43.3088,38.8356],[43.2952,38.8067],[43.2967,38.7873],[43.292,38.7791],[43.2446,38.7699],[43.2299,38.7635],[43.2196,38.7549],[43.2143,38.7458],[43.211,38.7208],[43.1928,38.7072],[43.1763,38.6857],[43.156,38.6375],[43.133,38.6248],[43.083,38.6119],[43.083,38.6042],[43.0898,38.6042],[43.1007,38.6133],[43.1239,38.6195],[43.1757,38.6248],[43.1907,38.6207],[43.2166,38.5868],[43.2425,38.5751],[43.2711,38.5695],[43.3161,38.5424],[43.3253,38.4865],[43.3064,38.4397],[43.2673,38.4402],[43.2196,38.4155],[43.2131,38.4082],[43.1843,38.389],[43.1625,38.3828],[43.1533,38.3761],[43.1475,38.3655],[43.1451,38.351],[43.148,38.3352],[43.153,38.3266],[43.1507,38.3222],[43.1042,38.3143]]]},"properties":{"name":"Lake Van"}},{"type":"Feature","geometry":{"type":"Polygon","coordinates":[[[37.9808,6.6059],[38.0111,6.6221],[38.0243,6.585],[38.0555,6.5612],[38.0744,6.5547],[38.0918,6.5594],[38.1103,6.5868],[38.1389,6.5945],[38.15,6.5503],[38.1362,6.5112],[38.1085,6.487],[38.1224,6.4499],[38.0944,6.4499],[38.0832,6.4002],[38.0361,6.3704],[38.0073,6.3151],[38.0029,6.2556],[37.9725,6.2309],[37.9387,6.2165],[37.9143,6.1753],[37.8845,6.145],[37.8627,6.1099],[37.8592,6.0784],[37.8501,6.0499],[37.8365,6.059],[37.8333,6.089],[37.8201,6.0711],[37.8139,6.0443],[37.75,6.0222],[37.74,6.009],[37.7279,5.9998],[37.7055,6.011],[37.6852,6.0101],[37.6808,6.0266],[37.6932,6.0587],[37.6944,6.094],[37.7073,6.117],[37.7556,6.1444],[37.7576,6.1576],[37.7674,6.1676],[37.8042,6.1779],[37.8277,6.2],[37.8277,6.1888],[37.8498,6.1835],[37.8445,6.1444],[37.8757,6.1985],[37.8777,6.2612],[37.8966,6.2757],[37.8833,6.3057],[37.8866,6.3457],[37.8542,6.4473],[37.8722,6.5112],[37.9066,6.5156],[37.964,6.5933],[37.9808,6.6059]]]},"properties":{"name":"Lake Abaya"}},{"type":"Feature","geometry":{"type":"Polygon","coordinates":[[[35.5264,31.1889],[35.5311,31.1697],[35.5037,31.1391],[35.5096,31.1318],[35.5178,31.1103],[35.4855,31.0885],[35.4593,31.0873],[35.416,31.0938],[35.4007,31.1009],[35.393,31.1126],[35.3883,31.1418],[35.3636,31.1756],[35.3586,31.2104],[35.3698,31.2354],[35.4007,31.2304],[35.4213,31.2516],[35.4613,31.2192],[35.4757,31.2107],[35.5111,31.1995],[35.5264,31.1889]]]},"properties":{"name":"Dead Sea"}},{"type":"Feature","geometry":{"type":"MultiPolygon","coordinates":[[[[46.7319,30.7576],[46.7487,30.7582],[46.7699,30.7506],[46.7699,30.7438],[46.7561,30.7438],[46.7622,30.7241],[46.7243,30.7326],[46.6872,30.7506],[46.7054,30.7506],[46.7319,30.7576]]],[[[47.6244,30.7046],[47.6333,30.6826],[47.567,30.664],[47.5408,30.662],[47.5302,30.6761],[47.5229,30.6734],[47.517,30.662],[47.4905,30.6626],[47.4799,30.6593],[47.4755,30.6481],[47.4687,30.6481],[47.4614,30.6528],[47.4278,30.6481],[47.4125,30.652],[47.4043,30.6578],[47.3998,30.6858],[47.3889,30.7002],[47.3625,30.7044],[47.1908,30.7097],[47.1658,30.7152],[47.1199,30.7367],[47.0919,30.7376],[47.0919,30.7438],[47.1049,30.7553],[47.1052,30.7615],[47.0955,30.7644],[47.0843,30.7623],[47.0681,30.7529],[47.0054,30.7417],[46.9904,30.7329],[47.0027,30.7241],[46.9851,30.7197],[46.9683,30.7303],[46.9821,30.7506],[46.9704,30.7559],[46.9462,30.7553],[46.9345,30.7582],[46.925,30.7662],[46.9342,30.7794],[46.9268,30.7924],[46.9083,30.7974],[46.8832,30.7918],[46.8594,30.7791],[46.845,30.7644],[46.8723,30.7582],[46.9065,30.7438],[46.91,30.7294],[46.8982,30.7214],[46.8585,30.7097],[46.8482,30.7147],[46.8285,30.7149],[46.8085,30.7229],[46.7902,30.7438],[46.8199,30.7659],[46.8517,30.7785],[46.8517,30.7847],[46.8235,30.7921],[46.8099,30.7915],[46.7967,30.7847],[46.7829,30.7991],[46.804,30.8194],[46.804,30.8271],[46.7793,30.825],[46.716,30.8103],[46.7078,30.8194],[46.6942,30.8194],[46.6942,30.8271],[46.724,30.8442],[46.7352,30.8468],[46.7266,30.8642],[46.6913,30.876],[46.6804,30.8886],[46.7266,30.8901],[46.749,30.8957],[46.7622,30.9089],[46.7749,30.9042],[46.7858,30.9222],[46.7967,30.929],[46.7899,30.9081],[46.7952,30.8972],[46.8043,30.8954],[46.8108,30.9089],[46.807,30.9242],[46.8173,30.9328],[46.8311,30.9322],[46.8453,30.9113],[46.8626,30.9104],[46.9003,30.9151],[46.8929,30.8966],[46.9003,30.8816],[46.9065,30.9022],[46.9489,30.8789],[46.9683,30.8742],[46.9683,30.868],[46.9615,30.868],[46.9615,30.8607],[46.9804,30.8574],[47.0304,30.8194],[47.0236,30.8127],[47.0437,30.8071],[47.0619,30.8174],[47.0887,30.8401],[47.1131,30.8371],[47.1223,30.8306],[47.1152,30.8259],[47.0919,30.8271],[47.0919,30.8194],[47.112,30.8127],[47.1237,30.8189],[47.1361,30.8192],[47.1467,30.8144],[47.1535,30.8059],[47.1738,30.8165],[47.1923,30.8094],[47.2218,30.7785],[47.2059,30.7735],[47.2023,30.7644],[47.2076,30.7576],[47.2282,30.7626],[47.2556,30.7532],[47.2694,30.7582],[47.2956,30.7473],[47.3121,30.7441],[47.3242,30.7438],[47.3407,30.75],[47.3786,30.7927],[47.394,30.8153],[47.4037,30.8194],[47.4552,30.8194],[47.5035,30.8127],[47.5141,30.8047],[47.5146,30.7991],[47.4826,30.7759],[47.4375,30.7582],[47.3795,30.7582],[47.3981,30.7344],[47.4266,30.7303],[47.4985,30.7447],[47.5285,30.7417],[47.5323,30.7323],[47.5408,30.7303],[47.5821,30.7356],[47.5991,30.7303],[47.5991,30.7241],[47.5717,30.7303],[47.5818,30.7167],[47.6244,30.7046]]]]},"properties":{"name":"Lake Hammar"}},{"type":"Feature","geometry":{"type":"Polygon","coordinates":[[[42.4489,11.6746],[42.4389,11.6555],[42.4113,11.6246],[42.3845,11.6923],[42.4221,11.7111],[42.4489,11.6746]]]},"properties":{"name":"Lake Assal"}},{"type":"Feature","geometry":{"type":"Polygon","coordinates":[[[69.6438,50.631],[69.647,50.6246],[69.6335,50.6146],[69.5398,50.5783],[69.5169,50.5754],[69.453,50.5922],[69.4415,50.5928],[69.4209,50.5778],[69.4036,50.5745],[69.3703,50.5831],[69.345,50.5828],[69.2967,50.5748],[69.2743,50.5831],[69.2893,50.5919],[69.3621,50.6095],[69.3724,50.6143],[69.3809,50.6243],[69.4112,50.624],[69.463,50.6449],[69.4721,50.6519],[69.4674,50.6619],[69.4521,50.6684],[69.4333,50.6714],[69.3465,50.6722],[69.3379,50.669],[69.3361,50.6443],[69.3185,50.6204],[69.3038,50.6134],[69.2137,50.5916],[69.2052,50.5792],[69.1984,50.548],[69.2057,50.5418],[69.1928,50.526],[69.1584,50.5068],[69.1439,50.4936],[69.136,50.4662],[69.1307,50.4594],[69.1186,50.4559],[69.0753,50.4527],[69.0777,50.4394],[69.0706,50.4276],[69.0574,50.42],[69.0409,50.4191],[69.0497,50.4447],[69.03,50.4441],[69.0112,50.4232],[69.0238,50.3873],[69.0321,50.3799],[69.0338,50.3673],[69.0383,50.3635],[69.0683,50.3638],[69.0789,50.3558],[69.1007,50.3261],[69.1027,50.3093],[69.1239,50.3311],[69.133,50.3467],[69.1369,50.3602],[69.1448,50.3679],[69.1984,50.3638],[69.2314,50.3646],[69.2484,50.362],[69.264,50.3532],[69.2708,50.3387],[69.2617,50.3199],[69.2743,50.3155],[69.2717,50.3011],[69.2864,50.2716],[69.2743,50.254],[69.2549,50.2475],[69.1781,50.2466],[69.1854,50.2607],[69.1713,50.2675],[69.1589,50.2654],[69.1263,50.2704],[69.1166,50.2675],[69.116,50.2563],[69.1439,50.226],[69.0795,50.2024],[69.0332,50.1963],[68.9914,50.1821],[68.9688,50.1789],[68.9494,50.181],[68.897,50.1992],[68.8304,50.2013],[68.8148,50.2057],[68.8216,50.2198],[68.8063,50.2219],[68.7595,50.2198],[68.7668,50.2328],[68.7492,50.2463],[68.7427,50.2622],[68.7342,50.2648],[68.7156,50.2607],[68.6841,50.246],[68.6615,50.2413],[68.6509,50.2501],[68.6591,50.2587],[68.7118,50.2813],[68.725,50.2987],[68.7268,50.327],[68.733,50.3429],[68.738,50.3849],[68.7474,50.4179],[68.7748,50.4727],[68.7739,50.4836],[68.7633,50.4974],[68.7621,50.508],[68.7692,50.5236],[68.7875,50.548],[68.8169,50.5648],[68.8543,50.5736],[68.894,50.5766],[68.9308,50.5754],[69.0012,50.5577],[69.0371,50.556],[69.0483,50.5754],[69.0959,50.5625],[69.1354,50.5604],[69.141,50.5554],[69.1416,50.5504],[69.1207,50.538],[69.1063,50.5151],[69.0886,50.4736],[69.1015,50.4765],[69.1227,50.5009],[69.1616,50.5312],[69.1728,50.5539],[69.1663,50.5804],[69.1781,50.5966],[69.1993,50.6107],[69.2237,50.6213],[69.2502,50.6278],[69.2776,50.6302],[69.2932,50.6378],[69.2879,50.6569],[69.2761,50.6796],[69.2743,50.699],[69.3085,50.7161],[69.3697,50.7185],[69.5716,50.6929],[69.6131,50.6755],[69.6179,50.6637],[69.6076,50.6605],[69.5896,50.6649],[69.5281,50.6069],[69.5004,50.6028],[69.4933,50.5966],[69.4978,50.5895],[69.5525,50.6013],[69.5934,50.6231],[69.6161,50.6302],[69.6438,50.631]]]},"properties":{"name":"Tengiz Köli"}},{"type":"Feature","geometry":{"type":"Polygon","coordinates":[[[64.9772,52.9336],[64.9978,52.9153],[64.981,52.8865],[64.9363,52.8373],[64.9504,52.7752],[64.9631,52.7525],[64.9634,52.741],[64.9592,52.7316],[64.9086,52.6745],[64.8951,52.666],[64.838,52.6477],[64.82,52.6392],[64.7923,52.6021],[64.7785,52.5977],[64.7629,52.6062],[64.7491,52.6212],[64.7326,52.6312],[64.7102,52.6251],[64.7211,52.6109],[64.7373,52.6039],[64.717,52.598],[64.7029,52.5841],[64.7241,52.578],[64.732,52.5721],[64.7373,52.5629],[64.7158,52.5606],[64.6667,52.57],[64.6516,52.5668],[64.6116,52.5279],[64.6004,52.522],[64.5881,52.525],[64.5663,52.5423],[64.5545,52.5435],[64.5501,52.5409],[64.5418,52.5256],[64.5242,52.5164],[64.4989,52.5126],[64.4753,52.5164],[64.4632,52.5294],[64.4809,52.5341],[64.5021,52.5526],[64.5374,52.5585],[64.5551,52.565],[64.568,52.5768],[64.5807,52.6236],[64.5892,52.6398],[64.6004,52.6524],[64.6178,52.6604],[64.6584,52.6663],[64.6761,52.6727],[64.6931,52.6969],[64.7014,52.7034],[64.7891,52.7516],[64.7973,52.7649],[64.8127,52.8093],[64.8244,52.8226],[64.8397,52.8326],[64.8589,52.8379],[64.8821,52.8373],[64.8748,52.8508],[64.918,52.8773],[64.9298,52.8926],[64.9454,52.9294],[64.9575,52.9397],[64.9772,52.9336]]]},"properties":{"name":"Qusmuryn Köli"}},{"type":"Feature","geometry":{"type":"Polygon","coordinates":[[[36.9914,4.8695],[37.0014,4.8065],[36.992,4.7111],[36.9844,4.674],[36.9685,4.6396],[36.9328,4.6007],[36.914,4.5698],[36.9049,4.5613],[36.8813,4.5527],[36.8236,4.5492],[36.7966,4.5416],[36.7683,4.5224],[36.7406,4.4789],[36.7324,4.4762],[36.7259,4.4848],[36.7206,4.5024],[36.7177,4.523],[36.7194,4.5392],[36.7371,4.5907],[36.7477,4.6567],[36.7901,4.7632],[36.7924,4.8091],[36.7942,4.8209],[36.8001,4.8309],[36.8283,4.8094],[36.881,4.7803],[36.8963,4.7888],[36.9128,4.8239],[36.9231,4.8386],[36.9481,4.8489],[36.9552,4.8554],[36.9608,4.8848],[36.9699,4.8913],[36.9838,4.8869],[36.9914,4.8695]]]},"properties":{"name":"Chew Bahir"}},{"type":"Feature","geometry":{"type":"Polygon","coordinates":[[[37.7264,5.9407],[37.7294,5.9056],[37.7235,5.8541],[37.715,5.8067],[37.705,5.7841],[37.6602,5.767],[37.5969,5.7175],[37.5554,5.7055],[37.5566,5.7488],[37.5487,5.767],[37.5472,5.782],[37.5631,5.817],[37.6058,5.8721],[37.5999,5.8889],[37.6166,5.9001],[37.6111,5.9165],[37.6337,5.9327],[37.6584,5.936],[37.6888,5.9666],[37.7,5.9557],[37.7264,5.9407]]]},"properties":{"name":"Lake Chamo"}},{"type":"Feature","geometry":{"type":"Polygon","coordinates":[[[41.8655,11.2278],[41.8823,11.2066],[41.8743,11.1718],[41.8422,11.1338],[41.7722,11.0797],[41.7307,11.1021],[41.6971,11.1394],[41.6801,11.183],[41.6871,11.2245],[41.721,11.271],[41.7442,11.2857],[41.7734,11.2887],[41.7984,11.2775],[41.8655,11.2278]]]},"properties":{"name":"Lake Abbe"}},{"type":"Feature","geometry":{"type":"Polygon","coordinates":[[[68.0339,41.043],[68.0586,41.0551],[68.0404,41.0159],[68.0139,40.9344],[67.9753,40.8614],[67.9047,40.8146],[67.8891,40.8131],[67.8461,40.819],[67.8305,40.8125],[67.8169,40.7916],[67.8037,40.7834],[67.7893,40.7837],[67.7489,40.8063],[67.7216,40.8108],[67.7083,40.8096],[67.6665,40.7934],[67.6179,40.7584],[67.5879,40.7486],[67.5305,40.7522],[67.502,40.7478],[67.4852,40.7289],[67.4908,40.7195],[67.5747,40.6512],[67.5917,40.6321],[67.6023,40.6103],[67.6047,40.5505],[67.6306,40.5126],[67.6274,40.5011],[67.6068,40.4973],[67.577,40.5064],[67.5282,40.5317],[67.4902,40.5656],[67.4775,40.5729],[67.4387,40.5856],[67.4216,40.5956],[67.3645,40.6447],[67.3262,40.6686],[67.3095,40.6886],[67.3124,40.7063],[67.323,40.7248],[67.3295,40.7466],[67.3221,40.766],[67.3021,40.7713],[67.2518,40.7693],[67.2279,40.776],[67.179,40.7981],[67.1561,40.801],[67.1331,40.7934],[67.1007,40.7751],[67.0748,40.776],[67.0475,40.786],[66.885,40.8835],[66.8526,40.8935],[66.1332,40.9933],[66.1146,41.0036],[66.1217,41.0162],[66.1285,41.0177],[66.2291,41.0139],[66.2756,41.0265],[66.3007,41.0233],[66.3481,41.0095],[66.4437,41.0027],[66.4573,41.005],[66.4938,41.0195],[66.5082,41.0189],[66.545,41.0059],[66.7693,40.9939],[66.8358,41.0024],[66.9848,41.0015],[67.0363,40.9933],[67.0849,40.9771],[67.1163,40.9532],[67.1378,40.9529],[67.1776,40.9609],[67.1979,40.9615],[67.232,40.9503],[67.2674,40.9468],[67.2738,40.9409],[67.2724,40.9173],[67.2891,40.8911],[67.3286,40.8802],[67.4084,40.8738],[67.3989,40.8596],[67.3539,40.8314],[67.3727,40.8205],[67.3966,40.8181],[67.4764,40.8243],[67.5399,40.8208],[67.7648,40.8817],[67.9052,40.9521],[67.9568,40.9906],[67.9968,41.0407],[68.0203,41.061],[68.0339,41.043]]]},"properties":{"name":"Aydar Ko‘l"}},{"type":"Feature","geometry":{"type":"Polygon","coordinates":[[[32.5601,30.1795],[32.5506,30.2001],[32.5436,30.2095],[32.5368,30.2033],[32.5368,30.2298],[32.5309,30.2292],[32.5127,30.2493],[32.4918,30.2655],[32.4871,30.2669],[32.4576,30.2407],[32.4373,30.2496],[32.4135,30.2713],[32.3982,30.2802],[32.3443,30.2987],[32.2966,30.3467],[32.3104,30.3808],[32.3057,30.3997],[32.3263,30.4132],[32.3723,30.4285],[32.3861,30.4224],[32.3932,30.4085],[32.4476,30.3467],[32.4488,30.3199],[32.4541,30.3131],[32.45,30.3028],[32.4597,30.2919],[32.4891,30.2778],[32.5268,30.2728],[32.538,30.2666],[32.5506,30.2504],[32.5574,30.2578],[32.5642,30.2504],[32.5642,30.2457],[32.5574,30.2443],[32.5715,30.2366],[32.5636,30.2345],[32.573,30.2119],[32.5695,30.1901],[32.5601,30.1795]]]},"properties":{"name":"Great Bitter Lake"}},{"type":"Feature","geometry":{"type":"Polygon","coordinates":[[[68.4513,50.1406],[68.4513,50.0894],[68.4345,50.0809],[68.4166,50.082],[68.4021,50.0912],[68.3965,50.1065],[68.3865,50.1162],[68.3212,50.1303],[68.3312,50.1503],[68.34,50.1795],[68.3618,50.1924],[68.3809,50.186],[68.4189,50.1957],[68.4313,50.1851],[68.4177,50.1698],[68.4266,50.1592],[68.4425,50.1503],[68.4513,50.1406]]]},"properties":{"name":"Qypshaq Kli"}},{"type":"Feature","geometry":{"type":"Polygon","coordinates":[[[70.0064,50.513],[70.025,50.473],[70.0208,50.4459],[70.0038,50.4241],[69.9796,50.4103],[69.9537,50.4073],[69.9322,50.4191],[69.9208,50.435],[69.891,50.4936],[69.8725,50.5156],[69.8525,50.5268],[69.806,50.538],[69.7798,50.5677],[69.7771,50.5792],[69.7951,50.5831],[69.8163,50.5781],[69.8357,50.5677],[69.8669,50.5383],[69.9234,50.5139],[69.9322,50.4974],[69.9375,50.4721],[69.9517,50.4509],[69.9714,50.4415],[69.9929,50.4527],[69.9811,50.4594],[69.9729,50.4936],[69.9634,50.5142],[69.9458,50.5345],[69.9611,50.5416],[69.9776,50.5421],[69.9935,50.5371],[70.007,50.5277],[70.0064,50.513]]]},"properties":{"name":"Ozero Shalkar"}},{"type":"Feature","geometry":{"type":"Polygon","coordinates":[[[58.3121,45.062],[58.357,45.1033],[58.3725,45.1305],[58.3784,45.1747],[58.3865,45.2027],[58.41,45.2343],[58.4072,45.2521],[58.4102,45.2757],[58.417,45.2907],[58.456,45.3289],[58.4691,45.3484],[58.4993,45.3643],[58.5236,45.3897],[58.5461,45.4029],[58.5494,45.4077],[58.5526,45.4646],[58.5703,45.5075],[58.574,45.5321],[58.5926,45.5487],[58.6044,45.5791],[58.6384,45.5902],[58.6395,45.6243],[58.6358,45.6395],[58.6472,45.669],[58.6527,45.722],[58.6689,45.7419],[58.6692,45.7636],[58.677,45.7849],[58.6957,45.8181],[58.7117,45.8349],[58.7272,45.8456],[58.7459,45.8515],[58.7585,45.8441],[58.7787,45.8482],[58.8383,45.8342],[58.8394,45.8419],[58.8214,45.8614],[58.814,45.8747],[58.8137,45.8817],[58.8225,45.9034],[58.8494,45.9181],[58.8707,45.9214],[58.8928,45.9115],[58.9039,45.9118],[58.9458,45.9034],[58.9657,45.9048],[58.9893,45.8982],[58.9988,45.8982],[59.0062,45.9063],[59.0172,45.9078],[59.0257,45.9067],[59.0415,45.8956],[59.0599,45.8945],[59.0655,45.8993],[59.0651,45.9159],[59.0691,45.9317],[59.0791,45.9435],[59.0953,45.949],[59.1163,45.9512],[59.149,45.9468],[59.1726,45.9372],[59.1792,45.9258],[59.1855,45.931],[59.1969,45.956],[59.2098,45.9674],[59.2245,45.9752],[59.2403,45.9939],[59.2801,46.0061],[59.2941,46.0061],[59.3029,46.0024],[59.3098,45.9938],[59.3095,45.9774],[59.3014,45.9582],[59.2834,45.9291],[59.244,45.8923],[59.2247,45.883],[59.1726,45.8748],[59.1503,45.8777],[59.1048,45.8967],[59.1045,45.8905],[59.0986,45.8861],[59.0779,45.8781],[59.0677,45.8756],[59.0526,45.8783],[59.0452,45.875],[59.0316,45.8636],[59.0192,45.8437],[58.9867,45.8196],[58.9302,45.7962],[58.9142,45.7948],[58.9097,45.7907],[58.9031,45.7394],[58.9016,45.6893],[58.8694,45.5961],[58.8074,45.57],[58.7662,45.5627],[58.7515,45.5465],[58.7353,45.5067],[58.6719,45.4596],[58.6616,45.439],[58.6381,45.3536],[58.6292,45.3021],[58.6292,45.2638],[58.6631,45.2049],[58.6837,45.1489],[58.6823,45.1298],[58.6705,45.1033],[58.644,45.0724],[58.5468,45.0076],[58.5689,45.0046],[58.588,44.9899],[58.5924,44.9737],[58.588,44.9501],[58.5689,44.9295],[58.567,44.9152],[58.5788,44.896],[58.6097,44.8769],[58.623,44.8548],[58.6245,44.818],[58.6112,44.79],[58.595,44.7724],[58.5626,44.7724],[58.5788,44.7562],[58.5449,44.6575],[58.5243,44.5692],[58.4831,44.5044],[58.4168,44.444],[58.3643,44.4247],[58.3443,44.4235],[58.3046,44.4238],[58.26,44.4315],[58.2446,44.4418],[58.235,44.4609],[58.2335,44.5066],[58.2368,44.5245],[58.2622,44.5574],[58.2762,44.5647],[58.3027,44.5603],[58.3138,44.5706],[58.3211,44.603],[58.3162,44.63],[58.2379,44.7657],[58.2291,44.7966],[58.221,44.8467],[58.2225,44.8695],[58.2365,44.9082],[58.263,44.9454],[58.2814,44.9638],[58.2858,44.9881],[58.3002,45.0156],[58.2998,45.0289],[58.3049,45.0495],[58.3121,45.062]]]},"properties":{"name":"South Aral Sea"}},{"type":"Feature","geometry":{"type":"Polygon","coordinates":[[[59.5917,46.2091],[59.5306,46.2893],[59.5041,46.3188],[59.517,46.3238],[59.5475,46.3269],[59.5703,46.3239],[59.5836,46.3158],[59.5895,46.3041],[59.6601,46.3195],[59.7308,46.3217],[59.7595,46.3092],[59.7846,46.2842],[59.8008,46.2569],[59.8055,46.2439],[59.8022,46.1958],[59.8147,46.1612],[59.8177,46.1399],[59.8133,46.1237],[59.7978,46.1097],[59.7287,46.0828],[59.5917,46.2091]]]},"properties":{"name":"Barsakelmes Lake"}},{"type":"Feature","geometry":{"type":"Polygon","coordinates":[[[60.7523,46.1177],[60.8075,46.1588],[60.8226,46.1847],[60.8248,46.201],[60.81,46.2336],[60.7474,46.3182],[60.7379,46.3396],[60.7283,46.3499],[60.7224,46.3639],[60.7224,46.3742],[60.7058,46.3752],[60.6849,46.3396],[60.6724,46.3359],[60.665,46.3271],[60.6554,46.3241],[60.637,46.3293],[60.6348,46.3182],[60.6252,46.3256],[60.6157,46.3278],[60.6054,46.3212],[60.5877,46.2961],[60.5796,46.2932],[60.5604,46.2954],[60.4714,46.3307],[60.4176,46.3683],[60.3484,46.4029],[60.3315,46.4051],[60.2873,46.3823],[60.1968,46.3749],[60.1836,46.3678],[60.1699,46.3547],[60.1334,46.3565],[60.0771,46.3819],[60.0499,46.4036],[60.0547,46.4084],[59.995,46.4283],[59.9884,46.4379],[59.9774,46.4813],[59.9899,46.5505],[60.0017,46.5719],[60.011,46.5843],[60.0363,46.6011],[60.1159,46.6192],[60.1324,46.6343],[60.1851,46.6619],[60.1991,46.6655],[60.2373,46.6957],[60.2705,46.7031],[60.2867,46.7001],[60.3329,46.6692],[60.3492,46.6486],[60.3676,46.617],[60.3949,46.5441],[60.4059,46.4984],[60.4054,46.4891],[60.4109,46.4825],[60.421,46.5193],[60.429,46.5273],[60.4539,46.5736],[60.4507,46.6184],[60.4593,46.6275],[60.4744,46.622],[60.477,46.6184],[60.4729,46.6061],[60.5587,46.5656],[60.58,46.563],[60.6062,46.566],[60.6706,46.5892],[60.6966,46.6129],[60.7582,46.6344],[60.7656,46.6425],[60.7644,46.6473],[60.6986,46.6771],[60.6353,46.7154],[60.5418,46.7434],[60.5256,46.7508],[60.5197,46.7699],[60.5248,46.7773],[60.5425,46.7773],[60.58,46.7839],[60.594,46.7817],[60.6058,46.7758],[60.6323,46.7758],[60.6743,46.7618],[60.7177,46.7552],[60.7884,46.7552],[60.8108,46.7471],[60.8178,46.739],[60.8223,46.7272],[60.8193,46.7125],[60.7943,46.6639],[60.7877,46.6197],[60.7758,46.5928],[60.7761,46.5814],[60.7842,46.5667],[60.8129,46.5476],[60.8394,46.5085],[60.8924,46.4732],[60.9469,46.46],[61.0838,46.46],[61.1339,46.4496],[61.1977,46.4681],[61.2266,46.4681],[61.2443,46.4762],[61.2671,46.4997],[61.2679,46.5137],[61.2561,46.5277],[61.2392,46.535],[61.2303,46.5476],[61.2362,46.5697],[61.22,46.5667],[61.206,46.5704],[61.2068,46.58],[61.2163,46.5881],[61.2333,46.5807],[61.2966,46.6109],[61.3017,46.633],[61.315,46.6477],[61.3665,46.6492],[61.3842,46.6639],[61.4092,46.6727],[61.4269,46.658],[61.4563,46.6727],[61.5285,46.6771],[61.5064,46.6389],[61.4799,46.6271],[61.4534,46.602],[61.4504,46.5844],[61.3268,46.499],[61.3106,46.4754],[61.2796,46.4798],[61.277,46.4293],[61.2966,46.4092],[61.3003,46.3849],[61.2903,46.3864],[61.2899,46.3642],[61.2804,46.3296],[61.2657,46.3068],[61.2572,46.3065],[61.2471,46.2896],[61.2443,46.2744],[61.2318,46.2509],[61.2171,46.2369],[61.1791,46.224],[61.1657,46.2155],[61.1201,46.217],[61.095,46.192],[61.0406,46.1802],[61.0032,46.1802],[60.9767,46.1699],[60.9463,46.1404],[60.8963,46.1183],[60.8683,46.1125],[60.8625,46.09],[60.7829,46.086],[60.7523,46.1177]]]},"properties":{"name":"North Aral Sea"}},{"type":"Feature","geometry":{"type":"Polygon","coordinates":[[[59.8407,46.0277],[59.8658,46.0402],[59.9372,46.0556],[59.9817,46.0603],[60.0064,46.0505],[60.0235,46.0311],[60.0264,46.0171],[60.0227,45.9943],[60.0113,45.9706],[59.9988,45.9602],[59.9822,45.954],[59.9701,45.9444],[59.9602,45.9433],[59.9546,45.9459],[59.9532,45.9514],[59.9561,45.9588],[59.9622,45.9619],[59.9457,45.9778],[59.9426,45.9915],[59.9434,46.0076],[59.9383,46.0091],[59.9346,46.0164],[59.9217,46.0229],[59.8928,46.0002],[59.8608,45.9872],[59.8086,46.0138],[59.8092,46.0173],[59.8407,46.0277]]]},"properties":{"name":""}}]}