{"type":"FeatureCollection","features":[{"type":"Feature","geometry":{"type":"MultiPolygon","coordinates":[[[[9.345,0.0001],[9.3553,0.0162],[9.3467,0.0406],[9.3454,0.062],[9.3102,0.2513],[9.2988,0.2835],[9.3091,0.3245],[9.3454,0.3558],[9.3562,0.3586],[9.3659,0.3515],[9.3745,0.332],[9.3787,0.3076],[9.3766,0.2873],[9.367,0.2501],[9.3739,0.2192],[9.3584,0.2117],[9.3565,0.2017],[9.3602,0.1811],[9.3804,0.2054],[9.3916,0.2084],[9.4243,0.2082],[9.4292,0.205],[9.4346,0.1921],[9.4608,0.1665],[9.4701,0.147],[9.4735,0.1092],[9.488,0.0983],[9.495,0.0985],[9.4981,0.1092],[9.4925,0.152],[9.4937,0.17],[9.5042,0.188],[9.5537,0.1741],[9.5664,0.1675],[9.5803,0.1218],[9.5868,0.1123],[9.6284,0.1538],[9.6436,0.153],[9.6524,0.1469],[9.6626,0.1265],[9.7124,0.1348],[9.7489,0.0978],[9.7796,0.0495],[9.8122,0.0235],[9.7756,0.0904],[9.7612,0.1092],[9.7586,0.1256],[9.7781,0.1345],[9.8039,0.1332],[9.8196,0.1191],[9.8319,0.1268],[9.8612,0.1613],[9.8963,0.1835],[9.9089,0.188],[9.9251,0.1877],[9.9705,0.1737],[9.9852,0.175],[10.0256,0.188],[10.0256,0.1955],[9.9754,0.1943],[9.9558,0.2],[9.9363,0.216],[9.9024,0.1968],[9.8827,0.1904],[9.8054,0.1857],[9.7922,0.1811],[9.7472,0.1964],[9.7114,0.2232],[9.6797,0.2222],[9.669,0.2272],[9.6211,0.2631],[9.5864,0.2836],[9.5721,0.2983],[9.5664,0.3183],[9.5596,0.3183],[9.5539,0.3061],[9.5482,0.3026],[9.5357,0.3047],[9.4981,0.291],[9.4901,0.3024],[9.4841,0.3381],[9.4593,0.3599],[9.4114,0.4699],[9.3987,0.4887],[9.3709,0.5201],[9.3522,0.5292],[9.319,0.5286],[9.3057,0.5443],[9.3088,0.614],[9.3159,0.6262],[9.3602,0.633],[9.402,0.6535],[9.4154,0.6552],[9.4465,0.6473],[9.52,0.6835],[9.5391,0.6815],[9.5554,0.6652],[9.5628,0.6422],[9.5593,0.6215],[9.5425,0.6125],[9.499,0.6218],[9.4778,0.6191],[9.464,0.5989],[9.4872,0.6059],[9.5164,0.6042],[9.5399,0.5913],[9.5459,0.5648],[9.5578,0.5685],[9.5666,0.5755],[9.5718,0.5857],[9.5733,0.5989],[9.5853,0.5828],[9.5871,0.5537],[9.5819,0.5251],[9.5733,0.5101],[9.5828,0.4816],[9.5908,0.4729],[9.6079,0.4692],[9.6035,0.485],[9.6037,0.5054],[9.6086,0.5231],[9.6239,0.5395],[9.6341,0.5829],[9.6421,0.5989],[9.6284,0.6187],[9.625,0.6393],[9.6284,0.6883],[9.6182,0.8068],[9.5828,0.9007],[9.5755,0.9408],[9.5615,0.9628],[9.5664,0.9831],[9.5789,1.0044],[9.5921,1.0143],[9.6248,1.0173],[9.6424,1.0223],[9.6688,1.0582],[9.6868,1.0613],[9.7451,1.0597],[9.7612,1.0548],[9.7747,1.0329],[9.7831,0.9901],[9.7922,0.9688],[9.8059,1.0036],[9.8045,1.0207],[9.7969,1.0463],[9.7991,1.0582],[9.8198,1.0689],[9.8475,1.0725],[9.8293,1.0819],[9.7922,1.0887],[9.7673,1.1029],[9.7551,1.1059],[9.7141,1.0971],[9.7035,1.0998],[9.6994,1.1098],[9.7038,1.1206],[9.7178,1.1333],[9.6992,1.1255],[9.6764,1.1054],[9.6421,1.0616],[9.6091,1.0535],[9.5843,1.043],[9.5754,1.0548],[9.5597,1.1028],[9.5408,1.1251],[9.5248,1.1333],[9.5065,1.1376],[9.45,1.1233],[9.4204,1.1092],[9.4053,1.1059],[9.3602,1.147],[9.3622,1.157],[9.3596,1.1649],[9.3467,1.1817],[9.3623,1.1881],[9.374,1.1999],[9.3825,1.2145],[9.3988,1.2657],[9.4076,1.2838],[9.4343,1.2998],[9.4483,1.3191],[9.464,1.3598],[9.4614,1.3981],[9.4653,1.4145],[9.4928,1.4266],[9.5322,1.4623],[9.5527,1.4865],[9.5642,1.5034],[9.5781,1.5427],[9.5942,1.5722],[9.6148,1.588],[9.6278,1.5837],[9.6403,1.572],[9.6592,1.5653],[9.6859,1.5688],[9.7445,1.6],[9.7243,1.599],[9.6834,1.5714],[9.6657,1.5756],[9.6223,1.6168],[9.6073,1.6444],[9.6175,1.6715],[9.6763,1.7297],[9.6898,1.7502],[9.7181,1.7718],[9.731,1.7987],[9.743,1.8157],[9.7468,1.8399],[9.7637,1.8661],[9.7991,1.9011],[9.8097,1.935],[9.8058,1.9764],[9.7781,2.0581],[9.7655,2.0854],[9.7666,2.1069],[9.7781,2.124],[9.7864,2.2481],[9.7835,2.2707],[9.7669,2.3105],[9.7798,2.3279],[9.8122,2.3536],[9.8192,2.3769],[9.8229,2.5629],[9.8532,2.697],[9.8705,2.7381],[9.8743,2.7545],[9.8778,2.8814],[9.888,2.9269],[9.9033,2.9683],[9.9434,3.0231],[9.9557,3.0505],[9.958,3.0822],[9.9197,3.2281],[9.9021,3.2517],[9.9021,3.258],[9.9116,3.2577],[9.9295,3.2648],[9.9295,3.2716],[9.9139,3.2703],[9.9031,3.2729],[9.888,3.2852],[9.8553,3.3436],[9.7809,3.4368],[9.739,3.4731],[9.6421,3.539],[9.6642,3.5439],[9.6886,3.5561],[9.7708,3.6187],[9.7928,3.6272],[9.8196,3.6279],[9.7876,3.6371],[9.7596,3.6262],[9.7337,3.6093],[9.7069,3.6005],[9.6384,3.5944],[9.6262,3.6],[9.6213,3.6128],[9.626,3.6265],[9.6421,3.6347],[9.6126,3.705],[9.5651,3.7709],[9.5515,3.7962],[9.5459,3.8196],[9.5816,3.7878],[9.5942,3.7582],[9.6069,3.7523],[9.6243,3.7502],[9.6626,3.7507],[9.611,3.7706],[9.5974,3.7889],[9.5892,3.8096],[9.5921,3.8352],[9.6038,3.859],[9.6211,3.8748],[9.659,3.841],[9.6797,3.8361],[9.6898,3.8606],[9.7235,3.8438],[9.7363,3.8342],[9.7445,3.8196],[9.7503,3.8303],[9.7505,3.8408],[9.7383,3.8606],[9.752,3.8606],[9.7049,3.8775],[9.6829,3.8904],[9.6763,3.909],[9.6892,3.9224],[9.715,3.9313],[9.7644,3.9363],[9.7581,3.95],[9.7644,3.9523],[9.7644,3.9575],[9.6648,3.9404],[9.6346,3.9432],[9.6189,3.9604],[9.6237,3.9858],[9.6399,4.0088],[9.6592,4.0189],[9.6756,4.0338],[9.7189,4.0996],[9.7483,4.1144],[9.7568,4.1298],[9.7546,4.1357],[9.7383,4.1287],[9.7195,4.1149],[9.7035,4.0939],[9.6966,4.0939],[9.6966,4.1144],[9.6789,4.101],[9.6463,4.0515],[9.6284,4.0319],[9.6066,4.0207],[9.5794,4.013],[9.5593,4.0168],[9.5596,4.0394],[9.5459,4.0257],[9.5266,4.0358],[9.5086,4.0542],[9.4985,4.0772],[9.5042,4.1008],[9.4901,4.1159],[9.4785,4.1114],[9.4504,4.0803],[9.4573,4.0711],[9.4844,4.0599],[9.4956,4.0315],[9.5236,4.0061],[9.5325,3.9894],[9.5186,3.9704],[9.4971,3.9777],[9.4769,3.9909],[9.464,4.012],[9.4512,4.0228],[9.4504,4.0319],[9.4292,4.0266],[9.4241,4.0195],[9.4224,4.0084],[9.4494,3.9921],[9.4566,3.9841],[9.4588,3.9724],[9.4504,3.9398],[9.4533,3.9321],[9.4769,3.9158],[9.464,3.91],[9.4121,3.9022],[9.3934,3.9043],[9.3435,3.9158],[9.3137,3.9309],[9.3026,3.965],[9.3076,4.0019],[9.3262,4.0257],[9.3262,4.0319],[9.3014,4.0264],[9.2903,4.0097],[9.2844,3.9923],[9.2503,3.9608],[9.2207,3.966],[9.2107,3.9643],[9.2132,3.9966],[9.2106,4.0081],[9.1965,4.0189],[9.1665,4.0209],[9.1387,4.0154],[9.1234,4.0179],[9.0702,4.0514],[8.9834,4.0924],[8.9712,4.1008],[8.9694,4.129],[8.9885,4.1889],[8.991,4.2175],[8.9603,4.2459],[8.9363,4.2795],[8.919,4.3181],[8.8948,4.4605],[8.9001,4.4851],[8.926,4.5296],[8.9357,4.5533],[8.9136,4.5286],[8.9006,4.5216],[8.8948,4.5359],[8.9043,4.5732],[8.9016,4.5874],[8.8938,4.5946],[8.8719,4.6025],[8.8563,4.63],[8.847,4.6397],[8.8396,4.6426],[8.8357,4.6296],[8.8667,4.5827],[8.8737,4.56],[8.8678,4.5446],[8.8587,4.5408],[8.8506,4.5474],[8.847,4.5632],[8.7986,4.6011],[8.7995,4.5778],[8.8042,4.5701],[8.8128,4.5664],[8.7996,4.5422],[8.7952,4.539],[8.7686,4.5531],[8.757,4.5651],[8.7241,4.5805],[8.7059,4.6347],[8.6613,4.6988],[8.6551,4.7383],[8.6387,4.7131],[8.6454,4.6841],[8.6605,4.654],[8.6857,4.5612],[8.7166,4.539],[8.7227,4.5131],[8.7017,4.5013],[8.5767,4.4919],[8.5654,4.4973],[8.5703,4.5097],[8.5938,4.5328],[8.5817,4.5385],[8.5706,4.5386],[8.5627,4.5332],[8.5564,4.5117],[8.5484,4.5078],[8.5256,4.5117],[8.5103,4.527],[8.5051,4.5509],[8.5099,4.5688],[8.5256,4.5664],[8.5521,4.6147],[8.5383,4.6046],[8.5257,4.6044],[8.5161,4.613],[8.5112,4.6291],[8.5137,4.6423],[8.5212,4.656],[8.5386,4.6762],[8.5676,4.696],[8.5733,4.7041],[8.5736,4.7164],[8.5676,4.7402],[8.5733,4.7525],[8.5801,4.7451],[8.5765,4.7847],[8.5784,4.8047],[8.5946,4.8155],[8.5925,4.8202],[8.5767,4.8271],[8.5686,4.8232],[8.5492,4.8042],[8.5317,4.7581],[8.5326,4.7482],[8.5391,4.7338],[8.5386,4.7246],[8.5298,4.7089],[8.5183,4.704],[8.49,4.711],[8.4758,4.7089],[8.469,4.7117],[8.4823,4.7383],[8.4844,4.7482],[8.4802,4.7525],[8.4518,4.7405],[8.4388,4.7383],[8.4092,4.7493],[8.4074,4.7768],[8.4172,4.8124],[8.4219,4.8475],[8.4157,4.8475],[8.409,4.8134],[8.387,4.7958],[8.3584,4.7973],[8.3324,4.8209],[8.3399,4.8345],[8.312,4.8475],[8.3166,4.861],[8.3084,4.8721],[8.2562,4.9067],[8.2505,4.9232],[8.2321,4.9537],[8.2088,4.9621],[8.1817,4.9914],[8.1755,4.9914],[8.1755,4.9853],[8.2302,4.9337],[8.2437,4.9164],[8.2697,4.8687],[8.2736,4.8454],[8.2573,4.8345],[8.2739,4.8048],[8.2853,4.7916],[8.3049,4.7773],[8.32,4.7344],[8.3324,4.7178],[8.321,4.6892],[8.3195,4.6799],[8.3235,4.6656],[8.3445,4.6566],[8.3535,4.6489],[8.3565,4.6256],[8.3411,4.6116],[8.3215,4.5998],[8.2984,4.5533],[8.2886,4.5486],[8.2355,4.5469],[8.1786,4.5533],[8.0929,4.5533],[8.0513,4.5594],[8.032,4.5588],[7.9987,4.5414],[7.9793,4.539],[7.9353,4.539],[7.7645,4.5192],[7.7551,4.5248],[7.7424,4.5263],[7.7305,4.5224],[7.7229,4.5117],[7.7429,4.5112],[7.7571,4.5049],[7.7355,4.4992],[7.7031,4.4975],[7.6738,4.5022],[7.6609,4.5154],[7.647,4.5191],[7.5584,4.5253],[7.572,4.539],[7.5593,4.5429],[7.5393,4.5418],[7.5374,4.5533],[7.5545,4.5695],[7.5584,4.58],[7.5374,4.6079],[7.5448,4.6216],[7.5296,4.6389],[7.5331,4.6643],[7.551,4.711],[7.5448,4.711],[7.5278,4.6986],[7.5205,4.6898],[7.5174,4.6799],[7.5227,4.6441],[7.5144,4.6321],[7.5142,4.6259],[7.5278,4.6096],[7.5311,4.6011],[7.502,4.5727],[7.4905,4.5663],[7.4792,4.5652],[7.4696,4.5738],[7.4627,4.5738],[7.4541,4.5532],[7.4324,4.5554],[7.3977,4.5738],[7.3467,4.5803],[7.3246,4.5908],[7.312,4.6079],[7.2991,4.602],[7.281,4.6011],[7.2732,4.5839],[7.2637,4.58],[7.2637,4.5738],[7.2774,4.5664],[7.2712,4.56],[7.284,4.5554],[7.301,4.5418],[7.3284,4.5362],[7.3333,4.5294],[7.3318,4.5205],[7.3257,4.5117],[7.281,4.5049],[7.2537,4.5427],[7.1904,4.6116],[7.1817,4.6321],[7.1817,4.6594],[7.1789,4.6689],[7.1724,4.6689],[7.1582,4.662],[7.1331,4.6632],[7.0991,4.6973],[7.0827,4.7427],[7.0718,4.7581],[7.0705,4.7484],[7.0576,4.7309],[7.0604,4.7207],[7.0723,4.7181],[7.0786,4.711],[7.0886,4.6765],[7.0979,4.6618],[7.1472,4.64],[7.1697,4.6059],[7.1734,4.5729],[7.1475,4.56],[7.1755,4.5364],[7.1846,4.519],[7.1782,4.5015],[7.1506,4.4706],[7.1336,4.463],[7.1128,4.4714],[7.1128,4.4509],[7.0942,4.4594],[7.0806,4.4704],[7.0746,4.4853],[7.0786,4.5049],[7.0653,4.493],[7.0627,4.4763],[7.0681,4.4585],[7.0786,4.4434],[7.044,4.4366],[7.0319,4.4599],[7.0259,4.4849],[7.0233,4.5359],[7.007,4.5631],[7.0022,4.5799],[7.0134,4.5874],[7.0178,4.5956],[7.0257,4.6349],[7.0233,4.6489],[7.044,4.6426],[7.0173,4.6762],[7.0036,4.7178],[6.9849,4.6921],[6.9785,4.6924],[6.9745,4.7086],[6.9627,4.7309],[6.9578,4.7155],[6.9602,4.6917],[6.9558,4.6837],[6.967,4.6675],[6.9893,4.6079],[6.9719,4.6091],[6.9627,4.6216],[6.949,4.6147],[6.9295,4.6511],[6.9006,4.6837],[6.9026,4.6669],[6.9075,4.6536],[6.9336,4.6125],[6.9353,4.6046],[6.9315,4.5959],[6.9212,4.5852],[6.9285,4.5738],[6.9385,4.5893],[6.957,4.5941],[6.9749,4.5897],[6.9831,4.5768],[6.9735,4.508],[6.9756,4.4844],[7.011,4.4141],[7.0237,4.3981],[7.0221,4.3885],[7.0163,4.3789],[7.0066,4.3746],[6.9935,4.3763],[6.9641,4.3896],[6.9695,4.3746],[6.9255,4.3915],[6.9031,4.3966],[6.8801,4.3882],[6.8687,4.3998],[6.8609,4.4157],[6.8592,4.4335],[6.8664,4.4509],[6.8493,4.4597],[6.8338,4.4859],[6.8229,4.5175],[6.8186,4.5427],[6.8205,4.5609],[6.8442,4.5975],[6.8484,4.6136],[6.8455,4.6286],[6.8032,4.6498],[6.7855,4.6833],[6.7702,4.7451],[6.7673,4.7697],[6.7707,4.7824],[6.7879,4.8084],[6.7853,4.817],[6.7762,4.8178],[6.7639,4.8065],[6.7544,4.8179],[6.7497,4.8345],[6.7328,4.8287],[6.7156,4.8345],[6.7268,4.7851],[6.7484,4.7717],[6.7556,4.7539],[6.7722,4.663],[6.7937,4.649],[6.8068,4.6332],[6.8255,4.6011],[6.803,4.582],[6.7981,4.5738],[6.7962,4.5597],[6.8161,4.4614],[6.826,4.432],[6.8397,4.4161],[6.8376,4.3929],[6.8708,4.3608],[6.846,4.3472],[6.7746,4.3389],[6.7376,4.3422],[6.7156,4.3547],[6.7126,4.3691],[6.7163,4.4281],[6.7224,4.44],[6.7088,4.4571],[6.7088,4.4919],[6.7349,4.5678],[6.7361,4.6079],[6.7171,4.5846],[6.7018,4.5425],[6.6951,4.4972],[6.7019,4.4639],[6.6975,4.4556],[6.6951,4.4229],[6.6826,4.4592],[6.6799,4.5206],[6.6746,4.5328],[6.6662,4.5202],[6.6541,4.5117],[6.6594,4.4975],[6.6603,4.4509],[6.6643,4.4346],[6.6844,4.3937],[6.6945,4.3591],[6.6951,4.3472],[6.6877,4.3366],[6.6775,4.3331],[6.6185,4.3308],[6.6126,4.3367],[6.6017,4.369],[6.5988,4.4],[6.6001,4.4455],[6.5959,4.4821],[6.5808,4.5079],[6.5505,4.5049],[6.5784,4.4829],[6.5884,4.4477],[6.5847,4.4069],[6.5715,4.3684],[6.5696,4.3349],[6.5199,4.3231],[6.4618,4.3287],[6.4343,4.3472],[6.4077,4.341],[6.4153,4.3223],[6.3989,4.316],[6.3739,4.3144],[6.3363,4.3012],[6.2903,4.3],[6.2705,4.2926],[6.2468,4.3205],[6.2671,4.363],[6.3325,4.4366],[6.3052,4.4399],[6.2972,4.4366],[6.263,4.3957],[6.2585,4.4495],[6.2425,4.498],[6.2363,4.498],[6.237,4.4528],[6.2417,4.4279],[6.2494,4.4099],[6.2199,4.4394],[6.2017,4.4434],[6.2302,4.388],[6.2289,4.3615],[6.2223,4.3419],[6.2152,4.3273],[6.1947,4.3142],[6.1948,4.3],[6.2028,4.3039],[6.2227,4.3],[6.2171,4.2906],[6.1887,4.281],[6.1516,4.279],[6.1265,4.2858],[6.1128,4.2722],[6.0967,4.2781],[6.0877,4.2882],[6.0843,4.3023],[6.085,4.3205],[6.0891,4.3371],[6.1025,4.3609],[6.1053,4.3746],[6.085,4.3684],[6.0887,4.4111],[6.0554,4.4199],[6.0433,4.4161],[6.0403,4.4059],[6.0422,4.3912],[6.0508,4.3684],[6.0466,4.3552],[6.0601,4.3324],[6.0645,4.3168],[6.0618,4.2952],[6.054,4.2963],[6.0422,4.3066],[6.027,4.3131],[6.0049,4.3141],[5.9969,4.3194],[5.9955,4.3547],[6.0033,4.3592],[5.9886,4.382],[5.9886,4.4161],[5.9826,4.4161],[5.9751,4.382],[5.9546,4.3957],[5.9697,4.3615],[5.9728,4.3448],[5.9614,4.3336],[5.9463,4.3352],[5.9102,4.3615],[5.8899,4.3688],[5.8675,4.3873],[5.8556,4.4116],[5.8659,4.4366],[5.8547,4.4375],[5.8475,4.4344],[5.8445,4.4272],[5.8454,4.4161],[5.8391,4.4161],[5.8228,4.4328],[5.7824,4.456],[5.7703,4.4714],[5.7975,4.4571],[5.7898,4.4697],[5.7498,4.4844],[5.694,4.5456],[5.5949,4.6365],[5.5669,4.6752],[5.5573,4.7178],[5.5715,4.711],[5.5715,4.7296],[5.5277,4.7565],[5.5164,4.7758],[5.5115,4.7918],[5.4863,4.835],[5.4754,4.8475],[5.5095,4.8271],[5.501,4.8509],[5.469,4.8868],[5.4413,4.9642],[5.4324,5.0109],[5.4089,5.0676],[5.4065,5.0843],[5.3893,5.1098],[5.386,5.1256],[5.3909,5.1377],[5.4028,5.1424],[5.4338,5.1361],[5.4447,5.1271],[5.4627,5.1023],[5.4754,5.0945],[5.4543,5.1491],[5.4959,5.1423],[5.4612,5.1841],[5.4509,5.1901],[5.4471,5.1859],[5.448,5.1676],[5.4443,5.1635],[5.4279,5.1621],[5.4133,5.1566],[5.4002,5.1623],[5.3761,5.1582],[5.3656,5.1635],[5.3656,5.2077],[5.3611,5.254],[5.3402,5.3439],[5.3457,5.3572],[5.369,5.362],[5.4353,5.3633],[5.4543,5.3688],[5.4595,5.353],[5.468,5.3409],[5.4761,5.3473],[5.4891,5.3688],[5.5296,5.3864],[5.5613,5.3889],[5.5715,5.382],[5.5779,5.382],[5.5703,5.3947],[5.5464,5.4155],[5.5369,5.4303],[5.5319,5.4606],[5.5339,5.4764],[5.5403,5.4883],[5.5536,5.4969],[5.5687,5.4999],[5.6021,5.4993],[5.614,5.505],[5.6399,5.5402],[5.6239,5.5336],[5.5962,5.5142],[5.5779,5.5197],[5.5641,5.5054],[5.541,5.5105],[5.5171,5.4986],[5.5032,5.4765],[5.5095,5.4508],[5.4981,5.4264],[5.4849,5.4115],[5.4686,5.4078],[5.4474,5.4167],[5.436,5.4346],[5.4236,5.4365],[5.4183,5.4308],[5.4211,5.4178],[5.4338,5.3956],[5.376,5.3988],[5.2632,5.4365],[5.2502,5.4582],[5.2186,5.4871],[5.198,5.5015],[5.1906,5.5229],[5.1885,5.5441],[5.1912,5.5539],[5.2228,5.5812],[5.3281,5.5784],[5.3652,5.5723],[5.386,5.5606],[5.3928,5.5606],[5.427,5.6221],[5.44,5.6277],[5.4558,5.6274],[5.471,5.6228],[5.4817,5.6153],[5.4925,5.5812],[5.5081,5.5845],[5.5096,5.5906],[5.5095,5.6016],[5.5021,5.6173],[5.4851,5.6343],[5.4649,5.6486],[5.4474,5.6562],[5.4285,5.6558],[5.419,5.6459],[5.4065,5.6153],[5.396,5.6059],[5.3796,5.598],[5.3615,5.5937],[5.345,5.5948],[5.326,5.6054],[5.3179,5.6196],[5.3182,5.6367],[5.3369,5.6911],[5.3376,5.7246],[5.3314,5.7246],[5.304,5.6501],[5.2932,5.6303],[5.2803,5.6175],[5.263,5.6105],[5.2283,5.6056],[5.2049,5.592],[5.1797,5.5826],[5.1602,5.5948],[5.1292,5.6281],[5.1167,5.6488],[5.1073,5.677],[5.0886,5.7087],[5.085,5.732],[5.0874,5.7521],[5.0934,5.7747],[5.1027,5.7932],[5.115,5.8009],[5.1265,5.797],[5.1465,5.7811],[5.154,5.7792],[5.1592,5.7856],[5.1531,5.8046],[5.154,5.8145],[5.1854,5.842],[5.2674,5.8719],[5.2904,5.9101],[5.2695,5.9064],[5.2354,5.8759],[5.1958,5.864],[5.12,5.8242],[5.055,5.7666],[5.0447,5.7675],[5.0073,5.8492],[4.8859,6.0065],[4.8655,6.0256],[4.8262,6.0425],[4.808,6.0631],[4.7827,6.1025],[4.7478,6.1389],[4.7171,6.1636],[4.6087,6.2318],[4.5474,6.289],[4.509,6.3135],[4.4055,6.3589],[4.1258,6.4103],[3.8703,6.4316],[3.4436,6.4103],[3.4212,6.414],[3.3849,6.4445],[3.4011,6.451],[3.4129,6.4445],[3.4285,6.4587],[3.4343,6.4534],[3.4402,6.4234],[3.4754,6.4556],[3.4812,6.4548],[3.4846,6.4468],[3.4924,6.4465],[3.5054,6.4514],[3.5414,6.4548],[3.5568,6.463],[3.5706,6.4787],[3.5708,6.5093],[3.5808,6.5128],[3.6213,6.5128],[3.6868,6.5311],[3.7002,6.5271],[3.7427,6.5478],[3.7568,6.5638],[3.7622,6.5852],[3.7747,6.5901],[3.8579,6.6022],[3.844,6.6108],[3.8306,6.609],[3.7737,6.6224],[3.7175,6.6011],[3.6638,6.5702],[3.6152,6.5544],[3.5867,6.5529],[3.5515,6.5342],[3.5153,6.5271],[3.5003,6.5339],[3.488,6.5333],[3.4785,6.5414],[3.4733,6.5666],[3.4802,6.5881],[3.4812,6.6022],[3.4519,6.5818],[3.4299,6.5578],[3.4024,6.5522],[3.3986,6.5439],[3.406,6.5128],[3.388,6.4807],[3.3811,6.4616],[3.3698,6.45],[3.3895,6.42],[3.3845,6.3977],[3.3262,6.3914],[3.2142,6.3967],[3.0824,6.3815],[2.9277,6.3891],[2.307,6.3315],[2.2268,6.3137],[1.8845,6.2748],[1.6193,6.2138],[1.4295,6.182],[1.271,6.1337],[1.1996,6.1025],[1.1784,6.098],[1.1331,6.0736],[1.0988,6.047],[1.048,5.9927],[1.0117,5.9263],[0.9953,5.8393],[0.9866,5.8207],[0.9548,5.7911],[0.9144,5.7771],[0.7235,5.7554],[0.3649,5.7815],[0.322,5.7792],[0.286,5.7689],[0.2759,5.7602],[0.2433,5.7562],[0.2244,5.7426],[0.1574,5.7246],[0.1146,5.6887],[0.0757,5.6776],[0.0345,5.6284],[-0.045,5.6016],[-0.0686,5.5812],[-0.0933,5.5766],[-0.3079,5.5074],[-0.3531,5.5017],[-0.3716,5.4927],[-0.4451,5.4314],[-0.4529,5.4201],[-0.4581,5.4047],[-0.4716,5.3908],[-0.5074,5.3688],[-0.5774,5.3516],[-0.5893,5.3515],[-0.6129,5.332],[-0.6295,5.3267],[-0.6378,5.3409],[-0.6895,5.3048],[-0.7023,5.3],[-0.7607,5.2522],[-0.7845,5.2243],[-0.7995,5.2148],[-0.8739,5.204],[-0.8968,5.205],[-0.9115,5.218],[-0.9183,5.2094],[-0.9277,5.2061],[-0.9525,5.2044],[-0.9766,5.1983],[-0.9884,5.1988],[-0.9971,5.2168],[-1.005,5.2145],[-1.0173,5.2044],[-1.0498,5.1987],[-1.1541,5.1539],[-1.1737,5.1306],[-1.2336,5.1007],[-1.2541,5.0965],[-1.3192,5.0945],[-1.364,5.0734],[-1.4049,5.0734],[-1.4597,5.0498],[-1.5293,5.0399],[-1.5519,5.0314],[-1.5695,5.0188],[-1.5839,5.0254],[-1.6015,5.0267],[-1.6185,5.0224],[-1.6308,5.0126],[-1.6324,5.0045],[-1.6255,4.9895],[-1.634,4.9744],[-1.7067,4.9369],[-1.7188,4.9277],[-1.7477,4.8959],[-1.7486,4.8772],[-1.7668,4.8747],[-1.8354,4.8551],[-1.9121,4.8209],[-1.9281,4.8068],[-1.9523,4.7724],[-1.9673,4.7581],[-1.9814,4.7524],[-2.0504,4.7436],[-2.0638,4.7382],[-2.0966,4.7385],[-2.1039,4.7451],[-2.108,4.7756],[-2.1554,4.7861],[-2.1544,4.7907],[-2.1637,4.8005],[-2.2063,4.8345],[-2.237,4.8492],[-2.2428,4.8654],[-2.2528,4.8791],[-2.3566,4.9196],[-2.5258,4.9544],[-2.6904,5.0102],[-2.8209,5.0201],[-2.965,5.0453],[-3.1037,5.0877],[-3.1638,5.1015],[-3.2621,5.111],[-3.2764,5.1181],[-3.2723,5.1324],[-3.2341,5.1635],[-3.2074,5.1566],[-3.2003,5.1518],[-3.1932,5.1361],[-3.1634,5.1255],[-3.1551,5.1279],[-3.1317,5.1081],[-3.1183,5.107],[-3.0876,5.115],[-3.0161,5.1144],[-2.9945,5.1081],[-2.9709,5.0809],[-2.9578,5.0827],[-2.9263,5.0945],[-2.929,5.122],[-2.9012,5.1336],[-2.8653,5.1393],[-2.8437,5.1491],[-2.8462,5.177],[-2.8794,5.1813],[-2.9204,5.1765],[-2.9467,5.1771],[-2.9385,5.1569],[-2.9435,5.1368],[-2.958,5.1212],[-2.9778,5.115],[-3.0463,5.1441],[-3.0628,5.1566],[-3.0828,5.1511],[-3.1224,5.15],[-3.1391,5.1423],[-3.1468,5.1613],[-3.1625,5.1841],[-3.1809,5.2032],[-3.2051,5.2187],[-3.1943,5.2344],[-3.1727,5.2522],[-3.168,5.2663],[-3.165,5.2959],[-3.1591,5.3074],[-3.1454,5.316],[-3.1348,5.3186],[-3.1279,5.3249],[-3.1255,5.3446],[-3.1278,5.3596],[-3.1344,5.3668],[-3.1627,5.3688],[-3.1807,5.3568],[-3.1898,5.3546],[-3.2205,5.362],[-3.2621,5.3409],[-3.2469,5.2976],[-3.2543,5.2836],[-3.2826,5.2802],[-3.2782,5.2725],[-3.2782,5.2654],[-3.2894,5.2522],[-3.2758,5.2448],[-3.2826,5.2448],[-3.2731,5.2412],[-3.241,5.2385],[-3.241,5.2317],[-3.2504,5.2274],[-3.2657,5.2287],[-3.2758,5.2255],[-3.292,5.2105],[-3.303,5.1901],[-3.3136,5.1973],[-3.3207,5.1935],[-3.319,5.1848],[-3.303,5.1771],[-3.309,5.1638],[-3.3031,5.1557],[-3.2758,5.1491],[-3.3122,5.1199],[-3.378,5.1232],[-3.632,5.1771],[-3.6785,5.1798],[-3.7101,5.1861],[-3.718,5.1887],[-3.7214,5.1938],[-3.7173,5.2102],[-3.7189,5.217],[-3.7289,5.2255],[-3.7214,5.2385],[-3.7317,5.23],[-3.7397,5.2171],[-3.748,5.1901],[-3.7555,5.1901],[-3.7675,5.197],[-3.7869,5.199],[-3.8275,5.1976],[-3.8409,5.2012],[-3.8859,5.2255],[-3.9558,5.2346],[-3.987,5.244],[-4.0019,5.2665],[-3.9834,5.2603],[-3.9623,5.2624],[-3.9438,5.2718],[-3.933,5.2869],[-3.9113,5.2619],[-3.9029,5.259],[-3.8964,5.2615],[-3.8937,5.2675],[-3.8995,5.2869],[-3.8512,5.2698],[-3.8341,5.2729],[-3.7754,5.2448],[-3.7822,5.2665],[-3.7398,5.2624],[-3.7289,5.2665],[-3.7157,5.2823],[-3.7219,5.291],[-3.7348,5.2985],[-3.7419,5.3105],[-3.7555,5.3583],[-3.7589,5.3662],[-3.7672,5.3715],[-3.7781,5.3728],[-3.789,5.3688],[-3.8049,5.376],[-3.8133,5.3744],[-3.817,5.3655],[-3.814,5.3598],[-3.7927,5.3446],[-3.7523,5.2946],[-3.735,5.2869],[-3.744,5.274],[-3.7763,5.279],[-3.789,5.2727],[-3.7965,5.2727],[-3.809,5.2878],[-3.8183,5.2917],[-3.8443,5.2932],[-3.8667,5.3036],[-3.8759,5.3134],[-3.8784,5.3266],[-3.892,5.3136],[-3.8988,5.3297],[-3.8995,5.3484],[-3.9063,5.3484],[-3.9126,5.3222],[-3.921,5.3162],[-3.933,5.3205],[-3.9407,5.3146],[-3.9516,5.3129],[-3.9746,5.3205],[-4.0093,5.3136],[-3.9996,5.3046],[-3.984,5.3009],[-3.9674,5.3019],[-3.9547,5.3074],[-3.9405,5.2932],[-3.971,5.273],[-3.9891,5.2691],[-4.04,5.2934],[-4.0609,5.2995],[-4.0702,5.2966],[-4.0785,5.2878],[-4.0969,5.2927],[-4.1255,5.3074],[-4.1601,5.2934],[-4.1739,5.3],[-4.1797,5.2942],[-4.1862,5.2941],[-4.2006,5.3074],[-4.2278,5.289],[-4.241,5.2839],[-4.2558,5.2869],[-4.2489,5.3074],[-4.2746,5.3124],[-4.2856,5.3105],[-4.2974,5.3],[-4.3138,5.3112],[-4.3214,5.311],[-4.3276,5.2952],[-4.3513,5.2727],[-4.3705,5.2892],[-4.3924,5.3],[-4.4134,5.2851],[-4.4238,5.2816],[-4.4339,5.2932],[-4.4265,5.3],[-4.4635,5.2982],[-4.4777,5.2913],[-4.4817,5.2727],[-4.4722,5.2775],[-4.4638,5.2761],[-4.4574,5.2696],[-4.4537,5.259],[-4.4728,5.2634],[-4.5438,5.2665],[-4.5636,5.3],[-4.5693,5.2904],[-4.5697,5.2825],[-4.5655,5.2765],[-4.5575,5.2727],[-4.5575,5.2665],[-4.5755,5.263],[-4.5892,5.2566],[-4.6121,5.2385],[-4.6306,5.2506],[-4.652,5.2492],[-4.6706,5.2407],[-4.6803,5.2317],[-4.6872,5.2317],[-4.7025,5.2399],[-4.7145,5.2522],[-4.7028,5.2574],[-4.6673,5.2522],[-4.6726,5.2681],[-4.6872,5.2727],[-4.6872,5.2802],[-4.6769,5.2848],[-4.6704,5.2919],[-4.6673,5.3136],[-4.6735,5.3136],[-4.6858,5.2906],[-4.7025,5.2783],[-4.7236,5.2735],[-4.7493,5.2727],[-4.7222,5.2523],[-4.7422,5.2346],[-4.7794,5.2189],[-4.8038,5.2044],[-4.81,5.1899],[-4.8086,5.1805],[-4.7995,5.1745],[-4.7834,5.1703],[-4.7477,5.1723],[-4.7375,5.1793],[-4.7424,5.1976],[-4.7172,5.2044],[-4.7047,5.2113],[-4.6954,5.2002],[-4.6872,5.1976],[-4.6545,5.2094],[-4.6083,5.2112],[-4.5989,5.2092],[-4.5848,5.1976],[-4.5596,5.197],[-4.5364,5.2044],[-4.5588,5.2042],[-4.5683,5.2087],[-4.571,5.218],[-4.5649,5.2232],[-4.5301,5.2317],[-4.5301,5.218],[-4.5227,5.218],[-4.5006,5.2287],[-4.4416,5.225],[-4.4128,5.2385],[-4.4081,5.2236],[-4.4003,5.2297],[-4.3856,5.2522],[-4.3673,5.2517],[-4.3378,5.2409],[-4.3247,5.2522],[-4.3058,5.2446],[-4.2252,5.2624],[-4.1996,5.2768],[-4.1838,5.2802],[-4.0605,5.2834],[-4.0292,5.2727],[-4.0486,5.2662],[-4.0702,5.2665],[-3.9958,5.2317],[-4.6205,5.1807],[-4.7847,5.1439],[-4.8754,5.1362],[-4.8926,5.1286],[-4.9152,5.1364],[-4.982,5.1361],[-4.982,5.1423],[-4.969,5.1423],[-4.969,5.1491],[-4.9971,5.1487],[-5.0038,5.1606],[-5.0033,5.1788],[-5.0099,5.1976],[-4.9971,5.2128],[-5.0098,5.2161],[-5.0643,5.2092],[-5.0821,5.2036],[-5.1123,5.1833],[-5.129,5.1977],[-5.1579,5.2122],[-5.1914,5.2192],[-5.2216,5.2112],[-5.2358,5.2255],[-5.2421,5.2255],[-5.253,5.2141],[-5.2899,5.2277],[-5.3109,5.2255],[-5.3215,5.2302],[-5.3273,5.2261],[-5.3282,5.2165],[-5.324,5.2044],[-5.3383,5.2112],[-5.3383,5.1976],[-5.3301,5.1999],[-5.324,5.1901],[-5.3115,5.1958],[-5.2974,5.1976],[-5.2974,5.1901],[-5.305,5.1816],[-5.3383,5.1635],[-5.3383,5.1833],[-5.3594,5.1286],[-5.3929,5.1771],[-5.4004,5.1771],[-5.4004,5.1635],[-5.4139,5.1703],[-5.399,5.142],[-5.3579,5.1235],[-5.3088,5.1182],[-5.2694,5.1286],[-5.2855,5.1408],[-5.3201,5.1376],[-5.3383,5.1423],[-5.3383,5.1491],[-5.3126,5.1526],[-5.2831,5.1771],[-5.2355,5.1613],[-5.2216,5.1703],[-5.2093,5.1628],[-5.1971,5.1601],[-5.1869,5.1643],[-5.1807,5.1771],[-5.199,5.1744],[-5.2138,5.193],[-5.2284,5.1976],[-5.2284,5.2044],[-5.2148,5.1976],[-5.1814,5.2023],[-5.1208,5.167],[-5.095,5.1737],[-5.0809,5.1848],[-5.0677,5.187],[-5.0332,5.1833],[-5.0149,5.1401],[-5.0024,5.1286],[-5.2554,5.121],[-5.2943,5.106],[-5.4957,5.0953],[-5.5248,5.0998],[-5.5505,5.115],[-5.5784,5.0945],[-5.5505,5.0877],[-5.6302,5.0632],[-5.8513,5.03],[-5.9714,4.9926],[-5.9884,4.9839],[-5.9956,4.9748],[-6.0074,4.9752],[-6.0597,4.9558],[-6.1386,4.9152],[-6.4122,4.8239],[-6.4208,4.8171],[-6.4266,4.802],[-6.4415,4.7939],[-6.5839,4.7604],[-6.6107,4.7348],[-6.6268,4.7246],[-6.7533,4.6873],[-6.8537,4.6806],[-6.8795,4.6679],[-6.9031,4.662],[-6.9142,4.6557],[-6.9421,4.6216],[-6.996,4.5765],[-7.0582,4.539],[-7.0992,4.5265],[-7.1735,4.5188],[-7.2328,4.4933],[-7.2452,4.4849],[-7.2552,4.4655],[-7.2882,4.4605],[-7.306,4.4455],[-7.3599,4.4161],[-7.4387,4.351],[-7.4568,4.3441],[-7.5243,4.3547],[-7.5933,4.3472],[-7.6444,4.3615],[-7.7127,4.3615],[-7.721,4.3647],[-7.7332,4.382],[-7.7495,4.3832],[-7.801,4.4063],[-7.8123,4.4161],[-7.8238,4.4407],[-7.8329,4.4522],[-7.8629,4.4614],[-7.8868,4.4802],[-7.9145,4.4865],[-7.942,4.5049],[-7.9599,4.512],[-8.0032,4.5235],[-8.0375,4.5288],[-8.1003,4.5533],[-8.222,4.5681],[-8.2573,4.58],[-8.3002,4.6273],[-8.316,4.6352],[-8.3354,4.6388],[-8.4385,4.6762],[-8.55,4.7549],[-8.6075,4.7869],[-8.7471,4.8377],[-8.7781,4.8543],[-8.8483,4.9136],[-8.8743,4.9301],[-8.9361,4.9554],[-8.9913,4.9675],[-9.0148,4.9785],[-9.032,4.9914],[-9.0258,4.9989],[-9.0697,5.011],[-9.105,5.0316],[-9.1623,5.0809],[-9.2128,5.1074],[-9.244,5.1306],[-9.2787,5.1457],[-9.292,5.1635],[-9.279,5.1635],[-9.2921,5.1816],[-9.3541,5.2112],[-9.4708,5.3205],[-9.4885,5.3716],[-9.4975,5.3894],[-9.508,5.3996],[-9.5418,5.4198],[-9.5937,5.4303],[-9.595,5.44],[-9.5831,5.4549],[-9.5807,5.4645],[-9.597,5.4883],[-9.6968,5.5464],[-9.8421,5.6855],[-9.9796,5.7981],[-10.0152,5.8381],[-10.0399,5.8543],[-10.0462,5.8617],[-10.0491,5.8718],[-10.0448,5.8845],[-10.0462,5.8964],[-10.0555,5.9118],[-10.0713,5.9248],[-10.115,5.9433],[-10.1857,5.9991],[-10.2266,6.0436],[-10.2799,6.077],[-10.2982,6.0849],[-10.336,6.0922],[-10.3537,6.1024],[-10.3641,6.1157],[-10.3615,6.1292],[-10.3523,6.1235],[-10.3445,6.1227],[-10.3381,6.1268],[-10.3336,6.1361],[-10.3536,6.1406],[-10.3956,6.177],[-10.4447,6.2038],[-10.4639,6.205],[-10.4639,6.1975],[-10.4122,6.171],[-10.3894,6.1522],[-10.3819,6.1292],[-10.3971,6.1479],[-10.4249,6.1646],[-10.4567,6.1775],[-10.6594,6.2275],[-10.7883,6.293],[-10.8079,6.3109],[-10.8004,6.3278],[-10.7904,6.3139],[-10.7724,6.3074],[-10.7891,6.3349],[-10.7923,6.359],[-10.7823,6.3814],[-10.7594,6.4042],[-10.7841,6.4013],[-10.8004,6.3899],[-10.8243,6.4377],[-10.8573,6.4728],[-10.8959,6.499],[-11.0536,6.5842],[-11.2331,6.6481],[-11.3532,6.7012],[-11.3749,6.7269],[-11.3757,6.7667],[-11.3699,6.7889],[-11.3683,6.8113],[-11.3819,6.8368],[-11.3856,6.8418],[-11.4044,6.8471],[-11.4411,6.8733],[-11.4762,6.9194],[-11.4928,6.9328],[-11.5339,6.9421],[-11.5539,6.9525],[-11.588,6.9789],[-11.5743,6.9826],[-11.5675,6.9926],[-11.5955,6.9933],[-11.6221,6.9858],[-11.6312,7.0082],[-11.6982,7.067],[-11.8396,7.149],[-12.0737,7.2336],[-12.3148,7.329],[-12.5066,7.3898],[-12.4762,7.4151],[-12.4396,7.4165],[-12.4022,7.4046],[-12.3695,7.3898],[-12.3759,7.405],[-12.401,7.4125],[-12.4172,7.4308],[-12.4465,7.4391],[-12.4643,7.4296],[-12.4892,7.4451],[-12.4924,7.4536],[-12.4708,7.4912],[-12.4283,7.5336],[-12.4104,7.5277],[-12.3994,7.5329],[-12.3627,7.5344],[-12.3387,7.5407],[-12.3148,7.5277],[-12.2951,7.5331],[-12.2589,7.5524],[-12.2322,7.5537],[-12.2384,7.568],[-12.2018,7.576],[-12.1881,7.5831],[-12.1838,7.6027],[-12.2113,7.5998],[-12.218,7.5959],[-12.2255,7.609],[-12.2563,7.6052],[-12.2628,7.5906],[-12.2693,7.5864],[-12.2987,7.576],[-12.3277,7.5732],[-12.3483,7.5634],[-12.37,7.5593],[-12.4036,7.5475],[-12.4411,7.5537],[-12.4637,7.562],[-12.4763,7.6022],[-12.493,7.6164],[-12.493,7.6225],[-12.4852,7.633],[-12.4855,7.6505],[-12.5004,7.6391],[-12.507,7.6386],[-12.5128,7.6443],[-12.5196,7.6443],[-12.5196,7.6301],[-12.5439,7.6536],[-12.5314,7.6871],[-12.493,7.7399],[-12.4713,7.7263],[-12.465,7.7331],[-12.4709,7.7462],[-12.4718,7.76],[-12.4659,7.7706],[-12.452,7.7741],[-12.4722,7.7877],[-12.4901,7.7719],[-12.5196,7.7263],[-12.5695,7.6955],[-12.6019,7.6838],[-12.6164,7.6952],[-12.7012,7.7081],[-12.7114,7.712],[-12.7781,7.7558],[-12.7872,7.7741],[-12.7905,7.7924],[-12.7875,7.8046],[-12.7775,7.8134],[-12.7598,7.8218],[-12.7779,7.819],[-12.8287,7.7983],[-12.8759,7.8287],[-12.8893,7.8548],[-12.8986,7.8657],[-12.9246,7.8749],[-12.9591,7.9112],[-12.9394,7.9151],[-12.9055,7.9341],[-12.8867,7.9385],[-12.8545,7.9316],[-12.8213,7.9174],[-12.8415,7.938],[-12.8669,7.9555],[-12.8884,7.9753],[-12.9053,8.0241],[-12.9118,8.0307],[-12.8952,8.0796],[-12.8759,8.103],[-12.9081,8.1074],[-12.9215,8.1199],[-12.9448,8.1645],[-12.9811,8.1862],[-12.9857,8.2023],[-12.9851,8.2167],[-12.9787,8.242],[-12.9721,8.2539],[-12.9811,8.2521],[-12.9994,8.2402],[-13.0236,8.2402],[-13.0677,8.2333],[-13.0904,8.2246],[-13.1179,8.2088],[-13.1427,8.1898],[-13.1577,8.1713],[-13.1639,8.1713],[-13.1617,8.1872],[-13.1639,8.2296],[-13.1688,8.263],[-13.1639,8.2744],[-13.1756,8.2838],[-13.2103,8.3391],[-13.2239,8.3456],[-13.231,8.3638],[-13.2564,8.3972],[-13.2637,8.4017],[-13.2742,8.4209],[-13.2868,8.4245],[-13.2685,8.4499],[-13.267,8.4627],[-13.2868,8.5002],[-13.2655,8.497],[-13.2595,8.4934],[-13.2527,8.4975],[-13.2458,8.4866],[-13.2289,8.4937],[-13.2108,8.4934],[-13.193,8.4878],[-13.1776,8.4792],[-13.1649,8.465],[-13.1444,8.4312],[-13.11,8.4132],[-13.0857,8.3904],[-13.0604,8.3727],[-13.0336,8.3767],[-13.0336,8.3835],[-13.0563,8.3912],[-13.0638,8.3992],[-13.0677,8.4109],[-13.0541,8.4109],[-13.0541,8.4177],[-13.111,8.4338],[-13.1256,8.449],[-13.1161,8.473],[-13.1044,8.4816],[-13.0615,8.5002],[-13.0479,8.5211],[-13.0399,8.5268],[-13.0267,8.5207],[-13.0242,8.5432],[-13.0131,8.5617],[-12.9371,8.5543],[-12.9072,8.548],[-12.8697,8.5692],[-12.8881,8.5731],[-12.9093,8.5705],[-12.9281,8.5722],[-12.9311,8.5828],[-12.9119,8.6068],[-12.8759,8.6852],[-12.9009,8.6549],[-12.9169,8.6276],[-12.9364,8.607],[-12.9721,8.5964],[-13.0181,8.6002],[-13.0439,8.5847],[-13.0618,8.5832],[-13.0785,8.589],[-13.0888,8.6027],[-13.0663,8.6068],[-13.0443,8.6334],[-13.0267,8.6442],[-13.0267,8.6511],[-13.0411,8.6543],[-13.0478,8.6647],[-13.0541,8.6647],[-13.0635,8.6339],[-13.0706,8.622],[-13.0819,8.6169],[-13.098,8.6219],[-13.1122,8.6339],[-13.1304,8.6579],[-13.1406,8.6522],[-13.1484,8.6534],[-13.1577,8.671],[-13.1626,8.654],[-13.1543,8.6431],[-13.1229,8.6306],[-13.1366,8.6238],[-13.109,8.6033],[-13.1075,8.581],[-13.1221,8.5596],[-13.1434,8.5418],[-13.1392,8.5334],[-13.1393,8.5245],[-13.1441,8.5174],[-13.1543,8.5146],[-13.1624,8.5176],[-13.1685,8.5252],[-13.1951,8.5692],[-13.2169,8.6326],[-13.2412,8.6722],[-13.2402,8.7194],[-13.2352,8.7199],[-13.2402,8.8258],[-13.2123,8.8571],[-13.2009,8.8598],[-13.185,8.8435],[-13.1081,8.8441],[-13.0922,8.8466],[-13.0718,8.8555],[-13.0431,8.8583],[-12.9857,8.8571],[-13.027,8.8697],[-13.0411,8.8612],[-13.0582,8.8612],[-13.0888,8.8702],[-13.1158,8.8624],[-13.1304,8.8641],[-13.1398,8.8814],[-13.1577,8.8845],[-13.1584,8.8923],[-13.1526,8.8971],[-13.1426,8.9167],[-13.1226,8.926],[-13.0751,8.9316],[-13.0751,8.9391],[-13.0925,8.9446],[-13.1151,8.9406],[-13.1577,8.9254],[-13.181,8.923],[-13.2061,8.9284],[-13.2257,8.9425],[-13.2328,8.9664],[-13.24,8.9598],[-13.2402,8.9521],[-13.2549,8.9664],[-13.2605,8.9653],[-13.267,8.9521],[-13.2884,8.9695],[-13.285,9.017],[-13.3011,9.0353],[-13.3011,9.0415],[-13.3216,9.0566],[-13.3258,9.0678],[-13.3222,9.0831],[-13.3006,9.0846],[-13.3011,9.0961],[-13.2738,9.124],[-13.2431,9.1697],[-13.2259,9.1793],[-13.2082,9.1801],[-13.1761,9.1737],[-13.1577,9.1793],[-13.1577,9.1855],[-13.2185,9.1833],[-13.2473,9.186],[-13.2595,9.1964],[-13.2458,9.2134],[-13.2458,9.2265],[-13.2328,9.2674],[-13.2549,9.2448],[-13.2806,9.165],[-13.3153,9.1821],[-13.3222,9.1929],[-13.3136,9.1979],[-13.3116,9.2072],[-13.3147,9.2333],[-13.3079,9.2503],[-13.3222,9.2612],[-13.3253,9.311],[-13.3187,9.3295],[-13.3011,9.3159],[-13.3038,9.3378],[-13.3011,9.3568],[-13.3079,9.3568],[-13.3222,9.3454],[-13.3458,9.3432],[-13.3529,9.3388],[-13.3578,9.3284],[-13.3679,9.2822],[-13.3745,9.2728],[-13.4078,9.287],[-13.412,9.2934],[-13.4041,9.3084],[-13.4141,9.3172],[-13.4238,9.3329],[-13.4308,9.352],[-13.432,9.3711],[-13.4252,9.3899],[-13.4033,9.4182],[-13.3966,9.4394],[-13.4041,9.4394],[-13.4284,9.4207],[-13.4654,9.4182],[-13.4992,9.4288],[-13.514,9.4496],[-13.5209,9.4795],[-13.5207,9.4951],[-13.4932,9.5349],[-13.4867,9.5691],[-13.4935,9.5691],[-13.5156,9.5245],[-13.529,9.5057],[-13.5475,9.5002],[-13.5614,9.509],[-13.5753,9.5272],[-13.5855,9.5491],[-13.5884,9.5691],[-13.619,9.5564],[-13.678,9.5227],[-13.7058,9.5145],[-13.7143,9.5076],[-13.7224,9.5058],[-13.7262,9.5111],[-13.7241,9.5195],[-13.7058,9.5281],[-13.6733,9.5738],[-13.6527,9.5972],[-13.6408,9.6237],[-13.6258,9.6473],[-13.623,9.6629],[-13.6232,9.7274],[-13.6049,9.7374],[-13.5954,9.755],[-13.5665,9.7711],[-13.5611,9.7882],[-13.5818,9.7772],[-13.5943,9.7742],[-13.6041,9.7802],[-13.6478,9.8315],[-13.6512,9.8428],[-13.6648,9.8366],[-13.6538,9.8052],[-13.6505,9.777],[-13.6613,9.7545],[-13.6921,9.7404],[-13.7289,9.7441],[-13.7472,9.7678],[-13.7498,9.7999],[-13.7399,9.8292],[-13.6983,9.8808],[-13.682,9.9135],[-13.6853,9.9465],[-13.694,9.9538],[-13.702,9.9117],[-13.7128,9.9052],[-13.7325,9.8768],[-13.7467,9.8708],[-13.7454,9.8665],[-13.7497,9.8635],[-13.7847,9.8502],[-13.8277,9.8554],[-13.8428,9.8608],[-13.8691,9.8962],[-13.8861,9.9122],[-13.9276,9.9359],[-13.9454,9.9669],[-13.9543,9.9709],[-13.9795,9.9744],[-14.0067,10.001],[-14.043,10.0128],[-14.0583,10.0253],[-14.0619,10.0501],[-14.0461,10.0795],[-14.0203,10.0944],[-13.9938,10.0762],[-14.0148,10.1048],[-14.0282,10.1166],[-14.0341,10.114],[-14.0416,10.1013],[-14.0568,10.1066],[-14.0683,10.1181],[-14.0655,10.1246],[-14.0438,10.1332],[-14.027,10.154],[-13.9999,10.1997],[-14.0145,10.1928],[-14.0447,10.1622],[-14.0893,10.1383],[-14.0893,10.0799],[-14.0923,10.0686],[-14.1006,10.0583],[-14.1134,10.051],[-14.1303,10.0489],[-14.1532,10.0557],[-14.1705,10.0708],[-14.1798,10.0903],[-14.1788,10.1103],[-14.1627,10.1266],[-14.1382,10.1445],[-14.1236,10.1626],[-14.1378,10.1792],[-14.1417,10.1645],[-14.1531,10.1563],[-14.1849,10.1519],[-14.1825,10.1295],[-14.2002,10.1127],[-14.2224,10.1061],[-14.2334,10.114],[-14.2506,10.1405],[-14.2538,10.1553],[-14.2401,10.1751],[-14.2439,10.1823],[-14.2493,10.1843],[-14.259,10.1796],[-14.2701,10.1597],[-14.2921,10.1718],[-14.3524,10.2262],[-14.3627,10.2312],[-14.3767,10.2344],[-14.4186,10.228],[-14.432,10.2344],[-14.4525,10.2146],[-14.4626,10.2252],[-14.4661,10.272],[-14.4582,10.3043],[-14.463,10.33],[-14.5373,10.4036],[-14.548,10.4256],[-14.5505,10.4721],[-14.5455,10.495],[-14.535,10.5082],[-14.5514,10.5068],[-14.5828,10.4809],[-14.6135,10.4734],[-14.629,10.4763],[-14.6374,10.4877],[-14.6443,10.4877],[-14.6512,10.4751],[-14.6578,10.4796],[-14.6647,10.5116],[-14.6611,10.5426],[-14.6505,10.5703],[-14.6394,10.5666],[-14.5964,10.6037],[-14.6206,10.6043],[-14.6287,10.6173],[-14.6274,10.6355],[-14.6152,10.6913],[-14.6073,10.7054],[-14.5964,10.6994],[-14.5902,10.6994],[-14.5883,10.7143],[-14.5685,10.731],[-14.5555,10.7757],[-14.5313,10.8235],[-14.5174,10.829],[-14.5097,10.8425],[-14.5084,10.8585],[-14.5139,10.8719],[-14.5002,10.8911],[-14.5199,10.8854],[-14.5226,10.8776],[-14.5192,10.8665],[-14.5214,10.8508],[-14.5735,10.8124],[-14.5904,10.7873],[-14.6044,10.7604],[-14.616,10.728],[-14.6297,10.7064],[-14.6579,10.6727],[-14.6861,10.6482],[-14.6998,10.6431],[-14.7057,10.6553],[-14.7037,10.6708],[-14.6981,10.6818],[-14.6783,10.6931],[-14.6918,10.6945],[-14.7057,10.6863],[-14.7193,10.6994],[-14.6991,10.7563],[-14.6884,10.772],[-14.6613,10.7928],[-14.6514,10.81],[-14.6647,10.8166],[-14.678,10.7996],[-14.7231,10.7651],[-14.7348,10.7481],[-14.7464,10.7108],[-14.7603,10.6994],[-14.77,10.7188],[-14.7928,10.745],[-14.7951,10.7683],[-14.7816,10.7678],[-14.77,10.7769],[-14.7541,10.803],[-14.7461,10.8312],[-14.7467,10.8508],[-14.7405,10.8719],[-14.7589,10.8585],[-14.7726,10.8365],[-14.8013,10.8235],[-14.8087,10.8235],[-14.8091,10.8456],[-14.8013,10.8644],[-14.8073,10.8736],[-14.808,10.8825],[-14.7951,10.8986],[-14.8139,10.9003],[-14.8197,10.912],[-14.8168,10.9272],[-14.8087,10.9396],[-14.7961,10.9476],[-14.7786,10.9541],[-14.7436,10.96],[-14.7318,10.9665],[-14.7163,11.001],[-14.6995,11.0055],[-14.6808,11.0275],[-14.6647,11.0358],[-14.6772,11.0476],[-14.6852,11.0637],[-14.6901,11.0452],[-14.695,11.0385],[-14.7268,11.0258],[-14.7308,11.0058],[-14.7415,10.9891],[-14.7568,10.9812],[-14.7746,10.988],[-14.7846,10.9811],[-14.8013,10.9805],[-14.7955,10.9997],[-14.8013,11.0119],[-14.8107,11.0145],[-14.8435,10.9675],[-14.8746,10.9733],[-14.8944,11.0303],[-14.9186,11.029],[-14.9015,11.0117],[-14.8988,10.9932],[-14.9111,10.96],[-14.932,10.9757],[-14.9439,10.98],[-14.9596,10.9805],[-14.9264,10.9556],[-14.9144,10.9423],[-14.9111,10.9259],[-14.9209,10.9077],[-14.9398,10.8891],[-14.9581,10.8762],[-14.9664,10.875],[-14.9732,10.8789],[-14.9801,10.875],[-14.9732,10.8542],[-14.9732,10.8201],[-14.969,10.8144],[-14.9502,10.8038],[-14.9459,10.7928],[-14.9477,10.7876],[-14.9596,10.7683],[-14.9775,10.777],[-15.0139,10.7826],[-15.0316,10.7928],[-15.0694,10.8371],[-15.0795,10.8587],[-15.0811,10.8782],[-15.0743,10.8969],[-15.0589,10.916],[-15.0278,10.9293],[-15.0236,10.9436],[-15.0148,10.9538],[-15.0148,10.96],[-15.0193,10.9597],[-15.021,10.9675],[-15.0598,10.9404],[-15.0852,10.9276],[-15.0968,10.9293],[-15.094,10.9425],[-15.0694,10.96],[-15.0483,10.988],[-15.0483,10.9948],[-15.0558,10.9948],[-15.0651,10.9774],[-15.0831,10.9675],[-15.1058,10.9694],[-15.114,10.9752],[-15.1172,10.9843],[-15.0994,11.0577],[-15.0933,11.0699],[-15.0828,11.0754],[-15.0657,11.1146],[-15.0421,11.1183],[-15.0421,11.1388],[-15.0006,11.1422],[-15.0076,11.1574],[-15.021,11.1661],[-15.0077,11.1801],[-14.9997,11.199],[-15.0009,11.2168],[-15.0148,11.2275],[-15.0238,11.2015],[-15.0387,11.1826],[-15.0587,11.1708],[-15.0831,11.1661],[-15.0775,11.1501],[-15.0819,11.1402],[-15.0918,11.1381],[-15.1029,11.1457],[-15.1103,11.1251],[-15.1246,11.132],[-15.1251,11.1127],[-15.1308,11.1037],[-15.1548,11.087],[-15.1662,11.0725],[-15.181,11.0443],[-15.2069,11.0096],[-15.2179,10.9992],[-15.2301,10.9948],[-15.243,11.0004],[-15.2585,11.0136],[-15.2699,11.0285],[-15.2711,11.0392],[-15.2302,11.0618],[-15.2196,11.0699],[-15.2145,11.0814],[-15.2066,11.1251],[-15.2174,11.2094],[-15.2066,11.2338],[-15.2291,11.2304],[-15.235,11.2156],[-15.2251,11.164],[-15.2262,11.1398],[-15.2335,11.1225],[-15.2593,11.1326],[-15.2947,11.132],[-15.3226,11.1457],[-15.3459,11.1423],[-15.3582,11.1442],[-15.3664,11.1665],[-15.3735,11.1738],[-15.3947,11.1791],[-15.4095,11.1896],[-15.4131,11.2138],[-15.4101,11.2792],[-15.425,11.2834],[-15.4261,11.2865],[-15.4252,11.3034],[-15.4189,11.3271],[-15.3886,11.3699],[-15.3779,11.3784],[-15.3513,11.3676],[-15.3398,11.3654],[-15.3297,11.3685],[-15.3156,11.3821],[-15.2954,11.3908],[-15.2732,11.42],[-15.2681,11.433],[-15.3231,11.3891],[-15.3431,11.3784],[-15.3585,11.3874],[-15.3617,11.3991],[-15.3568,11.4296],[-15.331,11.4626],[-15.3363,11.4678],[-15.3534,11.4633],[-15.3664,11.4508],[-15.3842,11.4047],[-15.4263,11.3852],[-15.4407,11.3561],[-15.4495,11.3471],[-15.47,11.3437],[-15.4943,11.3339],[-15.5027,11.3367],[-15.5071,11.3579],[-15.504,11.3686],[-15.481,11.4194],[-15.453,11.4604],[-15.4705,11.4611],[-15.4767,11.468],[-15.4735,11.4945],[-15.4656,11.4897],[-15.4568,11.4891],[-15.4387,11.5019],[-15.4325,11.4808],[-15.4206,11.5053],[-15.4123,11.5077],[-15.4053,11.4945],[-15.3978,11.4945],[-15.4014,11.5134],[-15.412,11.5292],[-15.4073,11.53],[-15.4053,11.536],[-15.3544,11.5251],[-15.3489,11.5283],[-15.3568,11.5429],[-15.35,11.5634],[-15.3431,11.5634],[-15.3351,11.5524],[-15.3096,11.5539],[-15.309,11.536],[-15.2899,11.5428],[-15.2904,11.5563],[-15.3021,11.5717],[-15.3165,11.5838],[-15.3363,11.577],[-15.3363,11.5838],[-15.3145,11.5913],[-15.2947,11.6049],[-15.2748,11.5781],[-15.2585,11.5703],[-15.2401,11.577],[-15.2523,11.5788],[-15.251,11.595],[-15.2538,11.6049],[-15.2773,11.6116],[-15.2811,11.6248],[-15.2479,11.6165],[-15.2401,11.6118],[-15.2265,11.6186],[-15.2339,11.5913],[-15.2091,11.574],[-15.2016,11.5754],[-15.1923,11.5913],[-15.2128,11.6217],[-15.21,11.6286],[-15.1944,11.6428],[-15.1861,11.6459],[-15.1764,11.639],[-15.1484,11.6288],[-15.1449,11.6202],[-15.144,11.5981],[-15.1246,11.6049],[-15.1308,11.6186],[-15.1159,11.6177],[-15.1055,11.6123],[-15.0899,11.5913],[-15.1294,11.5836],[-15.144,11.5838],[-15.137,11.5747],[-15.1246,11.5702],[-15.1289,11.5544],[-15.1233,11.5455],[-15.1147,11.5463],[-15.1051,11.5729],[-15.0815,11.5717],[-15.0445,11.5754],[-15.0238,11.5827],[-15.0158,11.5892],[-15.0073,11.6118],[-15.0392,11.5991],[-15.0725,11.5955],[-15.0799,11.598],[-15.0831,11.6083],[-15.081,11.6129],[-15.062,11.6186],[-15.0662,11.633],[-15.062,11.6459],[-15.0734,11.6485],[-15.0824,11.6433],[-15.0882,11.6325],[-15.0899,11.6186],[-15.1036,11.634],[-15.1123,11.6387],[-15.1246,11.6385],[-15.1246,11.6459],[-15.1175,11.6498],[-15.1029,11.6664],[-15.1029,11.6732],[-15.1103,11.6868],[-15.1172,11.6868],[-15.1308,11.6527],[-15.1428,11.6499],[-15.1579,11.6584],[-15.1719,11.6596],[-15.1614,11.6749],[-15.1352,11.6895],[-15.1308,11.708],[-15.1487,11.6945],[-15.1578,11.6948],[-15.1656,11.7011],[-15.1719,11.7011],[-15.1758,11.6845],[-15.1923,11.6801],[-15.1893,11.6655],[-15.1967,11.6615],[-15.2069,11.6668],[-15.2128,11.6801],[-15.228,11.6586],[-15.2363,11.6643],[-15.2314,11.6813],[-15.2066,11.6937],[-15.2154,11.7],[-15.2191,11.7082],[-15.2128,11.7279],[-15.1861,11.7216],[-15.1905,11.7354],[-15.1995,11.7445],[-15.2196,11.7551],[-15.2265,11.7551],[-15.2292,11.7388],[-15.2414,11.7121],[-15.2401,11.6937],[-15.2505,11.6895],[-15.2593,11.6768],[-15.2681,11.6732],[-15.2742,11.6766],[-15.2612,11.7011],[-15.2729,11.7062],[-15.275,11.7185],[-15.2681,11.7484],[-15.2778,11.7426],[-15.2841,11.7341],[-15.2886,11.7111],[-15.3226,11.708],[-15.309,11.7011],[-15.309,11.6937],[-15.286,11.6788],[-15.2811,11.6698],[-15.285,11.6564],[-15.2939,11.6531],[-15.3034,11.6573],[-15.309,11.6664],[-15.3226,11.6323],[-15.3302,11.6709],[-15.3364,11.6844],[-15.35,11.6801],[-15.3431,11.6664],[-15.3568,11.6664],[-15.3529,11.6401],[-15.3481,11.6288],[-15.3363,11.6186],[-15.3431,11.6049],[-15.3716,11.6297],[-15.3916,11.6596],[-15.3947,11.6419],[-15.3711,11.5913],[-15.3916,11.5981],[-15.3961,11.5846],[-15.4045,11.5845],[-15.4116,11.5946],[-15.412,11.6118],[-15.4189,11.6118],[-15.4259,11.5924],[-15.4263,11.5702],[-15.4387,11.577],[-15.4387,11.5571],[-15.4491,11.5638],[-15.4558,11.5833],[-15.4689,11.6058],[-15.4646,11.6136],[-15.453,11.6217],[-15.4481,11.6369],[-15.4285,11.6705],[-15.4263,11.6937],[-15.4589,11.663],[-15.4761,11.6544],[-15.494,11.6664],[-15.4892,11.675],[-15.4878,11.708],[-15.5009,11.7086],[-15.5089,11.7045],[-15.5213,11.6937],[-15.5292,11.6816],[-15.5381,11.6762],[-15.5423,11.6834],[-15.5513,11.7164],[-15.5514,11.7331],[-15.5329,11.7603],[-15.5179,11.7927],[-15.4803,11.8303],[-15.4631,11.84],[-15.4574,11.8647],[-15.4387,11.8854],[-15.4325,11.8854],[-15.4298,11.879],[-15.4189,11.8712],[-15.415,11.8805],[-15.4101,11.8842],[-15.3978,11.8854],[-15.3747,11.8848],[-15.3346,11.8739],[-15.3127,11.8712],[-15.1892,11.8712],[-15.1619,11.893],[-15.1356,11.8992],[-15.1058,11.9293],[-15.0899,11.9401],[-15.067,11.9401],[-15.0629,11.925],[-15.0697,11.9047],[-15.0871,11.8703],[-15.0864,11.8454],[-15.0797,11.8209],[-15.0694,11.8036],[-15.0501,11.795],[-15.0026,11.7835],[-14.993,11.7657],[-14.9824,11.7541],[-14.9591,11.7489],[-14.9359,11.753],[-14.9254,11.7694],[-14.9514,11.7606],[-14.9695,11.7764],[-14.9833,11.799],[-14.9968,11.8104],[-15.0264,11.8139],[-15.0467,11.8235],[-15.0657,11.8479],[-15.0702,11.8607],[-15.0486,11.8843],[-15.0421,11.8961],[-15.0231,11.9511],[-14.9938,11.9572],[-14.994,11.9637],[-15.0073,11.9748],[-15.0072,11.9783],[-15.0176,11.9815],[-15.0289,11.9822],[-15.0466,11.9765],[-15.0797,11.9879],[-15.0939,11.9837],[-15.1247,11.9654],[-15.1408,11.9612],[-15.1778,11.9234],[-15.1923,11.9134],[-15.2151,11.9096],[-15.2742,11.9265],[-15.3131,11.9328],[-15.3254,11.9386],[-15.3585,11.9632],[-15.381,11.9682],[-15.4044,11.9672],[-15.4263,11.9612],[-15.4565,11.9401],[-15.4891,11.9406],[-15.4974,11.937],[-15.5287,11.906],[-15.5554,11.893],[-15.585,11.8513],[-15.5933,11.8445],[-15.6133,11.839],[-15.6577,11.8127],[-15.6796,11.8036],[-15.7443,11.7919],[-15.7636,11.7777],[-15.8113,11.7532],[-15.8304,11.7484],[-15.8099,11.8295],[-15.7915,11.8632],[-15.7672,11.8647],[-15.754,11.8586],[-15.7342,11.8581],[-15.7342,11.865],[-15.753,11.8661],[-15.7764,11.8857],[-15.7956,11.8854],[-15.8116,11.8737],[-15.8178,11.8376],[-15.8502,11.7753],[-15.8605,11.7694],[-15.88,11.7744],[-15.8841,11.7871],[-15.8776,11.824],[-15.8943,11.8162],[-15.8988,11.7802],[-15.9055,11.7619],[-15.9337,11.7509],[-15.959,11.7348],[-15.9669,11.7484],[-15.9696,11.7683],[-15.9638,11.7883],[-15.9464,11.824],[-15.932,11.8796],[-15.9219,11.8969],[-15.8978,11.9096],[-15.8912,11.9339],[-15.8653,11.9722],[-15.8571,11.9811],[-15.8429,11.9894],[-15.8218,11.9979],[-15.7995,12.0034],[-15.782,12.0028],[-15.7676,11.9787],[-15.7578,11.9748],[-15.7379,11.9737],[-15.7205,11.9674],[-15.7063,12.0083],[-15.7137,12.0158],[-15.7428,11.9949],[-15.7615,11.9953],[-15.7674,11.9993],[-15.7742,12.0109],[-15.782,12.0158],[-15.7908,12.0184],[-15.8371,12.0139],[-15.85,12.0175],[-15.8571,12.0295],[-15.8639,12.0295],[-15.871,12.013],[-15.8896,12.0026],[-15.9328,11.9953],[-15.9259,11.9811],[-15.933,11.9792],[-15.9328,11.9748],[-15.9464,11.9836],[-15.9429,11.9655],[-15.9447,11.9531],[-15.9533,11.9401],[-15.9679,11.927],[-15.9816,11.9213],[-16.0557,11.9202],[-16.0933,11.906],[-16.1133,11.8883],[-16.1246,11.8854],[-16.1343,11.8889],[-16.1588,11.9134],[-16.1832,11.9079],[-16.2152,11.9138],[-16.243,11.9254],[-16.2549,11.937],[-16.2754,11.9811],[-16.285,11.9866],[-16.3118,11.9906],[-16.3232,11.9953],[-16.338,12.017],[-16.3453,12.0618],[-16.3551,12.0873],[-16.3573,12.1011],[-16.3301,12.1592],[-16.3196,12.1717],[-16.308,12.1812],[-16.2828,12.194],[-16.2823,12.1821],[-16.2775,12.1733],[-16.2699,12.1713],[-16.2611,12.1803],[-16.2602,12.1886],[-16.269,12.2034],[-16.2686,12.2144],[-16.2574,12.2302],[-16.1484,12.2907],[-16.132,12.3039],[-16.113,12.3302],[-16.1041,12.338],[-16.0631,12.351],[-16.0898,12.352],[-16.1075,12.3447],[-16.1351,12.3138],[-16.1554,12.3],[-16.2276,12.2827],[-16.272,12.2523],[-16.3058,12.2144],[-16.3246,12.2222],[-16.3231,12.2407],[-16.3157,12.2632],[-16.3164,12.2827],[-16.3215,12.2679],[-16.3343,12.2481],[-16.3404,12.2117],[-16.3502,12.1972],[-16.3653,12.1923],[-16.3846,12.2008],[-16.3915,12.194],[-16.4058,12.2077],[-16.4078,12.1944],[-16.4157,12.1885],[-16.4433,12.1872],[-16.4576,12.1719],[-16.4663,12.1839],[-16.4912,12.1898],[-16.5006,12.1966],[-16.5063,12.2065],[-16.5082,12.2178],[-16.5383,12.2498],[-16.5389,12.256],[-16.5764,12.2827],[-16.5962,12.2761],[-16.6037,12.2765],[-16.6243,12.3039],[-16.6615,12.3323],[-16.6727,12.338],[-16.6876,12.338],[-16.7211,12.3237],[-16.735,12.3452],[-16.7441,12.3789],[-16.7655,12.396],[-16.7987,12.4309],[-16.803,12.4438],[-16.803,12.4854],[-16.8008,12.4945],[-16.7909,12.5032],[-16.7814,12.5229],[-16.7317,12.5521],[-16.6788,12.5502],[-16.6347,12.5795],[-16.618,12.6055],[-16.5797,12.6328],[-16.5614,12.6118],[-16.5472,12.5739],[-16.5333,12.5653],[-16.5327,12.5809],[-16.5225,12.5931],[-16.5048,12.598],[-16.4851,12.5937],[-16.4516,12.575],[-16.4215,12.5669],[-16.3883,12.5516],[-16.371,12.5502],[-16.3513,12.5595],[-16.3273,12.5887],[-16.3096,12.598],[-16.2863,12.5971],[-16.2665,12.59],[-16.2467,12.588],[-16.2122,12.6064],[-16.1929,12.5776],[-16.115,12.6061],[-16.0576,12.6162],[-16.0298,12.633],[-16.0079,12.6321],[-15.9903,12.6229],[-15.9396,12.5806],[-15.8639,12.5776],[-15.84,12.5571],[-15.8055,12.5645],[-15.7941,12.5715],[-15.7829,12.5847],[-15.7688,12.5926],[-15.7479,12.5837],[-15.7361,12.5914],[-15.7296,12.5915],[-15.7159,12.5818],[-15.705,12.5852],[-15.6995,12.5837],[-15.6916,12.5749],[-15.6796,12.5502],[-15.6659,12.5402],[-15.6448,12.5373],[-15.6334,12.5395],[-15.5877,12.558],[-15.5694,12.5763],[-15.5387,12.6154],[-15.5098,12.6358],[-15.5071,12.6496],[-15.5299,12.6658],[-15.5213,12.6738],[-15.5402,12.7269],[-15.5434,12.758],[-15.5349,12.783],[-15.5233,12.7899],[-15.4803,12.7905],[-15.4664,12.7965],[-15.4569,12.8037],[-15.4462,12.8246],[-15.4256,12.805],[-15.4068,12.7997],[-15.394,12.8102],[-15.3916,12.8382],[-15.4071,12.8223],[-15.4218,12.8228],[-15.4369,12.8293],[-15.453,12.8314],[-15.4681,12.8249],[-15.4928,12.8071],[-15.5359,12.8013],[-15.5495,12.7943],[-15.5554,12.7796],[-15.5554,12.7216],[-15.5441,12.6841],[-15.5425,12.6494],[-15.5455,12.6427],[-15.5774,12.6125],[-15.6278,12.5676],[-15.641,12.5595],[-15.6529,12.5589],[-15.6721,12.5707],[-15.6664,12.6007],[-15.6968,12.6142],[-15.7677,12.6254],[-15.8158,12.5954],[-15.8335,12.5913],[-15.8485,12.6085],[-15.8605,12.6117],[-15.8727,12.6096],[-15.8896,12.6002],[-15.9017,12.598],[-15.9133,12.6012],[-15.9533,12.6254],[-15.9527,12.6437],[-15.9812,12.6527],[-16.0011,12.6874],[-16.0132,12.6962],[-16.0221,12.729],[-16.0283,12.729],[-16.0298,12.7175],[-16.0452,12.6905],[-16.0489,12.6564],[-16.0768,12.639],[-16.1177,12.6321],[-16.155,12.6117],[-16.1898,12.6191],[-16.2276,12.6191],[-16.2686,12.6055],[-16.313,12.6117],[-16.3238,12.6096],[-16.3378,12.6002],[-16.3468,12.598],[-16.362,12.5712],[-16.371,12.5645],[-16.412,12.5776],[-16.4452,12.5961],[-16.4607,12.6089],[-16.4672,12.6223],[-16.4896,12.6318],[-16.4945,12.639],[-16.4928,12.6489],[-16.4773,12.6641],[-16.4672,12.6663],[-16.4672,12.6738],[-16.4826,12.6741],[-16.4923,12.6817],[-16.5013,12.7079],[-16.5082,12.6254],[-16.5157,12.6254],[-16.5289,12.6428],[-16.5657,12.6739],[-16.5702,12.6936],[-16.5819,12.6844],[-16.5988,12.664],[-16.6146,12.6601],[-16.6266,12.6625],[-16.6347,12.6694],[-16.6387,12.68],[-16.6379,12.6936],[-16.6238,12.7197],[-16.6038,12.7393],[-16.5907,12.762],[-16.5969,12.7973],[-16.6037,12.7625],[-16.6091,12.7537],[-16.6384,12.7285],[-16.6469,12.7182],[-16.651,12.7053],[-16.6523,12.684],[-16.6451,12.6486],[-16.6472,12.6322],[-16.6773,12.6196],[-16.7211,12.5837],[-16.7546,12.5722],[-16.7731,12.583],[-16.7809,12.6088],[-16.7825,12.6427],[-16.7771,12.678],[-16.7612,12.7132],[-16.7355,12.7329],[-16.7006,12.7216],[-16.699,12.7364],[-16.7132,12.7473],[-16.734,12.7514],[-16.7515,12.7454],[-16.7721,12.7206],[-16.7836,12.7126],[-16.7962,12.7153],[-16.7882,12.7321],[-16.7962,12.7488],[-16.7745,12.7786],[-16.7701,12.7934],[-16.7751,12.8109],[-16.7825,12.8109],[-16.7872,12.7999],[-16.7941,12.795],[-16.8003,12.7988],[-16.803,12.814],[-16.7945,12.8388],[-16.7589,12.8908],[-16.7552,12.9035],[-16.7621,12.9512],[-16.75,13.0136],[-16.7478,13.0403],[-16.7493,13.0566],[-16.7537,13.065],[-16.7689,13.0778],[-16.7843,13.083],[-16.7867,13.0901],[-16.7755,13.1127],[-16.7773,13.1278],[-16.7967,13.1772],[-16.795,13.2359],[-16.803,13.2622],[-16.8201,13.2813],[-16.8245,13.2946],[-16.8166,13.3106],[-16.8297,13.3385],[-16.8207,13.3491],[-16.81,13.3799],[-16.7873,13.3891],[-16.7629,13.405],[-16.7045,13.4754],[-16.6788,13.4962],[-16.6767,13.4859],[-16.6711,13.4787],[-16.6523,13.4682],[-16.6346,13.4774],[-16.6169,13.4782],[-16.6014,13.4722],[-16.5907,13.4614],[-16.5853,13.4433],[-16.6128,13.4392],[-16.6243,13.4272],[-16.6087,13.4137],[-16.5955,13.3851],[-16.5884,13.3553],[-16.5907,13.3385],[-16.5539,13.2958],[-16.5458,13.2901],[-16.4952,13.2879],[-16.4808,13.2839],[-16.4497,13.2641],[-16.4294,13.2622],[-16.4197,13.2556],[-16.4139,13.24],[-16.4135,13.2221],[-16.4194,13.2082],[-16.3998,13.2243],[-16.3909,13.2248],[-16.3778,13.215],[-16.3837,13.2252],[-16.4058,13.246],[-16.4083,13.2587],[-16.4153,13.267],[-16.426,13.2707],[-16.4399,13.2696],[-16.4399,13.2764],[-16.4105,13.2759],[-16.3968,13.2779],[-16.3846,13.2839],[-16.3747,13.2639],[-16.3633,13.2683],[-16.3497,13.2822],[-16.3148,13.2956],[-16.2779,13.3195],[-16.258,13.3249],[-16.2301,13.3164],[-16.2259,13.2966],[-16.2302,13.2736],[-16.2276,13.256],[-16.2097,13.2512],[-16.1855,13.2583],[-16.1513,13.2764],[-16.1513,13.2839],[-16.1725,13.2793],[-16.1993,13.2591],[-16.2035,13.265],[-16.2108,13.3133],[-16.222,13.3198],[-16.2271,13.3337],[-16.2244,13.3603],[-16.2162,13.3727],[-16.1762,13.4054],[-16.1687,13.4133],[-16.1612,13.4287],[-16.1351,13.4205],[-15.9949,13.413],[-15.9413,13.4254],[-15.8912,13.4272],[-15.8713,13.4409],[-15.8495,13.4422],[-15.785,13.4348],[-15.7645,13.4369],[-15.7062,13.4546],[-15.678,13.473],[-15.6687,13.4757],[-15.6589,13.4724],[-15.6447,13.4579],[-15.6349,13.4546],[-15.6208,13.4548],[-15.6009,13.4604],[-15.5896,13.4682],[-15.5651,13.5025],[-15.5554,13.5092],[-15.5434,13.5097],[-15.531,13.5058],[-15.5004,13.4882],[-15.47,13.4962],[-15.4511,13.4909],[-15.4189,13.4546],[-15.3844,13.4435],[-15.3406,13.4408],[-15.3048,13.4553],[-15.2947,13.4962],[-15.3022,13.4962],[-15.3041,13.4811],[-15.3114,13.4678],[-15.3218,13.4582],[-15.3329,13.4546],[-15.3517,13.4567],[-15.4158,13.4732],[-15.4652,13.5102],[-15.4908,13.503],[-15.4999,13.5051],[-15.5179,13.5167],[-15.5561,13.5283],[-15.5758,13.5229],[-15.586,13.515],[-15.6007,13.4955],[-15.6107,13.4893],[-15.6278,13.4885],[-15.6547,13.501],[-15.6721,13.503],[-15.6902,13.499],[-15.7342,13.4757],[-15.7699,13.4651],[-16.0902,13.4405],[-16.1219,13.4516],[-16.1416,13.4546],[-16.1604,13.4506],[-16.2065,13.4205],[-16.2484,13.379],[-16.2806,13.3598],[-16.2891,13.3659],[-16.2849,13.3953],[-16.2891,13.4068],[-16.306,13.3917],[-16.3081,13.3834],[-16.3021,13.372],[-16.3164,13.3659],[-16.3164,13.359],[-16.3021,13.3528],[-16.3219,13.3428],[-16.3559,13.338],[-16.412,13.3385],[-16.4895,13.3571],[-16.5218,13.359],[-16.5035,13.3926],[-16.5013,13.4031],[-16.5035,13.4169],[-16.5198,13.4513],[-16.5382,13.4648],[-16.5445,13.4759],[-16.5565,13.4856],[-16.5565,13.5061],[-16.548,13.5481],[-16.5491,13.5639],[-16.5764,13.6123],[-16.5758,13.6403],[-16.5587,13.6559],[-16.5335,13.6686],[-16.5082,13.688],[-16.5293,13.701],[-16.5166,13.7128],[-16.5072,13.7281],[-16.5089,13.7402],[-16.5293,13.7426],[-16.5266,13.7266],[-16.5315,13.7073],[-16.5421,13.6937],[-16.5565,13.6948],[-16.5637,13.6738],[-16.5793,13.6596],[-16.5989,13.6542],[-16.618,13.6601],[-16.6356,13.678],[-16.64,13.6965],[-16.6271,13.7705],[-16.5825,13.8247],[-16.5764,13.8388],[-16.5491,13.8245],[-16.5565,13.8456],[-16.5218,13.8518],[-16.5201,13.832],[-16.5129,13.8133],[-16.5016,13.802],[-16.487,13.8046],[-16.4946,13.8275],[-16.5006,13.8727],[-16.5157,13.8798],[-16.5104,13.8933],[-16.487,14.0026],[-16.5089,13.9714],[-16.5181,13.9518],[-16.5259,13.9105],[-16.5362,13.8857],[-16.5494,13.8693],[-16.5702,13.873],[-16.5802,13.8595],[-16.6379,13.8456],[-16.6487,13.8369],[-16.659,13.8109],[-16.6825,13.7941],[-16.6925,13.7757],[-16.7001,13.769],[-16.7102,13.7736],[-16.7153,13.8063],[-16.7372,13.8196],[-16.7424,13.8394],[-16.7411,13.8604],[-16.7341,13.873],[-16.7445,13.9022],[-16.7468,13.9514],[-16.7372,13.9677],[-16.7142,13.9856],[-16.7025,13.99],[-16.6603,13.9873],[-16.6463,13.983],[-16.6368,13.9749],[-16.6379,13.9617],[-16.6129,13.9887],[-16.599,13.9968],[-16.5764,13.989],[-16.5768,14.011],[-16.5689,14.0208],[-16.5423,14.0373],[-16.5683,14.0303],[-16.581,14.0328],[-16.5907,14.0436],[-16.5455,14.071],[-16.4891,14.1282],[-16.457,14.1374],[-16.4415,14.1566],[-16.4294,14.161],[-16.4047,14.1454],[-16.3647,14.1678],[-16.4277,14.1701],[-16.4547,14.1802],[-16.453,14.2018],[-16.4687,14.1938],[-16.4746,14.1794],[-16.4715,14.1643],[-16.4604,14.1541],[-16.4728,14.1474],[-16.5048,14.1541],[-16.5132,14.151],[-16.5218,14.1262],[-16.5475,14.0819],[-16.5565,14.0715],[-16.5884,14.062],[-16.6003,14.0542],[-16.6216,14.02],[-16.6317,14.0101],[-16.6542,14.0028],[-16.697,14.0142],[-16.7211,14.0163],[-16.6976,14.0574],[-16.6968,14.0647],[-16.68,14.0694],[-16.6523,14.0995],[-16.6656,14.0956],[-16.6786,14.0761],[-16.6897,14.0715],[-16.7205,14.0689],[-16.7279,14.0647],[-16.7161,14.0513],[-16.7171,14.0424],[-16.7341,14.0231],[-16.7396,14.0011],[-16.7689,13.9617],[-16.7734,13.9336],[-16.7689,13.8388],[-16.7751,13.8388],[-16.781,14.0307],[-16.786,14.0597],[-16.8026,14.1079],[-16.8208,14.1435],[-16.8297,14.1541],[-16.8688,14.1658],[-16.8787,14.1745],[-16.8839,14.189],[-16.8924,14.2429],[-16.8989,14.26],[-16.907,14.2725],[-16.9259,14.2912],[-16.9455,14.3014],[-16.947,14.3145],[-16.9396,14.3559],[-16.9444,14.3724],[-16.9565,14.3901],[-16.9879,14.421],[-17.0595,14.4539],[-17.0705,14.4654],[-17.0762,14.4786],[-17.1115,14.5302],[-17.1378,14.599],[-17.1782,14.6531],[-17.2241,14.6904],[-17.2438,14.6993],[-17.2816,14.7073],[-17.324,14.7289],[-17.3306,14.7363],[-17.3636,14.7359],[-17.3923,14.7393],[-17.4174,14.7377],[-17.4398,14.7221],[-17.4314,14.7125],[-17.4193,14.709],[-17.4268,14.6944],[-17.4398,14.6885],[-17.4268,14.6749],[-17.433,14.6605],[-17.4398,14.6538],[-17.453,14.6621],[-17.5202,14.7431],[-17.536,14.7574],[-17.371,14.8003],[-17.3221,14.839],[-17.173,14.9008],[-17.1387,14.9277],[-16.9797,15.1119],[-16.9479,15.1579],[-16.8782,15.2331],[-16.7392,15.4724],[-16.6697,15.5618],[-16.5389,15.7744],[-16.5343,15.7844],[-16.5423,15.8088],[-16.5273,15.9774],[-16.5392,16.2672],[-16.5293,16.3327],[-16.4945,16.4016],[-16.4862,16.4517],[-16.4672,16.4929],[-16.4672,16.6002],[-16.4592,16.6439],[-16.3791,16.841],[-16.3578,16.8747],[-16.3431,16.9423],[-16.326,16.9752],[-16.2781,17.0407],[-16.1925,17.2193],[-16.1867,17.2438],[-16.1726,17.2624],[-16.079,17.5448],[-16.049,17.6672],[-16.0414,17.8],[-16.0242,17.9602],[-16.0352,18.1414],[-16.0694,18.484],[-16.0806,18.5197],[-16.132,18.6286],[-16.1557,18.7525],[-16.173,18.7931],[-16.164,18.8168],[-16.1656,18.8442],[-16.2046,18.9827],[-16.2389,19.061],[-16.2828,19.1304],[-16.3419,19.1957],[-16.3647,19.2146],[-16.3683,19.2215],[-16.3865,19.2246],[-16.4119,19.2392],[-16.4509,19.2502],[-16.4672,19.2593],[-16.4746,19.2708],[-16.4913,19.3131],[-16.4945,19.331],[-16.5048,19.35],[-16.5241,19.3659],[-16.5355,19.3808],[-16.5218,19.3964],[-16.4637,19.3815],[-16.4078,19.3892],[-16.3592,19.4158],[-16.3232,19.4579],[-16.2995,19.4966],[-16.2939,19.5161],[-16.2849,19.5293],[-16.2828,19.5361],[-16.2859,19.5427],[-16.2991,19.547],[-16.3021,19.5432],[-16.3073,19.5436],[-16.3629,19.4858],[-16.3915,19.4641],[-16.3505,19.5466],[-16.3647,19.5393],[-16.4052,19.5071],[-16.4263,19.4825],[-16.4322,19.4714],[-16.4342,19.4595],[-16.4289,19.4417],[-16.4399,19.4132],[-16.4551,19.4083],[-16.4651,19.4125],[-16.4689,19.4312],[-16.4672,19.4641],[-16.4578,19.4797],[-16.4316,19.5059],[-16.4225,19.5439],[-16.4128,19.5542],[-16.3846,19.5739],[-16.2891,19.7111],[-16.2708,19.7259],[-16.2643,19.7628],[-16.258,19.7657],[-16.2338,19.7936],[-16.236,19.8133],[-16.248,19.8278],[-16.2352,19.8424],[-16.2338,19.862],[-16.2549,19.8483],[-16.2578,19.8642],[-16.2435,19.8887],[-16.248,19.9029],[-16.2665,19.9137],[-16.2792,19.9052],[-16.2891,19.8825],[-16.3056,19.873],[-16.3127,19.8776],[-16.3133,19.8897],[-16.3096,19.9029],[-16.298,19.9225],[-16.2391,19.9792],[-16.2225,20.0036],[-16.214,20.0333],[-16.2184,20.0579],[-16.2486,20.1085],[-16.2611,20.1357],[-16.2396,20.1381],[-16.2117,20.1756],[-16.2031,20.1955],[-16.1997,20.2152],[-16.2023,20.2333],[-16.209,20.2484],[-16.2376,20.29],[-16.2675,20.2982],[-16.2751,20.317],[-16.2951,20.3306],[-16.3232,20.3964],[-16.3479,20.4175],[-16.3505,20.4274],[-16.338,20.4355],[-16.34,20.4411],[-16.3492,20.4574],[-16.3535,20.4764],[-16.3912,20.5695],[-16.401,20.5832],[-16.4157,20.5888],[-16.4239,20.6013],[-16.4296,20.6442],[-16.4467,20.6365],[-16.4672,20.6496],[-16.4672,20.657],[-16.4087,20.675],[-16.4294,20.6776],[-16.4647,20.6719],[-16.4808,20.6751],[-16.4945,20.6911],[-16.487,20.698],[-16.5013,20.726],[-16.5293,20.739],[-16.5363,20.6954],[-16.5284,20.5986],[-16.5423,20.5609],[-16.5525,20.5764],[-16.599,20.6111],[-16.6212,20.6465],[-16.665,20.6706],[-16.6727,20.6776],[-16.6735,20.689],[-16.659,20.698],[-16.6593,20.7065],[-16.665,20.7147],[-16.6711,20.7371],[-16.7102,20.77],[-16.714,20.7777],[-16.7137,20.7962],[-16.7174,20.8041],[-16.7341,20.8215],[-16.7454,20.8686],[-16.769,20.9068],[-16.7751,20.9376],[-16.7887,20.924],[-16.8032,20.9374],[-16.8166,20.986],[-16.8404,21.0095],[-16.8494,21.0336],[-16.8733,21.0646],[-16.8858,21.1086],[-16.8985,21.1369],[-16.9176,21.1592],[-16.9312,21.1515],[-16.9573,21.1059],[-17.0001,21.051],[-17.0101,21.043],[-17.0159,21.0312],[-17.0084,21.0134],[-16.9972,21.0185],[-16.996,21.0014],[-17.0044,20.9324],[-17.0084,20.924],[-17.0181,20.9179],[-17.0412,20.9114],[-17.0494,20.9035],[-17.0501,20.8948],[-17.0358,20.8768],[-17.0279,20.8542],[-17.0384,20.7998],[-17.0469,20.7778],[-17.0569,20.7669],[-17.0683,20.7925],[-17.1002,20.8376],[-17.1046,20.8625],[-17.0923,20.8999],[-17.0904,20.9618],[-17.0679,21.0309],[-17.0268,21.3289],[-17.0152,21.3798],[-17.0128,21.4452],[-16.9711,21.5926],[-16.9669,21.6365],[-16.9703,21.6745],[-16.968,21.6973],[-16.9511,21.7248],[-16.9477,21.736],[-16.947,21.76],[-16.9669,21.7812],[-16.9615,21.7958],[-16.9569,21.8257],[-16.9378,21.8666],[-16.9298,21.9079],[-16.921,21.9313],[-16.8166,22.1306],[-16.7807,22.1657],[-16.7621,22.205],[-16.7341,22.2268],[-16.7179,22.261],[-16.7068,22.2755],[-16.6826,22.2841],[-16.6703,22.2944],[-16.659,22.2951],[-16.6426,22.286],[-16.6317,22.2739],[-16.5218,22.3149],[-16.5022,22.3299],[-16.4822,22.3523],[-16.4666,22.3774],[-16.4315,22.4931],[-16.4294,22.5104],[-16.3573,22.5831],[-16.3444,22.647],[-16.3414,22.732],[-16.3368,22.7537],[-16.3165,22.8061],[-16.2965,22.8321],[-16.3022,22.8683],[-16.2896,22.8998],[-16.2848,22.9034],[-16.2386,22.9116],[-16.2065,22.938],[-16.173,22.9735],[-16.1632,22.9932],[-16.1565,23.0135],[-16.1513,23.0591],[-16.1595,23.0825],[-16.1791,23.0861],[-16.2202,23.0759],[-16.2131,23.0944],[-16.1867,23.1379],[-16.1393,23.1785],[-16.0604,23.3445],[-16.0491,23.3581],[-16.0255,23.3749],[-15.9812,23.4458],[-15.9672,23.5129],[-15.9565,23.5317],[-15.9413,23.5513],[-15.9055,23.6103],[-15.8539,23.6679],[-15.8304,23.686],[-15.8161,23.7276],[-15.7726,23.7878],[-15.7677,23.8126],[-15.7655,23.8568],[-15.7692,23.8757],[-15.782,23.8983],[-15.7751,23.9119],[-15.7868,23.9039],[-15.7882,23.8642],[-15.7953,23.8566],[-15.8304,23.8362],[-15.8617,23.8362],[-15.8882,23.8107],[-15.9233,23.7436],[-15.9396,23.6962],[-15.9482,23.6843],[-15.9949,23.645],[-16.0098,23.6554],[-16.0032,23.6721],[-15.9812,23.6962],[-15.9758,23.7108],[-15.9396,23.7748],[-15.8776,23.8536],[-15.8712,23.8692],[-15.8409,23.9027],[-15.7681,23.9599],[-15.7357,23.9712],[-15.6926,23.9958],[-15.6796,24.0075],[-15.6466,24.0104],[-15.6201,24.0263],[-15.5423,24.1142],[-15.5144,24.1522],[-15.4597,24.1919],[-15.453,24.2102],[-15.4447,24.2219],[-15.3534,24.2911],[-15.2982,24.3452],[-15.2296,24.4407],[-15.204,24.4675],[-15.1536,24.5056],[-15.1127,24.5206],[-15.0694,24.5273],[-15.0483,24.5383],[-15.0148,24.5624],[-15.0154,24.5857],[-15.0,24.6145],[-14.9762,24.6414],[-14.9078,24.6855],[-14.8956,24.7057],[-14.8859,24.7707],[-14.8619,24.8301],[-14.8534,24.8766],[-14.836,24.9187],[-14.8432,24.9653],[-14.836,24.9814],[-14.8435,24.9876],[-14.8326,25.0176],[-14.8292,25.0502],[-14.8435,25.1005],[-14.8424,25.189],[-14.8497,25.2142],[-14.8192,25.3302],[-14.7821,25.4469],[-14.7362,25.5055],[-14.7149,25.5256],[-14.6852,25.5909],[-14.6783,25.6356],[-14.6669,25.6597],[-14.6614,25.6913],[-14.621,25.7836],[-14.5465,25.8792],[-14.5139,25.937],[-14.5111,25.9569],[-14.495,26.0016],[-14.4866,26.0154],[-14.4903,26.0315],[-14.4804,26.0878],[-14.4928,26.1327],[-14.4661,26.1942],[-14.4101,26.2601],[-14.4007,26.2663],[-14.3532,26.2759],[-14.2989,26.3022],[-14.2159,26.3755],[-14.1802,26.4244],[-14.1571,26.4338],[-14.0469,26.4444],[-13.9237,26.5009],[-13.742,26.6181],[-13.62,26.6889],[-13.5611,26.7491],[-13.5009,26.8583],[-13.4803,26.9117],[-13.461,26.9927],[-13.432,27.0508],[-13.4025,27.1772],[-13.3837,27.2153],[-13.3011,27.3244],[-13.3008,27.33],[-13.3078,27.3393],[-13.3079,27.345],[-13.2943,27.3518],[-13.2408,27.4654],[-13.2076,27.5675],[-13.2008,27.6065],[-13.181,27.6448],[-13.1713,27.685],[-13.1605,27.6946],[-13.1304,27.7081],[-13.098,27.7322],[-13.0614,27.7429],[-13.0452,27.7598],[-13.003,27.821],[-12.9796,27.8937],[-12.9681,27.9146],[-12.9524,27.9286],[-12.9331,27.9387],[-12.8389,27.9704],[-12.6578,27.998],[-12.5135,27.9954],[-12.335,28.0473],[-12.0614,28.089],[-12.0231,28.1196],[-12.0056,28.1232],[-11.4856,28.3256],[-11.4528,28.3485],[-11.4288,28.3759],[-11.3893,28.4349],[-11.341,28.4797],[-11.3347,28.4997],[-11.3259,28.5152],[-11.2665,28.5516],[-11.2196,28.6025],[-11.2118,28.6168],[-11.1703,28.6397],[-11.1492,28.6677],[-11.115,28.6918],[-11.0911,28.7263],[-11.0631,28.7524],[-11.0476,28.7617],[-10.7626,28.8902],[-10.6942,28.9306],[-10.6124,28.9677],[-10.5738,28.9904],[-10.4509,29.0922],[-10.3479,29.2294],[-10.3209,29.258],[-10.302,29.2719],[-10.264,29.2841],[-10.2484,29.2994],[-10.2244,29.3331],[-10.1991,29.3613],[-10.1876,29.379],[-10.1776,29.4058],[-10.1418,29.4286],[-10.1282,29.456],[-10.087,29.51],[-10.0809,29.5211],[-10.0726,29.5647],[-10.0636,29.5849],[-10.053,29.5999],[-10.0053,29.6384],[-9.9917,29.6668],[-9.9499,29.716],[-9.8202,29.8389],[-9.7179,29.9966],[-9.6551,30.1269],[-9.6453,30.164],[-9.6284,30.2914],[-9.61,30.3578],[-9.6073,30.3776],[-9.6116,30.4044],[-9.6227,30.4174],[-9.6382,30.4267],[-9.6551,30.4422],[-9.6662,30.4593],[-9.6918,30.5096],[-9.7001,30.5427],[-9.7084,30.5475],[-9.7308,30.5521],[-9.7398,30.5599],[-9.7582,30.5868],[-9.8297,30.6286],[-9.874,30.634],[-9.8885,30.6483],[-9.8867,30.6867],[-9.8656,30.7243],[-9.839,30.7598],[-9.8202,30.7923],[-9.8129,30.8271],[-9.8238,30.8456],[-9.8244,30.852],[-9.8202,30.8711],[-9.8277,31.0675],[-9.8315,31.0854],[-9.8475,31.1213],[-9.835,31.1448],[-9.8089,31.2862],[-9.8066,31.3435],[-9.8109,31.3668],[-9.8475,31.4024],[-9.8162,31.4368],[-9.793,31.4713],[-9.7696,31.5315],[-9.7582,31.5458],[-9.7333,31.5674],[-9.7277,31.5852],[-9.7136,31.5978],[-9.6942,31.6257],[-9.6893,31.6352],[-9.6752,31.7154],[-9.6673,31.7311],[-9.5758,31.8161],[-9.5354,31.8645],[-9.505,31.8884],[-9.4838,31.9226],[-9.3661,32.0263],[-9.3464,32.0615],[-9.3281,32.1304],[-9.292,32.1689],[-9.2777,32.1966],[-9.27,32.2275],[-9.2648,32.3306],[-9.269,32.3355],[-9.2877,32.3435],[-9.292,32.3508],[-9.2897,32.3725],[-9.2834,32.3878],[-9.2563,32.4326],[-9.2489,32.4525],[-9.2469,32.4723],[-9.2724,32.5129],[-9.2783,32.5295],[-9.279,32.5463],[-9.2599,32.5769],[-9.1122,32.6828],[-8.9985,32.7971],[-8.9017,32.8548],[-8.8678,32.8819],[-8.7547,33.0106],[-8.6291,33.1276],[-8.6215,33.1393],[-8.621,33.1735],[-8.6119,33.1863],[-8.5292,33.2687],[-8.5211,33.2725],[-8.5125,33.2705],[-8.5028,33.2615],[-8.4941,33.2595],[-8.4516,33.2642],[-8.415,33.28],[-8.3788,33.3047],[-8.3202,33.3654],[-8.2847,33.3898],[-8.2432,33.4045],[-8.1066,33.4309],[-7.9626,33.4848],[-7.9162,33.4946],[-7.8914,33.5034],[-7.8697,33.5266],[-7.8448,33.536],[-7.778,33.5533],[-7.701,33.5827],[-7.6676,33.6127],[-7.6479,33.6083],[-7.6362,33.6146],[-7.6062,33.6083],[-7.5793,33.6208],[-7.55,33.6256],[-7.5291,33.6326],[-7.4971,33.65],[-7.4633,33.6865],[-7.4343,33.6982],[-7.4064,33.727],[-7.3871,33.7325],[-7.394,33.725],[-7.3739,33.7193],[-7.3526,33.7247],[-7.2675,33.7724],[-7.2293,33.8009],[-7.1929,33.8177],[-7.1526,33.8301],[-7.1166,33.8349],[-7.0995,33.8403],[-7.0679,33.8637],[-7.0318,33.8743],[-6.9274,33.9442],[-6.8221,34.0396],[-6.7338,34.1626],[-6.6678,34.2805],[-6.5579,34.4177],[-6.5309,34.474],[-6.5079,34.5048],[-6.2921,34.8808],[-6.2054,35.1246],[-6.0239,35.5012],[-6.0123,35.5588],[-5.9908,35.5985],[-5.9652,35.6702],[-5.9521,35.6855],[-5.9431,35.7424],[-5.9362,35.7656],[-5.9272,35.7807],[-5.908,35.7973],[-5.8734,35.802],[-5.7814,35.7909],[-5.7693,35.7928],[-5.7299,35.8227],[-5.7117,35.8306],[-5.6935,35.8343],[-5.6809,35.8292],[-5.6634,35.8359],[-5.6397,35.8364],[-5.616,35.8315],[-5.599,35.8223],[-5.54,35.851],[-5.4689,35.9103],[-5.4481,35.9185],[-5.44,35.9181],[-5.4235,35.909],[-5.4142,35.9094],[-5.4055,35.9265],[-5.3662,35.9248],[-5.3274,35.9042],[-5.3093,35.9008],[-5.2831,35.9117],[-5.2919,35.8905],[-5.3356,35.8624],[-5.3457,35.8326],[-5.3424,35.8077],[-5.3274,35.7558],[-5.3188,35.7017],[-5.3048,35.6852],[-5.2768,35.6852],[-5.2768,35.6579],[-5.26,35.6047],[-5.2494,35.5846],[-5.2284,35.5685],[-5.1862,35.5438],[-5.1508,35.5161],[-5.0663,35.4175],[-5.0509,35.4075],[-5.0082,35.3992],[-4.9885,35.3879],[-4.9547,35.3625],[-4.9093,35.3145],[-4.865,35.302],[-4.8106,35.26],[-4.7705,35.241],[-4.6283,35.2054],[-4.4943,35.1806],[-4.376,35.1518],[-4.3476,35.1501],[-4.3271,35.1548],[-4.2694,35.1849],[-4.1306,35.2048],[-4.0467,35.2359],[-3.9613,35.2504],[-3.9193,35.2668],[-3.9094,35.2553],[-3.9125,35.2509],[-3.9295,35.2438],[-3.9039,35.2142],[-3.8893,35.2084],[-3.8409,35.2054],[-3.7875,35.2092],[-3.7648,35.2185],[-3.7555,35.2364],[-3.7471,35.2637],[-3.7262,35.2823],[-3.6996,35.2908],[-3.6736,35.2879],[-3.591,35.2333],[-3.516,35.2235],[-3.4893,35.211],[-3.4538,35.2116],[-3.4129,35.1979],[-3.362,35.1945],[-3.3192,35.2018],[-3.1951,35.2382],[-3.1739,35.2491],[-3.1287,35.2886],[-3.118,35.2941],[-3.0897,35.2863],[-3.0771,35.2879],[-3.0454,35.3144],[-3.0063,35.3935],[-2.9808,35.4245],[-2.9828,35.435],[-2.9779,35.4433],[-2.9686,35.4464],[-2.9567,35.4412],[-2.9522,35.4331],[-2.9576,35.4158],[-2.953,35.404],[-2.963,35.3735],[-2.9481,35.3303],[-2.922,35.288],[-2.899,35.26],[-2.9079,35.251],[-2.9123,35.2358],[-2.9098,35.1867],[-2.9051,35.1736],[-2.882,35.1467],[-2.8561,35.1313],[-2.821,35.1219],[-2.7481,35.116],[-2.7918,35.1452],[-2.8683,35.2174],[-2.8832,35.2385],[-2.8784,35.2463],[-2.8649,35.2376],[-2.8164,35.1945],[-2.8087,35.1838],[-2.7611,35.1433],[-2.7183,35.123],[-2.6667,35.1082],[-2.5632,35.0961],[-2.5175,35.0994],[-2.4933,35.1044],[-2.4772,35.1126],[-2.4561,35.1325],[-2.4371,35.1451],[-2.4167,35.1492],[-2.3214,35.1188],[-2.2753,35.1096],[-2.2226,35.0893],[-2.2001,35.0961],[-2.1894,35.093],[-2.1864,35.0887],[-2.1569,35.101],[-2.1222,35.0947],[-2.0861,35.082],[-2.0524,35.075],[-1.9877,35.0825],[-1.9565,35.075],[-1.9325,35.0887],[-1.8387,35.1109],[-1.8127,35.1265],[-1.7611,35.1296],[-1.7456,35.1388],[-1.7128,35.1706],[-1.6488,35.1884],[-1.6377,35.1945],[-1.6295,35.2122],[-1.5104,35.2955],[-1.4909,35.301],[-1.3959,35.3094],[-1.364,35.3183],[-1.3327,35.3494],[-1.3138,35.3537],[-1.2948,35.3646],[-1.2677,35.3903],[-1.2592,35.4103],[-1.2473,35.4577],[-1.2254,35.4913],[-1.1833,35.5765],[-1.1715,35.581],[-1.148,35.5821],[-1.117,35.6169],[-1.0828,35.6374],[-1.0521,35.661],[-1.0329,35.6826],[-0.9967,35.6896],[-0.9463,35.7193],[-0.9227,35.7252],[-0.9102,35.7243],[-0.8994,35.7118],[-0.8876,35.716],[-0.8495,35.7343],[-0.825,35.7685],[-0.8017,35.7739],[-0.7772,35.7564],[-0.7113,35.743],[-0.7013,35.7269],[-0.6925,35.7193],[-0.6445,35.7193],[-0.6265,35.723],[-0.6061,35.7309],[-0.5893,35.7425],[-0.5773,35.7708],[-0.5651,35.7724],[-0.5409,35.7678],[-0.5234,35.7797],[-0.477,35.8594],[-0.4795,35.89],[-0.4738,35.8913],[-0.4591,35.8838],[-0.418,35.8838],[-0.3761,35.9003],[-0.3485,35.907],[-0.3362,35.9008],[-0.3315,35.8896],[-0.3019,35.8776],[-0.2985,35.8672],[-0.3046,35.8535],[-0.3019,35.8428],[-0.2856,35.8283],[-0.2594,35.8175],[-0.1881,35.8052],[-0.1451,35.7904],[-0.1239,35.7869],[-0.0831,35.7944],[-0.0385,35.8133],[0.0029,35.838],[0.0345,35.8633],[0.07,35.9218],[0.0802,35.947],[0.114,36.0102],[0.1273,36.0508],[0.154,36.065],[0.2022,36.1065],[0.2195,36.1165],[0.2835,36.1344],[0.2944,36.1408],[0.2991,36.1474],[0.3211,36.1589],[0.3293,36.165],[0.3423,36.206],[0.36,36.2139],[0.3845,36.218],[0.4513,36.2232],[0.5567,36.2841],[0.5946,36.2932],[0.6272,36.3192],[0.6441,36.3288],[0.6633,36.3326],[0.7533,36.3386],[0.8023,36.3636],[0.8648,36.3774],[0.9251,36.4182],[0.9363,36.4436],[0.9456,36.4523],[1.0071,36.4669],[1.0448,36.4869],[1.117,36.4871],[1.1388,36.4934],[1.1787,36.5109],[1.2026,36.5144],[1.2655,36.5153],[1.2883,36.5212],[1.3467,36.545],[1.3677,36.5479],[1.4528,36.528],[1.4763,36.529],[1.5174,36.5387],[1.7166,36.5479],[1.7612,36.5616],[1.8029,36.5554],[1.8576,36.5675],[1.9138,36.5702],[1.9728,36.5616],[2.0599,36.5701],[2.3296,36.6373],[2.3516,36.6383],[2.3733,36.6339],[2.3919,36.6243],[2.4041,36.5992],[2.4473,36.5906],[2.6008,36.5963],[2.633,36.6051],[2.7275,36.6652],[2.793,36.6929],[2.8187,36.7109],[2.8436,36.7404],[2.8499,36.7541],[2.8757,36.7748],[2.9331,36.8086],[2.9771,36.8159],[3.0142,36.8117],[3.0479,36.795],[3.074,36.7714],[3.1018,36.7519],[3.1401,36.7416],[3.1794,36.7428],[3.2105,36.7574],[3.2212,36.7714],[3.2261,36.7862],[3.2273,36.8123],[3.2378,36.8131],[3.303,36.7888],[3.3405,36.7807],[3.4607,36.7751],[3.4805,36.7772],[3.5505,36.7914],[3.5706,36.8086],[3.6121,36.8086],[3.6497,36.824],[3.7095,36.8732],[3.7419,36.8912],[3.8275,36.9129],[3.8739,36.9172],[3.9126,36.9116],[3.9483,36.8933],[3.964,36.8912],[3.9964,36.8969],[4.0314,36.8978],[4.0855,36.8921],[4.1048,36.8837],[4.1465,36.9018],[4.1595,36.9042],[4.2105,36.8912],[4.262,36.9116],[4.2786,36.9105],[4.3203,36.898],[4.4407,36.9116],[4.4681,36.906],[4.5041,36.8893],[4.5364,36.8886],[4.5505,36.8837],[4.5816,36.8949],[4.6229,36.8964],[4.698,36.8912],[4.7691,36.898],[4.7871,36.8954],[4.9499,36.8398],[4.9736,36.8189],[5.0093,36.8161],[5.0291,36.795],[5.0459,36.7885],[5.0862,36.7808],[5.1048,36.7813],[5.0848,36.7326],[5.0902,36.7168],[5.1184,36.6994],[5.2359,36.6509],[5.2691,36.6441],[5.3044,36.643],[5.3724,36.6509],[5.4338,36.6652],[5.4649,36.6652],[5.4891,36.6851],[5.5291,36.6977],[5.549,36.7097],[5.5628,36.746],[5.5762,36.7614],[5.5939,36.7739],[5.612,36.7813],[5.6559,36.7918],[5.6746,36.7996],[5.7105,36.8255],[5.7337,36.8323],[5.7588,36.8334],[5.8278,36.8218],[5.8688,36.8229],[6.0371,36.8536],[6.197,36.9023],[6.2357,36.9212],[6.2568,36.9458],[6.2586,36.9668],[6.2544,36.999],[6.2669,37.0178],[6.3146,37.0487],[6.3387,37.0693],[6.3716,37.0835],[6.4158,37.093],[6.4624,37.0939],[6.5027,37.083],[6.5442,37.0588],[6.547,37.0412],[6.5728,37.0278],[6.5833,36.9898],[6.5995,36.9731],[6.6141,36.9779],[6.6712,36.9594],[6.822,36.9526],[6.8528,36.9403],[6.8696,36.9292],[6.8801,36.9184],[6.8796,36.9021],[6.9094,36.8931],[6.9486,36.89],[6.9756,36.8912],[7.0645,36.9133],[7.0923,36.9259],[7.1333,36.9153],[7.157,36.9147],[7.1764,36.9319],[7.239,36.9715],[7.2542,36.9947],[7.2573,37.0041],[7.2555,37.0154],[7.2505,37.0231],[7.2111,37.057],[7.1817,37.0767],[7.1817,37.083],[7.2227,37.0898],[7.2748,37.0693],[7.2883,37.0803],[7.2977,37.083],[7.3359,37.0693],[7.37,37.083],[7.3835,37.083],[7.4046,37.0516],[7.4383,37.0486],[7.4561,37.042],[7.4902,37.055],[7.5261,37.0331],[7.5559,37.0079],[7.5889,36.9876],[7.6336,36.9805],[7.6619,36.9885],[7.6745,36.9868],[7.696,36.977],[7.7127,36.9632],[7.7608,36.9669],[7.7708,36.9701],[7.7986,36.9936],[7.7786,36.9511],[7.7743,36.9315],[7.7912,36.9184],[7.7734,36.89],[7.8099,36.8682],[7.8665,36.8544],[7.9085,36.8496],[8.05,36.8776],[8.073,36.8874],[8.093,36.9018],[8.2332,36.9581],[8.2511,36.9487],[8.2687,36.9337],[8.2881,36.9259],[8.356,36.9259],[8.374,36.9184],[8.3888,36.9232],[8.4287,36.9042],[8.4632,36.9016],[8.4976,36.9042],[8.6921,36.9694],[8.7166,36.9731],[8.802,36.9731],[8.8244,36.9795],[8.8657,37.0076],[8.9037,37.0217],[8.9569,37.0693],[8.9876,37.1168],[9.0108,37.1278],[9.0387,37.1518],[9.1592,37.1928],[9.1714,37.1988],[9.1924,37.2261],[9.2107,37.2338],[9.3425,37.2353],[9.3807,37.2475],[9.4051,37.2685],[9.4191,37.2758],[9.4429,37.2665],[9.4539,37.2683],[9.5173,37.2867],[9.5386,37.298],[9.5527,37.3095],[9.5731,37.3002],[9.5915,37.3029],[9.6493,37.3319],[9.6663,37.3354],[9.7103,37.3362],[9.7446,37.3452],[9.7734,37.3305],[9.8589,37.3288],[9.8617,37.2712],[9.8307,37.2512],[9.7927,37.238],[9.7718,37.2133],[9.7907,37.1784],[9.8015,37.1691],[9.8078,37.155],[9.8159,37.1518],[9.8597,37.147],[9.8799,37.1501],[9.9021,37.1649],[9.9143,37.1783],[9.9253,37.1968],[9.925,37.2131],[9.8612,37.2338],[9.8196,37.2276],[9.8196,37.2338],[9.8439,37.2475],[9.8535,37.2495],[9.8674,37.2617],[9.8825,37.2636],[9.9798,37.246],[9.9978,37.2475],[10.0513,37.2666],[10.0598,37.2648],[10.0759,37.2449],[10.1463,37.2365],[10.1787,37.2127],[10.2531,37.1914],[10.2721,37.1785],[10.2401,37.1718],[10.2113,37.1587],[10.2058,37.1751],[10.178,37.178],[10.146,37.1712],[10.1281,37.1587],[10.1354,37.1423],[10.1616,37.1343],[10.1919,37.1332],[10.2113,37.1376],[10.2271,37.1177],[10.2303,37.1081],[10.2244,37.0959],[10.2175,37.1103],[10.1743,37.0762],[10.1824,37.027],[10.2201,36.9766],[10.2659,36.9389],[10.3137,36.9184],[10.3472,36.8803],[10.342,36.8686],[10.319,36.8502],[10.3093,36.8298],[10.2988,36.8218],[10.2852,36.82],[10.2721,36.8291],[10.2796,36.8443],[10.2702,36.8485],[10.2529,36.8463],[10.2205,36.8378],[10.2107,36.8319],[10.1936,36.8123],[10.1885,36.7976],[10.2029,36.7926],[10.2342,36.7919],[10.2472,36.7863],[10.257,36.7939],[10.2721,36.8161],[10.2936,36.7777],[10.3201,36.7488],[10.3553,36.7312],[10.403,36.7267],[10.437,36.7288],[10.4877,36.7497],[10.5187,36.7558],[10.5382,36.772],[10.5669,36.8632],[10.585,36.8762],[10.6061,36.8797],[10.6526,36.8769],[10.6947,36.8834],[10.7335,36.8958],[10.7832,36.9244],[10.814,36.9504],[10.8231,36.9539],[10.8301,36.9682],[10.8875,37.006],[10.8958,37.0141],[10.8984,37.0252],[10.8929,37.0386],[10.9021,37.0488],[10.9237,37.057],[10.9741,37.0613],[11.0127,37.0848],[11.0334,37.0875],[11.051,37.0803],[11.0603,37.0625],[11.0589,37.0539],[11.0486,37.042],[11.0461,37.0314],[11.0484,37.0203],[11.0581,37.006],[11.064,36.9901],[11.0877,36.9594],[11.0945,36.9184],[11.106,36.9016],[11.1243,36.8857],[11.1362,36.8705],[11.1305,36.854],[11.1168,36.8384],[11.0767,36.8252],[11.0221,36.7883],[10.9925,36.7441],[10.9499,36.6939],[10.8795,36.5885],[10.8257,36.4798],[10.7999,36.4519],[10.7172,36.4346],[10.6204,36.3903],[10.5856,36.3981],[10.5509,36.3773],[10.5191,36.3375],[10.4911,36.2581],[10.4793,36.217],[10.4747,36.1125],[10.4795,36.0793],[10.4998,36.0273],[10.5091,36.0112],[10.5186,35.98],[10.5565,35.938],[10.5823,35.9218],[10.6086,35.8559],[10.6221,35.8426],[10.6937,35.7878],[10.7436,35.7697],[10.8037,35.7869],[10.8231,35.7805],[10.8414,35.7665],[10.8303,35.7532],[10.8245,35.7334],[10.8296,35.7131],[10.8412,35.6988],[10.9718,35.6541],[11.012,35.6579],[11.041,35.6377],[11.055,35.6145],[11.0171,35.6023],[11.012,35.579],[11.0149,35.5552],[11.0239,35.5338],[11.0392,35.5185],[11.0851,35.5068],[11.0577,35.4867],[11.0507,35.4598],[11.0455,35.4348],[11.0494,35.3913],[11.0372,35.3708],[11.0422,35.3344],[11.0659,35.3033],[11.1013,35.2668],[11.1221,35.2536],[11.1608,35.2382],[11.1592,35.2188],[11.1314,35.218],[11.1116,35.2056],[11.0923,35.1739],[11.0629,35.1536],[11.035,35.1071],[11.0159,35.0928],[11.0225,35.0645],[11.0181,35.0342],[10.9844,34.9994],[10.9459,34.9835],[10.9177,34.9574],[10.925,34.9341],[10.9165,34.9133],[10.9163,34.8736],[10.8755,34.8491],[10.8563,34.8309],[10.8714,34.7974],[10.8349,34.7834],[10.8113,34.7689],[10.779,34.7395],[10.7635,34.7134],[10.744,34.6987],[10.7347,34.6809],[10.7173,34.6647],[10.7012,34.656],[10.6253,34.6332],[10.615,34.6036],[10.6074,34.5933],[10.6057,34.5737],[10.5988,34.5625],[10.597,34.5447],[10.5816,34.5327],[10.5594,34.5235],[10.466,34.5119],[10.4319,34.4963],[10.3787,34.4231],[10.3304,34.4126],[10.3001,34.4177],[10.2881,34.414],[10.2472,34.3721],[10.1868,34.352],[10.1667,34.3388],[10.1267,34.3256],[10.1022,34.3041],[10.0898,34.273],[10.054,34.2132],[10.0328,34.1847],[10.0188,34.1806],[10.0052,34.1706],[10.0147,34.1534],[10.0184,34.1335],[10.0182,34.0915],[10.0215,34.0733],[10.0361,34.0345],[10.0488,33.9835],[10.0713,33.9462],[10.1631,33.8362],[10.1869,33.8218],[10.3303,33.7028],[10.3677,33.6841],[10.4461,33.6554],[10.4893,33.6471],[10.5584,33.6557],[10.6341,33.6736],[10.6976,33.7026],[10.7166,33.7069],[10.74,33.6716],[10.7369,33.6029],[10.7075,33.5817],[10.6914,33.5761],[10.679,33.5626],[10.6741,33.5456],[10.6799,33.5299],[10.7036,33.496],[10.7171,33.4835],[10.7381,33.478],[10.7805,33.4857],[10.8562,33.5243],[10.9094,33.5396],[10.9251,33.5551],[10.9328,33.574],[10.9263,33.5913],[10.9092,33.6079],[10.9065,33.6164],[10.9362,33.6363],[10.9479,33.6295],[10.9606,33.6277],[10.9714,33.6319],[10.9779,33.6431],[10.9846,33.6431],[11.0428,33.6179],[11.0603,33.6083],[11.0736,33.5945],[11.1082,33.5496],[11.1116,33.54],[11.1166,33.49],[11.0899,33.4541],[11.1108,33.393],[11.1021,33.3641],[11.1311,33.3715],[11.1707,33.3318],[11.1939,33.321],[11.2178,33.3163],[11.2937,33.2868],[11.28,33.28],[11.1819,33.3068],[11.1336,33.3114],[11.1218,33.28],[11.1315,33.2681],[11.1633,33.2426],[11.1702,33.221],[11.1795,33.2111],[11.2015,33.2112],[11.2454,33.2179],[11.2879,33.2101],[11.3722,33.1838],[11.4168,33.1838],[11.4331,33.1935],[11.4276,33.207],[11.4107,33.2189],[11.3814,33.2307],[11.3519,33.2589],[11.4424,33.2047],[11.4978,33.1827],[11.5602,33.1659],[11.575,33.1579],[11.5877,33.1323],[11.603,33.1215],[11.6358,33.1087],[11.7566,33.0925],[11.7935,33.0808],[11.773,33.0994],[11.7078,33.1172],[11.6911,33.136],[11.7393,33.113],[11.847,33.0828],[12.0807,32.9578],[12.1224,32.9213],[12.1607,32.9117],[12.2249,32.8759],[12.3039,32.8431],[12.3483,32.8327],[12.7298,32.7986],[12.8244,32.8043],[13.0745,32.8664],[13.1155,32.8821],[13.1647,32.9127],[13.1878,32.9162],[13.2571,32.9186],[13.3517,32.9042],[13.5715,32.8028],[13.617,32.7934],[13.7871,32.7996],[13.8303,32.7941],[13.9153,32.7728],[13.9912,32.7446],[14.1853,32.7145],[14.2034,32.7003],[14.2263,32.6909],[14.2625,32.6603],[14.3171,32.6304],[14.4041,32.5668],[14.4494,32.5254],[14.4695,32.519],[14.6316,32.4957],[14.6629,32.4768],[14.7067,32.4563],[14.7268,32.4508],[14.9111,32.4439],[15.1148,32.4128],[15.16,32.3987],[15.182,32.3955],[15.196,32.3898],[15.2332,32.3471],[15.2697,32.3288],[15.2831,32.3173],[15.2922,32.2809],[15.3008,32.2608],[15.3226,32.2242],[15.3645,32.1747],[15.3705,32.1591],[15.3687,32.138],[15.3596,32.1021],[15.3552,32.0385],[15.3611,31.9653],[15.3705,31.9294],[15.4904,31.6649],[15.5144,31.6284],[15.6228,31.4973],[15.6875,31.4378],[15.7615,31.3881],[16.0446,31.2755],[16.3587,31.2271],[16.728,31.2238],[16.9419,31.1833],[17.1603,31.1188],[17.3306,31.0865],[17.3659,31.0866],[17.4186,31.0622],[17.4473,31.0387],[17.4668,31.03],[17.6139,30.9925],[17.6917,30.9597],[17.7761,30.9352],[17.8486,30.9237],[17.8617,30.9136],[17.8892,30.8779],[17.9075,30.8635],[17.9268,30.8552],[18.0169,30.8379],[18.1753,30.7861],[18.2083,30.7692],[18.2357,30.7468],[18.3242,30.6569],[18.5684,30.5001],[18.6233,30.4457],[18.6532,30.4223],[18.7192,30.3915],[18.761,30.3842],[18.7805,30.3759],[18.926,30.2934],[18.968,30.2777],[19.0568,30.2662],[19.146,30.2647],[19.2398,30.274],[19.3386,30.2988],[19.419,30.3332],[19.5305,30.3968],[19.551,30.4049],[19.596,30.412],[19.6164,30.4214],[19.7489,30.5109],[19.9143,30.6829],[19.9582,30.7497],[19.9822,30.7786],[20.0365,30.8191],[20.0999,30.935],[20.1467,31.0456],[20.1524,31.0882],[20.1467,31.2168],[20.1281,31.243],[20.1033,31.3087],[20.0822,31.3366],[20.0383,31.3759],[20.0222,31.3968],[19.9548,31.5595],[19.9489,31.601],[19.948,31.6451],[19.9443,31.6614],[19.9207,31.7177],[19.9172,31.7592],[19.9197,31.8047],[19.9343,31.8884],[19.948,31.926],[19.9401,31.9577],[19.9572,31.9827],[20.048,32.1461],[20.0715,32.1764],[20.2617,32.3395],[20.2772,32.3608],[20.3255,32.4098],[20.3855,32.4346],[20.4168,32.4595],[20.5627,32.5578],[20.7966,32.643],[20.9341,32.7226],[21.051,32.7723],[21.0967,32.7811],[21.2868,32.7711],[21.3319,32.7746],[21.4148,32.7934],[21.4546,32.8126],[21.6087,32.9307],[21.6232,32.9368],[21.6717,32.9399],[21.7163,32.9504],[21.7437,32.9309],[21.7874,32.916],[21.8361,32.9066],[21.8775,32.9032],[22.0962,32.9231],[22.1167,32.9442],[22.1496,32.9479],[22.1694,32.9382],[22.1751,32.9162],[22.2068,32.8881],[22.2473,32.8808],[22.3396,32.8821],[22.3792,32.8703],[22.4773,32.8071],[22.5138,32.791],[22.5789,32.7846],[22.8125,32.7245],[22.8667,32.6942],[22.8958,32.6882],[22.9292,32.6767],[22.9769,32.6767],[22.9997,32.6706],[23.0414,32.6525],[23.0864,32.6465],[23.1061,32.6398],[23.1187,32.6293],[23.1209,32.6152],[23.1152,32.6049],[23.0979,32.5867],[23.0944,32.5774],[23.1039,32.5163],[23.1133,32.5008],[23.1287,32.4885],[23.1489,32.4781],[23.141,32.4586],[23.1284,32.3955],[23.1087,32.4023],[23.1122,32.4119],[23.1099,32.4203],[23.0944,32.4365],[23.0791,32.3544],[23.0806,32.3341],[23.0956,32.3236],[23.1565,32.3035],[23.179,32.3],[23.1951,32.2917],[23.2145,32.2724],[23.2308,32.2506],[23.2435,32.2206],[23.2854,32.2038],[23.3025,32.1707],[23.3122,32.1627],[23.2991,32.2242],[23.3184,32.2178],[23.362,32.2171],[23.4053,32.1907],[23.5311,32.1814],[23.6697,32.1833],[23.8403,32.1491],[23.9987,32.0939],[23.9753,32.0742],[23.9707,32.0666],[24.0049,32.0529],[24.0679,32.0112],[24.0907,32.0058],[24.2809,32.0076],[24.5461,31.9914],[24.6362,32.0149],[24.6585,32.0286],[24.6703,32.0324],[24.7106,32.0256],[24.7337,32.0331],[24.7581,32.02],[24.7918,32.0078],[24.8244,32.003],[24.8654,31.9893],[24.9817,31.9679],[25.0179,31.949],[25.0334,31.9163],[25.0222,31.8547],[25.0296,31.8369],[25.0637,31.8041],[25.1169,31.738],[25.1221,31.7209],[25.1367,31.6926],[25.1563,31.6631],[25.1494,31.6489],[25.1618,31.5836],[25.1729,31.5516],[25.1909,31.5315],[25.2126,31.5264],[25.2634,31.5237],[25.3021,31.5065],[25.3685,31.5123],[25.4019,31.5032],[25.4202,31.5122],[25.4739,31.5205],[25.6365,31.5607],[25.8241,31.6149],[25.8688,31.6209],[25.9668,31.6166],[26.3622,31.5219],[26.6506,31.4888],[26.6831,31.4762],[26.7329,31.4792],[26.7532,31.4775],[26.8247,31.4478],[26.8657,31.4368],[26.9116,31.4365],[26.9479,31.4482],[26.9655,31.4497],[26.9964,31.4287],[27.027,31.4223],[27.0544,31.4086],[27.1174,31.3904],[27.1851,31.3843],[27.21,31.3781],[27.2262,31.3677],[27.2461,31.3813],[27.3275,31.3792],[27.3423,31.3682],[27.3401,31.361],[27.3423,31.354],[27.3543,31.3358],[27.3623,31.3305],[27.3638,31.3155],[27.3735,31.2984],[27.3835,31.2685],[27.3936,31.2547],[27.4175,31.2372],[27.4463,31.2232],[27.478,31.2139],[27.5405,31.2058],[27.5654,31.197],[27.5877,31.1931],[27.6099,31.2032],[27.6603,31.1802],[27.7195,31.1893],[27.8357,31.2379],[27.8529,31.2403],[27.8633,31.2335],[27.8685,31.2194],[27.8699,31.1998],[27.8903,31.1554],[27.8971,31.1144],[27.9269,31.099],[27.9751,31.0931],[28.1546,31.0933],[28.1663,31.0908],[28.1914,31.0734],[28.2039,31.0705],[28.2336,31.0734],[28.3184,31.0598],[28.3386,31.0641],[28.3821,31.0827],[28.405,31.0865],[28.4243,31.0834],[28.4422,31.0764],[28.4785,31.0518],[28.5276,31.0501],[28.555,31.0387],[28.7327,30.9841],[28.7878,30.9597],[28.812,30.9568],[28.818,30.9512],[28.8289,30.9152],[28.8357,30.9108],[28.8543,30.906],[29.0281,30.8271],[29.1892,30.8332],[29.2189,30.838],[29.5033,30.9567],[29.5563,30.9909],[29.6038,31.012],[29.6187,31.0293],[29.766,31.1216],[29.7815,31.1479],[29.8093,31.1423],[29.8384,31.1541],[29.8846,31.1895],[29.8757,31.2009],[29.8635,31.1964],[29.877,31.2136],[29.8848,31.2138],[29.8909,31.2032],[29.8982,31.2032],[29.9562,31.2501],[29.9832,31.2633],[30.0031,31.2871],[30.0112,31.2925],[30.0251,31.2949],[30.0491,31.3131],[30.0417,31.3155],[30.0422,31.3205],[30.0696,31.3335],[30.0667,31.3049],[30.0949,31.2856],[30.136,31.2748],[30.1726,31.2714],[30.1447,31.2516],[30.1441,31.2466],[30.1521,31.2441],[30.1401,31.2373],[30.1437,31.2295],[30.1652,31.2168],[30.2068,31.2379],[30.2017,31.2265],[30.2072,31.2209],[30.2205,31.2202],[30.2244,31.2269],[30.2546,31.2516],[30.2614,31.2441],[30.2688,31.2653],[30.2751,31.2653],[30.2766,31.2464],[30.2887,31.2379],[30.303,31.2714],[30.2876,31.2782],[30.2409,31.2653],[30.2409,31.2714],[30.2546,31.2714],[30.2546,31.2783],[30.2385,31.274],[30.1795,31.2714],[30.1795,31.2783],[30.2166,31.2864],[30.2517,31.3034],[30.3128,31.3506],[30.3345,31.381],[30.3484,31.4213],[30.3524,31.4632],[30.3439,31.498],[30.3508,31.498],[30.3646,31.4601],[30.3784,31.4467],[30.3986,31.4433],[30.3706,31.4616],[30.3557,31.4911],[30.3622,31.5087],[30.3986,31.4912],[30.4256,31.4736],[30.4564,31.4627],[30.4925,31.4592],[30.5358,31.4639],[30.6765,31.4962],[30.9739,31.5867],[30.9739,31.5799],[30.9588,31.5781],[30.8664,31.5483],[30.7891,31.5103],[30.7361,31.4887],[30.6934,31.4639],[30.666,31.457],[30.6281,31.4343],[30.6107,31.4291],[30.571,31.4266],[30.5579,31.4222],[30.5427,31.4024],[30.5427,31.395],[30.5632,31.3902],[30.5835,31.395],[30.5986,31.3874],[30.6267,31.3887],[30.6538,31.3958],[30.666,31.4055],[30.6751,31.4216],[30.6951,31.4169],[30.716,31.4021],[30.7275,31.3881],[30.7344,31.3881],[30.7407,31.4055],[30.7562,31.423],[30.7747,31.4368],[30.7985,31.4465],[30.8374,31.4291],[30.8737,31.4345],[30.8858,31.4291],[30.8784,31.427],[30.8789,31.4223],[30.8924,31.4191],[30.9094,31.4238],[30.9397,31.4433],[30.9333,31.4451],[30.9397,31.457],[30.974,31.4441],[30.9807,31.4365],[30.9969,31.4511],[31.0081,31.4713],[31.0022,31.4796],[31.0057,31.4862],[31.0217,31.498],[31.0247,31.5041],[31.0233,31.5138],[31.0291,31.5185],[31.0713,31.5173],[31.0974,31.5048],[31.1016,31.4925],[31.1192,31.4931],[31.1292,31.5045],[31.1111,31.5123],[31.1235,31.5179],[31.1304,31.517],[31.1111,31.5397],[31.0708,31.5654],[31.0232,31.583],[30.978,31.5843],[31.0124,31.5969],[31.0974,31.6079],[31.1287,31.6049],[31.221,31.5799],[31.3786,31.5185],[31.4196,31.4912],[31.5237,31.4497],[31.5568,31.4433],[31.5974,31.4445],[31.7483,31.4816],[31.8379,31.5253],[31.8744,31.5356],[31.9129,31.5349],[31.9448,31.5209],[31.9642,31.4824],[31.9958,31.4457],[32.009,31.4172],[32.0249,31.4001],[32.057,31.3751],[32.1043,31.3615],[32.1292,31.3374],[32.1497,31.3278],[32.1996,31.2951],[32.169,31.3007],[32.0701,31.354],[32.0801,31.354],[32.0906,31.3472],[32.0835,31.3588],[32.056,31.3629],[32.044,31.3751],[32.0066,31.3953],[31.995,31.395],[31.9857,31.4204],[31.9683,31.4365],[31.9935,31.4378],[31.9431,31.4916],[31.918,31.524],[31.9066,31.5296],[31.9063,31.5253],[31.8895,31.532],[31.883,31.5285],[31.8789,31.5185],[31.8652,31.5253],[31.8652,31.5123],[31.8509,31.5185],[31.8513,31.5106],[31.8447,31.498],[31.8652,31.498],[31.8597,31.4869],[31.875,31.4633],[31.8721,31.4496],[31.8789,31.4496],[31.8789,31.4433],[31.8721,31.4433],[31.8789,31.4291],[31.8721,31.4291],[31.8687,31.4414],[31.8621,31.4506],[31.8519,31.4561],[31.8379,31.457],[31.8416,31.4645],[31.8377,31.4655],[31.8304,31.4588],[31.8242,31.4433],[31.8338,31.4438],[31.8379,31.4496],[31.8506,31.4429],[31.8584,31.4433],[31.8584,31.4365],[31.8509,31.4365],[31.8509,31.4291],[31.8548,31.4232],[31.8684,31.4166],[31.8789,31.4161],[31.8718,31.4098],[31.8617,31.4076],[31.8517,31.4097],[31.8447,31.4161],[31.8379,31.4161],[31.8386,31.4108],[31.8304,31.4086],[31.8447,31.395],[31.8307,31.3798],[31.8279,31.3684],[31.8369,31.3619],[31.8584,31.3615],[31.8584,31.354],[31.825,31.3607],[31.8167,31.354],[31.8106,31.354],[31.8039,31.3601],[31.7972,31.3595],[31.7922,31.3536],[31.7902,31.3435],[31.8027,31.3313],[31.7902,31.3266],[31.7902,31.3205],[31.7959,31.311],[31.7775,31.305],[31.7691,31.2988],[31.7669,31.2847],[31.7732,31.2759],[31.7842,31.2734],[31.7964,31.2783],[31.7902,31.2851],[31.8206,31.2783],[31.8286,31.2741],[31.8303,31.2558],[31.8342,31.2516],[31.861,31.2424],[31.8858,31.2236],[31.8934,31.2399],[31.9063,31.2516],[31.9006,31.2361],[31.9063,31.2236],[31.8926,31.2236],[31.8926,31.2168],[31.9063,31.2168],[31.8984,31.2099],[31.8994,31.2032],[31.9129,31.2106],[31.915,31.2043],[31.9198,31.2032],[31.9198,31.2106],[31.9266,31.2106],[31.9216,31.1965],[31.9264,31.187],[31.9347,31.1876],[31.9403,31.2032],[31.9519,31.2046],[31.9675,31.2188],[31.9866,31.2303],[32.0093,31.2236],[31.995,31.2236],[31.995,31.2168],[32.0093,31.2106],[32.0228,31.2236],[32.0371,31.2168],[32.0296,31.1895],[32.044,31.1964],[32.0404,31.1823],[32.0296,31.1758],[32.0296,31.1696],[32.0364,31.1611],[32.0369,31.1503],[32.0161,31.1349],[32.0161,31.1281],[32.0352,31.1297],[32.041,31.1343],[32.044,31.1418],[32.0501,31.1418],[32.0545,31.123],[32.0606,31.1174],[32.0701,31.1144],[32.0701,31.1069],[32.0526,31.1008],[32.044,31.0865],[32.057,31.0797],[32.0666,31.0849],[32.0838,31.0844],[32.0906,31.0797],[32.0906,31.0734],[32.0838,31.0734],[32.0838,31.066],[32.1065,31.0534],[32.1198,31.0529],[32.1321,31.0598],[32.1321,31.066],[32.1174,31.0663],[32.1074,31.0728],[32.098,31.0933],[32.1463,31.0797],[32.1384,31.0933],[32.1594,31.0933],[32.1594,31.1008],[32.1541,31.1025],[32.1528,31.1066],[32.1663,31.1144],[32.1668,31.1083],[32.1799,31.1069],[32.176,31.1178],[32.1838,31.1249],[32.1948,31.1258],[32.2057,31.1092],[32.2185,31.1052],[32.2341,31.1049],[32.2482,31.1069],[32.2722,31.1189],[32.2835,31.1365],[32.2805,31.155],[32.2625,31.1696],[32.2898,31.1696],[32.2951,31.2134],[32.2898,31.2305],[32.273,31.2488],[32.2705,31.2576],[32.283,31.2653],[32.2468,31.2792],[32.2263,31.282],[32.2141,31.2783],[32.207,31.2951],[32.3005,31.2814],[32.3138,31.2727],[32.3314,31.2714],[32.3338,31.2547],[32.3442,31.2419],[32.3591,31.2335],[32.3899,31.2265],[32.4202,31.1964],[32.4812,31.1489],[32.5095,31.1069],[32.5358,31.0866],[32.5657,31.0705],[32.6016,31.061],[32.6455,31.0598],[32.6875,31.0644],[32.762,31.0812],[32.8508,31.1188],[32.868,31.1303],[32.9204,31.1554],[32.9273,31.1554],[32.9273,31.1479],[32.8954,31.1374],[32.8396,31.1012],[32.8071,31.0933],[32.7525,31.0714],[32.6665,31.0523],[32.715,31.0523],[32.715,31.0456],[32.7007,31.0387],[32.7313,31.0388],[32.7428,31.0426],[32.7492,31.0523],[32.7554,31.0523],[32.7562,31.0465],[32.7695,31.0456],[32.8311,31.0797],[32.8828,31.0936],[32.8931,31.1008],[32.8993,31.1008],[32.9035,31.0954],[32.9177,31.0922],[32.9144,31.0873],[32.9067,31.0865],[32.9067,31.0797],[32.9172,31.0828],[32.9409,31.0933],[32.9409,31.1008],[32.9136,31.1008],[32.9136,31.1069],[32.9271,31.1118],[32.944,31.1079],[32.9595,31.0985],[32.9688,31.0865],[32.9751,31.066],[32.9613,31.066],[32.9945,31.0556],[33.0099,31.0563],[33.0234,31.066],[33.0234,31.0734],[33.0091,31.0797],[33.0091,31.0865],[33.0479,31.0951],[33.0575,31.1008],[33.0525,31.1083],[33.0643,31.1349],[33.0575,31.1349],[33.0303,31.1144],[33.0238,31.1077],[33.0238,31.1046],[33.0303,31.1008],[32.9942,31.0985],[32.9544,31.1069],[32.9846,31.1095],[33.0018,31.1248],[33.0144,31.145],[33.0303,31.1622],[33.0786,31.1758],[33.0978,31.1916],[33.1094,31.1964],[33.1265,31.1964],[33.1265,31.1895],[33.0986,31.1895],[33.0986,31.1833],[33.1111,31.1754],[33.147,31.1349],[33.1577,31.1179],[33.1536,31.1124],[33.141,31.1096],[33.1265,31.1008],[33.124,31.1076],[33.119,31.1069],[33.119,31.1008],[33.1358,31.0908],[33.1447,31.0779],[33.1443,31.0626],[33.1333,31.0456],[33.1877,31.0617],[33.2214,31.0598],[33.2214,31.066],[33.2078,31.0734],[33.2009,31.0734],[33.2009,31.066],[33.1948,31.066],[33.1948,31.0734],[33.2479,31.0913],[33.2625,31.1008],[33.2698,31.1008],[33.2625,31.0933],[33.2698,31.0865],[33.2772,31.0921],[33.2854,31.0927],[33.2925,31.0884],[33.2966,31.0797],[33.304,31.0797],[33.3032,31.0998],[33.3176,31.1008],[33.3081,31.1051],[33.2772,31.1069],[33.3865,31.1144],[33.3777,31.1326],[33.4064,31.1373],[33.4064,31.1554],[33.4207,31.1479],[33.4409,31.1512],[33.4808,31.1332],[33.4995,31.1281],[33.5725,31.1216],[33.5921,31.1144],[33.5921,31.1213],[33.6148,31.1154],[33.648,31.1173],[33.8543,31.1635],[34.047,31.2292],[34.2227,31.3266],[34.2367,31.3424],[34.2814,31.3767],[34.3016,31.4077],[34.3484,31.4376],[34.3682,31.4682],[34.4434,31.5346],[34.4788,31.5783],[34.4895,31.6004],[34.5139,31.6271],[34.6096,31.7655],[34.6932,31.9265],[34.7119,31.9516],[34.7433,32.0399],[34.7433,32.0604],[34.757,32.0666],[34.8377,32.2807],[34.9041,32.5606],[34.9098,32.5703],[34.9159,32.6149],[34.9209,32.6282],[34.9191,32.643],[34.9421,32.7245],[34.9475,32.8142],[34.9556,32.8344],[34.9705,32.8414],[34.9832,32.8388],[35.0034,32.8275],[35.0277,32.8266],[35.0628,32.8583],[35.0671,32.8668],[35.0796,32.9058],[35.0778,32.9179],[35.0654,32.9231],[35.0715,32.9379],[35.0785,32.9988],[35.092,33.0312],[35.0962,33.0504],[35.0921,33.0677],[35.1065,33.0808],[35.0996,33.0876],[35.1052,33.089],[35.1065,33.095],[35.1004,33.0957],[35.0996,33.1013],[35.1148,33.1237],[35.1255,33.1325],[35.1476,33.1403],[35.1678,33.1702],[35.1618,33.1769],[35.1711,33.1766],[35.1747,33.1702],[35.2048,33.2248],[35.2092,33.2546],[35.1883,33.28],[35.2097,33.2934],[35.2248,33.312],[35.2437,33.3557],[35.2505,33.4097],[35.2751,33.445],[35.271,33.4575],[35.323,33.4909],[35.3491,33.5139],[35.3625,33.5563],[35.4006,33.6431],[35.3944,33.65],[35.4099,33.6613],[35.4216,33.7023],[35.4385,33.7114],[35.4378,33.7234],[35.4773,33.8039],[35.4813,33.8237],[35.4832,33.8725],[35.4705,33.9021],[35.4758,33.91],[35.4866,33.913],[35.4998,33.9112],[35.5173,33.9025],[35.5339,33.907],[35.5575,33.9057],[35.572,33.91],[35.5931,33.9448],[35.592,33.9504],[35.5857,33.9509],[35.5942,33.9593],[35.6135,33.9932],[35.6367,33.9953],[35.6409,33.9994],[35.6404,34.0085],[35.6272,34.0198],[35.627,34.0443],[35.6433,34.0881],[35.6477,34.1191],[35.6445,34.1308],[35.6304,34.1528],[35.6272,34.1669],[35.6272,34.2011],[35.6304,34.2084],[35.6445,34.217],[35.6477,34.2222],[35.6483,34.2536],[35.653,34.2849],[35.6652,34.3113],[35.6887,34.3283],[35.7058,34.3166],[35.7222,34.3375],[35.7507,34.3898],[35.8062,34.415],[35.8236,34.4345],[35.8054,34.4587],[35.8054,34.4649],[35.824,34.4608],[35.9033,34.478],[35.9832,34.5386],[35.9888,34.5527],[35.9896,34.5997],[35.9868,34.6208],[35.9806,34.6385],[35.9699,34.6498],[35.9657,34.6684],[35.9474,34.6995],[35.9409,34.7262],[35.9312,34.741],[35.929,34.7907],[35.9085,34.8218],[35.8991,34.8528],[35.8669,34.9242],[35.8729,34.9269],[35.8814,34.945],[35.8735,34.9583],[35.8735,34.9652],[35.8789,34.9702],[35.8735,34.9788],[35.8816,34.9929],[35.8954,35.0068],[35.9006,35.0219],[35.8879,35.0613],[35.8879,35.1092],[35.8942,35.1211],[35.9413,35.1806],[35.9624,35.1979],[35.9533,35.2248],[35.9153,35.2879],[35.929,35.3215],[35.9241,35.3385],[35.9167,35.4033],[35.919,35.4177],[35.8606,35.4791],[35.8301,35.4935],[35.8259,35.5033],[35.8184,35.5089],[35.7813,35.4996],[35.7705,35.5042],[35.7781,35.5412],[35.7371,35.5617],[35.7433,35.5821],[35.7234,35.5759],[35.7234,35.5821],[35.7434,35.588],[35.7634,35.5983],[35.7785,35.6127],[35.7844,35.6306],[35.7821,35.6418],[35.7732,35.6555],[35.7712,35.6678],[35.7766,35.6751],[35.8001,35.6815],[35.8403,35.7475],[35.8401,35.7708],[35.8359,35.79],[35.8119,35.8354],[35.7986,35.8497],[35.8469,35.8472],[35.8709,35.8518],[35.881,35.8667],[35.8853,35.886],[35.9227,35.9316],[35.9661,35.9936],[35.9767,36.001],[35.9754,36.0185],[35.9484,36.0878],[35.8522,36.2135],[35.841,36.2445],[35.7986,36.2817],[35.7874,36.3043],[35.7887,36.3203],[35.8245,36.3611],[35.8342,36.3663],[35.8568,36.3698],[35.8618,36.3735],[35.8735,36.3977],[35.9085,36.4182],[35.9187,36.4482],[35.9424,36.4643],[35.9902,36.4796],[36.0449,36.5377],[36.0554,36.5383],[36.1629,36.5934],[36.1787,36.5963],[36.1891,36.604],[36.2012,36.622],[36.2162,36.6578],[36.2156,36.6705],[36.2025,36.6994],[36.2025,36.7692],[36.1987,36.7846],[36.189,36.8017],[36.1299,36.8693],[36.0955,36.8971],[36.0586,36.9184],[36.0203,36.9263],[35.985,36.9156],[35.9509,36.891],[35.8938,36.8349],[35.8801,36.8259],[35.8636,36.8223],[35.8539,36.8158],[35.8206,36.7851],[35.8054,36.7751],[35.7671,36.7677],[35.6841,36.7646],[35.6477,36.754],[35.6362,36.7446],[35.6245,36.726],[35.6135,36.7199],[35.6182,36.7316],[35.6067,36.7404],[35.5969,36.7249],[35.573,36.7007],[35.5794,36.6851],[35.5945,36.7017],[35.6169,36.6962],[35.6198,36.7124],[35.6292,36.7082],[35.634,36.6994],[35.6405,36.7134],[35.634,36.7267],[35.6481,36.7332],[35.6574,36.7175],[35.6648,36.7124],[35.6961,36.7239],[35.7092,36.7199],[35.6502,36.6978],[35.6226,36.6807],[35.6067,36.6578],[35.6087,36.6469],[35.6221,36.6542],[35.6668,36.6961],[35.68,36.7031],[35.6956,36.7062],[35.658,36.6752],[35.6331,36.6309],[35.6314,36.6072],[35.6235,36.6025],[35.6139,36.6005],[35.5988,36.5915],[35.5571,36.5875],[35.5447,36.5895],[35.5134,36.613],[35.5037,36.6168],[35.49,36.6139],[35.4812,36.6072],[35.4787,36.5985],[35.531,36.5827],[35.4888,36.592],[35.4455,36.5963],[35.4133,36.5837],[35.4045,36.5719],[35.374,36.5616],[35.346,36.5411],[35.3358,36.5456],[35.3202,36.5647],[35.2947,36.5725],[35.0418,36.6952],[35.0142,36.7031],[34.9823,36.7208],[34.9465,36.728],[34.9139,36.7247],[34.9004,36.7199],[34.9079,36.7404],[34.8936,36.746],[34.8525,36.7813],[34.7708,36.8161],[34.765,36.8086],[34.7359,36.8217],[34.6929,36.8139],[34.6267,36.7888],[34.5851,36.7813],[34.5547,36.7676],[34.5488,36.7634],[34.5391,36.7446],[34.5339,36.7404],[34.5032,36.7267],[34.4152,36.6629],[34.3075,36.6086],[34.2762,36.587],[34.1904,36.4985],[34.1777,36.4734],[34.1475,36.4592],[34.112,36.4296],[34.0773,36.4139],[34.0749,36.3873],[34.0799,36.3555],[34.0779,36.3288],[34.0578,36.3159],[33.9998,36.3029],[33.9893,36.2817],[33.9983,36.286],[33.9959,36.2795],[33.9688,36.2469],[33.9644,36.2205],[33.959,36.2136],[33.9414,36.2134],[33.9414,36.2196],[33.9509,36.2377],[33.946,36.2652],[33.9309,36.2905],[33.9104,36.3015],[33.8711,36.3149],[33.8555,36.3049],[33.8279,36.2717],[33.811,36.2674],[33.8187,36.2658],[33.8247,36.2599],[33.8137,36.2517],[33.7991,36.2307],[33.7428,36.2134],[33.7053,36.1817],[33.6939,36.1441],[33.6882,36.137],[33.6603,36.1749],[33.6566,36.1887],[33.6472,36.1926],[33.6199,36.1855],[33.5965,36.1688],[33.5741,36.1448],[33.5523,36.1275],[33.5305,36.1308],[33.5442,36.137],[33.5442,36.1445],[33.4583,36.1581],[33.4367,36.1547],[33.4011,36.1398],[33.3865,36.137],[33.3478,36.1479],[33.3268,36.1501],[33.3084,36.1322],[33.242,36.1308],[33.2124,36.1241],[33.1886,36.1258],[33.1569,36.137],[33.134,36.1318],[33.1214,36.1191],[33.1122,36.1034],[33.0986,36.0893],[33.0877,36.0828],[33.0711,36.0893],[33.0269,36.0893],[32.9605,36.1027],[32.9409,36.1035],[32.8652,36.0718],[32.8567,36.061],[32.8037,36.0272],[32.7606,36.0295],[32.6707,36.0467],[32.6323,36.062],[32.5679,36.0961],[32.5134,36.103],[32.4373,36.1387],[32.427,36.1476],[32.4196,36.1595],[32.3815,36.1702],[32.3655,36.178],[32.3187,36.2286],[32.3103,36.2295],[32.2873,36.2448],[32.283,36.2506],[32.2761,36.2878],[32.2527,36.3153],[32.1921,36.3584],[32.1743,36.4024],[32.1484,36.4337],[32.1321,36.4387],[32.1021,36.4862],[32.0872,36.4933],[32.0261,36.5434],[32.0188,36.5465],[31.9878,36.55],[31.9683,36.5616],[31.9281,36.5602],[31.908,36.5626],[31.888,36.5811],[31.8625,36.5887],[31.8346,36.5924],[31.8167,36.5895],[31.8074,36.5968],[31.7691,36.61],[31.7366,36.6423],[31.7035,36.6436],[31.6276,36.6708],[31.5962,36.6957],[31.4076,36.7634],[31.3786,36.7676],[31.3763,36.7919],[31.3408,36.8086],[30.9397,36.857],[30.7759,36.8496],[30.7481,36.8557],[30.6865,36.8912],[30.6286,36.8596],[30.6017,36.8381],[30.5877,36.8071],[30.5698,36.7813],[30.5698,36.7506],[30.5646,36.718],[30.5658,36.7002],[30.5767,36.6851],[30.5767,36.6789],[30.5627,36.6625],[30.5562,36.6379],[30.5579,36.6196],[30.5767,36.5895],[30.5835,36.5963],[30.5811,36.5752],[30.5672,36.5399],[30.5698,36.528],[30.536,36.5052],[30.5208,36.4897],[30.5088,36.4543],[30.487,36.4269],[30.488,36.4182],[30.4746,36.4016],[30.4763,36.3842],[30.4872,36.3703],[30.5016,36.3636],[30.4942,36.3493],[30.5199,36.3419],[30.5056,36.3274],[30.4788,36.3086],[30.4668,36.2878],[30.4736,36.2878],[30.4782,36.2923],[30.488,36.2878],[30.4517,36.2618],[30.4408,36.2393],[30.4274,36.2264],[30.3986,36.206],[30.4004,36.2481],[30.396,36.2655],[30.3843,36.2742],[30.3605,36.2686],[30.2546,36.3083],[30.2337,36.3089],[30.1585,36.2987],[30.1493,36.2899],[30.1447,36.2543],[30.1384,36.2543],[30.131,36.2742],[30.1248,36.2469],[30.1106,36.2543],[30.1106,36.2401],[30.073,36.2469],[30.0482,36.2588],[30.0348,36.2543],[30.0559,36.2543],[30.0559,36.2469],[29.9885,36.2178],[29.9734,36.2196],[29.9613,36.2139],[29.9165,36.2191],[29.8982,36.206],[29.8814,36.1984],[29.844,36.1914],[29.8301,36.1855],[29.8376,36.1828],[29.8369,36.178],[29.8026,36.1718],[29.8026,36.165],[29.8231,36.165],[29.7953,36.1452],[29.7796,36.1393],[29.7617,36.137],[29.7617,36.1445],[29.7754,36.1581],[29.7624,36.1566],[29.7549,36.1507],[29.7434,36.161],[29.7315,36.1643],[29.7192,36.1627],[29.707,36.1581],[29.7,36.1461],[29.6893,36.1445],[29.6724,36.1234],[29.6682,36.1438],[29.634,36.157],[29.6239,36.178],[29.6374,36.1724],[29.6432,36.1779],[29.6421,36.187],[29.6345,36.1916],[29.5835,36.1855],[29.5835,36.1916],[29.5925,36.1958],[29.6239,36.1991],[29.6022,36.207],[29.5215,36.206],[29.4945,36.211],[29.4321,36.2401],[29.4204,36.2306],[29.4152,36.2397],[29.4116,36.2674],[29.4058,36.2602],[29.3919,36.2674],[29.3816,36.2639],[29.37,36.2543],[29.3571,36.2357],[29.3496,36.2326],[29.3408,36.2374],[29.3294,36.2541],[29.3223,36.2469],[29.2567,36.297],[29.2478,36.3117],[29.2346,36.3243],[29.175,36.3398],[29.1585,36.3568],[29.1447,36.3493],[29.1408,36.3625],[29.1447,36.3772],[29.1169,36.3772],[29.1243,36.3834],[29.1128,36.3894],[29.0964,36.3909],[29.1091,36.4065],[29.1304,36.4114],[29.1292,36.4169],[29.1243,36.4182],[29.1301,36.4365],[29.1242,36.4536],[29.1113,36.4668],[29.0964,36.4735],[29.0964,36.4796],[29.1095,36.4885],[29.1243,36.4933],[29.1203,36.5356],[29.1149,36.5527],[29.0964,36.5479],[29.0843,36.5602],[29.0364,36.5453],[29.0144,36.5479],[29.0327,36.5518],[29.0369,36.5615],[29.0205,36.5895],[29.0418,36.6243],[29.0558,36.6142],[29.0809,36.6386],[29.0964,36.6441],[29.0964,36.6379],[29.0906,36.6271],[29.0988,36.6236],[29.1106,36.6264],[29.1169,36.6342],[29.1092,36.652],[29.0964,36.6652],[29.0342,36.701],[28.9563,36.7275],[28.9461,36.737],[28.939,36.7513],[28.9227,36.7414],[28.8909,36.7124],[28.8909,36.7062],[28.8977,36.7062],[28.8977,36.6994],[28.8789,36.6981],[28.8635,36.6926],[28.86,36.6842],[28.8625,36.6679],[28.8499,36.6652],[28.855,36.6566],[28.8635,36.6509],[28.8568,36.6441],[28.8704,36.6305],[28.8766,36.6305],[28.888,36.6484],[28.8901,36.6576],[28.884,36.6715],[28.9017,36.6583],[28.8954,36.6414],[28.8635,36.6168],[28.8696,36.6066],[28.8587,36.6013],[28.8289,36.6025],[28.8186,36.6117],[28.8186,36.6208],[28.8272,36.6278],[28.8425,36.6305],[28.8425,36.6379],[28.805,36.6553],[28.7879,36.6509],[28.7827,36.6774],[28.7463,36.6977],[28.7017,36.7051],[28.6717,36.6926],[28.6649,36.6926],[28.6599,36.711],[28.6492,36.7183],[28.6359,36.7145],[28.6234,36.6994],[28.6162,36.706],[28.6035,36.7335],[28.6126,36.7471],[28.6167,36.767],[28.6141,36.7853],[28.6035,36.795],[28.603,36.7996],[28.6104,36.8017],[28.6062,36.8101],[28.6104,36.8161],[28.6035,36.8161],[28.5967,36.795],[28.5911,36.799],[28.5886,36.808],[28.5759,36.8195],[28.5462,36.8234],[28.5244,36.8133],[28.5278,36.7888],[28.5178,36.7956],[28.4868,36.8017],[28.5005,36.8086],[28.5005,36.8161],[28.4639,36.8188],[28.4561,36.8285],[28.4526,36.8496],[28.4641,36.8499],[28.4663,36.8533],[28.452,36.8836],[28.4474,36.883],[28.4452,36.8738],[28.4362,36.8647],[28.3767,36.8544],[28.3775,36.8484],[28.3906,36.8359],[28.4147,36.8371],[28.4248,36.8291],[28.4065,36.7998],[28.396,36.7895],[28.377,36.7888],[28.315,36.8161],[28.3088,36.8161],[28.315,36.795],[28.2886,36.7937],[28.2782,36.7965],[28.2739,36.8052],[28.2783,36.8142],[28.315,36.8223],[28.315,36.8291],[28.2886,36.8459],[28.2731,36.852],[28.2572,36.8462],[28.2432,36.8298],[28.2367,36.8132],[28.2395,36.7988],[28.2534,36.7888],[28.2489,36.7668],[28.2886,36.7426],[28.2951,36.7199],[28.2673,36.7309],[28.2531,36.7279],[28.2466,36.7124],[28.2336,36.7199],[28.2319,36.7119],[28.2254,36.7062],[28.2316,36.7046],[28.2336,36.6994],[28.1819,36.6846],[28.1623,36.6727],[28.1115,36.6042],[28.0881,36.5891],[28.0617,36.5963],[28.055,36.5866],[28.0418,36.5827],[28.048,36.569],[28.0359,36.5648],[28.0259,36.5637],[28.0183,36.567],[28.0138,36.5759],[28.0037,36.5619],[27.9909,36.5598],[27.9777,36.5657],[27.9661,36.5759],[27.9729,36.5895],[27.9592,36.6025],[28.0344,36.6025],[28.054,36.6096],[28.0896,36.6441],[28.0759,36.6578],[28.048,36.6379],[28.048,36.6441],[28.0578,36.6528],[28.0612,36.6647],[28.058,36.6767],[28.0379,36.6906],[28.0344,36.6752],[28.0296,36.6704],[28.0189,36.6713],[28.0002,36.6789],[27.9802,36.6758],[27.9702,36.6798],[27.9661,36.6888],[27.9712,36.6925],[28.007,36.6994],[28.0002,36.7062],[28.0275,36.7062],[28.0418,36.7199],[28.0798,36.7221],[28.0896,36.7267],[28.0859,36.7106],[28.1006,36.7096],[28.1164,36.7188],[28.1169,36.7335],[28.1074,36.7392],[28.0877,36.7409],[28.0822,36.7471],[28.0842,36.7537],[28.11,36.7751],[28.1175,36.7639],[28.1305,36.754],[28.1253,36.7713],[28.1237,36.7919],[28.1184,36.8006],[28.095,36.8014],[28.0863,36.7967],[28.0691,36.7751],[28.0472,36.7633],[28.0393,36.7645],[28.0344,36.7751],[28.0197,36.7631],[27.9807,36.7538],[27.9661,36.7471],[27.9592,36.7471],[27.9541,36.7596],[27.9177,36.7404],[27.9124,36.7541],[27.9054,36.7529],[27.8903,36.7404],[27.8704,36.7526],[27.863,36.7404],[27.8562,36.7404],[27.8262,36.7575],[27.8065,36.7608],[27.7879,36.754],[27.7879,36.7608],[27.7761,36.7559],[27.7361,36.7608],[27.7194,36.7563],[27.6985,36.7342],[27.6843,36.7267],[27.6869,36.7111],[27.6731,36.6796],[27.6712,36.6578],[27.6199,36.6765],[27.603,36.6789],[27.5597,36.6746],[27.5545,36.6851],[27.4863,36.6652],[27.4727,36.6509],[27.4484,36.6652],[27.4158,36.669],[27.4043,36.6652],[27.402,36.6775],[27.3941,36.6841],[27.383,36.6848],[27.3703,36.6789],[27.3692,36.6845],[27.3628,36.6851],[27.3687,36.6914],[27.3687,36.6974],[27.3558,36.7062],[27.3558,36.7124],[27.3848,36.705],[27.4016,36.7047],[27.4143,36.7093],[27.4231,36.7197],[27.4273,36.7357],[27.4496,36.754],[27.4832,36.754],[27.5567,36.7627],[27.5925,36.7608],[27.6115,36.7653],[27.6234,36.8017],[27.6454,36.8065],[27.6912,36.7843],[27.7054,36.7888],[27.7212,36.7817],[27.7482,36.7844],[27.76,36.7813],[27.7857,36.8011],[27.7991,36.8066],[27.8865,36.8088],[27.8971,36.8123],[27.9037,36.8058],[27.94,36.7956],[27.9942,36.7984],[28.0105,36.7943],[28.0275,36.7813],[28.0308,36.7917],[28.0554,36.8086],[28.0491,36.8206],[28.0396,36.8266],[28.007,36.8291],[28.0138,36.8359],[28.0233,36.8332],[28.0246,36.8391],[28.0187,36.8486],[28.007,36.857],[28.0213,36.8632],[28.0287,36.8602],[28.0554,36.8707],[28.0554,36.8769],[28.0355,36.8934],[28.0213,36.9116],[28.0344,36.9042],[28.0418,36.9116],[28.0359,36.9146],[28.0275,36.9259],[28.0617,36.9259],[28.0617,36.9321],[28.0418,36.9321],[28.0418,36.9389],[28.0654,36.9393],[28.075,36.9374],[28.0822,36.9321],[28.0935,36.9379],[28.1033,36.9321],[28.11,36.9321],[28.1201,36.9377],[28.1419,36.9287],[28.1572,36.9321],[28.1653,36.9116],[28.1685,36.9189],[28.1653,36.9259],[28.1681,36.9334],[28.1572,36.9389],[28.1572,36.9458],[28.1745,36.946],[28.1852,36.9389],[28.2124,36.9731],[28.2124,36.9805],[28.1989,36.9805],[28.2124,37.0004],[28.2285,36.9905],[28.2446,36.9882],[28.2531,36.9937],[28.2466,37.0079],[28.3001,37.025],[28.3296,37.0305],[28.3294,37.0368],[28.315,37.0488],[28.3047,37.0508],[28.1743,37.0351],[28.1262,37.0359],[28.1073,37.0321],[28.11,37.0141],[28.0929,37.0214],[27.9866,37.0351],[27.9756,37.0323],[27.9631,37.0236],[27.9518,37.0215],[27.9114,37.0277],[27.8862,37.0262],[27.8047,37.0046],[27.7879,37.0079],[27.7804,36.9936],[27.7629,36.9973],[27.7395,36.9936],[27.7197,37.0052],[27.6877,37.0054],[27.6558,36.9965],[27.6365,36.9805],[27.5903,36.9983],[27.5671,36.9966],[27.562,36.9731],[27.5283,36.9913],[27.5142,36.9936],[27.4837,36.9908],[27.4727,36.9936],[27.4385,37.0277],[27.4235,37.0272],[27.4081,37.0168],[27.4024,37.0239],[27.4043,37.0277],[27.3968,37.0277],[27.3833,36.9936],[27.3789,37.0007],[27.3833,37.0079],[27.3765,37.0141],[27.3817,37.0189],[27.3765,37.0277],[27.3674,37.0228],[27.3286,37.0141],[27.3327,36.9971],[27.3265,36.986],[27.3146,36.9771],[27.3006,36.9731],[27.3081,36.9594],[27.294,36.9616],[27.287,36.9594],[27.2809,36.9669],[27.2632,36.9634],[27.2527,36.9783],[27.2461,37.0178],[27.2288,37.0618],[27.2391,37.083],[27.2642,37.089],[27.2819,37.0983],[27.2944,37.1103],[27.2791,37.1176],[27.2604,37.1103],[27.2529,37.124],[27.2604,37.1177],[27.2717,37.1289],[27.303,37.1196],[27.3218,37.124],[27.3247,37.1479],[27.3218,37.1587],[27.3325,37.1562],[27.3396,37.1505],[27.343,37.1418],[27.3423,37.1301],[27.349,37.1301],[27.3616,37.1486],[27.3693,37.1507],[27.3765,37.1444],[27.3833,37.1518],[27.383,37.1347],[27.3866,37.1301],[27.4043,37.1301],[27.4255,37.1196],[27.4385,37.124],[27.431,37.1177],[27.4456,37.097],[27.4598,37.0895],[27.4751,37.0925],[27.5415,37.126],[27.5651,37.1256],[27.5755,37.1301],[27.5755,37.1376],[27.5623,37.1358],[27.5545,37.1301],[27.5472,37.1618],[27.5396,37.1783],[27.5278,37.1854],[27.5278,37.1928],[27.5747,37.2012],[27.5877,37.1988],[27.5755,37.1785],[27.5947,37.1859],[27.6099,37.1997],[27.5942,37.2043],[27.5886,37.2111],[27.5894,37.2307],[27.6099,37.2475],[27.616,37.2747],[27.5944,37.2838],[27.5894,37.2747],[27.5648,37.2755],[27.5532,37.2729],[27.5432,37.2498],[27.5305,37.2363],[27.5147,37.2293],[27.5,37.2338],[27.5178,37.246],[27.5199,37.2591],[27.5088,37.2681],[27.4863,37.2679],[27.4736,37.2564],[27.4636,37.252],[27.4588,37.258],[27.4614,37.2675],[27.4863,37.2952],[27.4851,37.303],[27.49,37.3138],[27.4914,37.3273],[27.4802,37.3437],[27.4727,37.3437],[27.4685,37.3156],[27.4461,37.3056],[27.4183,37.3095],[27.3968,37.3231],[27.3887,37.3453],[27.3967,37.3656],[27.4152,37.3817],[27.4385,37.3908],[27.4265,37.406],[27.4072,37.4127],[27.3866,37.4121],[27.3703,37.4051],[27.3565,37.3791],[27.3462,37.3706],[27.3218,37.3709],[27.3218,37.3635],[27.3364,37.3557],[27.3303,37.3516],[27.2715,37.3486],[27.2577,37.3445],[27.2461,37.3362],[27.2317,37.3481],[27.2249,37.3482],[27.2188,37.3437],[27.2119,37.3573],[27.2013,37.3523],[27.1908,37.3573],[27.2075,37.3764],[27.2095,37.3869],[27.2051,37.3983],[27.2262,37.4051],[27.2262,37.4119],[27.2175,37.4313],[27.2225,37.4768],[27.2051,37.4727],[27.1994,37.4786],[27.1926,37.4787],[27.1777,37.4665],[27.1904,37.5127],[27.1846,37.528],[27.1882,37.5345],[27.1804,37.5446],[27.1846,37.5559],[27.2004,37.5476],[27.2093,37.5633],[27.2122,37.5856],[27.2085,37.5969],[27.1939,37.601],[27.1362,37.631],[27.0488,37.6501],[27.0115,37.6657],[27.0208,37.6863],[27.0383,37.6901],[27.1055,37.6863],[27.1272,37.6885],[27.2131,37.7134],[27.2264,37.7209],[27.2495,37.7443],[27.2566,37.7595],[27.2616,37.8035],[27.2604,37.816],[27.2433,37.8338],[27.2372,37.8454],[27.2391,37.8644],[27.2604,37.8842],[27.2654,37.9017],[27.2604,37.919],[27.2748,37.929],[27.2663,37.9514],[27.2391,37.9879],[27.214,37.9809],[27.1775,37.9809],[27.1411,37.986],[27.1164,37.9941],[27.1019,38.0127],[27.0702,38.02],[27.0647,38.0406],[27.0559,38.0457],[27.027,38.0494],[26.9754,38.0653],[26.9492,38.0674],[26.8934,38.0562],[26.8885,38.0529],[26.8815,38.0384],[26.8731,38.0351],[26.8649,38.0404],[26.8421,38.0761],[26.8474,38.0888],[26.8464,38.1034],[26.8352,38.1313],[26.825,38.145],[26.7936,38.1723],[26.7761,38.1652],[26.7715,38.1775],[26.7737,38.207],[26.7603,38.2167],[26.7083,38.207],[26.6458,38.2067],[26.6359,38.2036],[26.6229,38.1387],[26.6155,38.145],[26.6092,38.145],[26.6122,38.1179],[26.6071,38.1083],[26.595,38.1039],[26.5886,38.1082],[26.5676,38.145],[26.5671,38.124],[26.5569,38.1223],[26.5238,38.1474],[26.5173,38.1557],[26.5155,38.1657],[26.5193,38.1797],[26.4917,38.174],[26.4666,38.1906],[26.4422,38.212],[26.4175,38.2206],[26.4242,38.2002],[26.4175,38.2002],[26.3901,38.2238],[26.3949,38.2517],[26.3901,38.2617],[26.3833,38.2617],[26.375,38.2348],[26.354,38.2283],[26.3286,38.2351],[26.2866,38.2611],[26.2346,38.2738],[26.2331,38.2803],[26.2388,38.2958],[26.2654,38.2867],[26.2859,38.3187],[26.3076,38.3231],[26.3076,38.3305],[26.2889,38.3406],[26.2861,38.359],[26.2941,38.3699],[26.3076,38.3579],[26.3118,38.3712],[26.3211,38.3777],[26.3259,38.3549],[26.3228,38.3455],[26.3143,38.3367],[26.3245,38.3317],[26.3464,38.3288],[26.3498,38.3201],[26.3561,38.3169],[26.385,38.3184],[26.3919,38.325],[26.3833,38.3367],[26.3833,38.3436],[26.3989,38.3355],[26.4175,38.3367],[26.4759,38.3669],[26.4771,38.3869],[26.468,38.4076],[26.4515,38.4187],[26.4515,38.4261],[26.4769,38.4167],[26.4891,38.4062],[26.4979,38.4073],[26.513,38.4329],[26.4743,38.4573],[26.4539,38.4632],[26.4408,38.4728],[26.431,38.4739],[26.422,38.4697],[26.4142,38.4563],[26.4072,38.4534],[26.3879,38.4543],[26.3882,38.4584],[26.3972,38.4687],[26.4038,38.4875],[26.3999,38.4996],[26.3696,38.5353],[26.3758,38.5286],[26.3591,38.577],[26.3601,38.5836],[26.3486,38.6213],[26.349,38.6355],[26.3563,38.6617],[26.403,38.6773],[26.4406,38.6777],[26.4656,38.6727],[26.4876,38.6643],[26.5056,38.6527],[26.5396,38.6237],[26.5558,38.6054],[26.5608,38.59],[26.584,38.5609],[26.6092,38.5353],[26.6304,38.5192],[26.638,38.497],[26.638,38.4777],[26.6433,38.4677],[26.6292,38.4609],[26.6213,38.4666],[26.6109,38.4684],[26.5881,38.4609],[26.6052,38.4538],[26.605,38.4448],[26.5881,38.4187],[26.6118,38.4162],[26.6221,38.4053],[26.6283,38.3901],[26.6397,38.3746],[26.6571,38.3288],[26.6731,38.3072],[26.6946,38.3132],[26.7,38.3258],[26.6936,38.3344],[26.6775,38.3436],[26.6707,38.3852],[26.676,38.4023],[26.6873,38.4197],[26.7024,38.4302],[26.7191,38.4261],[26.7191,38.4329],[26.7254,38.4329],[26.7367,38.4229],[26.7482,38.4047],[26.7669,38.3641],[26.7874,38.3715],[26.7951,38.3586],[26.8098,38.3601],[26.8455,38.3715],[26.9246,38.3777],[26.9738,38.3962],[26.9898,38.3989],[27.0134,38.4125],[27.0425,38.4076],[27.0544,38.4125],[27.0558,38.4085],[27.0612,38.4125],[27.0886,38.4022],[27.1118,38.414],[27.1354,38.4337],[27.1642,38.4466],[27.1642,38.4534],[27.1545,38.4594],[27.1431,38.4534],[27.1362,38.4609],[27.117,38.4539],[27.0833,38.4567],[27.0747,38.4534],[27.0491,38.4632],[27.0223,38.4625],[26.9354,38.4349],[26.9451,38.4466],[26.9279,38.456],[26.8976,38.4947],[26.8493,38.5124],[26.8269,38.5262],[26.8147,38.5428],[26.847,38.5207],[26.8742,38.5075],[26.8898,38.508],[26.8898,38.5149],[26.8778,38.5264],[26.8651,38.5355],[26.8352,38.549],[26.8489,38.5974],[26.8342,38.6082],[26.8137,38.5976],[26.7936,38.5974],[26.801,38.6117],[26.7793,38.6177],[26.7532,38.6179],[26.7595,38.6384],[26.7464,38.6387],[26.7191,38.6527],[26.7337,38.6636],[26.7532,38.6663],[26.7332,38.6896],[26.7191,38.7209],[26.7376,38.7308],[26.7889,38.7394],[26.8182,38.7554],[26.8306,38.7473],[26.8516,38.7457],[26.8885,38.734],[26.9035,38.7346],[26.8972,38.7483],[26.923,38.7622],[26.9314,38.7551],[26.9351,38.7705],[26.9314,38.7893],[26.9246,38.7817],[26.8972,38.8166],[26.9377,38.8302],[26.9439,38.8087],[26.9608,38.8061],[26.9714,38.8192],[26.9588,38.8445],[26.9909,38.855],[27.0134,38.8712],[27.0335,38.8605],[27.055,38.8711],[27.0627,38.8869],[27.0413,38.8917],[27.0579,38.9185],[27.0578,38.9298],[27.0413,38.9401],[27.0129,38.9221],[26.9826,38.9196],[26.9624,38.9401],[26.9343,38.9309],[26.9246,38.9401],[26.9134,38.932],[26.8792,38.9162],[26.8662,38.9134],[26.8556,38.9175],[26.8401,38.9359],[26.8065,38.9501],[26.7972,38.9731],[26.7992,38.9984],[26.8147,39.0151],[26.8147,39.022],[26.7936,39.022],[26.8064,39.0339],[26.8291,39.0473],[26.854,39.0584],[26.8731,39.0629],[26.8831,39.0716],[26.8753,39.0909],[26.8519,39.1213],[26.8237,39.1491],[26.7712,39.1731],[26.7516,39.1846],[26.7378,39.1972],[26.739,39.2076],[26.7266,39.2475],[26.7188,39.2629],[26.7014,39.269],[26.6291,39.2684],[26.6092,39.2752],[26.6193,39.2831],[26.6252,39.3033],[26.6326,39.3134],[26.6455,39.3176],[26.6548,39.3132],[26.6538,39.3065],[26.6359,39.3032],[26.6359,39.2969],[26.656,39.2943],[26.6707,39.2827],[26.6648,39.2981],[26.6703,39.306],[26.6912,39.3162],[26.7088,39.3369],[26.8147,39.3994],[26.801,39.4062],[26.801,39.4335],[26.8374,39.4356],[26.8508,39.4398],[26.863,39.4472],[26.8521,39.4618],[26.8679,39.4715],[26.9299,39.4877],[26.9314,39.5018],[26.9451,39.5396],[26.9439,39.561],[26.9377,39.5748],[26.9222,39.5822],[26.8934,39.5844],[26.8705,39.5768],[26.8521,39.5634],[26.8329,39.5568],[26.8079,39.5707],[26.4568,39.5212],[26.4343,39.514],[26.4242,39.5052],[26.4139,39.5053],[26.3622,39.4814],[26.2866,39.4876],[26.263,39.4814],[26.2493,39.4656],[26.2318,39.4745],[26.1528,39.4592],[26.113,39.4592],[26.0742,39.4745],[26.07,39.4963],[26.095,39.5486],[26.1107,39.5979],[26.1482,39.626],[26.1567,39.6492],[26.1636,39.7042],[26.1406,39.7427],[26.1364,39.7557],[26.1379,39.7646],[26.1467,39.7702],[26.1499,39.7761],[26.1499,39.8],[26.155,39.8262],[26.1517,39.8352],[26.1364,39.8376],[26.1567,39.899],[26.1499,39.9338],[26.1677,39.9736],[26.1886,40.0018],[26.1978,40.0089],[26.2511,39.9949],[26.311,40.0195],[26.3532,40.0522],[26.3622,40.0635],[26.3704,40.0947],[26.3694,40.1029],[26.389,40.1052],[26.3932,40.1082],[26.3996,40.1208],[26.4035,40.139],[26.403,40.1579],[26.3963,40.1728],[26.408,40.1937],[26.4414,40.1966],[26.4675,40.206],[26.5007,40.213],[26.5194,40.2252],[26.5636,40.2702],[26.6076,40.2904],[26.7146,40.3906],[26.7356,40.4036],[26.7767,40.4055],[26.863,40.3999],[26.8972,40.4062],[26.9344,40.3925],[26.9915,40.3886],[27.0134,40.3925],[27.0413,40.4096],[27.0658,40.4335],[27.0964,40.4523],[27.1431,40.4539],[27.177,40.4488],[27.2153,40.4477],[27.2376,40.4518],[27.2715,40.4678],[27.287,40.4682],[27.3034,40.4584],[27.3286,40.4136],[27.315,40.4062],[27.3081,40.4062],[27.3032,40.411],[27.2944,40.4062],[27.3376,40.3703],[27.3929,40.3421],[27.4523,40.322],[27.5233,40.3088],[27.5513,40.3088],[27.562,40.3105],[27.597,40.3283],[27.613,40.331],[27.688,40.3138],[27.7123,40.3242],[27.7326,40.3173],[27.7627,40.3154],[27.7898,40.3205],[27.8132,40.3471],[27.8674,40.3689],[27.8836,40.3863],[27.8652,40.3868],[27.8153,40.3999],[27.8005,40.393],[27.7918,40.3929],[27.7858,40.4129],[27.7674,40.4204],[27.7564,40.4326],[27.7502,40.4576],[27.7258,40.4614],[27.6843,40.4962],[27.6843,40.5023],[27.7061,40.5119],[27.7224,40.5263],[27.7332,40.5306],[27.7502,40.5247],[27.76,40.5371],[27.7804,40.5153],[27.7894,40.5142],[27.7952,40.5209],[27.8047,40.5228],[27.9699,40.503],[28.0142,40.4912],[28.0344,40.4744],[28.0168,40.4511],[27.9299,40.4169],[27.904,40.3999],[27.9085,40.3742],[27.9447,40.366],[28.0275,40.372],[28.112,40.3961],[28.348,40.404],[28.4004,40.3974],[28.4868,40.3999],[28.4675,40.3944],[28.4617,40.3884],[28.4588,40.3795],[28.4995,40.3911],[28.5454,40.3913],[28.5928,40.3819],[28.6377,40.3652],[28.6438,40.3712],[28.6581,40.3652],[28.6854,40.3795],[28.7419,40.3864],[28.772,40.4025],[28.8255,40.3925],[28.884,40.3863],[28.9387,40.3652],[29.0339,40.3644],[29.0516,40.3673],[29.0657,40.3757],[29.0901,40.4272],[29.1028,40.423],[29.119,40.4237],[29.1515,40.4341],[29.1115,40.4661],[29.0879,40.4775],[29.0657,40.4819],[29.011,40.4819],[28.9695,40.4614],[28.9167,40.4709],[28.8285,40.513],[28.7742,40.5228],[28.7927,40.5533],[28.8268,40.5706],[28.8977,40.5917],[28.9277,40.6064],[28.9701,40.6395],[28.9863,40.6448],[29.2816,40.6659],[29.3233,40.6767],[29.3919,40.7078],[29.4168,40.6868],[29.4614,40.7042],[29.4701,40.7189],[29.4906,40.7272],[29.5112,40.7275],[29.5275,40.7215],[29.5422,40.7097],[29.5488,40.691],[29.5599,40.6911],[29.7533,40.7246],[29.8672,40.7289],[29.9036,40.7163],[29.9242,40.7165],[29.9393,40.7351],[29.9292,40.758],[29.8901,40.7635],[29.8094,40.7556],[29.7866,40.7488],[29.7754,40.7487],[29.7638,40.7528],[29.7376,40.7698],[29.6662,40.7835],[29.4287,40.7761],[29.4102,40.7712],[29.3778,40.7565],[29.3569,40.7624],[29.3485,40.7709],[29.3395,40.7876],[29.3291,40.7904],[29.3434,40.7978],[29.3395,40.8078],[29.3333,40.8148],[29.3154,40.8244],[29.311,40.8182],[29.3018,40.8244],[29.2935,40.8187],[29.2546,40.8108],[29.2546,40.817],[29.2708,40.8218],[29.2746,40.8388],[29.2883,40.8313],[29.2884,40.8378],[29.2949,40.8388],[29.2639,40.8698],[29.241,40.8826],[29.2205,40.8797],[29.2013,40.8939],[29.1448,40.9141],[29.0832,40.9597],[29.0281,40.9821],[29.0348,40.9896],[29.0233,40.9934],[29.0076,41.0305],[29.0261,41.0383],[29.0462,41.0555],[29.0623,41.0763],[29.0762,41.1144],[29.0881,41.1289],[29.0906,41.1409],[29.0691,41.1528],[29.0926,41.1804],[29.1301,41.2119],[29.1697,41.2331],[29.2062,41.2292],[29.2162,41.2394],[29.2318,41.2407],[29.4196,41.2143],[29.6188,41.1789],[29.8846,41.149],[30.1369,41.1438],[30.1652,41.1466],[30.2035,41.1645],[30.2171,41.1671],[30.2264,41.1729],[30.2405,41.1923],[30.2483,41.1876],[30.2713,41.2112],[30.2825,41.2155],[30.2956,41.2074],[30.3367,41.2008],[30.37,41.1813],[30.6992,41.1215],[30.7481,41.092],[30.8333,41.0799],[31.0906,41.0852],[31.1248,41.0981],[31.1694,41.092],[31.2105,41.0981],[31.2312,41.092],[31.2388,41.0937],[31.2429,41.1024],[31.2489,41.1057],[31.2902,41.1179],[31.3236,41.1339],[31.3786,41.1745],[31.3928,41.1884],[31.4011,41.2021],[31.4081,41.2484],[31.4175,41.2683],[31.4196,41.2803],[31.415,41.2859],[31.3962,41.2955],[31.3928,41.3037],[31.4036,41.3165],[31.4251,41.3226],[31.471,41.3248],[31.4983,41.352],[31.6589,41.3979],[31.8716,41.5046],[31.9933,41.5495],[32.0394,41.5756],[32.1341,41.5994],[32.1619,41.612],[32.1784,41.6369],[32.2434,41.6929],[32.2634,41.7202],[32.297,41.7274],[32.3518,41.7294],[32.3537,41.7357],[32.3723,41.7425],[32.3772,41.7541],[32.3826,41.7561],[32.3997,41.7425],[32.4172,41.7489],[32.4543,41.7772],[32.5348,41.8107],[32.5628,41.8169],[32.5778,41.8113],[32.5894,41.827],[32.6126,41.8395],[32.6397,41.8439],[32.6631,41.8349],[32.6792,41.8363],[32.7554,41.8591],[32.7985,41.8597],[32.8275,41.8647],[32.8446,41.8728],[32.8556,41.8683],[32.9261,41.8818],[32.9619,41.8941],[33.0081,41.9173],[33.1655,41.957],[33.3245,42.019],[33.3609,42.0207],[33.4343,42.0106],[33.5405,42.0106],[33.5632,42.0077],[33.6135,41.9937],[33.8272,41.9777],[33.8452,41.9827],[33.8735,41.9744],[34.0036,41.9827],[34.3313,41.9479],[34.4455,41.9728],[34.4827,41.9752],[34.5618,41.9518],[34.6942,41.9459],[34.7463,41.9504],[34.7986,41.9622],[34.889,42.0078],[34.9188,42.0355],[34.9419,42.0693],[34.9481,42.0988],[34.9907,42.0911],[35.0034,42.0851],[35.0059,42.0914],[35.0239,42.0925],[35.0311,42.0806],[35.0488,42.0651],[35.0444,42.0516],[35.0816,42.0292],[35.1045,42.0219],[35.1338,42.0236],[35.1604,42.0415],[35.1712,42.0441],[35.1862,42.0425],[35.2163,42.0236],[35.2163,42.0168],[35.1626,42.0217],[35.1375,42.0195],[35.1167,42.0069],[35.0988,41.9697],[35.093,41.9467],[35.0921,41.928],[35.0986,41.9127],[35.1257,41.8753],[35.1558,41.8457],[35.2095,41.8113],[35.2095,41.8045],[35.1958,41.8045],[35.2118,41.7754],[35.2248,41.7619],[35.2536,41.7506],[35.2826,41.7242],[35.2982,41.7152],[35.3577,41.6968],[35.4011,41.6916],[35.4491,41.6605],[35.4859,41.6451],[35.5301,41.6343],[35.5767,41.6297],[35.6198,41.6326],[35.6787,41.6569],[35.7406,41.665],[35.8462,41.6987],[35.8938,41.7075],[35.9348,41.7324],[35.9568,41.7363],[35.9568,41.7294],[35.9468,41.7172],[35.929,41.7089],[35.9305,41.6938],[35.9116,41.6628],[35.9153,41.6462],[35.9227,41.6462],[35.9248,41.6702],[35.9343,41.6921],[35.9479,41.71],[35.9729,41.7286],[35.9779,41.7297],[36.0381,41.6878],[36.0381,41.7015],[36.0449,41.7015],[36.1205,41.6278],[36.1345,41.5991],[36.1345,41.5582],[36.1208,41.527],[36.12,41.4943],[36.1238,41.4792],[36.1345,41.4619],[36.1789,41.42],[36.2048,41.4065],[36.2368,41.3589],[36.2533,41.3488],[36.3034,41.3285],[36.3319,41.3232],[36.3373,41.3185],[36.3438,41.2887],[36.3745,41.277],[36.395,41.2564],[36.4238,41.2517],[36.451,41.2404],[36.4761,41.2449],[36.5179,41.2626],[36.5708,41.2979],[36.5794,41.3073],[36.5825,41.3171],[36.6019,41.3437],[36.6087,41.3649],[36.6067,41.3663],[36.6199,41.3751],[36.6717,41.3663],[36.7581,41.3663],[36.8367,41.3508],[36.9849,41.2945],[37.0153,41.2746],[37.0319,41.2428],[37.0339,41.1988],[37.0397,41.1815],[37.0564,41.1745],[37.0775,41.1708],[37.1355,41.1466],[37.2634,41.1479],[37.2993,41.1404],[37.3335,41.1193],[37.3954,41.1085],[37.4194,41.0876],[37.4365,41.0777],[37.4775,41.0678],[37.5047,41.0429],[37.5248,41.0372],[37.5647,41.0405],[37.5806,41.0368],[37.5864,41.0422],[37.6079,41.0504],[37.6401,41.1015],[37.672,41.1313],[37.6898,41.1404],[37.6985,41.1241],[37.7151,41.1147],[37.7342,41.1147],[37.7512,41.1261],[37.7581,41.1193],[37.7839,41.1226],[37.7852,41.06],[37.8027,41.0429],[37.8543,41.0237],[37.8679,41.0156],[37.8958,40.9821],[37.9347,40.9951],[37.9817,40.9902],[38.1022,40.9597],[38.1613,40.9521],[38.2014,40.9414],[38.2241,40.9411],[38.2683,40.9504],[38.2874,40.9472],[38.3309,40.9179],[38.3512,40.9179],[38.3893,40.9269],[38.4268,40.9186],[38.4523,40.9167],[38.4637,40.9238],[38.5394,40.9269],[38.5549,40.935],[38.5916,40.9626],[38.6371,40.976],[38.6493,40.9753],[38.6779,40.9486],[38.6878,40.9527],[38.7176,40.9548],[38.7433,40.9725],[38.7551,40.9753],[38.7837,41.0018],[38.8758,41.0189],[38.9084,41.0377],[38.9275,41.0426],[39.0418,41.0434],[39.1223,41.0573],[39.1565,41.0777],[39.1683,41.0797],[39.2012,41.0777],[39.22,41.0729],[39.2507,41.053],[39.2732,41.0504],[39.29,41.0548],[39.3172,41.0681],[39.3491,41.074],[39.4028,41.0981],[39.4182,41.11],[39.4302,41.1125],[39.4929,41.101],[39.5326,41.0646],[39.5921,41.0251],[39.6301,41.0085],[39.6697,41.0026],[39.7101,41.015],[39.73,41.0172],[39.7571,41.0023],[39.7992,41.0003],[39.8587,40.9643],[39.8957,40.9548],[39.9119,40.9638],[39.9749,40.9803],[39.9994,40.9821],[40.0568,40.9414],[40.0857,40.9265],[40.126,40.9206],[40.1956,40.9363],[40.2315,40.9468],[40.2546,40.9587],[40.301,40.9685],[40.4649,41.0504],[40.4997,41.0388],[40.5291,41.0363],[40.5574,41.0425],[40.5884,41.0573],[40.6261,41.0822],[40.6707,41.088],[40.6983,41.0981],[40.7576,41.1584],[40.8275,41.1979],[40.8389,41.2012],[40.854,41.1993],[40.8968,41.1876],[40.922,41.1906],[40.9598,41.2106],[41.0203,41.2237],[41.0427,41.2325],[41.0614,41.2428],[41.1008,41.2742],[41.1213,41.2855],[41.1908,41.2957],[41.285,41.3538],[41.3425,41.3725],[41.3904,41.3793],[41.4089,41.3903],[41.4242,41.4079],[41.4343,41.4291],[41.4382,41.4514],[41.5071,41.4954],[41.5863,41.6027],[41.6157,41.6326],[41.676,41.6622],[41.6929,41.6923],[41.7398,41.7499],[41.7439,41.7786],[41.7663,41.8042],[41.7739,41.8216],[41.7739,41.9069],[41.7603,41.9926],[41.7557,42.0064],[41.6849,42.0989],[41.6641,42.114],[41.6492,42.2122],[41.5962,42.3494],[41.5852,42.3629],[41.5584,42.3828],[41.5549,42.3898],[41.5002,42.6406],[41.4828,42.6802],[41.4574,42.7137],[41.4243,42.7399],[41.3835,42.7573],[41.3073,42.7676],[41.2749,42.7853],[41.2254,42.8023],[41.2053,42.8044],[41.1609,42.7908],[41.1502,42.7956],[41.1047,42.8466],[41.0818,42.9081],[41.0403,42.9613],[41.0231,42.99],[40.9984,42.9894],[40.959,42.9764],[40.9338,42.9827],[40.904,43.0163],[40.8866,43.0242],[40.8862,43.0293],[40.8628,43.059],[40.7831,43.0842],[40.6829,43.0943],[40.6362,43.0925],[40.5918,43.0856],[40.5799,43.0888],[40.5202,43.1273],[40.4785,43.134],[40.3983,43.1623],[40.3612,43.1655],[40.3351,43.1409],[40.325,43.1488],[40.301,43.1887],[40.2684,43.2164],[40.2728,43.248],[40.2572,43.2774],[40.2352,43.3044],[40.2191,43.319],[40.1882,43.3296],[40.1335,43.3416],[40.1013,43.3652],[40.0869,43.3703],[40.0408,43.3758],[40.0098,43.3852],[39.9626,43.3926],[39.9334,43.4067],[39.9103,43.4264],[39.8957,43.4487],[39.8825,43.4768],[39.8679,43.4957],[39.8469,43.51],[39.7565,43.5453],[39.7183,43.5678],[39.7063,43.5825],[39.6979,43.6042],[39.6908,43.6138],[39.675,43.6228],[39.634,43.6352],[39.6189,43.6446],[39.5741,43.689],[39.4575,43.7709],[39.3914,43.8454],[39.3294,43.8962],[39.1164,44.0235],[39.0881,44.0452],[39.0612,44.0761],[39.0448,44.0881],[39.0227,44.093],[39.0116,44.1003],[38.9783,44.1483],[38.9373,44.1635],[38.8737,44.1734],[38.8556,44.1845],[38.7756,44.2612],[38.7583,44.2736],[38.7398,44.2815],[38.6971,44.2922],[38.5951,44.3319],[38.3098,44.3662],[38.2884,44.3852],[38.2173,44.3872],[38.1777,44.406],[38.1526,44.4367],[38.1326,44.47],[38.1081,44.4971],[38.0713,44.516],[38.0628,44.5242],[38.0562,44.559],[38.0449,44.5612],[38.0119,44.5523],[37.9845,44.5643],[37.9445,44.5971],[37.9281,44.6059],[37.9226,44.6138],[37.9356,44.6278],[37.9362,44.6343],[37.8748,44.6894],[37.8645,44.6964],[37.8441,44.7009],[37.8,44.7226],[37.7785,44.7298],[37.7905,44.7059],[37.8224,44.6682],[37.8202,44.6479],[37.8001,44.6352],[37.7693,44.6324],[37.7365,44.6357],[37.7103,44.6418],[37.6597,44.6618],[37.6318,44.669],[37.6011,44.6684],[37.5772,44.6553],[37.509,44.6753],[37.4987,44.6684],[37.4783,44.6772],[37.4365,44.7168],[37.386,44.7368],[37.3711,44.7479],[37.3512,44.7786],[37.3179,44.8462],[37.2925,44.8676],[37.2925,44.8751],[37.3113,44.8909],[37.306,44.9097],[37.2871,44.9282],[37.1919,44.991],[37.135,45.0041],[37.1201,45.0095],[37.1057,45.0202],[37.0684,45.0303],[37.0347,45.0478],[36.95,45.0656],[36.8401,45.1094],[36.7991,45.1147],[36.7415,45.1032],[36.72,45.101],[36.7017,45.1038],[36.6414,45.1284],[36.5931,45.1648],[36.5781,45.1871],[36.5773,45.1942],[36.5862,45.2028],[36.5947,45.2048],[36.7067,45.2028],[36.7297,45.2063],[36.7854,45.2307],[36.8408,45.2329],[36.8545,45.2423],[36.8752,45.2458],[36.9352,45.268],[36.9617,45.2829],[36.968,45.291],[36.9704,45.303],[36.9662,45.3116],[36.9473,45.3202],[36.9431,45.3164],[36.7888,45.2922],[36.778,45.3006],[36.7664,45.3198],[36.7585,45.3408],[36.7581,45.3542],[36.7757,45.3648],[36.787,45.3486],[36.7948,45.3249],[36.8025,45.3127],[36.8122,45.3164],[36.8098,45.337],[36.8122,45.3474],[36.8286,45.3568],[36.8475,45.3611],[36.8475,45.3673],[36.8174,45.3676],[36.8059,45.3708],[36.7816,45.3876],[36.77,45.3879],[36.7476,45.3815],[36.7278,45.3718],[36.688,45.3315],[36.6681,45.3264],[36.6665,45.3404],[36.6819,45.3662],[36.7051,45.391],[36.8333,45.443],[36.8477,45.4341],[36.8953,45.43],[37.0667,45.3538],[37.1087,45.3425],[37.1315,45.3406],[37.1394,45.3355],[37.1315,45.3248],[37.1138,45.3127],[37.1069,45.2717],[37.0715,45.2658],[37.0659,45.2615],[37.0711,45.2433],[37.0784,45.239],[37.1125,45.2393],[37.1691,45.2512],[37.2149,45.2514],[37.2365,45.2553],[37.2544,45.2769],[37.3192,45.2717],[37.3027,45.2863],[37.2743,45.2941],[37.2168,45.2996],[37.1737,45.3001],[37.1623,45.3065],[37.153,45.3205],[37.1589,45.3261],[37.3477,45.3277],[37.3705,45.3222],[37.3814,45.3065],[37.3938,45.3173],[37.4314,45.3223],[37.4601,45.3406],[37.5193,45.3693],[37.5188,45.3604],[37.5047,45.3338],[37.5427,45.3474],[37.584,45.3406],[37.6008,45.3314],[37.6077,45.3224],[37.6079,45.3127],[37.5891,45.3031],[37.5667,45.2996],[37.5911,45.2894],[37.6095,45.2968],[37.6351,45.3338],[37.6516,45.3127],[37.7102,45.3003],[37.7205,45.2996],[37.736,45.3061],[37.7383,45.3107],[37.7293,45.3153],[37.7062,45.3373],[37.6999,45.3392],[37.7064,45.3513],[37.7205,45.357],[37.7376,45.3747],[37.7477,45.394],[37.7581,45.3952],[37.7581,45.402],[37.7298,45.3908],[37.7171,45.389],[37.7235,45.4146],[37.7175,45.4267],[37.7077,45.4369],[37.7029,45.4573],[37.7444,45.443],[37.7444,45.4504],[37.7284,45.4575],[37.6997,45.4793],[37.686,45.484],[37.7026,45.5432],[37.6997,45.5628],[37.681,45.574],[37.6494,45.5849],[37.6428,45.6035],[37.6351,45.6081],[37.6231,45.6014],[37.6233,45.5859],[37.6364,45.571],[37.6624,45.5666],[37.6624,45.5591],[37.6351,45.5529],[37.6351,45.5454],[37.6434,45.5347],[37.6482,45.5181],[37.655,45.5082],[37.6531,45.5044],[37.6419,45.5045],[37.6408,45.456],[37.6278,45.4282],[37.6192,45.4184],[37.6082,45.4158],[37.5942,45.4226],[37.5863,45.4324],[37.5942,45.4771],[37.5939,45.5089],[37.5862,45.5678],[37.5874,45.6007],[37.5951,45.6353],[37.6079,45.6627],[37.6265,45.6683],[37.6348,45.6607],[37.6311,45.649],[37.6146,45.6423],[37.6419,45.6354],[37.6709,45.6097],[37.6789,45.6108],[37.6823,45.628],[37.7029,45.6218],[37.7007,45.6347],[37.676,45.6491],[37.6668,45.6638],[37.6668,45.669],[37.7637,45.7248],[37.8006,45.7414],[37.8164,45.7446],[37.8294,45.7532],[37.8611,45.8061],[37.8748,45.841],[37.902,45.9508],[37.9187,45.9914],[37.9401,46.0203],[37.9719,46.04],[38.0379,46.0565],[38.0911,46.06],[38.0975,46.0578],[38.047,46.0386],[38.0325,46.0252],[38.0549,46.0327],[38.0663,46.0325],[38.074,46.0252],[38.0723,46.0137],[38.0514,45.9926],[38.0418,45.9611],[38.0462,45.9536],[38.0635,45.9508],[38.078,45.9521],[38.0803,45.9464],[38.0808,45.9296],[38.073,45.9088],[38.0547,45.8892],[38.0153,45.8576],[38.0012,45.8326],[38.0145,45.8184],[38.0396,45.8161],[38.0603,45.8266],[38.0469,45.8409],[38.0498,45.8549],[38.074,45.8818],[38.0965,45.9403],[38.0975,45.9508],[38.1087,45.9566],[38.1211,45.9713],[38.1312,45.9901],[38.1389,46.0301],[38.1563,46.0478],[38.1628,46.06],[38.1621,46.102],[38.1675,46.1205],[38.1867,46.1282],[38.2488,46.1415],[38.272,46.1357],[38.3196,46.0935],[38.3545,46.0825],[38.4092,46.0463],[38.4458,46.0342],[38.4818,46.0327],[38.5259,46.0388],[38.55,46.0312],[38.5599,46.0327],[38.5667,46.0433],[38.5735,46.0642],[38.576,46.0873],[38.5708,46.1047],[38.5568,46.1152],[38.3001,46.2187],[38.2853,46.2321],[38.2713,46.2742],[38.2525,46.2883],[38.2173,46.3057],[38.1229,46.3775],[38.0877,46.3964],[38.0679,46.4014],[37.9806,46.4003],[37.9749,46.3943],[37.9778,46.3821],[38.0187,46.3685],[37.9954,46.3544],[37.971,46.3618],[37.905,46.411],[37.863,46.4548],[37.8273,46.4765],[37.813,46.5057],[37.8021,46.5388],[37.7765,46.5869],[37.7678,46.6176],[37.7551,46.6459],[37.7307,46.6627],[37.7307,46.6701],[37.7354,46.6696],[37.7376,46.6763],[37.7682,46.6633],[37.8104,46.6396],[37.8522,46.6225],[37.8816,46.6291],[37.9247,46.6155],[37.9823,46.6175],[38.0368,46.6295],[38.0703,46.6459],[38.1037,46.676],[38.1233,46.6865],[38.2139,46.6962],[38.231,46.7043],[38.2615,46.7282],[38.2717,46.7324],[38.28,46.7258],[38.29,46.7061],[38.3136,46.6763],[38.4623,46.647],[38.5755,46.6538],[38.5916,46.6592],[38.5982,46.6779],[38.5858,46.6959],[38.5667,46.7099],[38.5134,46.7325],[38.4706,46.7435],[38.428,46.7449],[38.3893,46.7316],[38.3836,46.7138],[38.3782,46.7082],[38.3682,46.7554],[38.3732,46.7624],[38.403,46.78],[38.403,46.8209],[38.4147,46.8333],[38.4353,46.8467],[38.4746,46.8619],[38.5531,46.8483],[38.5731,46.8503],[38.6091,46.8597],[38.6909,46.8638],[38.7663,46.8868],[38.8037,46.8935],[38.8657,46.9429],[38.8811,46.9463],[38.9196,46.9438],[38.9373,46.9475],[38.9914,46.978],[39.0363,47.0137],[39.0602,47.0217],[39.0752,47.0327],[39.0881,47.0332],[39.0974,47.029],[39.105,47.0168],[39.1149,47.0128],[39.1267,47.0138],[39.1531,47.0264],[39.2619,47.0086],[39.28,47.0128],[39.2894,47.0273],[39.2962,47.069],[39.3036,47.0847],[39.325,47.0988],[39.3678,47.1061],[39.3887,47.1152],[39.3547,47.131],[39.3294,47.1284],[39.28,47.0878],[39.2649,47.0966],[39.262,47.1076],[39.2732,47.1356],[39.2546,47.1401],[39.2492,47.1481],[39.2526,47.1803],[39.256,47.1898],[39.273,47.1918],[39.28,47.1971],[39.2816,47.2053],[39.28,47.2353],[39.264,47.2608],[39.2274,47.2672],[39.186,47.2687],[39.1565,47.2797],[39.1388,47.2734],[39.0881,47.2864],[39.0733,47.2817],[39.0481,47.2668],[39.0134,47.2545],[38.9768,47.2569],[38.9446,47.2528],[38.9305,47.2216],[38.9378,47.1898],[38.9317,47.185],[38.8866,47.1815],[38.8474,47.1636],[38.7722,47.1636],[38.6453,47.1378],[38.5531,47.1356],[38.5617,47.1251],[38.568,47.122],[38.568,47.1152],[38.5448,47.1148],[38.5174,47.119],[38.4929,47.1281],[38.478,47.1425],[38.4944,47.149],[38.5096,47.1716],[38.531,47.1823],[38.5599,47.2182],[38.5926,47.2297],[38.7756,47.2455],[38.7896,47.2506],[38.8078,47.2626],[38.8211,47.2763],[38.8206,47.2864],[38.8104,47.2878],[38.802,47.2809],[38.7896,47.2626],[38.7829,47.2591],[38.7551,47.2591],[38.5946,47.2413],[38.5534,47.2298],[38.5191,47.2108],[38.5005,47.1816],[38.4627,47.1618],[38.449,47.1403],[38.4279,47.1335],[38.2654,47.1188],[38.2241,47.1083],[38.1963,47.0895],[38.1423,47.0377],[38.1081,47.0264],[38.1304,47.0584],[38.1301,47.0747],[38.1043,47.0816],[38.0715,47.0998],[38.0262,47.0816],[37.9621,47.0959],[37.9505,47.0913],[37.8611,47.1015],[37.7533,47.0753],[37.7103,47.0742],[37.5807,47.0904],[37.5464,47.0816],[37.4829,47.036],[37.3779,46.9339],[37.3517,46.8987],[37.3352,46.8825],[37.313,46.8756],[37.3174,46.9008],[37.2954,46.9202],[37.2608,46.9327],[37.2271,46.937],[37.2082,46.9336],[37.1623,46.9091],[37.0466,46.8778],[37.0288,46.8756],[36.9849,46.8525],[36.9388,46.8395],[36.8862,46.804],[36.8537,46.8005],[36.8625,46.7769],[36.8491,46.7545],[36.8296,46.7319],[36.8123,46.6806],[36.7937,46.6536],[36.7693,46.6374],[36.7438,46.6422],[36.7438,46.6496],[36.7717,46.6435],[36.7903,46.6713],[36.8023,46.707],[36.8025,46.7248],[36.7581,46.7589],[36.7101,46.7728],[36.6961,46.78],[36.6792,46.773],[36.634,46.78],[36.617,46.7767],[36.59,46.7589],[36.5241,46.7589],[36.4827,46.7417],[36.4325,46.7348],[36.4002,46.7239],[36.3711,46.7084],[36.3035,46.6592],[36.2844,46.6364],[36.2783,46.6074],[36.2708,46.6074],[36.2712,46.6222],[36.2676,46.6256],[36.2479,46.619],[36.2458,46.6108],[36.2407,46.6199],[36.2443,46.6353],[36.2306,46.6422],[36.2166,46.6587],[36.1895,46.669],[36.1345,46.6627],[36.062,46.6701],[35.9255,46.6523],[35.9016,46.6527],[35.7712,46.6013],[35.742,46.5844],[35.6613,46.5193],[35.6287,46.4985],[35.5105,46.4572],[35.4915,46.448],[35.4455,46.406],[35.3801,46.3685],[35.2845,46.2592],[35.2635,46.2423],[35.2095,46.1699],[35.1847,46.1455],[35.1618,46.1282],[35.1211,46.1185],[35.0965,46.1042],[35.0623,46.0986],[35.0386,46.0861],[35.0,46.0736],[34.9821,46.0778],[34.9854,46.0875],[35.0171,46.1128],[35.0519,46.1282],[35.0444,46.1419],[35.1489,46.1641],[35.2005,46.183],[35.2279,46.2217],[35.2518,46.2402],[35.2914,46.2934],[35.3278,46.3192],[35.3421,46.3358],[35.346,46.361],[35.3115,46.3376],[35.2918,46.3364],[35.2676,46.3511],[35.2586,46.3734],[35.2645,46.3998],[35.2845,46.4374],[35.2505,46.4435],[35.2146,46.4626],[35.2017,46.4763],[35.1914,46.4943],[35.1883,46.5124],[35.1667,46.4932],[35.174,46.4733],[35.202,46.4405],[35.2051,46.4276],[35.2137,46.4118],[35.2095,46.3964],[35.2015,46.3853],[35.1678,46.361],[35.1084,46.2978],[35.075,46.2711],[35.0308,46.2518],[34.9265,46.2351],[34.9141,46.2381],[34.9081,46.2443],[34.9048,46.2557],[34.8936,46.2518],[34.8866,46.2427],[34.8822,46.2217],[34.8389,46.2077],[34.8176,46.1862],[34.8123,46.1767],[34.8113,46.1662],[34.8191,46.1419],[34.8242,46.0779],[34.8386,46.0476],[34.8744,45.9261],[34.905,45.8886],[34.9582,45.7895],[35.0444,45.6701],[35.3322,45.3712],[35.4807,45.2978],[35.5178,45.2955],[35.695,45.3304],[35.716,45.3406],[35.7433,45.3611],[35.7529,45.3864],[35.7674,45.389],[35.7884,45.4075],[35.804,45.4492],[35.8171,45.4641],[35.8333,45.4709],[35.8577,45.4694],[35.86,45.4595],[35.8469,45.4263],[35.854,45.414],[35.9466,45.3721],[35.986,45.3627],[36.0223,45.3681],[36.0518,45.3952],[36.0689,45.43],[36.0964,45.442],[36.1179,45.4571],[36.1375,45.4621],[36.2525,45.4615],[36.284,45.4766],[36.3,45.4733],[36.3074,45.4609],[36.2988,45.443],[36.3117,45.4435],[36.3405,45.4573],[36.3596,45.4545],[36.3914,45.4396],[36.4118,45.4362],[36.4706,45.4458],[36.4906,45.443],[36.5159,45.4197],[36.533,45.4089],[36.5486,45.4123],[36.5667,45.4252],[36.5833,45.4274],[36.5988,45.4212],[36.6135,45.4089],[36.6311,45.3747],[36.6384,45.3513],[36.6309,45.3406],[36.5862,45.3338],[36.5452,45.3474],[36.5218,45.3499],[36.5025,45.3469],[36.4893,45.3363],[36.4844,45.3164],[36.4972,45.3007],[36.4906,45.2922],[36.4504,45.2853],[36.4373,45.272],[36.418,45.2299],[36.4089,45.1495],[36.4148,45.1284],[36.4422,45.1065],[36.4553,45.0916],[36.4534,45.0765],[36.4401,45.0675],[36.3678,45.0488],[36.2678,45.0437],[36.2578,45.039],[36.2443,45.011],[36.2246,45.0075],[36.136,45.0214],[36.0791,45.0464],[36.0791,45.039],[36.0479,45.0488],[36.0254,45.0329],[36.0085,45.0098],[35.9934,44.998],[35.9168,45.0014],[35.848,44.9924],[35.8278,44.9992],[35.813,45.0316],[35.7832,45.0575],[35.7712,45.0656],[35.7064,45.0947],[35.634,45.1147],[35.5906,45.1199],[35.5474,45.1197],[35.5062,45.1135],[35.4696,45.101],[35.4168,45.0709],[35.4081,45.0625],[35.3973,45.0351],[35.4006,45.0246],[35.4065,45.0201],[35.4354,45.011],[35.4354,45.0048],[35.4221,45.0004],[35.3894,45.0019],[35.374,44.998],[35.3622,44.9866],[35.3606,44.9736],[35.3672,44.9433],[35.3193,44.97],[35.2982,44.9564],[35.2732,44.967],[35.256,44.9587],[35.2332,44.9257],[35.2151,44.9144],[35.1719,44.9072],[35.1543,44.9011],[35.1297,44.8686],[35.1084,44.8249],[35.0808,44.7938],[35.0376,44.7988],[35.0057,44.8352],[34.986,44.8403],[34.9525,44.8415],[34.9302,44.8361],[34.9079,44.8205],[34.8899,44.8181],[34.8572,44.8237],[34.8265,44.8118],[34.757,44.8205],[34.721,44.811],[34.6506,44.7773],[34.613,44.7652],[34.5332,44.7529],[34.5,44.7426],[34.4753,44.7236],[34.4733,44.7303],[34.469,44.7298],[34.4143,44.6738],[34.3802,44.6313],[34.3412,44.5585],[34.3313,44.5455],[34.271,44.5455],[34.2661,44.5419],[34.2635,44.5319],[34.2429,44.5075],[34.2298,44.4999],[34.1825,44.4928],[34.1701,44.4816],[34.1475,44.4499],[34.1025,44.4251],[34.0658,44.4196],[33.9579,44.383],[33.9378,44.381],[33.9149,44.3838],[33.8521,44.4015],[33.8076,44.3947],[33.7412,44.3959],[33.721,44.3996],[33.6454,44.4251],[33.6317,44.4343],[33.6261,44.453],[33.6201,44.4622],[33.59,44.4901],[33.5784,44.4971],[33.5176,44.4905],[33.4872,44.5103],[33.3796,44.5645],[33.3723,44.5765],[33.3711,44.5884],[33.375,44.5854],[33.4054,44.5902],[33.4359,44.6053],[33.4774,44.6066],[33.5,44.6139],[33.5511,44.6147],[33.5715,44.6206],[33.5252,44.6289],[33.5163,44.6343],[33.5148,44.6491],[33.5442,44.6827],[33.5484,44.6987],[33.5252,44.7724],[33.5163,44.7851],[33.5277,44.7932],[33.5461,44.8369],[33.5596,44.8498],[33.5983,44.8593],[33.6092,44.8717],[33.6199,44.9086],[33.6196,44.9315],[33.6056,44.9875],[33.5852,45.0185],[33.5784,45.0532],[33.5625,45.0939],[33.5374,45.1174],[33.4691,45.1488],[33.4134,45.1845],[33.3965,45.1898],[33.3552,45.1857],[33.3176,45.1755],[33.2826,45.1605],[33.2596,45.1561],[33.2401,45.1796],[33.2185,45.1874],[33.1736,45.1966],[33.1233,45.2379],[33.0985,45.2481],[33.0786,45.2717],[33.0432,45.2853],[32.9766,45.3257],[32.9406,45.3425],[32.8993,45.3542],[32.7502,45.3633],[32.7285,45.3611],[32.7127,45.3532],[32.6774,45.326],[32.6631,45.3201],[32.5915,45.3201],[32.5354,45.338],[32.5129,45.3406],[32.4816,45.4089],[32.4951,45.4355],[32.5252,45.4582],[32.6436,45.5217],[32.7048,45.5311],[32.7347,45.5454],[32.7578,45.5646],[32.773,45.5666],[32.814,45.5591],[32.8279,45.5624],[32.8298,45.5702],[32.8249,45.587],[32.827,45.5955],[32.8377,45.6081],[32.8682,45.6301],[32.9368,45.6625],[33.1634,45.7363],[33.1761,45.7431],[33.181,45.7552],[33.1592,45.7685],[33.1607,45.7788],[33.1692,45.7844],[33.1786,45.7803],[33.1948,45.7651],[33.2302,45.7509],[33.2654,45.7538],[33.3381,45.7856],[33.3743,45.7965],[33.41,45.8266],[33.4822,45.8545],[33.5077,45.843],[33.5301,45.8419],[33.5542,45.8471],[33.5784,45.8682],[33.5986,45.8774],[33.6199,45.8818],[33.6416,45.876],[33.6506,45.8707],[33.6589,45.8593],[33.6917,45.8607],[33.6935,45.9145],[33.7087,45.9097],[33.7253,45.9161],[33.7595,45.9223],[33.777,45.9296],[33.7586,45.9409],[33.7396,45.9478],[33.6825,45.9584],[33.6572,45.9569],[33.6458,45.9536],[33.632,45.9444],[33.6199,45.9508],[33.6468,45.9797],[33.6436,45.9849],[33.632,45.9883],[33.6311,45.9965],[33.6436,46.015],[33.6279,46.0678],[33.6484,46.09],[33.6436,46.1047],[33.6135,46.1452],[33.5965,46.1557],[33.5715,46.1494],[33.5498,46.1364],[33.5325,46.1215],[33.5313,46.1069],[33.5579,46.0947],[33.5579,46.0873],[33.5313,46.0859],[33.5056,46.0803],[33.4958,46.0679],[33.5163,46.0463],[33.4855,46.0532],[33.4238,46.0533],[33.3843,46.0876],[33.3578,46.1038],[33.3311,46.1075],[33.3108,46.0873],[33.3058,46.0924],[33.2903,46.0947],[33.3069,46.1061],[33.3177,46.1197],[33.3157,46.131],[33.2935,46.1357],[33.2146,46.1282],[33.2254,46.1541],[33.2351,46.2238],[33.2119,46.2063],[33.1751,46.1531],[33.1229,46.1359],[33.1033,46.1384],[33.0818,46.1494],[33.0234,46.1699],[33.0325,46.141],[33.0182,46.1277],[32.8993,46.1152],[32.8827,46.1207],[32.8446,46.1214],[32.7898,46.1343],[32.7663,46.1357],[32.714,46.1201],[32.5882,46.1044],[32.5676,46.0966],[32.5437,46.0805],[32.5034,46.0761],[32.3025,46.1167],[32.2805,46.1276],[32.2625,46.1282],[32.2474,46.1707],[32.242,46.1767],[32.2609,46.1886],[32.2668,46.1948],[32.2693,46.2046],[32.2393,46.1953],[32.2131,46.1931],[32.1287,46.2097],[32.1154,46.2145],[32.0779,46.2495],[32.0501,46.2661],[32.0181,46.2575],[31.9684,46.2757],[31.8858,46.32],[31.884,46.3087],[31.8899,46.2838],[31.8823,46.2791],[31.8192,46.2806],[31.7859,46.2924],[31.7725,46.3027],[31.7673,46.3182],[31.78,46.3318],[31.7998,46.3422],[31.8167,46.348],[31.8374,46.3496],[31.8926,46.3411],[31.9683,46.3511],[32.0296,46.389],[32.0552,46.3906],[32.0619,46.3938],[32.0536,46.406],[32.0078,46.449],[31.9917,46.4536],[31.9546,46.451],[31.9107,46.4559],[31.7717,46.4958],[31.7485,46.4999],[31.7264,46.5009],[31.7107,46.4954],[31.6903,46.4786],[31.6851,46.4614],[31.6865,46.4299],[31.6636,46.4721],[31.6558,46.4783],[31.6414,46.4821],[31.5244,46.5642],[31.5083,46.5876],[31.5403,46.5701],[31.5667,46.5504],[31.5816,46.5452],[31.7564,46.5543],[31.7902,46.5473],[31.8618,46.5193],[31.9471,46.5193],[32.0335,46.5063],[32.0912,46.5128],[32.1117,46.5124],[32.2215,46.4954],[32.2761,46.4709],[32.3176,46.4643],[32.361,46.4669],[32.3997,46.4783],[32.427,46.4988],[32.4084,46.5173],[32.4357,46.5432],[32.5248,46.5927],[32.571,46.5964],[32.5884,46.6043],[32.6338,46.6331],[32.6455,46.6496],[32.5674,46.6185],[32.5437,46.6217],[32.409,46.5689],[32.3358,46.5622],[32.2693,46.5876],[32.2482,46.6074],[32.2368,46.6044],[32.2201,46.5907],[32.2109,46.5876],[32.1699,46.5808],[32.1463,46.5602],[32.1321,46.5703],[32.1179,46.6069],[32.1011,46.6149],[32.0396,46.6235],[32.0228,46.6291],[31.9929,46.6574],[31.9798,46.6771],[31.9707,46.7129],[31.9403,46.7589],[31.9362,46.8004],[31.9548,46.8314],[31.9817,46.8603],[32.0025,46.8955],[32.0075,46.9152],[32.0067,46.9305],[31.9959,46.9404],[31.9461,46.9467],[31.9359,46.9548],[31.9392,46.968],[31.9769,47.0093],[31.971,47.0163],[31.9437,47.0189],[31.9002,47.0136],[31.8811,47.015],[31.8652,47.0264],[31.8932,47.0684],[31.8968,47.0927],[31.8823,47.1186],[31.8682,47.1273],[31.8456,47.134],[31.8379,47.1492],[31.8345,47.1789],[31.8306,47.1868],[31.8167,47.1971],[31.7577,47.2162],[31.7485,47.2285],[31.7533,47.2485],[31.7521,47.2558],[31.7417,47.2591],[31.7206,47.2319],[31.7268,47.2205],[31.7424,47.2092],[31.7617,47.2005],[31.8062,47.1927],[31.8163,47.1809],[31.8156,47.1226],[31.82,47.1171],[31.8447,47.113],[31.8743,47.0938],[31.8665,47.0771],[31.8447,47.0537],[31.8374,47.0084],[31.869,46.9988],[31.9141,47.0031],[31.9471,46.9991],[31.9177,46.9763],[31.9043,46.9605],[31.8994,46.9438],[31.9077,46.9265],[31.9256,46.9229],[31.9683,46.937],[31.9728,46.9154],[31.9634,46.8857],[31.9451,46.8595],[31.9232,46.8483],[31.8986,46.8429],[31.8775,46.8283],[31.8648,46.8066],[31.8652,46.78],[31.9028,46.7452],[31.9067,46.7382],[31.8994,46.694],[31.9085,46.6627],[31.8921,46.6436],[31.8584,46.6291],[31.8147,46.623],[31.7715,46.6275],[31.6741,46.6532],[31.6144,46.6496],[31.5972,46.6432],[31.5789,46.6173],[31.5568,46.6149],[31.5345,46.6272],[31.493,46.6287],[31.485,46.6323],[31.481,46.6464],[31.4909,46.6634],[31.5462,46.7276],[31.5602,46.7491],[31.5598,46.7589],[31.5721,46.7663],[31.6182,46.8135],[31.6061,46.8264],[31.5978,46.8205],[31.584,46.7936],[31.5493,46.78],[31.523,46.7503],[31.5083,46.7452],[31.4816,46.7589],[31.4561,46.796],[31.4407,46.8005],[31.4519,46.7755],[31.4558,46.7546],[31.4619,46.7487],[31.5021,46.7277],[31.5059,46.7204],[31.4782,46.6838],[31.4627,46.6752],[31.4286,46.6376],[31.4162,46.6291],[31.3967,46.626],[31.3377,46.6013],[31.3239,46.6061],[31.2957,46.6089],[31.283,46.6149],[31.2756,46.6074],[31.2567,46.6164],[31.1869,46.6291],[31.1595,46.629],[31.1082,46.6177],[31.0545,46.6127],[30.9914,46.6013],[30.9592,46.5834],[30.9391,46.5877],[30.926,46.5843],[30.867,46.5558],[30.8545,46.5534],[30.8026,46.5602],[30.7907,46.5529],[30.7549,46.5159],[30.7583,46.5026],[30.7752,46.4777],[30.7821,46.4572],[30.7935,46.4523],[30.7982,46.4464],[30.7904,46.4415],[30.7835,46.4309],[30.7725,46.3964],[30.7313,46.3586],[30.7145,46.348],[30.6607,46.3509],[30.6519,46.3445],[30.6565,46.339],[30.6794,46.3283],[30.6865,46.32],[30.6868,46.309],[30.6824,46.2995],[30.6535,46.2596],[30.5835,46.1903],[30.5619,46.1617],[30.5477,46.1478],[30.532,46.1419],[30.5233,46.1338],[30.4942,46.0805],[30.3713,45.998],[30.2614,45.8955],[30.2049,45.8559],[30.1384,45.8198],[30.141,45.833],[30.1353,45.8891],[30.1275,45.8913],[30.1106,45.8751],[30.0946,45.8148],[30.0867,45.8135],[30.0724,45.821],[30.0612,45.8135],[30.0147,45.8397],[29.9907,45.8471],[29.9685,45.8389],[29.9605,45.8192],[29.9529,45.772],[29.9324,45.7924],[29.9324,45.7999],[29.9391,45.8105],[29.9351,45.8161],[29.9263,45.8138],[29.9187,45.7999],[29.9177,45.7829],[29.9224,45.7694],[29.9393,45.7515],[29.9324,45.7242],[29.9197,45.7405],[29.8982,45.7515],[29.8962,45.7636],[29.8877,45.7651],[29.8817,45.763],[29.874,45.7515],[29.8237,45.7476],[29.8024,45.7375],[29.7957,45.7174],[29.8032,45.7042],[29.843,45.6907],[29.865,45.6723],[29.8601,45.6689],[29.8096,45.6486],[29.7891,45.6553],[29.7839,45.6466],[29.7891,45.6354],[29.7459,45.6226],[29.7337,45.6143],[29.735,45.6406],[29.724,45.6674],[29.7053,45.6884],[29.6826,45.6968],[29.6853,45.7043],[29.6792,45.7515],[29.6939,45.7813],[29.6804,45.7983],[29.6533,45.8139],[29.6428,45.8272],[29.6336,45.8214],[29.6314,45.8135],[29.6346,45.8066],[29.6519,45.789],[29.648,45.7812],[29.6296,45.7635],[29.6239,45.7515],[29.6227,45.7362],[29.6253,45.7283],[29.6375,45.7099],[29.6032,45.6913],[29.5972,45.6523],[29.5994,45.6044],[29.5897,45.5591],[29.6291,45.5467],[29.6484,45.5454],[29.6668,45.5482],[29.707,45.5733],[29.6616,45.5259],[29.638,45.5139],[29.6267,45.4951],[29.6052,45.487],[29.6057,45.4782],[29.6211,45.4544],[29.6408,45.4418],[29.6519,45.443],[29.6556,45.4518],[29.6538,45.464],[29.656,45.4742],[29.6724,45.4771],[29.6724,45.4538],[29.6753,45.4496],[29.6865,45.4536],[29.6859,45.4573],[29.7022,45.4566],[29.7087,45.4528],[29.7132,45.4362],[29.7245,45.4682],[29.7323,45.4757],[29.7474,45.4634],[29.7546,45.4473],[29.7559,45.4279],[29.7478,45.4143],[29.7277,45.4157],[29.7419,45.4045],[29.7502,45.3858],[29.7562,45.3212],[29.7515,45.3041],[29.7297,45.2581],[29.7277,45.2477],[29.7297,45.2377],[29.7088,45.2233],[29.6924,45.2167],[29.6745,45.2136],[29.6502,45.2172],[29.6239,45.2165],[29.6239,45.2103],[29.6388,45.1956],[29.6498,45.1778],[29.667,45.1642],[29.6996,45.1618],[29.6765,45.1446],[29.6644,45.1169],[29.6563,45.029],[29.6375,44.9837],[29.6309,44.9387],[29.6239,44.9291],[29.6304,44.9077],[29.6052,44.88],[29.6178,44.8615],[29.6112,44.8493],[29.5835,44.8403],[29.5618,44.8203],[29.542,44.8278],[29.511,44.8205],[29.3159,44.7988],[29.1921,44.7929],[29.1561,44.7844],[29.0558,44.7352],[29.0264,44.7147],[29.0007,44.6889],[28.9939,44.6964],[28.9949,44.7111],[28.9813,44.7294],[28.9749,44.7449],[29.0215,44.7547],[29.0583,44.7683],[29.0982,44.7754],[29.1206,44.7866],[29.1387,44.804],[29.1447,44.8266],[29.1388,44.8392],[29.0964,44.8751],[29.1018,44.8591],[29.1038,44.8403],[29.0879,44.8427],[29.0603,44.8323],[29.0486,44.8472],[29.0441,44.8655],[29.0418,44.9257],[29.0521,44.9446],[29.0988,44.957],[29.1106,44.97],[29.1017,44.9803],[29.0583,45.001],[29.0452,45.0048],[29.0144,45.0048],[28.9832,45.0123],[28.9728,45.011],[28.9602,44.9877],[28.9168,44.9797],[28.8801,44.9548],[28.8694,44.9433],[28.8635,44.9223],[28.8651,44.9166],[28.8744,44.9116],[28.8766,44.9049],[28.8747,44.8991],[28.8635,44.8915],[28.8665,44.8826],[28.8815,44.8697],[28.9041,44.8627],[28.9524,44.8266],[28.9397,44.8169],[28.925,44.8131],[28.9387,44.8062],[28.9387,44.7988],[28.9263,44.793],[28.9255,44.7837],[28.933,44.7735],[28.9461,44.7652],[28.9238,44.7578],[28.8794,44.7566],[28.8688,44.7536],[28.7984,44.7202],[28.7888,44.7062],[28.7871,44.6933],[28.7937,44.6879],[28.8084,44.6964],[28.8042,44.6842],[28.7854,44.6797],[28.781,44.6653],[28.784,44.6492],[28.7925,44.6447],[28.8456,44.6516],[28.8695,44.6618],[28.912,44.6964],[28.8977,44.7168],[28.9675,44.701],[28.9834,44.6926],[28.9876,44.6753],[28.9793,44.6553],[28.9621,44.6394],[28.9387,44.6343],[28.9727,44.6702],[28.9754,44.6868],[28.9524,44.6964],[28.9524,44.6889],[28.96,44.682],[28.9578,44.6788],[28.9387,44.6752],[28.9182,44.6827],[28.9046,44.6684],[28.8854,44.6581],[28.8542,44.6343],[28.7879,44.6096],[28.7742,44.6008],[28.7915,44.6238],[28.7947,44.6343],[28.7669,44.6337],[28.7578,44.6268],[28.7537,44.6138],[28.7668,44.6138],[28.7606,44.6037],[28.7644,44.5959],[28.7879,44.5865],[28.7481,44.5778],[28.7327,44.5679],[28.7327,44.5523],[28.7469,44.566],[28.7742,44.5523],[28.7534,44.5135],[28.7456,44.4862],[28.7503,44.4667],[28.7585,44.4653],[28.7664,44.4726],[28.772,44.4837],[28.7783,44.5074],[28.8084,44.5251],[28.8556,44.5677],[28.8924,44.5771],[28.9063,44.5877],[28.925,44.6206],[28.9097,44.5842],[28.844,44.4937],[28.7967,44.4679],[28.7066,44.381],[28.6931,44.3461],[28.6802,44.3533],[28.6644,44.3484],[28.6512,44.34],[28.6409,44.3286],[28.6351,44.3164],[28.631,44.2643],[28.6353,44.252],[28.6512,44.2308],[28.6652,44.1993],[28.6681,44.1843],[28.6649,44.1756],[28.6717,44.1687],[28.6584,44.1745],[28.6458,44.172],[28.6362,44.1643],[28.6309,44.1545],[28.6375,44.1359],[28.6541,44.0549],[28.6717,43.9974],[28.6691,43.9892],[28.66,43.9798],[28.6377,43.9186],[28.6094,43.8745],[28.5935,43.8195],[28.5845,43.8008],[28.5892,43.7913],[28.5825,43.7724],[28.583,43.751],[28.5762,43.7275],[28.5731,43.6061],[28.5755,43.5933],[28.6027,43.5527],[28.6035,43.5382],[28.5946,43.5125],[28.5785,43.4808],[28.5603,43.4538],[28.4886,43.4064],[28.4793,43.3968],[28.4739,43.3843],[28.4732,43.3668],[28.4595,43.3807],[28.4146,43.3989],[28.3938,43.4143],[28.3687,43.4218],[28.3216,43.4283],[28.2992,43.425],[28.2616,43.411],[28.2432,43.4078],[28.178,43.41],[28.1572,43.4078],[28.1188,43.3915],[28.0916,43.364],[28.0311,43.249],[28.0176,43.2327],[28.0002,43.2232],[27.932,43.2098],[27.9138,43.2023],[27.904,43.2023],[27.904,43.1955],[27.9387,43.1765],[27.9456,43.1689],[27.9443,43.1571],[27.9251,43.1136],[27.9114,43.0652],[27.8877,43.0421],[27.8836,43.031],[27.8854,43.0086],[27.9004,42.9629],[27.904,42.9423],[27.8984,42.8747],[27.904,42.8597],[27.884,42.8484],[27.8836,42.8319],[27.8971,42.784],[27.8971,42.7362],[27.8923,42.7105],[27.8411,42.7083],[27.7874,42.7152],[27.7327,42.7145],[27.7256,42.7085],[27.719,42.6946],[27.7158,42.6837],[27.717,42.6745],[27.7241,42.667],[27.7395,42.6611],[27.7127,42.6577],[27.6692,42.6437],[27.6467,42.6406],[27.6284,42.629],[27.6304,42.6027],[27.6502,42.5581],[27.634,42.5637],[27.5409,42.5655],[27.5115,42.553],[27.4985,42.5325],[27.4802,42.4829],[27.4623,42.4896],[27.4529,42.4801],[27.4534,42.4652],[27.4657,42.4556],[27.4611,42.4435],[27.4657,42.4283],[27.4699,42.4371],[27.4657,42.4414],[27.4727,42.4619],[27.5039,42.4373],[27.5142,42.4351],[27.5264,42.4437],[27.5344,42.4553],[27.5444,42.46],[27.562,42.4482],[27.5711,42.4585],[27.5796,42.4572],[27.5956,42.4482],[27.6294,42.4586],[27.6433,42.4556],[27.6428,42.4505],[27.6365,42.4482],[27.6424,42.4309],[27.6522,42.4185],[27.6677,42.4161],[27.6917,42.4283],[27.6935,42.4189],[27.6991,42.4139],[27.719,42.4147],[27.719,42.4072],[27.698,42.4004],[27.7054,42.3906],[27.719,42.3867],[27.7095,42.3768],[27.7083,42.3631],[27.7144,42.3492],[27.7258,42.3389],[27.7404,42.3343],[27.7804,42.3389],[27.7804,42.3327],[27.7746,42.3272],[27.7744,42.3217],[27.7879,42.311],[27.763,42.2956],[27.7511,42.277],[27.7559,42.2585],[27.7804,42.2434],[27.7737,42.2359],[27.8097,42.2184],[27.8314,42.195],[27.8562,42.1813],[27.8494,42.1671],[27.8791,42.1542],[27.8867,42.1474],[27.904,42.1198],[27.9578,42.0943],[27.9727,42.0754],[27.9866,42.0721],[27.9824,42.0611],[27.9873,42.0517],[28.007,42.0379],[28.0076,42.0329],[28.0002,42.0305],[28.0116,42.0214],[28.0191,42.0084],[28.0204,41.9946],[28.0138,41.9827],[28.0306,41.9245],[28.0309,41.9138],[28.0423,41.9049],[28.0466,41.8971],[28.0449,41.8902],[28.0358,41.8859],[28.007,41.8933],[27.9906,41.8928],[27.9775,41.8874],[27.9691,41.8738],[27.9661,41.8489],[27.972,41.8223],[28.0213,41.7704],[28.0402,41.7254],[28.0518,41.7121],[28.0785,41.692],[28.0884,41.6769],[28.0896,41.6708],[28.0871,41.6671],[28.0767,41.6668],[28.0759,41.6605],[28.0833,41.6449],[28.0972,41.6267],[28.1133,41.6116],[28.1419,41.5989],[28.1777,41.5582],[28.2328,41.519],[28.3843,41.4475],[28.6008,41.3775],[28.9085,41.2665],[29.0076,41.2497],[29.0243,41.2428],[29.032,41.2449],[29.0383,41.2543],[29.0452,41.2564],[29.0687,41.2537],[29.0939,41.2464],[29.1092,41.2353],[29.0999,41.2104],[29.0868,41.1919],[29.0693,41.1747],[29.0408,41.1643],[29.0574,41.1415],[29.0706,41.1302],[29.0623,41.1193],[29.0586,41.0996],[29.0422,41.0664],[29.0315,41.0539],[29.0055,41.0445],[28.9895,41.0311],[28.9885,41.0216],[28.9924,41.0082],[28.9865,41.0026],[28.9605,41.003],[28.9461,41.0095],[28.9284,40.9958],[28.8993,40.9843],[28.8499,40.9753],[28.8338,40.9639],[28.822,40.9616],[28.786,40.9656],[28.7702,40.9793],[28.7453,40.9802],[28.6253,40.9684],[28.5952,40.978],[28.6035,41.0095],[28.5918,41.0189],[28.5755,41.0237],[28.5825,41.0464],[28.5724,41.0665],[28.5519,41.0805],[28.5278,41.0852],[28.5329,41.0706],[28.5545,41.0537],[28.5625,41.0368],[28.5603,41.0123],[28.5536,40.9984],[28.5414,40.9896],[28.5125,40.9927],[28.4607,41.0329],[28.4353,41.0429],[28.4022,41.0473],[28.3328,41.0666],[28.2981,41.0709],[28.264,41.0709],[28.2367,41.0852],[28.1817,41.0777],[28.1653,41.0852],[28.013,41.0407],[27.9866,41.0237],[27.9644,40.9963],[27.9578,40.9833],[27.9592,40.9753],[27.9413,40.9711],[27.8607,40.9785],[27.8153,41.0026],[27.7761,41.011],[27.7378,41.0126],[27.5242,40.9892],[27.4932,40.9753],[27.4717,40.9418],[27.4465,40.8617],[27.4248,40.8313],[27.3308,40.761],[27.2879,40.7036],[27.1983,40.6531],[27.1777,40.6326],[27.1428,40.6274],[27.1152,40.6137],[27.0475,40.6122],[27.0306,40.6015],[27.0015,40.5703],[26.9898,40.5638],[26.9499,40.5596],[26.9116,40.5507],[26.8537,40.5231],[26.8211,40.5031],[26.7595,40.4962],[26.7407,40.4875],[26.7083,40.4657],[26.6834,40.4555],[26.6743,40.4257],[26.6638,40.4136],[26.6315,40.4001],[26.6248,40.3925],[26.6229,40.3757],[26.6167,40.3595],[26.6016,40.3461],[26.5397,40.3037],[26.5104,40.2982],[26.4972,40.2899],[26.4761,40.2734],[26.4758,40.2696],[26.4447,40.2416],[26.4265,40.2303],[26.3799,40.2113],[26.3591,40.2082],[26.3456,40.1998],[26.3488,40.1813],[26.3613,40.1626],[26.3758,40.1535],[26.328,40.1187],[26.2731,40.0926],[26.2429,40.0708],[26.2306,40.0649],[26.1776,40.0507],[26.167,40.0499],[26.1575,40.0553],[26.16,40.0672],[26.1738,40.0846],[26.1902,40.0942],[26.2147,40.1461],[26.2598,40.1945],[26.272,40.2304],[26.2669,40.2578],[26.2479,40.2791],[26.2181,40.2969],[26.2285,40.3035],[26.2318,40.3101],[26.2274,40.3153],[26.2147,40.3174],[26.21,40.3219],[26.2191,40.3314],[26.2502,40.3495],[26.3014,40.3647],[26.3211,40.3652],[26.3361,40.3853],[26.3858,40.4099],[26.4328,40.4398],[26.4917,40.4565],[26.5359,40.4855],[26.5645,40.4995],[26.5956,40.5104],[26.6229,40.5153],[26.6698,40.5108],[26.6838,40.5153],[26.6973,40.5264],[26.7183,40.5515],[26.7328,40.5638],[26.7562,40.5548],[26.7883,40.5629],[26.8167,40.581],[26.8289,40.602],[26.7904,40.6606],[26.7142,40.6513],[26.6775,40.6395],[26.6092,40.6395],[26.582,40.633],[26.5056,40.5986],[26.4771,40.6131],[26.4447,40.619],[26.3998,40.6042],[26.3731,40.6144],[26.3026,40.6011],[26.1174,40.602],[26.0913,40.6054],[26.0769,40.6118],[26.0537,40.6606],[26.0609,40.6758],[26.0581,40.6977],[26.0481,40.7196],[26.0332,40.7351],[26.0409,40.7366],[26.0469,40.7425],[26.036,40.7578],[26.0335,40.7783],[26.0274,40.7961],[26.0059,40.8039],[26.0059,40.8108],[26.0537,40.8162],[26.0606,40.8207],[26.054,40.831],[26.0389,40.8325],[26.0122,40.8244],[26.0059,40.8388],[25.9984,40.8388],[25.9984,40.8313],[26.0059,40.817],[25.9984,40.817],[25.9829,40.8309],[25.9517,40.8455],[25.9186,40.853],[25.8967,40.8449],[25.8799,40.8483],[25.8257,40.8497],[25.8032,40.8565],[25.7322,40.8518],[25.6045,40.8762],[25.5671,40.8654],[25.5378,40.8704],[25.5169,40.8791],[25.4868,40.8971],[25.4197,40.9064],[25.383,40.919],[25.3408,40.9417],[25.2997,40.9518],[25.2661,40.9269],[25.2593,40.9269],[25.2588,40.932],[25.1807,40.9427],[25.134,40.9629],[25.1401,40.9836],[25.1585,40.9943],[25.1699,40.9958],[25.1384,41.0101],[25.0573,41.0095],[25.0391,41.006],[25.0396,40.9896],[25.0188,40.9751],[25.0065,40.9697],[24.9917,40.9685],[24.999,40.9499],[24.9898,40.9421],[24.9539,40.9411],[24.8921,40.9206],[24.8635,40.9052],[24.834,40.8747],[24.802,40.8535],[24.7658,40.8654],[24.7284,40.8527],[24.7088,40.8518],[24.6901,40.8586],[24.6975,40.8654],[24.6628,40.8797],[24.6354,40.8586],[24.6287,40.8586],[24.6196,40.8747],[24.5962,40.9012],[24.6008,40.9138],[24.5755,40.9267],[24.5689,40.9374],[24.5667,40.9517],[24.5051,40.9616],[24.4956,40.9559],[24.4729,40.9517],[24.4641,40.9411],[24.4431,40.9481],[24.4155,40.9455],[24.3918,40.9365],[24.3722,40.9141],[24.3127,40.8797],[24.3247,40.8721],[24.3324,40.8629],[24.3313,40.855],[24.3098,40.8505],[24.3057,40.8417],[24.3096,40.835],[24.3153,40.8322],[24.3407,40.8313],[24.1101,40.7279],[24.0731,40.7214],[24.03,40.7233],[23.9863,40.7322],[23.874,40.7777],[23.8421,40.7834],[23.8093,40.7804],[23.7541,40.763],[23.7317,40.7519],[23.7107,40.7376],[23.697,40.7214],[23.6917,40.6954],[23.7002,40.6737],[23.718,40.6587],[23.741,40.6531],[23.7556,40.6457],[23.7725,40.6276],[23.7866,40.6061],[23.7927,40.588],[23.799,40.5866],[23.8335,40.5638],[23.8467,40.5603],[23.8776,40.5602],[23.8888,40.5638],[23.8953,40.553],[23.9149,40.5389],[23.9155,40.5296],[23.9072,40.5254],[23.8382,40.5187],[23.823,40.507],[23.819,40.4877],[23.8267,40.4614],[23.8682,40.4135],[23.8779,40.4062],[23.9097,40.3942],[23.9155,40.3893],[23.9639,40.3795],[24.0025,40.3864],[24.0117,40.3925],[24.0116,40.4018],[23.9912,40.4341],[23.9987,40.4409],[23.9912,40.4477],[24.0114,40.4492],[24.0288,40.4321],[24.0532,40.3925],[24.0858,40.366],[24.1089,40.3574],[24.1284,40.3652],[24.1799,40.3515],[24.1869,40.3466],[24.2039,40.3174],[24.2334,40.3169],[24.2663,40.289],[24.3206,40.228],[24.3833,40.1791],[24.3938,40.1525],[24.3611,40.1324],[24.3186,40.1247],[24.3,40.1281],[24.2861,40.1605],[24.2717,40.171],[24.2383,40.187],[24.2119,40.2175],[24.1927,40.249],[24.169,40.2753],[24.1284,40.29],[24.0479,40.3012],[24.0192,40.3105],[23.9938,40.3239],[23.9365,40.3652],[23.9226,40.3693],[23.885,40.3652],[23.8483,40.3727],[23.8335,40.372],[23.7822,40.3527],[23.7596,40.3492],[23.7305,40.359],[23.7207,40.3448],[23.7168,40.3453],[23.6997,40.3264],[23.6936,40.3092],[23.6956,40.2929],[23.7163,40.2553],[23.7577,40.2317],[23.7643,40.2154],[23.7786,40.2027],[23.8677,40.1728],[23.8802,40.1763],[23.8967,40.1713],[23.9407,40.1415],[23.9802,40.1307],[23.9912,40.1187],[23.99,40.11],[23.9774,40.1005],[23.9775,40.0908],[24.0011,40.0749],[24.0049,40.0672],[24.0017,40.0588],[23.9876,40.0574],[23.9842,40.0536],[23.9868,40.0422],[23.9934,40.0375],[24.0117,40.0436],[24.0122,40.0266],[24.0192,40.0163],[23.9925,39.9988],[23.988,39.99],[23.9987,39.9816],[23.9987,39.9748],[23.9793,39.9743],[23.9699,39.9681],[23.9728,39.9619],[23.9912,39.9611],[23.9912,39.9536],[23.94,39.9525],[23.9197,39.9564],[23.9229,39.9748],[23.9155,39.9748],[23.9077,39.9698],[23.9006,39.9712],[23.8976,39.9779],[23.9025,39.9884],[23.8609,40.0058],[23.8562,40.0168],[23.8449,40.0241],[23.8312,40.0265],[23.8241,40.0219],[23.8267,40.0089],[23.7899,40.056],[23.7852,40.0672],[23.7933,40.0938],[23.7783,40.1016],[23.7645,40.1262],[23.6755,40.2179],[23.6418,40.2354],[23.6227,40.2397],[23.5403,40.2448],[23.4841,40.2696],[23.4385,40.2792],[23.3983,40.2777],[23.365,40.2617],[23.3401,40.228],[23.3377,40.2084],[23.3555,40.175],[23.3636,40.1505],[23.4006,40.144],[23.4692,40.0671],[23.4989,40.0423],[23.6027,39.9985],[23.6703,39.9861],[23.676,39.9611],[23.6854,39.949],[23.6973,39.9405],[23.7479,39.9305],[23.7402,39.9233],[23.7031,39.9127],[23.6165,39.9233],[23.471,39.9716],[23.4465,39.9748],[23.3721,39.9652],[23.3606,39.9611],[23.3788,39.9911],[23.3816,40.0027],[23.3784,40.011],[23.3606,40.0328],[23.3527,40.0571],[23.3166,40.0889],[23.3059,40.1045],[23.3196,40.1368],[23.3246,40.175],[23.3186,40.2105],[23.2991,40.2354],[23.2586,40.2531],[23.1996,40.2663],[23.1662,40.2799],[23.1489,40.2764],[23.0969,40.3061],[23.0868,40.3071],[23.0762,40.3144],[23.0291,40.3258],[23.0109,40.3512],[22.9639,40.3795],[22.9448,40.3863],[22.9275,40.3885],[22.8882,40.3863],[22.8977,40.402],[22.8897,40.4184],[22.8602,40.4477],[22.8674,40.4494],[22.8672,40.4539],[22.8309,40.4858],[22.8216,40.5021],[22.8435,40.5092],[22.9074,40.512],[22.9416,40.5172],[22.9564,40.5263],[22.9832,40.5527],[22.9769,40.5706],[22.9417,40.5873],[22.9496,40.6054],[22.9338,40.6309],[22.9105,40.6446],[22.8831,40.6473],[22.854,40.6395],[22.8611,40.6206],[22.8587,40.6053],[22.8506,40.5934],[22.8403,40.5843],[22.8151,40.5729],[22.8159,40.5706],[22.7957,40.5708],[22.7783,40.5781],[22.7586,40.5678],[22.7459,40.5552],[22.7425,40.5404],[22.7503,40.5228],[22.7442,40.5228],[22.7367,40.5296],[22.7367,40.5153],[22.7305,40.5153],[22.7305,40.5228],[22.7232,40.5228],[22.719,40.511],[22.7109,40.5116],[22.689,40.5228],[22.6885,40.5275],[22.6735,40.5268],[22.6577,40.5167],[22.6563,40.5045],[22.6753,40.4962],[22.6597,40.4929],[22.6507,40.4728],[22.6268,40.4819],[22.6029,40.4813],[22.5905,40.4774],[22.5791,40.4682],[22.5934,40.4582],[22.6038,40.444],[22.6087,40.4282],[22.6065,40.4136],[22.64,40.3837],[22.6584,40.3795],[22.6611,40.369],[22.6476,40.3459],[22.6206,40.3105],[22.5903,40.2416],[22.5908,40.2302],[22.5525,40.1666],[22.5497,40.1439],[22.5677,40.1105],[22.5729,40.0877],[22.5689,40.0648],[22.5713,40.0543],[22.5832,40.0499],[22.5877,40.0449],[22.6003,40.0163],[22.6672,39.9744],[22.6909,39.9682],[22.6986,39.9609],[22.7079,39.9614],[22.7101,39.9338],[22.723,39.8978],[22.7305,39.8854],[22.7409,39.8747],[22.7787,39.8498],[22.8011,39.8403],[22.8153,39.829],[22.8503,39.7905],[22.8648,39.7532],[22.8718,39.7158],[22.9019,39.6588],[22.9251,39.5995],[22.9395,39.5806],[22.9529,39.57],[23.0049,39.5434],[23.0559,39.5272],[23.0974,39.5018],[23.1018,39.4974],[23.1141,39.467],[23.1257,39.4544],[23.2109,39.3793],[23.2238,39.3586],[23.2713,39.3229],[23.2922,39.269],[23.3423,39.1926],[23.3438,39.1796],[23.3013,39.1514],[23.2437,39.1417],[23.2097,39.1318],[23.2302,39.1244],[23.2302,39.1182],[23.2142,39.1126],[23.2036,39.1046],[23.1914,39.1078],[23.1692,39.1066],[23.1463,39.1018],[23.1155,39.0883],[23.0921,39.0893],[23.052,39.0977],[23.0731,39.1244],[23.0677,39.138],[23.0811,39.1472],[23.1141,39.1591],[23.1139,39.1463],[23.1006,39.1046],[23.1717,39.135],[23.1824,39.1461],[23.1755,39.1555],[23.1813,39.1587],[23.1909,39.1581],[23.1992,39.1514],[23.2136,39.1681],[23.2171,39.1796],[23.2123,39.1905],[23.1755,39.2343],[23.1799,39.2508],[23.1691,39.2685],[23.1346,39.2969],[23.1155,39.3074],[23.0982,39.3122],[23.0205,39.3175],[23.0186,39.3305],[22.9981,39.3571],[22.9359,39.3606],[22.9429,39.351],[22.9429,39.3441],[22.9328,39.336],[22.929,39.3242],[22.9321,39.3122],[22.9429,39.3032],[22.8425,39.2885],[22.8262,39.2722],[22.8262,39.2213],[22.854,39.1591],[22.8602,39.1591],[22.868,39.1697],[22.8809,39.1796],[22.877,39.1904],[22.8821,39.191],[22.8901,39.1843],[22.895,39.1728],[22.9019,39.1796],[22.9109,39.1633],[22.9206,39.1251],[22.936,39.1114],[22.9359,39.1161],[22.9429,39.1182],[22.936,39.1318],[22.9611,39.119],[22.9824,39.0844],[22.9981,39.0698],[22.992,39.0573],[22.9981,39.0493],[22.9665,39.0347],[22.9588,39.0251],[22.9639,39.009],[23.0153,39.0332],[23.0425,39.0401],[23.0731,39.0425],[23.0731,39.0363],[23.0647,39.0288],[23.0322,39.0151],[23.0233,39.0084],[23.0072,38.9739],[22.9845,38.9543],[22.9564,38.9543],[22.9443,38.9473],[22.936,38.9468],[22.9429,38.9326],[22.9286,38.9316],[22.8984,38.9196],[22.8599,38.9285],[22.8465,38.9264],[22.8418,38.9192],[22.8367,38.8965],[22.8296,38.8917],[22.8047,38.891],[22.7966,38.8871],[22.792,38.878],[22.7327,38.8724],[22.7183,38.8898],[22.689,38.878],[22.6584,38.8917],[22.6216,38.9145],[22.6133,38.9131],[22.5808,38.8936],[22.5521,38.8892],[22.5388,38.878],[22.5251,38.8854],[22.5251,38.8581],[22.5729,38.8643],[22.5729,38.8581],[22.5539,38.8481],[22.5633,38.8362],[22.5828,38.832],[22.5934,38.8445],[22.6003,38.8445],[22.5934,38.8302],[22.6327,38.8352],[22.6411,38.8302],[22.6903,38.85],[22.7026,38.8507],[22.7268,38.8196],[22.7481,38.7992],[22.7783,38.7817],[22.8159,38.7893],[22.8293,38.7861],[22.8599,38.767],[22.8672,38.7551],[22.8875,38.7711],[22.8982,38.7753],[22.9149,38.7756],[22.9453,38.7581],[22.9602,38.7551],[23.0163,38.7545],[23.042,38.7467],[23.0594,38.7277],[23.0905,38.6491],[23.1045,38.6384],[23.1235,38.6369],[23.1564,38.6535],[23.1825,38.6538],[23.1961,38.6663],[23.1681,38.6794],[23.1868,38.686],[23.2049,38.6827],[23.2376,38.6663],[23.2538,38.6618],[23.287,38.6581],[23.3059,38.6527],[23.321,38.6433],[23.3312,38.6303],[23.3357,38.6164],[23.3333,38.6042],[23.2933,38.5791],[23.2854,38.5565],[23.2954,38.5681],[23.3074,38.5685],[23.3406,38.5456],[23.3816,38.5353],[23.3816,38.5286],[23.3401,38.5224],[23.3293,38.5084],[23.335,38.5036],[23.4185,38.5043],[23.5194,38.4907],[23.5319,38.4981],[23.543,38.5117],[23.5672,38.5011],[23.6013,38.4739],[23.5735,38.4609],[23.5735,38.4534],[23.5962,38.4468],[23.6001,38.4406],[23.594,38.4329],[23.594,38.4261],[23.625,38.414],[23.6729,38.3564],[23.71,38.3367],[23.7249,38.3361],[23.782,38.3436],[23.805,38.3325],[23.9124,38.2982],[23.951,38.2909],[23.967,38.2793],[23.9912,38.2542],[24.0386,38.2239],[24.0506,38.2107],[24.069,38.2047],[24.0731,38.1965],[24.068,38.1809],[24.0695,38.1735],[24.0806,38.166],[24.07,38.1628],[24.0641,38.1551],[24.0594,38.1313],[24.0532,38.1452],[24.0378,38.1437],[23.989,38.1226],[23.99,38.1021],[24.0091,38.0406],[24.0327,38.0078],[24.0117,37.9669],[24.0159,37.9374],[24.0117,37.9252],[24.0344,37.9229],[24.0433,37.9164],[24.0464,37.906],[24.0422,37.9007],[24.0117,37.8918],[24.0278,37.8803],[24.0532,37.8781],[24.0464,37.8706],[24.0669,37.8644],[24.0593,37.8485],[24.0669,37.8371],[24.0576,37.8322],[24.0532,37.8228],[24.077,37.8111],[24.0846,37.8017],[24.0874,37.7852],[24.0862,37.7637],[24.0819,37.7525],[24.0594,37.7335],[24.0731,37.7272],[24.0731,37.7198],[24.0594,37.7198],[24.0594,37.7136],[24.0658,37.7128],[24.0669,37.6993],[24.064,37.705],[24.0594,37.6993],[24.0721,37.6895],[24.0637,37.6785],[24.0327,37.6515],[23.9831,37.6703],[23.9497,37.6774],[23.943,37.6899],[23.9434,37.7272],[23.9227,37.7212],[23.9133,37.7397],[23.9025,37.7819],[23.8888,37.7744],[23.8816,37.7911],[23.8656,37.8077],[23.8475,37.8181],[23.8335,37.816],[23.8192,37.8297],[23.813,37.8297],[23.8073,37.8086],[23.7866,37.8122],[23.779,37.8023],[23.7766,37.8143],[23.7736,37.8169],[23.7645,37.816],[23.7708,37.8283],[23.7664,37.8389],[23.7448,37.8576],[23.7422,37.8767],[23.7005,37.9252],[23.697,37.9395],[23.6802,37.9459],[23.6281,37.9327],[23.6281,37.9395],[23.6408,37.9458],[23.6418,37.9525],[23.6266,37.9475],[23.6104,37.9621],[23.5977,37.9669],[23.5711,37.9687],[23.5608,37.9728],[23.553,37.9805],[23.5889,38.0063],[23.5979,38.0211],[23.5906,38.0388],[23.5813,38.0463],[23.5598,38.0425],[23.5218,38.0425],[23.5115,38.0404],[23.4946,38.0289],[23.4709,38.0278],[23.45,38.0214],[23.4119,37.9944],[23.3953,37.9879],[23.4295,37.9805],[23.4089,37.9743],[23.3298,37.9805],[23.2268,37.9736],[23.1892,37.9588],[23.1423,37.9301],[23.0941,37.911],[23.052,37.9252],[23.0427,37.9219],[23.0151,37.9252],[23.0115,37.92],[23.0103,37.897],[23.0015,37.8918],[22.9951,37.8821],[22.9995,37.8627],[23.0125,37.8476],[23.0322,37.8508],[23.0497,37.8436],[23.0735,37.8411],[23.0972,37.8436],[23.1141,37.8508],[23.1463,37.8258],[23.1638,37.8153],[23.1824,37.8091],[23.1764,37.79],[23.1824,37.7744],[23.1687,37.7724],[23.1504,37.7634],[23.1282,37.7605],[23.1209,37.7409],[23.1458,37.7258],[23.1594,37.7208],[23.1755,37.7198],[23.1663,37.697],[23.1638,37.6816],[23.1755,37.6447],[23.1619,37.6447],[23.1646,37.623],[23.1686,37.6142],[23.1901,37.6073],[23.2302,37.5826],[23.2376,37.59],[23.2747,37.5612],[23.2922,37.5559],[23.323,37.5374],[23.3367,37.5355],[23.3604,37.5477],[23.3591,37.5743],[23.3406,37.6003],[23.3122,37.6105],[23.3122,37.6174],[23.3291,37.6282],[23.3478,37.6344],[23.3987,37.6379],[23.409,37.6259],[23.4043,37.5993],[23.3908,37.5714],[23.3743,37.5559],[23.395,37.5414],[23.422,37.5355],[23.422,37.528],[23.3953,37.5218],[23.3953,37.515],[23.4363,37.5081],[23.4588,37.4962],[23.4792,37.4907],[23.5256,37.4597],[23.5189,37.453],[23.5256,37.446],[23.5256,37.4392],[23.5054,37.4305],[23.4465,37.4146],[23.3233,37.4097],[23.3059,37.4119],[23.3122,37.3983],[23.2627,37.401],[23.2644,37.3908],[23.2302,37.3846],[23.23,37.3749],[23.2371,37.3703],[23.2576,37.3709],[23.2513,37.3635],[23.2513,37.3573],[23.278,37.3498],[23.2624,37.344],[23.2067,37.3437],[23.186,37.3406],[23.1854,37.3322],[23.2036,37.3027],[23.1686,37.2995],[23.1414,37.3095],[23.1414,37.3164],[23.1619,37.3164],[23.1619,37.3231],[23.1502,37.3258],[23.1234,37.3248],[23.1141,37.3362],[23.1346,37.3293],[23.1224,37.3457],[23.1006,37.3573],[23.0928,37.3508],[23.0828,37.3505],[23.0731,37.3552],[23.0701,37.3889],[23.0726,37.4011],[23.095,37.3896],[23.1052,37.3969],[23.1126,37.4109],[23.1141,37.4256],[23.1414,37.4119],[23.132,37.4486],[23.0972,37.4622],[23.062,37.455],[23.0459,37.4597],[23.0594,37.4665],[23.0459,37.487],[23.0112,37.4691],[23.0049,37.4597],[22.9909,37.4958],[22.9807,37.5088],[22.9639,37.5218],[22.9429,37.5218],[22.936,37.5355],[22.9216,37.5404],[22.9019,37.5417],[22.9143,37.5388],[22.9224,37.528],[22.9024,37.5349],[22.885,37.5331],[22.854,37.515],[22.8193,37.5355],[22.8262,37.5491],[22.802,37.5609],[22.7959,37.5692],[22.7988,37.5764],[22.7783,37.5969],[22.7385,37.5809],[22.7264,37.5664],[22.7232,37.5417],[22.7367,37.5184],[22.7305,37.4945],[22.7347,37.4833],[22.7503,37.4665],[22.7503,37.4426],[22.7648,37.4318],[22.7642,37.4215],[22.7573,37.4083],[22.758,37.3983],[22.8104,37.3484],[22.8193,37.3437],[22.8125,37.3293],[22.8262,37.3293],[22.8262,37.3231],[22.8193,37.3231],[22.8193,37.3164],[22.8298,37.3083],[22.8538,37.2739],[22.8609,37.2557],[22.9066,37.1939],[22.9116,37.1834],[22.9004,37.1729],[22.895,37.1339],[22.9032,37.1213],[22.922,37.118],[22.9564,37.124],[22.9639,37.1103],[22.9568,37.1068],[22.9639,37.1034],[22.9564,37.0959],[22.9735,37.091],[22.9817,37.0827],[22.9792,37.0778],[22.9639,37.083],[22.9729,37.0651],[22.9998,37.0333],[22.9981,37.0215],[23.0117,36.9868],[22.9907,36.9868],[23.0049,36.9669],[23.0117,36.9731],[23.0164,36.9553],[23.0117,36.9389],[23.049,36.8769],[23.0459,36.8691],[23.0593,36.8515],[23.0868,36.8291],[23.0933,36.8183],[23.0956,36.807],[23.0918,36.7983],[23.0806,36.795],[23.0806,36.7888],[23.0988,36.7869],[23.1141,36.7813],[23.1099,36.7737],[23.0944,36.7608],[23.0944,36.7437],[23.0886,36.7329],[23.0759,36.7338],[23.052,36.7471],[23.0309,36.7256],[23.0256,36.7156],[23.0391,36.7062],[23.0322,36.6926],[23.0594,36.6926],[23.0344,36.6749],[23.0357,36.6491],[23.0806,36.5793],[23.1346,36.5554],[23.1454,36.5419],[23.155,36.5411],[23.1414,36.5342],[23.1414,36.528],[23.1475,36.5224],[23.1482,36.5172],[23.1346,36.5076],[23.1519,36.4873],[23.1818,36.4723],[23.2036,36.4561],[23.1961,36.4325],[23.1619,36.4462],[23.1519,36.4356],[23.1393,36.4341],[23.0947,36.4432],[23.0784,36.4653],[23.0663,36.4735],[23.0721,36.4931],[23.0651,36.5091],[23.051,36.5224],[23.0357,36.528],[22.9927,36.5203],[22.9724,36.5202],[22.9639,36.5312],[22.9592,36.5474],[22.9292,36.5963],[22.8747,36.6305],[22.8889,36.6425],[22.8843,36.6542],[22.8372,36.6865],[22.8193,36.6652],[22.815,36.6706],[22.8137,36.6794],[22.8193,36.7028],[22.8171,36.718],[22.8079,36.7396],[22.8008,36.7758],[22.7869,36.7934],[22.7651,36.8042],[22.7367,36.8086],[22.6856,36.8095],[22.6226,36.8035],[22.5774,36.783],[22.5791,36.7404],[22.5462,36.7214],[22.5335,36.7072],[22.5251,36.6851],[22.5403,36.6852],[22.5498,36.6783],[22.5537,36.6662],[22.5525,36.6509],[22.5457,36.6509],[22.54,36.6653],[22.5339,36.6706],[22.5251,36.6715],[22.5168,36.6662],[22.51,36.648],[22.531,36.6328],[22.5261,36.6124],[22.5127,36.6028],[22.5046,36.6243],[22.49,36.617],[22.4841,36.6066],[22.4836,36.5479],[22.4866,36.5251],[22.5115,36.4666],[22.5073,36.4611],[22.5115,36.4523],[22.4983,36.4453],[22.4939,36.4348],[22.4968,36.4228],[22.5046,36.4114],[22.5046,36.4045],[22.4955,36.4053],[22.491,36.3909],[22.4797,36.402],[22.4751,36.4376],[22.4699,36.4523],[22.4553,36.4622],[22.4204,36.4735],[22.4084,36.4871],[22.4016,36.4871],[22.3914,36.4785],[22.3814,36.4805],[22.364,36.497],[22.3545,36.5119],[22.3553,36.5229],[22.3674,36.5479],[22.3836,36.5442],[22.3882,36.5561],[22.384,36.5725],[22.3737,36.5827],[22.388,36.6025],[22.3674,36.6025],[22.3679,36.6308],[22.3713,36.6427],[22.388,36.6441],[22.388,36.6509],[22.3684,36.6565],[22.3706,36.6736],[22.388,36.7062],[22.3586,36.7021],[22.3394,36.7265],[22.3237,36.7579],[22.3054,36.7751],[22.307,36.7946],[22.2917,36.8201],[22.2215,36.8975],[22.2002,36.9064],[22.1751,36.8912],[22.1379,36.9171],[22.1335,36.9321],[22.1406,36.9372],[22.1477,36.956],[22.1536,36.9869],[22.1532,37.0212],[22.0856,37.0334],[22.0481,37.0351],[22.03,37.031],[21.9922,37.0121],[21.9546,37.0036],[21.9431,36.9933],[21.9373,36.98],[21.9273,36.8845],[21.9217,36.8632],[21.9349,36.8342],[21.9286,36.8223],[21.9562,36.8035],[21.9702,36.8017],[21.9702,36.795],[21.9451,36.7899],[21.9388,36.7832],[21.9422,36.7751],[21.9359,36.766],[21.8826,36.7265],[21.874,36.7267],[21.8228,36.8086],[21.7897,36.8048],[21.7642,36.795],[21.7523,36.805],[21.7288,36.8126],[21.7225,36.8223],[21.7074,36.818],[21.6885,36.8496],[21.6924,36.859],[21.6885,36.8912],[21.6916,36.9003],[21.7095,36.9259],[21.71,36.9427],[21.7026,36.9573],[21.6882,36.9645],[21.668,36.9594],[21.6774,36.9633],[21.6817,36.9731],[21.6677,36.9709],[21.6618,36.9594],[21.6548,36.9947],[21.5993,37.0457],[21.5786,37.0767],[21.5697,37.1162],[21.5676,37.1563],[21.5744,37.1924],[21.5921,37.2202],[21.655,37.2607],[21.6823,37.2839],[21.6958,37.3164],[21.6914,37.3566],[21.6748,37.396],[21.6071,37.4995],[21.569,37.5454],[21.55,37.5615],[21.4636,37.6103],[21.443,37.6186],[21.4022,37.6554],[21.3433,37.6693],[21.3237,37.6649],[21.3185,37.6379],[21.3123,37.6379],[21.3083,37.6662],[21.2987,37.6726],[21.311,37.6931],[21.3147,37.7095],[21.3119,37.7263],[21.2953,37.7717],[21.2849,37.7851],[21.2273,37.8119],[21.1221,37.8374],[21.113,37.8433],[21.1076,37.8555],[21.1116,37.8704],[21.1062,37.8781],[21.1336,37.9464],[21.1404,37.9464],[21.1644,37.9296],[21.2078,37.946],[21.2516,37.9762],[21.2775,38.001],[21.2915,37.9972],[21.3259,38.0214],[21.3259,38.0289],[21.3185,38.0351],[21.2991,38.0265],[21.2844,38.0153],[21.367,38.1211],[21.3737,38.1445],[21.3743,38.2206],[21.3983,38.1929],[21.4085,38.1859],[21.4053,38.2075],[21.4009,38.2148],[21.4061,38.2084],[21.4207,38.2023],[21.4597,38.2002],[21.474,38.196],[21.5239,38.166],[21.603,38.1518],[21.6223,38.1548],[21.6748,38.1797],[21.7013,38.2053],[21.7415,38.2697],[21.7642,38.2958],[21.8405,38.3336],[21.8495,38.3413],[21.9155,38.3305],[21.937,38.3306],[21.9559,38.3367],[21.978,38.3236],[22.0204,38.3132],[22.0379,38.2821],[22.0488,38.2748],[22.0894,38.2617],[22.1136,38.2678],[22.1433,38.2491],[22.1614,38.2132],[22.2061,38.2002],[22.2185,38.1882],[22.2576,38.1859],[22.3008,38.1775],[22.3128,38.1723],[22.3312,38.1789],[22.3635,38.1583],[22.3942,38.1484],[22.4148,38.1379],[22.4328,38.1433],[22.5115,38.1293],[22.6206,38.0835],[22.6804,38.0666],[22.7783,38.001],[22.7964,37.9768],[22.8213,37.9692],[22.8672,37.9395],[22.8827,37.9376],[22.9224,37.9464],[22.9463,37.9462],[22.953,37.9494],[22.9754,37.979],[22.9509,38.0024],[22.9238,38.0118],[22.8992,38.0278],[22.8809,38.0289],[22.8875,38.0336],[22.854,38.0351],[22.8755,38.0493],[22.9116,38.0601],[22.9429,38.0835],[22.9697,38.082],[23.0191,38.0653],[23.0391,38.0699],[23.0686,38.0589],[23.1009,38.0624],[23.1729,38.0795],[23.1897,38.0944],[23.2067,38.0978],[23.2166,38.1033],[23.2103,38.1154],[23.1942,38.1269],[23.1755,38.1313],[23.1755,38.145],[23.2234,38.1518],[23.2234,38.1592],[23.1441,38.1674],[23.1284,38.1723],[23.1489,38.1859],[23.1227,38.2081],[23.1096,38.2101],[23.0775,38.1858],[23.0667,38.1832],[23.0322,38.1859],[23.0322,38.1928],[23.052,38.1928],[23.0388,38.2083],[23.0251,38.2166],[22.9519,38.2253],[22.9338,38.2221],[22.9224,38.207],[22.9359,38.2106],[22.9505,38.2098],[22.9631,38.204],[22.9695,38.1928],[22.9225,38.1975],[22.9087,38.1928],[22.895,38.2412],[22.8882,38.2412],[22.8809,38.227],[22.8747,38.2412],[22.8565,38.2364],[22.82,38.233],[22.8057,38.227],[22.7648,38.248],[22.7732,38.2583],[22.7913,38.2705],[22.7988,38.2821],[22.7424,38.2971],[22.7194,38.3103],[22.6965,38.3169],[22.6753,38.3436],[22.6844,38.3611],[22.6702,38.3815],[22.6465,38.39],[22.6268,38.3715],[22.6449,38.3696],[22.6462,38.3618],[22.6367,38.3563],[22.6123,38.3638],[22.6009,38.3557],[22.5872,38.3367],[22.5872,38.3305],[22.6065,38.3231],[22.6065,38.3169],[22.5982,38.3107],[22.6003,38.3026],[22.5886,38.293],[22.5764,38.2902],[22.5625,38.2935],[22.5457,38.3026],[22.5262,38.3317],[22.5388,38.3367],[22.5252,38.3588],[22.4773,38.4057],[22.4684,38.4211],[22.4631,38.4261],[22.4483,38.4305],[22.4016,38.4534],[22.4084,38.4156],[22.3737,38.392],[22.386,38.3802],[22.3948,38.3852],[22.3986,38.3759],[22.3963,38.3684],[22.3811,38.3579],[22.388,38.351],[22.3823,38.3427],[22.3675,38.3419],[22.3225,38.351],[22.2849,38.3473],[22.2793,38.3531],[22.2664,38.3585],[22.2249,38.3601],[22.2093,38.3529],[22.196,38.3395],[22.1892,38.3231],[22.1809,38.33],[22.1688,38.351],[22.1458,38.354],[22.1477,38.3641],[22.1326,38.3727],[22.1008,38.3803],[22.0491,38.3985],[22.0296,38.3992],[22.0112,38.392],[21.9876,38.4106],[21.9579,38.4117],[21.929,38.4029],[21.8885,38.3798],[21.8792,38.378],[21.8641,38.3777],[21.8561,38.3809],[21.8405,38.3989],[21.8312,38.3967],[21.7822,38.3637],[21.7746,38.3526],[21.7717,38.3336],[21.7625,38.3284],[21.743,38.3378],[21.7163,38.3579],[21.658,38.3579],[21.6135,38.345],[21.5996,38.351],[21.5354,38.314],[21.5239,38.2958],[21.5178,38.2958],[21.5085,38.3022],[21.4761,38.3061],[21.4692,38.3129],[21.4284,38.3305],[21.4453,38.3341],[21.4898,38.3095],[21.4898,38.3169],[21.4827,38.3246],[21.4898,38.3367],[21.4761,38.3436],[21.4761,38.351],[21.4898,38.3579],[21.47,38.3579],[21.4761,38.3715],[21.4585,38.3664],[21.4426,38.3715],[21.4221,38.3641],[21.4285,38.3837],[21.4163,38.3941],[21.3775,38.3989],[21.3699,38.4082],[21.3601,38.4677],[21.339,38.4875],[21.3225,38.4963],[21.3086,38.4944],[21.3533,38.4329],[21.339,38.4329],[21.3464,38.4261],[21.3366,38.3957],[21.2912,38.3777],[21.2987,38.3715],[21.2912,38.3641],[21.2777,38.3709],[21.2695,38.3679],[21.2664,38.3614],[21.2722,38.3544],[21.2503,38.3367],[21.2324,38.3294],[21.2127,38.3305],[21.1971,38.3402],[21.1896,38.3414],[21.1813,38.3305],[21.2,38.3231],[21.1829,38.3192],[21.1751,38.3133],[21.1745,38.3026],[21.1556,38.3039],[21.1486,38.314],[21.1404,38.3367],[21.0852,38.3436],[21.1057,38.353],[21.1094,38.3604],[21.1062,38.3715],[21.0925,38.3641],[21.1062,38.3852],[21.1033,38.3782],[21.1135,38.3739],[21.125,38.38],[21.1404,38.3989],[21.1224,38.4103],[21.1148,38.4096],[21.1062,38.3989],[21.0947,38.403],[21.0868,38.4105],[21.0818,38.4207],[21.0789,38.4329],[21.0852,38.4404],[21.0952,38.4302],[21.1068,38.4254],[21.1162,38.428],[21.1199,38.4404],[21.1062,38.4329],[21.1109,38.4461],[21.1014,38.4647],[21.1062,38.4739],[21.1062,38.4814],[21.0967,38.4814],[21.0789,38.4875],[21.0994,38.4944],[21.0852,38.5019],[21.0947,38.5179],[21.096,38.5319],[21.0867,38.5364],[21.0472,38.5114],[21.0358,38.5069],[21.0305,38.5114],[21.0169,38.5459],[21.0246,38.5867],[21.0247,38.6085],[21.0037,38.6265],[20.9881,38.664],[20.979,38.6726],[20.9401,38.6729],[20.9266,38.6767],[20.9144,38.6862],[20.9074,38.6986],[20.8831,38.7794],[20.8734,38.7953],[20.8599,38.8035],[20.8452,38.7996],[20.8306,38.7878],[20.8114,38.7625],[20.804,38.7734],[20.7918,38.7665],[20.784,38.7681],[20.7733,38.7609],[20.7637,38.7817],[20.7293,38.8035],[20.7293,38.8098],[20.737,38.8226],[20.7494,38.8572],[20.7673,38.8643],[20.8003,38.8646],[20.8052,38.8677],[20.7942,38.8798],[20.7645,38.8918],[20.756,38.9069],[20.7541,38.925],[20.7575,38.9401],[20.7698,38.959],[20.7816,38.935],[20.7977,38.9264],[20.8171,38.9214],[20.8359,38.9289],[20.8498,38.9437],[20.8599,38.9605],[20.8667,38.9605],[20.8711,38.9473],[20.8667,38.9401],[20.8722,38.9328],[20.8667,38.9264],[20.9038,38.928],[20.9158,38.9361],[20.9207,38.9543],[20.9275,38.9543],[20.9372,38.944],[20.9754,38.9468],[21.0095,38.9342],[21.0274,38.9326],[21.03,38.9262],[21.0256,38.898],[21.0339,38.8917],[21.0608,38.8822],[21.0852,38.8643],[21.0889,38.8785],[21.0994,38.8854],[21.0994,38.8917],[21.0916,38.9045],[21.1023,38.9108],[21.1209,38.9102],[21.137,38.9025],[21.1608,38.878],[21.1726,38.8735],[21.1774,38.876],[21.1813,38.8854],[21.1697,38.8958],[21.1668,38.9109],[21.1546,38.9134],[21.1419,38.9308],[21.1401,38.9413],[21.1472,38.9543],[21.1419,38.9624],[21.145,38.9714],[21.1526,38.9767],[21.1608,38.9742],[21.1599,38.9977],[21.1356,39.0234],[21.0852,39.0629],[21.0744,39.05],[21.0745,39.0434],[21.0789,39.0363],[21.0653,39.0405],[21.0552,39.0375],[21.0374,39.022],[21.0584,39.009],[21.0032,39.0151],[21.0032,39.022],[20.9909,39.0242],[20.9657,39.0394],[20.9538,39.0342],[20.9442,39.0386],[20.9348,39.0567],[20.9485,39.0629],[20.9485,39.0698],[20.9202,39.0645],[20.9094,39.0687],[20.9014,39.0772],[20.8939,39.0772],[20.8882,39.0672],[20.8704,39.0593],[20.8667,39.053],[20.8709,39.0431],[20.882,39.0412],[20.8865,39.0364],[20.8449,39.0369],[20.8599,39.0425],[20.8578,39.0589],[20.855,39.0655],[20.8462,39.0629],[20.8462,39.0772],[20.8324,39.0769],[20.8257,39.0698],[20.8381,39.0917],[20.8342,39.1085],[20.8224,39.1145],[20.8114,39.1046],[20.8052,39.1114],[20.7954,39.0986],[20.7772,39.0909],[20.7772,39.0834],[20.7918,39.0808],[20.784,39.0493],[20.7616,39.0324],[20.7575,39.022],[20.7432,39.0295],[20.7454,39.0147],[20.7575,39.0151],[20.8039,38.9853],[20.8235,38.9779],[20.8318,38.9637],[20.8288,38.9605],[20.8201,38.9622],[20.8021,38.9706],[20.7664,38.9776],[20.7575,38.9742],[20.7469,38.958],[20.7351,38.9501],[20.7263,38.9668],[20.7122,38.9791],[20.7022,38.9984],[20.7044,39.005],[20.7158,39.0151],[20.7057,39.0486],[20.6865,39.0725],[20.66,39.09],[20.6277,39.1046],[20.5959,39.1238],[20.5178,39.2008],[20.4883,39.2166],[20.4789,39.2252],[20.4824,39.2343],[20.4751,39.2551],[20.4824,39.2827],[20.4602,39.2773],[20.4528,39.2805],[20.4483,39.2895],[20.4334,39.2829],[20.4192,39.2834],[20.3936,39.2969],[20.3656,39.2877],[20.3249,39.3038],[20.2928,39.3334],[20.2907,39.3647],[20.2772,39.3747],[20.2697,39.3874],[20.259,39.3973],[20.236,39.3994],[20.236,39.4062],[20.2428,39.4062],[20.2428,39.4124],[20.2236,39.4359],[20.2156,39.4403],[20.2328,39.4446],[20.2673,39.4469],[20.2639,39.4608],[20.2542,39.4688],[20.2156,39.4887],[20.2156,39.4949],[20.2551,39.4924],[20.2639,39.5018],[20.2639,39.5086],[20.236,39.5208],[20.222,39.5213],[20.2224,39.5086],[20.2022,39.5204],[20.1907,39.5217],[20.2019,39.5297],[20.1831,39.5333],[20.1496,39.5336],[20.1336,39.5297],[20.1455,39.5471],[20.1467,39.5707],[20.1541,39.5639],[20.1609,39.5644],[20.1746,39.5768],[20.1746,39.598],[20.1882,39.6042],[20.1818,39.6245],[20.1652,39.6336],[20.1482,39.6375],[20.1213,39.6568],[20.1048,39.6611],[20.0889,39.6731],[20.0446,39.6809],[20.01,39.6935],[19.9968,39.6926],[19.9959,39.6867],[19.989,39.6867],[19.9836,39.7014],[19.987,39.718],[20.0027,39.7482],[19.9806,39.7573],[19.9959,39.7829],[20.0142,39.833],[20.0163,39.845],[20.0098,39.8657],[19.9993,39.8714],[19.9617,39.8786],[19.9588,39.8893],[19.9412,39.899],[19.9141,39.9024],[19.9064,39.9064],[19.9064,39.9127],[19.9212,39.9269],[19.9412,39.94],[19.9238,39.9528],[19.8635,40.0454],[19.8552,40.0499],[19.8074,40.0529],[19.7966,40.0573],[19.8045,40.0635],[19.7774,40.0778],[19.7705,40.0635],[19.7673,40.0725],[19.7494,40.0846],[19.7327,40.1103],[19.729,40.1082],[19.7191,40.116],[19.6532,40.1324],[19.5978,40.1577],[19.5658,40.1798],[19.5093,40.1945],[19.4762,40.2137],[19.3811,40.2952],[19.3651,40.3174],[19.3516,40.362],[19.3442,40.3743],[19.3093,40.4008],[19.2952,40.4187],[19.2896,40.4204],[19.2896,40.4272],[19.3162,40.4378],[19.3325,40.4389],[19.3482,40.4307],[19.3932,40.3863],[19.4065,40.3626],[19.4142,40.3344],[19.4236,40.33],[19.4446,40.3338],[19.4656,40.3415],[19.4749,40.3484],[19.4816,40.4391],[19.4788,40.4539],[19.4531,40.4653],[19.4188,40.4919],[19.3914,40.5218],[19.3864,40.5433],[19.3932,40.5371],[19.3986,40.5209],[19.4142,40.5228],[19.4336,40.5059],[19.4461,40.5111],[19.4526,40.5299],[19.4546,40.5539],[19.4421,40.5731],[19.4157,40.5835],[19.3916,40.5783],[19.3864,40.5507],[19.3792,40.5661],[19.3044,40.6531],[19.3093,40.665],[19.3516,40.6942],[19.3605,40.7098],[19.3645,40.7265],[19.3656,40.786],[19.3688,40.8022],[19.3778,40.813],[19.4067,40.8207],[19.3932,40.8449],[19.3976,40.853],[19.4142,40.8688],[19.3812,40.9083],[19.405,40.9182],[19.4246,40.9396],[19.4409,40.9486],[19.427,40.9368],[19.4354,40.9134],[19.4273,40.8934],[19.4273,40.8723],[19.4347,40.8723],[19.4378,40.8865],[19.4409,40.8723],[19.4541,40.8858],[19.5066,40.9051],[19.5234,40.9206],[19.5252,40.9453],[19.5015,40.983],[19.4955,41.0026],[19.492,40.977],[19.4797,40.9539],[19.4539,40.924],[19.4478,40.9343],[19.47,40.9567],[19.4772,40.975],[19.4749,40.9958],[19.47,41.0007],[19.4478,41.0095],[19.4406,41.0207],[19.4455,41.0307],[19.4564,41.1067],[19.4512,41.1227],[19.4412,41.1374],[19.4419,41.1439],[19.4637,41.1513],[19.4688,41.1876],[19.5095,41.2373],[19.5166,41.2564],[19.5134,41.2767],[19.5029,41.2941],[19.488,41.3065],[19.4719,41.3111],[19.4317,41.3137],[19.419,41.3226],[19.4142,41.3415],[19.4142,41.3828],[19.4108,41.3917],[19.396,41.402],[19.3932,41.4135],[19.4064,41.4004],[19.4287,41.4013],[19.4452,41.4152],[19.4409,41.4409],[19.4646,41.4509],[19.4893,41.4661],[19.5086,41.4869],[19.5166,41.5134],[19.5142,41.53],[19.5072,41.5363],[19.4824,41.5439],[19.468,41.5543],[19.4409,41.5854],[19.5281,41.5766],[19.5652,41.5851],[19.5848,41.6196],[19.5916,41.6196],[19.5923,41.6086],[19.596,41.6027],[19.603,41.6018],[19.613,41.6053],[19.605,41.6321],[19.6001,41.6391],[19.5916,41.6326],[19.5871,41.6407],[19.5576,41.6605],[19.5781,41.6876],[19.5713,41.7704],[19.5895,41.7657],[19.599,41.7787],[19.5998,41.7998],[19.5916,41.8188],[19.5852,41.8185],[19.4655,41.8555],[19.433,41.8686],[19.3651,41.8524],[19.3102,41.8945],[19.2202,41.9189],[19.1703,41.938],[19.1623,41.9479],[19.1603,41.969],[19.138,41.9853],[19.1436,41.9931],[19.1392,42.0424],[19.0825,42.0812],[19.0747,42.0956],[19.0838,42.1101],[19.064,42.1202],[19.0487,42.1402],[19.0106,42.1396],[19.0021,42.1502],[18.9998,42.1611],[18.9816,42.1671],[18.968,42.1887],[18.9133,42.2222],[18.9017,42.2375],[18.8947,42.2705],[18.886,42.2844],[18.8716,42.2905],[18.854,42.2905],[18.8389,42.2857],[18.8314,42.2775],[18.8176,42.2912],[18.7786,42.2715],[18.7625,42.2912],[18.7295,42.3116],[18.7145,42.3253],[18.7141,42.3389],[18.6936,42.3532],[18.6958,42.3738],[18.6785,42.386],[18.6585,42.3866],[18.6532,42.3663],[18.6384,42.3703],[18.6167,42.3681],[18.5949,42.3837],[18.5706,42.393],[18.5781,42.4004],[18.553,42.4136],[18.5452,42.4236],[18.5501,42.4351],[18.5628,42.4385],[18.6565,42.4155],[18.6856,42.404],[18.7005,42.393],[18.7082,42.4085],[18.7066,42.421],[18.6838,42.4588],[18.6873,42.4829],[18.6541,42.4518],[18.6087,42.4454],[18.5025,42.4556],[18.5025,42.4482],[18.5213,42.438],[18.513,42.409],[18.5298,42.4004],[18.5103,42.4053],[18.4964,42.4163],[18.4745,42.4414],[18.4131,42.4619],[18.4119,42.476],[18.2389,42.5591],[18.2206,42.5792],[18.2235,42.6147],[18.2175,42.6201],[18.166,42.6269],[18.1248,42.6446],[18.076,42.6513],[18.064,42.6576],[18.0574,42.6679],[18.0773,42.6679],[18.0479,42.6906],[18.0432,42.7021],[18.0283,42.6913],[18.0033,42.7007],[17.9612,42.7294],[17.9016,42.7519],[17.8807,42.7687],[17.8928,42.7908],[17.8651,42.7899],[17.835,42.8072],[17.8067,42.8119],[17.7857,42.8052],[17.7801,42.7969],[17.7351,42.822],[17.721,42.8262],[17.7487,42.8034],[17.7619,42.7787],[17.7619,42.7743],[17.7551,42.7709],[17.7487,42.772],[17.7489,42.7908],[17.7288,42.8008],[17.6786,42.8162],[17.6335,42.8229],[17.5801,42.8413],[17.5252,42.8486],[17.4404,42.8734],[17.4427,42.8986],[17.4172,42.9112],[17.3509,42.9218],[17.2713,42.9634],[17.2375,42.9714],[17.2139,42.9826],[17.0954,42.9844],[17.0625,42.9901],[17.0275,43.0036],[17.0179,43.0138],[17.0282,43.0242],[17.0282,43.031],[17.0188,43.0341],[17.0016,43.0515],[17.0231,43.0487],[17.0557,43.029],[17.0733,43.0242],[17.1587,43.031],[17.2402,43.0228],[17.3905,42.9777],[17.4258,42.9609],[17.4541,42.9423],[17.4602,42.9218],[17.4815,42.9218],[17.5077,42.9091],[17.5226,42.9102],[17.5221,42.9196],[17.5261,42.9218],[17.5415,42.9155],[17.5589,42.9128],[17.5838,42.9007],[17.6416,42.8845],[17.6527,42.8734],[17.6737,42.8751],[17.716,42.8442],[17.7415,42.8393],[17.7109,42.8566],[17.7019,42.8685],[17.7136,42.8808],[17.7074,42.887],[17.6787,42.8794],[17.5565,42.9348],[17.574,42.9343],[17.6179,42.9218],[17.603,42.9326],[17.5497,42.9553],[17.5345,42.9506],[17.5156,42.9589],[17.4985,42.9722],[17.4746,43.0012],[17.4709,43.0134],[17.4792,43.0224],[17.502,43.031],[17.488,43.035],[17.4336,43.0174],[17.4602,43.031],[17.4407,43.0323],[17.4323,43.0362],[17.4261,43.0446],[17.4336,43.0515],[17.4261,43.0652],[17.4046,43.0515],[17.3709,43.0739],[17.3163,43.1273],[17.1724,43.1818],[17.1139,43.2132],[17.1078,43.2264],[17.1003,43.2317],[17.0735,43.239],[17.0563,43.257],[17.0495,43.278],[17.0282,43.2842],[16.9339,43.3736],[16.906,43.3873],[16.8806,43.406],[16.7525,43.4195],[16.6939,43.4383],[16.6258,43.449],[16.5348,43.4971],[16.53,43.5088],[16.5247,43.5108],[16.5044,43.504],[16.4666,43.5108],[16.3914,43.5108],[16.3914,43.5176],[16.4343,43.5219],[16.4734,43.5382],[16.4568,43.5459],[16.4338,43.5498],[16.3368,43.5512],[16.2993,43.5382],[16.2396,43.5266],[16.1177,43.5245],[16.1177,43.5176],[16.1507,43.5114],[16.1649,43.5041],[16.1724,43.4897],[16.1109,43.4897],[16.1131,43.4789],[16.0985,43.48],[16.0662,43.4897],[16.0396,43.4908],[16.014,43.504],[16.0078,43.504],[16.0078,43.4971],[15.9958,43.5034],[15.9735,43.5031],[15.9663,43.5108],[15.9644,43.5039],[15.9595,43.504],[15.9613,43.515],[15.9837,43.5211],[15.987,43.5273],[15.9823,43.5373],[15.9873,43.5449],[15.971,43.5435],[15.9595,43.5382],[15.9562,43.5479],[15.9481,43.5529],[15.9253,43.5586],[15.9419,43.56],[15.9442,43.5667],[15.9354,43.5729],[15.918,43.5729],[15.918,43.5791],[15.9321,43.5866],[15.918,43.5933],[15.9253,43.5996],[15.918,43.6064],[15.9253,43.6138],[15.919,43.6287],[15.9295,43.6342],[15.9663,43.6337],[15.9663,43.6412],[15.9048,43.648],[15.9168,43.6536],[15.9424,43.648],[15.953,43.6509],[15.9514,43.6574],[15.9321,43.6684],[15.946,43.6723],[15.9524,43.6798],[15.9505,43.6885],[15.939,43.6964],[15.9397,43.6776],[15.9312,43.6765],[15.8929,43.7005],[15.8708,43.7032],[15.844,43.7299],[15.8035,43.7464],[15.7922,43.7545],[15.771,43.76],[15.7063,43.7634],[15.6926,43.7746],[15.6821,43.7972],[15.633,43.8105],[15.6174,43.8255],[15.6631,43.813],[15.6789,43.8118],[15.6789,43.8193],[15.6658,43.8193],[15.6388,43.8361],[15.5741,43.8595],[15.5452,43.8776],[15.5122,43.9111],[15.4736,43.9191],[15.4551,43.928],[15.4387,43.9497],[15.384,43.9974],[15.3581,44.0257],[15.3396,44.0394],[15.3195,44.0452],[15.2776,44.0823],[15.2783,44.0856],[15.2332,44.1209],[15.2129,44.131],[15.2088,44.1382],[15.2127,44.1483],[15.197,44.1565],[15.1445,44.1955],[15.1604,44.2132],[15.1522,44.2353],[15.1315,44.2546],[15.1104,44.2643],[15.1222,44.2748],[15.1406,44.2825],[15.1576,44.2803],[15.165,44.2612],[15.1766,44.2499],[15.1979,44.2573],[15.2078,44.2728],[15.1854,44.2854],[15.1946,44.2888],[15.1991,44.2854],[15.2066,44.2854],[15.1981,44.3017],[15.2476,44.278],[15.2796,44.2518],[15.2953,44.2507],[15.2817,44.2854],[15.2949,44.2902],[15.3027,44.2991],[15.2893,44.3022],[15.2782,44.3098],[15.2612,44.3326],[15.2805,44.3275],[15.3086,44.3093],[15.3369,44.3017],[15.4245,44.268],[15.5036,44.2592],[15.5252,44.2607],[15.5287,44.2718],[15.5148,44.2785],[15.4492,44.2854],[15.406,44.3206],[15.308,44.3544],[15.155,44.4667],[15.1081,44.5139],[15.0801,44.5361],[15.052,44.5455],[15.0153,44.5691],[15.0073,44.5697],[14.9014,44.6902],[14.8838,44.7236],[14.8952,44.7362],[14.8838,44.7888],[14.8814,44.8441],[14.8838,44.8615],[14.9053,44.9246],[14.9149,44.9399],[14.9216,44.9588],[14.9143,44.9814],[14.8565,45.0765],[14.8528,45.0937],[14.8425,45.1055],[14.766,45.1374],[14.6579,45.1966],[14.6067,45.2444],[14.5928,45.2498],[14.576,45.2623],[14.5686,45.2759],[14.5822,45.2853],[14.5344,45.3127],[14.5554,45.2959],[14.5519,45.2881],[14.5433,45.2838],[14.5331,45.2839],[14.5105,45.2998],[14.4024,45.3386],[14.3636,45.3446],[14.3459,45.3516],[14.3298,45.354],[14.3115,45.344],[14.2908,45.3205],[14.272,45.2901],[14.2585,45.2558],[14.2477,45.1865],[14.2326,45.1494],[14.2092,45.1264],[14.1794,45.1345],[14.1953,45.1206],[14.1931,45.1056],[14.1804,45.0915],[14.1644,45.0799],[14.1582,45.0873],[14.1541,45.072],[14.1582,45.0532],[14.1439,45.0594],[14.1439,45.0532],[14.1594,45.0404],[14.1662,45.0189],[14.1637,44.9958],[14.1514,44.9775],[14.1399,44.9713],[14.1133,44.9775],[14.1013,44.9743],[14.0897,44.9665],[14.0757,44.9495],[14.0689,44.9495],[14.0716,44.9691],[14.0838,44.9864],[14.0757,45.0048],[14.0545,45.0185],[14.0519,45.038],[14.0403,45.039],[14.0441,45.0272],[14.0399,45.0094],[14.0443,45.0014],[14.0715,44.9934],[14.0757,44.9837],[14.0648,44.9761],[14.0444,44.9514],[14.0403,44.9564],[14.0347,44.9564],[14.0387,44.9494],[14.0391,44.9318],[14.0347,44.9223],[14.0225,44.9235],[14.0278,44.9154],[14.0278,44.9086],[14.0215,44.9074],[14.0205,44.9011],[14.0106,44.9053],[13.9885,44.9008],[13.9727,44.9011],[13.9859,44.8921],[13.993,44.8813],[13.9862,44.8813],[13.9862,44.8751],[13.993,44.8751],[13.993,44.8676],[13.9813,44.8598],[13.9727,44.8472],[13.9763,44.8375],[13.9727,44.8266],[13.9894,44.8251],[14.0,44.8131],[13.9639,44.8118],[13.9463,44.8138],[13.9317,44.8205],[13.9248,44.8131],[13.9187,44.829],[13.8996,44.829],[13.8901,44.8335],[13.8831,44.8266],[13.9043,44.8173],[13.9094,44.809],[13.9045,44.7988],[13.918,44.7783],[13.9032,44.7724],[13.8994,44.782],[13.897,44.8131],[13.86,44.8257],[13.8491,44.8266],[13.856,44.8403],[13.8423,44.8403],[13.8491,44.8472],[13.8423,44.8546],[13.8314,44.8527],[13.8157,44.8566],[13.7993,44.8646],[13.7871,44.8751],[13.7946,44.8813],[13.8049,44.8706],[13.8196,44.8677],[13.8338,44.8734],[13.8423,44.8881],[13.8153,44.8835],[13.8049,44.8854],[13.7946,44.895],[13.7946,44.9011],[13.8081,44.9154],[13.7967,44.9249],[13.7741,44.9638],[13.7328,44.9949],[13.6813,45.0464],[13.6608,45.0612],[13.6438,45.0705],[13.6232,45.0731],[13.6369,45.0936],[13.6126,45.1179],[13.6385,45.13],[13.7262,45.1345],[13.7067,45.1411],[13.6836,45.1434],[13.6369,45.142],[13.6006,45.1373],[13.596,45.1454],[13.6006,45.1646],[13.5994,45.1713],[13.5891,45.1755],[13.5944,45.1873],[13.5823,45.1966],[13.5823,45.2028],[13.5905,45.2065],[13.5945,45.2126],[13.5942,45.2208],[13.5891,45.2307],[13.5957,45.2405],[13.5952,45.2508],[13.5882,45.2596],[13.5755,45.2649],[13.5842,45.2761],[13.6027,45.2791],[13.6027,45.2853],[13.5846,45.2932],[13.5755,45.3065],[13.5945,45.3111],[13.6095,45.3201],[13.5979,45.3244],[13.5618,45.3264],[13.5506,45.3343],[13.5413,45.3461],[13.5405,45.3568],[13.5549,45.3611],[13.5549,45.3673],[13.5431,45.3762],[13.5134,45.4362],[13.5208,45.443],[13.5156,45.4481],[13.5208,45.4573],[13.5046,45.4839],[13.5015,45.4986],[13.5071,45.5119],[13.5134,45.5119],[13.5686,45.4908],[13.5895,45.4888],[13.5916,45.4931],[13.5891,45.5016],[13.596,45.5119],[13.596,45.5181],[13.5786,45.5234],[13.5686,45.5393],[13.5896,45.5358],[13.7529,45.5529],[13.7529,45.5591],[13.7424,45.5698],[13.7118,45.5932],[13.7302,45.6131],[13.7869,45.6112],[13.8081,45.6143],[13.7956,45.617],[13.7771,45.6354],[13.7393,45.6491],[13.7577,45.655],[13.7537,45.6723],[13.7262,45.7038],[13.6289,45.7726],[13.5742,45.7896],[13.5513,45.7924],[13.5344,45.782],[13.5242,45.7601],[13.5283,45.7405],[13.5549,45.7372],[13.5184,45.7248],[13.5078,45.7144],[13.4692,45.7069],[13.428,45.6811],[13.4017,45.6754],[13.3767,45.6832],[13.4092,45.6913],[13.4248,45.6986],[13.4314,45.7069],[13.4226,45.7241],[13.3817,45.73],[13.3694,45.7446],[13.3518,45.7403],[13.2549,45.756],[13.2459,45.7589],[13.2155,45.7788],[13.1694,45.7687],[13.1577,45.7546],[13.1497,45.7515],[13.1398,45.7549],[13.1314,45.7689],[13.1193,45.772],[13.1109,45.7676],[13.1082,45.7582],[13.1118,45.7488],[13.1229,45.7446],[13.1229,45.7372],[13.1006,45.7362],[13.0806,45.7276],[13.0696,45.7137],[13.075,45.6968],[13.0915,45.6892],[13.1117,45.6914],[13.1497,45.7038],[13.138,45.6894],[13.103,45.669],[13.0956,45.6522],[13.085,45.6419],[13.0606,45.6367],[12.9817,45.6348],[12.9439,45.6286],[12.7808,45.5535],[12.6117,45.4962],[12.5127,45.4704],[12.4878,45.4567],[12.4514,45.4504],[12.4237,45.4381],[12.4103,45.4362],[12.4358,45.4749],[12.4309,45.484],[12.4473,45.4843],[12.451,45.489],[12.4514,45.4982],[12.4582,45.4982],[12.467,45.4856],[12.4719,45.4859],[12.4787,45.4908],[12.465,45.5045],[12.4973,45.5067],[12.5066,45.4982],[12.4929,45.4982],[12.4929,45.4908],[12.5151,45.4927],[12.5205,45.505],[12.5215,45.519],[12.5304,45.5256],[12.5625,45.5316],[12.5736,45.54],[12.5817,45.5529],[12.5373,45.5358],[12.5105,45.5591],[12.5066,45.5733],[12.4852,45.565],[12.4585,45.5483],[12.4419,45.5303],[12.4514,45.5181],[12.4514,45.5119],[12.4349,45.5124],[12.4177,45.5236],[12.4103,45.5181],[12.4036,45.5181],[12.3967,45.5393],[12.3841,45.523],[12.3904,45.514],[12.424,45.5045],[12.424,45.4982],[12.4116,45.4933],[12.3934,45.4916],[12.3805,45.4948],[12.3831,45.5045],[12.3504,45.5049],[12.3096,45.4889],[12.2727,45.4636],[12.2527,45.4362],[12.2527,45.43],[12.259,45.43],[12.25,45.4207],[12.2461,45.4113],[12.2485,45.4025],[12.259,45.3952],[12.2492,45.3855],[12.2453,45.3611],[12.2238,45.3539],[12.2322,45.3406],[12.2209,45.3271],[12.2163,45.3162],[12.2088,45.3091],[12.1875,45.3065],[12.1629,45.3162],[12.1545,45.3135],[12.1491,45.2922],[12.1598,45.2831],[12.1688,45.2622],[12.1807,45.258],[12.1917,45.2629],[12.1994,45.2746],[12.2019,45.2883],[12.1974,45.2996],[12.2173,45.2939],[12.2214,45.2833],[12.2206,45.2688],[12.2249,45.2512],[12.2139,45.2481],[12.2111,45.243],[12.2249,45.2307],[12.2214,45.2163],[12.2305,45.2043],[12.2473,45.1969],[12.2664,45.1966],[12.259,45.2028],[12.2961,45.2266],[12.3073,45.2307],[12.298,45.2154],[12.3211,45.1723],[12.322,45.1387],[12.3285,45.101],[12.3073,45.1079],[12.3073,45.1284],[12.2974,45.1064],[12.2967,45.0886],[12.3067,45.0786],[12.3285,45.0799],[12.3211,45.0936],[12.3408,45.0814],[12.3762,45.039],[12.3762,45.0322],[12.3552,45.0246],[12.3688,45.011],[12.3836,45.0264],[12.3866,45.0388],[12.3688,45.0656],[12.4134,45.0429],[12.4103,45.0322],[12.4446,45.011],[12.4862,44.9765],[12.4992,44.9837],[12.4861,44.9837],[12.4861,44.9912],[12.5026,44.9914],[12.5168,44.9876],[12.5276,44.9802],[12.5339,44.97],[12.533,44.9608],[12.5231,44.95],[12.527,44.9433],[12.5127,44.9223],[12.499,44.9215],[12.4949,44.9105],[12.4929,44.8782],[12.4873,44.8623],[12.4741,44.8458],[12.4446,44.8205],[12.4321,44.846],[12.424,44.8546],[12.4392,44.8776],[12.443,44.8901],[12.4383,44.9011],[12.4269,44.905],[12.4155,44.8998],[12.4069,44.8913],[12.3921,44.8684],[12.3916,44.8588],[12.4165,44.8511],[12.4159,44.8436],[12.4082,44.8362],[12.3967,44.8335],[12.3967,44.8266],[12.424,44.8205],[12.4162,44.8033],[12.398,44.7938],[12.3757,44.7922],[12.3211,44.8335],[12.303,44.8429],[12.2923,44.8432],[12.2664,44.8266],[12.2664,44.8205],[12.28,44.8205],[12.2536,44.7513],[12.2466,44.7116],[12.2527,44.6684],[12.2659,44.6362],[12.2749,44.6205],[12.2835,44.6138],[12.2858,44.6027],[12.28,44.5319],[12.2837,44.4876],[12.3142,44.3872],[12.3211,44.3537],[12.3421,44.3295],[12.3442,44.3083],[12.3503,44.2882],[12.3688,44.2507],[12.39,44.2227],[12.4172,44.1955],[12.458,44.1664],[12.4788,44.1393],[12.5109,44.1146],[12.5474,44.0935],[12.5742,44.0856],[12.6314,44.0301],[12.6609,44.0083],[12.6916,43.9906],[12.7103,43.9829],[12.7561,43.9719],[12.804,43.9669],[12.8622,43.9354],[12.9289,43.9158],[12.9473,43.8976],[13.2533,43.7032],[13.3701,43.6505],[13.3898,43.6446],[13.3997,43.6356],[13.4466,43.6237],[13.4734,43.612],[13.5044,43.6328],[13.5161,43.6317],[13.521,43.6227],[13.5432,43.6132],[13.5692,43.5803],[13.5789,43.5729],[13.5979,43.5695],[13.6156,43.5605],[13.6245,43.5472],[13.617,43.5313],[13.7603,43.2637],[13.7803,43.2365],[13.7866,43.2006],[13.7908,43.1921],[13.8027,43.1782],[13.8348,43.1273],[13.8486,43.0917],[13.8654,43.0073],[13.9447,42.7983],[13.9805,42.7304],[14.0012,42.6984],[14.0632,42.6248],[14.0754,42.5988],[14.2206,42.4702],[14.2842,42.4283],[14.3562,42.393],[14.3874,42.373],[14.429,42.3217],[14.5602,42.2257],[14.5959,42.2086],[14.6535,42.1911],[14.6937,42.1854],[14.7092,42.1755],[14.7171,42.1601],[14.7228,42.1188],[14.7295,42.0991],[14.7407,42.0846],[14.7801,42.0753],[14.8355,42.0441],[14.8711,42.0318],[14.952,42.0211],[14.9937,42.0106],[15.0073,42.0014],[15.0345,41.9746],[15.0452,41.969],[15.0632,41.9643],[15.1234,41.9343],[15.1654,41.9278],[15.2817,41.928],[15.4006,41.9078],[15.4461,41.9069],[15.6113,41.928],[15.7744,41.9212],[16.0271,41.9441],[16.1405,41.9199],[16.1609,41.8926],[16.1792,41.8933],[16.176,41.8774],[16.1836,41.8585],[16.1922,41.8214],[16.1929,41.7909],[16.1667,41.7634],[16.1458,41.7488],[16.1072,41.7376],[16.0897,41.726],[16.0632,41.7015],[16.0275,41.6799],[15.9253,41.64],[15.9001,41.6147],[15.8914,41.5768],[15.8963,41.5364],[15.9118,41.5029],[15.9336,41.4794],[15.9611,41.4595],[16.0217,41.4278],[16.0851,41.4127],[16.1141,41.3929],[16.3014,41.3279],[16.4603,41.2626],[16.5207,41.2501],[16.5544,41.2275],[16.5939,41.207],[16.8306,41.1463],[16.8514,41.133],[16.8582,41.133],[16.8582,41.1404],[16.8644,41.1404],[16.8853,41.124],[17.0571,41.0819],[17.2031,41.021],[17.2764,40.9802],[17.3101,40.9548],[17.3479,40.9121],[17.3777,40.9023],[17.4136,40.8811],[17.4761,40.8301],[17.5122,40.8203],[17.5484,40.8019],[17.6345,40.785],[17.7484,40.7476],[17.8439,40.6942],[17.9219,40.683],[17.9558,40.6705],[17.9549,40.6469],[17.9663,40.6468],[17.992,40.6531],[18.007,40.6507],[18.0158,40.6252],[18.0392,40.6082],[18.0432,40.602],[18.0374,40.557],[18.12,40.5046],[18.2117,40.4647],[18.2383,40.4577],[18.2588,40.4307],[18.3032,40.3999],[18.3438,40.3516],[18.3615,40.3453],[18.3705,40.3387],[18.4373,40.2679],[18.5,40.1525],[18.5095,40.1418],[18.5161,40.1392],[18.5111,40.1276],[18.5174,40.1142],[18.5161,40.1045],[18.5081,40.0945],[18.4919,40.0847],[18.4836,40.0552],[18.4704,40.0434],[18.4341,40.0225],[18.4114,39.9788],[18.3926,39.9161],[18.4001,39.8786],[18.3865,39.8253],[18.3892,39.8171],[18.3683,39.7966],[18.3465,39.798],[18.3304,39.8034],[18.2821,39.8332],[18.2656,39.8376],[18.2113,39.8393],[18.1619,39.8605],[18.1306,39.8835],[18.0715,39.9115],[18.0073,39.9861],[17.9954,39.9953],[17.9954,40.0027],[18.0111,40.0034],[18.0203,40.0102],[18.0221,40.0217],[18.0158,40.0362],[18.0051,40.0449],[17.9675,40.0573],[18.0029,40.0744],[18.011,40.096],[17.9972,40.1204],[17.926,40.1763],[17.9196,40.1907],[17.917,40.2269],[17.9111,40.2403],[17.8997,40.2491],[17.9128,40.2491],[17.9128,40.2553],[17.8631,40.2856],[17.8477,40.29],[17.5121,40.3037],[17.4939,40.3074],[17.4404,40.331],[17.3994,40.331],[17.3682,40.3515],[17.3512,40.3548],[17.2964,40.3795],[17.24,40.3953],[17.2129,40.4062],[17.2002,40.4204],[17.2235,40.4284],[17.243,40.4414],[17.2479,40.4573],[17.2275,40.4744],[17.2474,40.4803],[17.2957,40.4732],[17.3163,40.4819],[17.3233,40.4985],[17.304,40.4995],[17.2617,40.4887],[17.2686,40.4962],[17.2474,40.5028],[17.2107,40.487],[17.19,40.4819],[17.1818,40.4853],[17.1662,40.5092],[17.156,40.5124],[17.0496,40.5191],[16.9761,40.4926],[16.9121,40.4452],[16.7827,40.3016],[16.7614,40.2696],[16.7376,40.211],[16.7307,40.2007],[16.716,40.1936],[16.6795,40.1461],[16.6245,40.108],[16.6047,40.0845],[16.5969,40.0468],[16.5994,40.0341],[16.6136,39.9966],[16.6316,39.9662],[16.6218,39.9536],[16.6055,39.9429],[16.5892,39.9198],[16.5422,39.8854],[16.5081,39.8376],[16.4917,39.8055],[16.4898,39.7752],[16.5021,39.7471],[16.5286,39.7215],[16.5286,39.7147],[16.5156,39.6896],[16.5459,39.6609],[16.5915,39.6368],[16.6248,39.6253],[16.7498,39.62],[16.7825,39.6116],[16.8161,39.5911],[16.8309,39.5762],[16.8372,39.5605],[16.8462,39.5527],[16.906,39.5297],[16.953,39.4992],[16.9954,39.4927],[17.0115,39.4862],[17.0571,39.4416],[17.0886,39.4226],[17.1242,39.409],[17.1587,39.4062],[17.1222,39.3383],[17.1149,39.2828],[17.1177,39.256],[17.1421,39.2223],[17.1457,39.2107],[17.1404,39.1789],[17.1222,39.121],[17.1245,39.0909],[17.1519,39.0459],[17.1585,39.0405],[17.2064,39.0295],[17.1766,39.0121],[17.1724,39.0052],[17.1724,38.9605],[17.1277,38.9288],[17.104,38.8991],[17.095,38.9191],[17.0706,38.9228],[17.0422,38.9162],[17.022,38.906],[16.9963,38.9295],[16.9813,38.9372],[16.9573,38.9401],[16.9351,38.9387],[16.8386,38.9182],[16.7278,38.8789],[16.6878,38.8559],[16.6707,38.8406],[16.6106,38.8166],[16.5856,38.7978],[16.5744,38.7851],[16.5637,38.7567],[16.5388,38.7233],[16.5348,38.6999],[16.5491,38.6899],[16.5485,38.6721],[16.5588,38.596],[16.577,38.5286],[16.5772,38.5029],[16.5696,38.4295],[16.5614,38.4163],[16.522,38.3872],[16.5081,38.3715],[16.4976,38.3693],[16.4671,38.3487],[16.4351,38.34],[16.3399,38.3008],[16.3063,38.2771],[16.1694,38.1432],[16.1519,38.1108],[16.1255,38.0048],[16.1109,37.9736],[16.1013,37.9605],[16.0772,37.9399],[16.0632,37.9327],[16.0159,37.9247],[16.001,37.919],[15.9421,37.9331],[15.7615,37.9252],[15.7349,37.931],[15.6844,37.9535],[15.6658,37.9669],[15.6455,37.9883],[15.6351,38.0091],[15.6384,38.0277],[15.6585,38.0425],[15.6327,38.0742],[15.624,38.0921],[15.6275,38.1074],[15.6416,38.1259],[15.6478,38.1431],[15.6465,38.1621],[15.638,38.1859],[15.6328,38.2203],[15.6506,38.241],[15.6843,38.2531],[15.7865,38.278],[15.8128,38.3006],[15.8298,38.351],[15.9048,38.4739],[15.9178,38.5168],[15.916,38.5504],[15.9001,38.5783],[15.8708,38.6042],[15.844,38.6179],[15.8355,38.6282],[15.8337,38.6338],[15.8366,38.649],[15.8445,38.6604],[15.9048,38.6794],[15.968,38.7126],[16.0026,38.7254],[16.0488,38.7277],[16.1209,38.7209],[16.1526,38.7309],[16.1792,38.7483],[16.2009,38.7764],[16.2151,38.8142],[16.2217,38.8566],[16.2201,38.8991],[16.2147,38.919],[16.2046,38.9341],[16.1896,38.9435],[16.169,38.9468],[16.1543,38.955],[16.1397,38.9738],[16.083,39.0753],[16.034,39.3452],[15.9954,39.4388],[15.9581,39.4776],[15.9331,39.5137],[15.9048,39.536],[15.8762,39.5515],[15.8675,39.5639],[15.8366,39.6527],[15.8064,39.6955],[15.7887,39.7966],[15.7887,39.7904],[15.7839,39.81],[15.7697,39.8301],[15.7819,39.8686],[15.7744,39.8911],[15.7415,39.9296],[15.728,39.9642],[15.7131,39.981],[15.6789,40.0089],[15.6516,40.0436],[15.6304,40.0577],[15.6247,40.0649],[15.6243,40.0778],[15.6102,40.0732],[15.5349,40.0778],[15.5131,40.0677],[15.4953,40.0467],[15.4598,40.0294],[15.4296,39.9998],[15.4101,39.994],[15.3609,39.9989],[15.3432,40.0041],[15.3143,40.0338],[15.3027,40.0362],[15.2831,40.0299],[15.2612,40.0294],[15.2612,40.0362],[15.2791,40.0477],[15.2634,40.0737],[15.2339,40.1],[15.19,40.1191],[15.1272,40.1696],[15.1128,40.1748],[15.0657,40.1666],[15.0472,40.1689],[15.0349,40.1754],[15.0228,40.1956],[15.0031,40.2103],[14.9759,40.2193],[14.9571,40.2315],[14.9381,40.2278],[14.9111,40.2416],[14.9069,40.2586],[14.9319,40.2855],[14.9391,40.3071],[14.9324,40.3243],[14.9324,40.3337],[14.9539,40.3399],[14.9729,40.352],[14.9945,40.3584],[15.0004,40.3688],[14.9983,40.3976],[14.8888,40.5731],[14.8615,40.6072],[14.8355,40.6326],[14.8097,40.653],[14.782,40.6699],[14.7522,40.6767],[14.72,40.6668],[14.6904,40.6491],[14.6781,40.6466],[14.6257,40.6491],[14.6133,40.6459],[14.5713,40.6177],[14.5442,40.6136],[14.5164,40.6199],[14.4866,40.6326],[14.4714,40.6247],[14.422,40.6155],[14.4015,40.6021],[14.3558,40.5836],[14.3426,40.5706],[14.3298,40.5845],[14.328,40.6054],[14.3377,40.6244],[14.3596,40.6326],[14.3874,40.6369],[14.3982,40.6438],[14.4048,40.656],[14.4442,40.686],[14.4764,40.6951],[14.4797,40.7115],[14.4741,40.7297],[14.4606,40.7442],[14.4426,40.7551],[14.4213,40.7509],[14.3944,40.7616],[14.3826,40.7723],[14.3666,40.7802],[14.3123,40.8281],[14.2942,40.8388],[14.2484,40.8377],[14.2236,40.8314],[14.2127,40.8207],[14.2035,40.8012],[14.1822,40.8009],[14.1656,40.8158],[14.1352,40.8186],[14.096,40.8338],[14.0825,40.8313],[14.0762,40.8222],[14.0825,40.7835],[14.0477,40.7896],[14.0412,40.7965],[14.0523,40.8376],[14.0445,40.8742],[14.0213,40.9218],[13.9653,40.9964],[13.9302,41.0141],[13.918,41.0237],[13.9107,41.0646],[13.8517,41.1473],[13.7905,41.2059],[13.7219,41.2524],[13.7085,41.2564],[13.6787,41.2506],[13.6633,41.2507],[13.6566,41.2596],[13.5944,41.2531],[13.5636,41.238],[13.5755,41.2081],[13.544,41.2066],[13.5344,41.2081],[13.5144,41.2297],[13.5071,41.2217],[13.4997,41.2217],[13.4802,41.2392],[13.3244,41.2948],[13.2858,41.2957],[13.2048,41.2838],[13.187,41.278],[13.1512,41.2602],[13.1145,41.2509],[13.0905,41.2265],[13.0682,41.2217],[13.0446,41.2275],[13.0237,41.2736],[12.9795,41.331],[12.9238,41.3798],[12.8936,41.3993],[12.8622,41.4135],[12.8416,41.4184],[12.7485,41.4237],[12.6786,41.458],[12.654,41.4656],[12.6424,41.4582],[12.6353,41.4475],[12.6194,41.4591],[12.5456,41.5441],[12.448,41.6308],[12.3272,41.7114],[12.3006,41.7174],[12.285,41.7272],[12.239,41.7363],[12.2235,41.7507],[12.2152,41.7681],[12.2112,41.8079],[12.2062,41.8273],[12.1702,41.8796],[12.1475,41.9035],[12.0388,41.9652],[12.0298,41.9728],[12.0261,41.9858],[12.0204,41.9931],[11.9822,41.9997],[11.9526,42.0223],[11.9168,42.0379],[11.8275,42.0342],[11.8094,42.0664],[11.7936,42.0845],[11.7798,42.0925],[11.772,42.1063],[11.7502,42.1279],[11.7362,42.1689],[11.6821,42.2521],[11.6582,42.2794],[11.5391,42.3489],[11.4893,42.3594],[11.4207,42.3866],[11.3962,42.393],[11.3962,42.4004],[11.3766,42.4069],[11.3547,42.4072],[11.3621,42.4004],[11.333,42.4006],[11.259,42.4208],[11.2274,42.4222],[11.2113,42.4189],[11.2044,42.411],[11.2009,42.3955],[11.1863,42.3793],[11.1838,42.3663],[11.1747,42.3693],[11.1559,42.3663],[11.1345,42.3842],[11.1066,42.3913],[11.0945,42.4027],[11.0868,42.4184],[11.0869,42.4295],[11.0991,42.4429],[11.113,42.4464],[11.1418,42.4388],[11.1642,42.4398],[11.1797,42.4565],[11.1884,42.4803],[11.1869,42.5208],[11.166,42.5462],[11.1585,42.564],[11.1287,42.5581],[11.116,42.572],[11.0974,42.6069],[11.0809,42.6127],[11.0778,42.6322],[11.0535,42.647],[11.0057,42.6679],[10.99,42.7103],[10.9723,42.72],[10.9436,42.743],[10.8909,42.7639],[10.7313,42.8044],[10.7554,42.8192],[10.7649,42.8353],[10.7656,42.8771],[10.7777,42.8947],[10.773,42.9081],[10.7635,42.9183],[10.7507,42.9253],[10.6814,42.949],[10.6325,42.9585],[10.5833,42.9597],[10.5391,42.9491],[10.5466,42.9348],[10.5186,42.9253],[10.4995,42.9405],[10.4775,42.9901],[10.5027,43.0056],[10.5171,43.0239],[10.5391,43.0794],[10.5357,43.0914],[10.5357,43.1126],[10.5393,43.1342],[10.5466,43.1471],[10.5383,43.1643],[10.5344,43.1853],[10.5329,43.2262],[10.5282,43.2468],[10.437,43.3886],[10.3734,43.4532],[10.3591,43.4653],[10.3263,43.4769],[10.3172,43.4926],[10.2948,43.5685],[10.264,43.8094],[10.2516,43.8466],[10.2101,43.9202],[10.1807,43.9553],[10.1365,43.9787],[10.1058,44.0168],[10.0906,44.0254],[10.072,44.0295],[10.0353,44.0478],[9.9885,44.0598],[9.9807,44.0499],[9.9627,44.0447],[9.9043,44.0799],[9.888,44.093],[9.8768,44.0878],[9.8447,44.1086],[9.8264,44.1072],[9.8333,44.0998],[9.8196,44.093],[9.8306,44.0788],[9.8475,44.0725],[9.8475,44.0663],[9.8416,44.0634],[9.8333,44.0521],[9.8464,44.0463],[9.8425,44.0412],[9.8323,44.0423],[9.8198,44.0634],[9.7718,44.0794],[9.6826,44.1365],[9.6725,44.1408],[9.6432,44.1423],[9.6211,44.1483],[9.5862,44.1777],[9.5799,44.1789],[9.573,44.1916],[9.499,44.2218],[9.4898,44.2309],[9.4844,44.2438],[9.4539,44.2377],[9.4368,44.2395],[9.4224,44.2568],[9.3745,44.2718],[9.3677,44.2944],[9.2627,44.3364],[9.2306,44.3537],[9.2137,44.3334],[9.2098,44.3209],[9.2107,44.3053],[9.165,44.3183],[9.1467,44.3286],[9.1486,44.34],[9.1301,44.3633],[9.1021,44.374],[9.0012,44.3873],[8.9529,44.3998],[8.9237,44.4116],[8.9146,44.4089],[8.8684,44.4097],[8.8454,44.4135],[8.827,44.4285],[8.7624,44.4321],[8.7372,44.4288],[8.7248,44.424],[8.6786,44.3947],[8.6551,44.3947],[8.5938,44.3627],[8.5648,44.3572],[8.5403,44.34],[8.4661,44.3043],[8.4445,44.2839],[8.4497,44.2643],[8.4395,44.2532],[8.4354,44.2404],[8.4119,44.227],[8.4065,44.215],[8.4082,44.1935],[8.3945,44.1824],[8.3135,44.1605],[8.2847,44.1483],[8.2565,44.1284],[8.2332,44.1036],[8.23,44.0963],[8.23,44.0725],[8.2163,44.0452],[8.1691,44.0067],[8.1527,43.9832],[8.168,43.9626],[8.168,43.9565],[8.1447,43.9526],[8.1152,43.9277],[8.0892,43.9199],[8.0755,43.9097],[8.0677,43.8967],[8.0314,43.8875],[7.9597,43.8529],[7.7858,43.822],[7.7366,43.7982],[7.695,43.7912],[7.572,43.7913],[7.5441,43.7845],[7.5311,43.7845],[7.5129,43.7921],[7.5023,43.7922],[7.4891,43.7855],[7.4764,43.7845],[7.4764,43.7646],[7.4627,43.7621],[7.4543,43.7571],[7.4043,43.718],[7.3658,43.7227],[7.3532,43.7157],[7.3423,43.7078],[7.3305,43.6864],[7.3009,43.6877],[7.2803,43.6933],[7.2573,43.6916],[7.2417,43.6849],[7.2285,43.6742],[7.2318,43.6635],[7.2138,43.6487],[7.2038,43.6444],[7.1967,43.6569],[7.1777,43.6601],[7.1516,43.6548],[7.1366,43.6412],[7.1262,43.6058],[7.1389,43.554],[7.1255,43.5478],[7.1129,43.5645],[7.1043,43.5683],[7.0884,43.5687],[7.0711,43.5608],[7.0372,43.5363],[7.0306,43.5479],[6.9756,43.5469],[6.9452,43.5273],[6.9409,43.5125],[6.9538,43.5046],[6.9543,43.5001],[6.9251,43.4728],[6.9204,43.449],[6.8982,43.438],[6.894,43.4276],[6.8711,43.4261],[6.863,43.4394],[6.858,43.4362],[6.8561,43.4287],[6.8601,43.4159],[6.8467,43.4126],[6.8188,43.4161],[6.7831,43.4086],[6.773,43.4185],[6.7571,43.4227],[6.7465,43.4179],[6.7311,43.4078],[6.7328,43.3821],[6.7178,43.3669],[6.7178,43.3506],[6.6746,43.3464],[6.6613,43.3223],[6.6246,43.2959],[6.5972,43.284],[6.5909,43.2689],[6.6117,43.2643],[6.6724,43.2762],[6.6934,43.273],[6.698,43.2655],[6.6854,43.248],[6.6684,43.2395],[6.6654,43.2213],[6.6798,43.2016],[6.6404,43.1818],[6.6099,43.1734],[6.5995,43.175],[6.5933,43.1877],[6.5813,43.1844],[6.5399,43.1822],[6.5364,43.1725],[6.5267,43.1606],[6.5057,43.151],[6.4792,43.1561],[6.422,43.1523],[6.4017,43.1469],[6.3785,43.1361],[6.3661,43.1186],[6.3754,43.0908],[6.3423,43.0908],[6.3257,43.1042],[6.2804,43.1187],[6.2535,43.1209],[6.2197,43.1165],[6.1932,43.1088],[6.1629,43.0926],[6.1532,43.072],[6.1528,43.0481],[6.1713,43.0423],[6.1854,43.0454],[6.1801,43.0359],[6.0977,43.0313],[6.0885,43.0348],[6.1193,43.0452],[6.1321,43.0526],[6.1291,43.0714],[6.1097,43.0843],[6.027,43.0782],[6.0165,43.0989],[5.9917,43.1023],[5.9587,43.1022],[5.9341,43.1136],[5.9409,43.134],[5.9085,43.1313],[5.8794,43.1204],[5.8963,43.1154],[5.9106,43.0932],[5.9514,43.08],[5.9403,43.0709],[5.888,43.0722],[5.8753,43.0688],[5.8566,43.0448],[5.819,43.0535],[5.7902,43.0699],[5.7819,43.0791],[5.8181,43.0991],[5.8115,43.1067],[5.7834,43.1146],[5.7761,43.1308],[5.741,43.1321],[5.6963,43.1469],[5.6877,43.1689],[5.6739,43.1799],[5.6552,43.1856],[5.6342,43.1872],[5.6229,43.1767],[5.6124,43.1604],[5.5883,43.168],[5.5727,43.1691],[5.5472,43.1939],[5.5378,43.2074],[5.525,43.2126],[5.5042,43.2057],[5.3953,43.2123],[5.3703,43.2079],[5.347,43.2159],[5.3538,43.2438],[5.3692,43.2704],[5.3573,43.2803],[5.356,43.2921],[5.3389,43.3343],[5.2942,43.3555],[5.2383,43.328],[5.1632,43.3293],[5.1252,43.3258],[5.0648,43.328],[5.034,43.3355],[5.0139,43.3579],[5.0056,43.3816],[5.0261,43.4093],[5.0571,43.4221],[5.1462,43.4221],[5.1738,43.4283],[5.1929,43.4395],[5.2136,43.4578],[5.2263,43.4803],[5.2228,43.504],[5.1936,43.4899],[5.1655,43.4825],[5.14,43.4858],[5.1184,43.504],[5.1109,43.5279],[5.1057,43.533],[5.085,43.5382],[5.0537,43.5382],[5.0291,43.5586],[5.0223,43.5522],[5.0093,43.5176],[5.0147,43.4987],[5.0237,43.4905],[5.0503,43.4767],[5.0623,43.4516],[5.0511,43.4293],[5.0276,43.417],[4.9985,43.4147],[4.9831,43.4171],[4.9285,43.4401],[4.8926,43.4254],[4.8682,43.4215],[4.8584,43.4152],[4.8503,43.4014],[4.8649,43.3779],[4.8675,43.3651],[4.901,43.367],[4.8772,43.3508],[4.8558,43.3418],[4.8508,43.3589],[4.8333,43.382],[4.7918,43.3991],[4.7578,43.4223],[4.7424,43.4487],[4.745,43.5074],[4.7424,43.5245],[4.7258,43.5568],[4.7119,43.5715],[4.6946,43.5791],[4.6946,43.5729],[4.7244,43.5384],[4.7288,43.5279],[4.7288,43.4562],[4.7425,43.4226],[4.7697,43.4019],[4.8001,43.3861],[4.823,43.3672],[4.8203,43.3464],[4.6659,43.3475],[4.5923,43.3599],[4.5663,43.3711],[4.5655,43.3879],[4.5857,43.4042],[4.588,43.4169],[4.5796,43.4301],[4.5552,43.4433],[4.513,43.4558],[4.4094,43.4477],[4.2059,43.4599],[4.1817,43.4638],[4.1603,43.4715],[4.1328,43.487],[4.1172,43.5105],[4.1328,43.5328],[4.1312,43.5362],[4.1053,43.5519],[4.0475,43.5561],[3.9909,43.5508],[3.953,43.5399],[3.7399,43.4128],[3.6222,43.3749],[3.5897,43.3549],[3.5134,43.2811],[3.4924,43.2743],[3.4524,43.2888],[3.3854,43.2839],[3.3177,43.2631],[3.2443,43.2194],[3.221,43.1952],[3.1787,43.1652],[3.1545,43.1353],[3.114,43.1063],[3.0704,43.0269],[3.039,42.9428],[3.0418,42.9328],[3.0547,42.9271],[3.0561,42.9071],[3.0405,42.7902],[3.039,42.7503],[3.0433,42.7246],[3.0376,42.6832],[3.0462,42.5877],[3.0518,42.5549],[3.0661,42.5421],[3.1374,42.5249],[3.1459,42.515],[3.1431,42.4921],[3.1759,42.4565],[3.1816,42.4351],[3.1787,42.418],[3.1702,42.3966],[3.1745,42.3809],[3.1745,42.3638],[3.1873,42.3495],[3.2042,42.3396],[3.2498,42.3432],[3.263,42.3292],[3.2699,42.3292],[3.2806,42.3369],[3.2937,42.335],[3.3177,42.323],[3.294,42.288],[3.287,42.2629],[3.2704,42.2501],[3.263,42.2399],[3.2472,42.2457],[3.2101,42.2397],[3.1787,42.2497],[3.1702,42.2597],[3.1516,42.2568],[3.1303,42.2397],[3.1188,42.2183],[3.1165,42.1584],[3.1225,42.1405],[3.1386,42.1276],[3.1731,42.112],[3.2145,42.0683],[3.213,42.056],[3.1999,42.0462],[3.1959,42.0331],[3.2079,41.99],[3.2306,41.973],[3.2357,41.9655],[3.2322,41.946],[3.2074,41.9139],[3.1949,41.8883],[3.1502,41.8454],[3.1168,41.8476],[3.0786,41.8266],[3.0691,41.7991],[3.0403,41.7869],[2.9509,41.7343],[2.933,41.7125],[2.8402,41.6946],[2.8202,41.682],[2.8132,41.6703],[2.792,41.669],[2.7785,41.6456],[2.6519,41.6053],[2.4495,41.5352],[2.429,41.5189],[2.3713,41.4892],[2.2967,41.4653],[2.2673,41.4486],[2.2404,41.421],[2.1919,41.3568],[2.1633,41.3266],[2.1305,41.3037],[2.0603,41.2746],[2.0197,41.2659],[1.9513,41.2607],[1.8841,41.2475],[1.854,41.236],[1.8198,41.2371],[1.6244,41.1922],[1.5392,41.1874],[1.2881,41.1163],[1.2178,41.1047],[1.2101,41.0999],[1.1836,41.0626],[1.1729,41.0587],[1.1417,41.0717],[1.0977,41.0709],[1.0557,41.0649],[0.9904,41.0397],[0.8775,40.9548],[0.8228,40.8996],[0.7142,40.8152],[0.6948,40.786],[0.7502,40.7656],[0.7624,40.7661],[0.7673,40.771],[0.7635,40.7784],[0.7502,40.786],[0.7669,40.785],[0.7805,40.7795],[0.8159,40.7484],[0.8418,40.7321],[0.8542,40.7331],[0.8737,40.7279],[0.8724,40.7071],[0.8581,40.6863],[0.8483,40.6754],[0.784,40.661],[0.7564,40.6422],[0.707,40.5834],[0.6771,40.5652],[0.648,40.5569],[0.6159,40.5535],[0.5925,40.5821],[0.6406,40.5869],[0.6632,40.5747],[0.6962,40.5904],[0.7327,40.6337],[0.7125,40.6362],[0.6822,40.6342],[0.5998,40.6137],[0.5802,40.6037],[0.5635,40.59],[0.5485,40.5723],[0.5013,40.4842],[0.4526,40.4341],[0.4461,40.4084],[0.4203,40.3883],[0.3506,40.2849],[0.2988,40.2468],[0.2647,40.2098],[0.2053,40.1715],[0.1445,40.0788],[0.117,40.0563],[0.0662,40.0319],[0.0405,40.0029],[-0.0029,39.932],[-0.0287,39.9018],[-0.0913,39.8479],[-0.1945,39.7154],[-0.1998,39.7049],[-0.2021,39.6809],[-0.2089,39.6641],[-0.2574,39.6162],[-0.2696,39.5987],[-0.2815,39.5694],[-0.3127,39.534],[-0.3234,39.5162],[-0.3306,39.4804],[-0.3275,39.4307],[-0.3207,39.3881],[-0.3013,39.322],[-0.2387,39.2154],[-0.2155,39.1818],[-0.2422,39.1663],[-0.2267,39.1118],[-0.21,39.0787],[-0.158,39.0021],[-0.1207,38.9511],[-0.1059,38.9365],[-0.0686,38.9134],[-0.031,38.8828],[-0.0098,38.8697],[0.0174,38.8643],[0.0631,38.8608],[0.111,38.8499],[0.154,38.831],[0.1853,38.8035],[0.1709,38.7961],[0.1829,38.7918],[0.2179,38.7681],[0.2277,38.7702],[0.2341,38.7579],[0.2345,38.7423],[0.2277,38.7346],[0.1921,38.7304],[0.1768,38.724],[0.1626,38.7135],[0.145,38.6863],[0.1186,38.6828],[0.083,38.661],[0.0731,38.6452],[0.0806,38.631],[0.0604,38.6348],[0.015,38.6247],[-0.0148,38.6244],[-0.0288,38.6207],[-0.043,38.6117],[-0.0548,38.5953],[-0.0536,38.567],[-0.06,38.5527],[-0.0754,38.5399],[-0.0902,38.5353],[-0.1317,38.5353],[-0.177,38.5272],[-0.2021,38.5196],[-0.234,38.5017],[-0.3294,38.47],[-0.3446,38.4616],[-0.3508,38.45],[-0.3952,38.4138],[-0.4061,38.3989],[-0.41,38.369],[-0.4137,38.3648],[-0.4602,38.3601],[-0.4706,38.3519],[-0.4744,38.3367],[-0.5098,38.3384],[-0.5188,38.2987],[-0.504,38.2072],[-0.5155,38.1955],[-0.5329,38.1922],[-0.5688,38.1942],[-0.5914,38.1896],[-0.6095,38.178],[-0.6237,38.1624],[-0.6344,38.1458],[-0.645,38.116],[-0.6545,37.9893],[-0.6634,37.9803],[-0.6899,37.9722],[-0.7089,37.9563],[-0.7184,37.943],[-0.7586,37.8633],[-0.7607,37.8471],[-0.7561,37.8061],[-0.7607,37.7961],[-0.788,37.8228],[-0.8124,37.7701],[-0.8256,37.7614],[-0.8478,37.7561],[-0.8561,37.7425],[-0.8526,37.7238],[-0.8198,37.6767],[-0.8099,37.6669],[-0.7548,37.6413],[-0.7349,37.6393],[-0.7265,37.6515],[-0.708,37.643],[-0.7012,37.6313],[-0.7053,37.6195],[-0.7366,37.5994],[-0.7457,37.5994],[-0.7545,37.6043],[-0.808,37.5884],[-0.8364,37.5764],[-0.8867,37.5743],[-0.9252,37.5559],[-0.9735,37.5764],[-1.0064,37.5814],[-1.0878,37.5809],[-1.1034,37.5764],[-1.1147,37.5687],[-1.12,37.559],[-1.1058,37.5321],[-1.1671,37.5438],[-1.1786,37.5639],[-1.1997,37.5666],[-1.2427,37.5792],[-1.2577,37.567],[-1.2617,37.5577],[-1.3237,37.562],[-1.3692,37.5414],[-1.4137,37.5065],[-1.4304,37.4981],[-1.4556,37.4927],[-1.4709,37.4822],[-1.4767,37.4727],[-1.4884,37.4332],[-1.4969,37.4278],[-1.515,37.4332],[-1.5437,37.415],[-1.5677,37.4099],[-1.6187,37.3923],[-1.6416,37.381],[-1.6459,37.3692],[-1.6528,37.3613],[-1.6709,37.3633],[-1.6802,37.3544],[-1.6858,37.337],[-1.699,37.3164],[-1.7285,37.2824],[-1.7872,37.2352],[-1.8127,37.2071],[-1.8304,37.1664],[-1.8378,37.1316],[-1.8498,37.1044],[-1.8552,37.0766],[-1.885,37.0155],[-1.9061,36.9876],[-1.907,36.9753],[-1.8987,36.9501],[-1.9003,36.9412],[-1.9129,36.9335],[-1.9414,36.9299],[-1.9889,36.9005],[-2.0028,36.887],[-2.0131,36.8458],[-2.0569,36.8101],[-2.0712,36.7753],[-2.1008,36.7652],[-2.1111,36.7461],[-2.1267,36.7364],[-2.1661,36.7276],[-2.2036,36.7371],[-2.2317,36.7601],[-2.2561,36.7874],[-2.2828,36.8101],[-2.3183,36.8279],[-2.3391,36.8343],[-2.3617,36.8368],[-2.3802,36.8338],[-2.4127,36.82],[-2.4331,36.8163],[-2.4814,36.8299],[-2.5608,36.8188],[-2.5769,36.8113],[-2.6172,36.7284],[-2.6589,36.6948],[-2.6844,36.686],[-2.7183,36.682],[-2.7362,36.6874],[-2.7567,36.6804],[-2.8026,36.7073],[-2.821,36.7139],[-2.83,36.7117],[-2.8391,36.7024],[-2.8483,36.7002],[-2.8588,36.7049],[-2.8861,36.7344],[-2.914,36.7503],[-2.9333,36.7517],[-2.9877,36.7371],[-3.0765,36.7498],[-3.1567,36.7445],[-3.2279,36.7548],[-3.3296,36.7449],[-3.3788,36.7139],[-3.4152,36.6955],[-3.4776,36.6961],[-3.516,36.721],[-3.5361,36.7184],[-3.5498,36.7124],[-3.5864,36.7266],[-3.6011,36.7426],[-3.6657,36.7394],[-3.6798,36.7288],[-3.7313,36.7241],[-3.8385,36.752],[-3.961,36.7268],[-4.0567,36.748],[-4.08,36.7436],[-4.1102,36.7257],[-4.2247,36.7124],[-4.4032,36.7239],[-4.4203,36.7199],[-4.4333,36.7107],[-4.4669,36.663],[-4.4911,36.6367],[-4.4954,36.6206],[-4.5248,36.5807],[-4.5878,36.5738],[-4.615,36.5306],[-4.6593,36.5076],[-4.7228,36.493],[-4.7642,36.494],[-4.9027,36.5065],[-4.9122,36.504],[-4.9942,36.4571],[-5.0625,36.4522],[-5.1087,36.429],[-5.1576,36.4219],[-5.1866,36.4112],[-5.2271,36.3579],[-5.2279,36.3485],[-5.2537,36.2971],[-5.2741,36.2825],[-5.2906,36.2774],[-5.2853,36.2608],[-5.3341,36.1878],[-5.342,36.1105],[-5.3502,36.1193],[-5.3666,36.1632],[-5.3825,36.1723],[-5.4061,36.1792],[-5.4254,36.1798],[-5.4287,36.17],[-5.4379,36.1615],[-5.4423,36.1488],[-5.4415,36.1345],[-5.4349,36.1215],[-5.4399,36.1142],[-5.4372,36.0987],[-5.4287,36.0808],[-5.4318,36.0696],[-5.4386,36.0628],[-5.4455,36.0574],[-5.6118,36.0065],[-5.6297,36.0368],[-5.6894,36.0671],[-5.7131,36.06],[-5.7339,36.0657],[-5.7537,36.0756],[-5.7961,36.0855],[-5.8113,36.0968],[-5.8328,36.1224],[-5.8979,36.1739],[-5.9172,36.1841],[-5.939,36.1838],[-5.9836,36.177],[-6.0368,36.1895],[-6.0625,36.2172],[-6.0822,36.2507],[-6.1047,36.2807],[-6.1595,36.3043],[-6.1752,36.3536],[-6.1842,36.3707],[-6.2184,36.4025],[-6.2571,36.4764],[-6.2796,36.5113],[-6.31,36.5341],[-6.2977,36.5388],[-6.2894,36.5373],[-6.2575,36.5138],[-6.249,36.5047],[-6.2541,36.4963],[-6.2315,36.4727],[-6.2191,36.475],[-6.2115,36.4805],[-6.1794,36.5135],[-6.2068,36.5089],[-6.2244,36.5109],[-6.2325,36.5262],[-6.226,36.5567],[-6.2349,36.5758],[-6.2832,36.6124],[-6.2939,36.6168],[-6.3617,36.6206],[-6.3798,36.6243],[-6.3947,36.6369],[-6.407,36.6767],[-6.4315,36.7146],[-6.4379,36.7333],[-6.4333,36.7512],[-6.4145,36.7676],[-6.3589,36.7858],[-6.3456,36.795],[-6.3352,36.8183],[-6.3437,36.8599],[-6.3382,36.8837],[-6.3044,36.9072],[-6.2233,36.9023],[-6.1948,36.9321],[-6.214,36.9217],[-6.2397,36.9134],[-6.265,36.9129],[-6.2836,36.9259],[-6.3259,36.9127],[-6.3447,36.9013],[-6.3524,36.8803],[-6.3467,36.8199],[-6.3524,36.8086],[-6.388,36.8082],[-6.4162,36.8378],[-6.4486,36.9042],[-6.4711,36.9356],[-6.4996,36.9597],[-6.7449,37.1014],[-6.7715,37.1128],[-6.8118,37.1237],[-6.853,37.1511],[-6.8929,37.1666],[-6.9109,37.189],[-6.9176,37.2151],[-6.9108,37.2276],[-6.8988,37.2358],[-6.8527,37.2952],[-6.9035,37.2496],[-6.9311,37.2339],[-6.9626,37.2338],[-6.9626,37.2276],[-6.9301,37.1832],[-6.9285,37.1723],[-6.9416,37.1711],[-7.0294,37.2055],[-7.101,37.2243],[-7.1273,37.2147],[-7.099,37.2119],[-7.0856,37.2065],[-7.3279,37.2016],[-7.3431,37.1962],[-7.3629,37.1817],[-7.3814,37.1799],[-7.4144,37.1928],[-7.4064,37.1805],[-7.4002,37.1785],[-7.4002,37.1723],[-7.4076,37.1649],[-7.4243,37.175],[-7.4457,37.1796],[-7.4901,37.1785],[-7.5118,37.1718],[-7.5522,37.1492],[-7.569,37.1444],[-7.6273,37.114],[-7.6352,37.1054],[-7.7866,37.0227],[-7.8196,36.9987],[-7.8341,36.9989],[-7.8707,37.0079],[-7.9324,37.0085],[-7.9495,37.0141],[-7.9581,37.0026],[-7.9688,37.0037],[-7.9912,37.0141],[-7.9814,37.0017],[-7.9768,36.9868],[-7.9993,37.0133],[-8.0353,37.0375],[-8.1066,37.0693],[-8.1475,37.0765],[-8.1792,37.0881],[-8.2932,37.0777],[-8.3654,37.098],[-8.3952,37.0871],[-8.4388,37.0827],[-8.4823,37.0958],[-8.4843,37.0942],[-8.5375,37.1178],[-8.5801,37.124],[-8.6416,37.1177],[-8.6547,37.1103],[-8.6863,37.083],[-8.7477,37.083],[-8.7986,37.0625],[-8.8372,37.0566],[-8.8592,37.0408],[-8.8789,37.0472],[-8.9051,37.0277],[-8.946,37.0079],[-8.9612,37.0124],[-8.9829,37.0266],[-8.9979,37.0215],[-8.9856,37.0634],[-8.9418,37.1187],[-8.9136,37.1699],[-8.9227,37.1997],[-8.8814,37.2325],[-8.8671,37.2767],[-8.8828,37.3099],[-8.8667,37.3352],[-8.8387,37.3603],[-8.8334,37.3846],[-8.816,37.4179],[-8.7979,37.4896],[-8.7955,37.5354],[-8.8013,37.5591],[-8.8111,37.5749],[-8.8244,37.5876],[-8.8265,37.6006],[-8.7993,37.6976],[-8.7862,37.7026],[-8.7576,37.7067],[-8.7522,37.7308],[-8.7522,37.7346],[-8.7618,37.7278],[-8.7841,37.7231],[-8.8087,37.7229],[-8.817,37.7403],[-8.8096,37.7912],[-8.7972,37.8449],[-8.799,37.8781],[-8.8048,37.9019],[-8.8207,37.9273],[-8.8539,37.9323],[-8.8948,37.9525],[-8.89,37.9609],[-8.8675,37.9736],[-8.8157,38.0621],[-8.797,38.1332],[-8.7744,38.1869],[-8.7855,38.3039],[-8.7951,38.3592],[-8.8209,38.3988],[-8.8783,38.4492],[-8.9147,38.4728],[-8.9426,38.4814],[-8.9273,38.4938],[-8.9045,38.4864],[-8.8675,38.4609],[-8.8218,38.4486],[-8.8002,38.4391],[-8.7986,38.4261],[-8.757,38.4273],[-8.6569,38.406],[-8.6068,38.4187],[-8.6627,38.4245],[-8.7362,38.4518],[-8.745,38.4603],[-8.7508,38.4739],[-8.7525,38.488],[-8.7509,38.5006],[-8.7458,38.5101],[-8.7372,38.5149],[-8.7372,38.5224],[-8.7515,38.5264],[-8.7612,38.5381],[-8.7642,38.5521],[-8.7576,38.5633],[-8.7733,38.5653],[-8.793,38.5336],[-8.8129,38.5286],[-8.8129,38.5224],[-8.7906,38.5199],[-8.7803,38.5054],[-8.78,38.4891],[-8.7884,38.4814],[-8.8323,38.487],[-8.8675,38.5019],[-8.9058,38.5124],[-8.9549,38.5051],[-8.9998,38.4643],[-8.9919,38.4595],[-9.0486,38.4407],[-9.1457,38.4314],[-9.1659,38.4251],[-9.1821,38.4156],[-9.2004,38.4125],[-9.2306,38.4187],[-9.234,38.4242],[-9.2311,38.4377],[-9.19,38.4725],[-9.1839,38.5041],[-9.1838,38.5515],[-9.2081,38.5974],[-9.2385,38.6354],[-9.2527,38.6655],[-9.2344,38.6734],[-9.145,38.6811],[-9.1241,38.671],[-9.1139,38.6589],[-9.1077,38.6589],[-9.1139,38.6794],[-9.0989,38.6856],[-9.0524,38.6937],[-9.0524,38.6999],[-9.0212,38.7265],[-8.9426,38.7756],[-8.9426,38.7817],[-8.9643,38.8148],[-8.9703,38.8354],[-8.9631,38.8507],[-8.9863,38.8494],[-8.9968,38.8655],[-9.0115,38.9134],[-8.9691,38.984],[-8.9432,39.0152],[-8.9084,39.0363],[-8.8455,39.0429],[-8.8265,39.0493],[-8.7904,39.0706],[-8.7746,39.0834],[-8.7651,39.0977],[-8.8364,39.0567],[-8.9227,39.0493],[-8.9359,39.0407],[-8.9551,39.0122],[-9.0035,38.9577],[-9.0589,38.8714],[-9.1002,38.8302],[-9.1066,38.8138],[-9.0982,38.7379],[-9.1125,38.7142],[-9.1633,38.7017],[-9.2202,38.6939],[-9.2852,38.6988],[-9.3035,38.6877],[-9.3218,38.6703],[-9.3606,38.6895],[-9.4048,38.7041],[-9.4292,38.7073],[-9.4717,38.7025],[-9.4917,38.7076],[-9.4913,38.7277],[-9.4847,38.7447],[-9.4975,38.7882],[-9.4975,38.8098],[-9.4919,38.8192],[-9.4555,38.8505],[-9.4227,38.9314],[-9.4254,38.9916],[-9.4366,39.0295],[-9.4266,39.0517],[-9.4225,39.0786],[-9.3837,39.134],[-9.3509,39.1973],[-9.3406,39.2668],[-9.3541,39.3162],[-9.3658,39.336],[-9.4018,39.3652],[-9.4093,39.3752],[-9.3978,39.378],[-9.3529,39.3679],[-9.2792,39.4058],[-9.2608,39.4184],[-9.2403,39.42],[-9.2279,39.4084],[-9.2176,39.4062],[-9.2059,39.4155],[-9.2135,39.4286],[-9.2299,39.4407],[-9.1829,39.4926],[-9.1357,39.5162],[-9.0904,39.5793],[-9.0883,39.5967],[-9.0903,39.6156],[-9.0779,39.6425],[-9.0717,39.6804],[-8.993,39.8432],[-8.8682,40.1248],[-8.8533,40.1392],[-8.8416,40.126],[-8.8251,40.1201],[-8.785,40.1187],[-8.785,40.1262],[-8.8162,40.1466],[-8.8336,40.1517],[-8.8794,40.1562],[-8.8965,40.1647],[-8.9066,40.1794],[-8.9084,40.2007],[-8.8957,40.2287],[-8.8654,40.2755],[-8.7986,40.4744],[-8.7849,40.5368],[-8.7658,40.5825],[-8.753,40.6408],[-8.7446,40.6469],[-8.7446,40.619],[-8.7247,40.6445],[-8.7103,40.6535],[-8.69,40.6469],[-8.69,40.6531],[-8.6988,40.668],[-8.6962,40.6737],[-8.6864,40.6779],[-8.672,40.6668],[-8.6621,40.6699],[-8.6416,40.6942],[-8.6575,40.7014],[-8.6663,40.7132],[-8.6636,40.7241],[-8.6039,40.7358],[-8.5727,40.7556],[-8.5895,40.7547],[-8.6147,40.7449],[-8.6399,40.7401],[-8.6684,40.7475],[-8.6757,40.7556],[-8.6837,40.7831],[-8.6456,40.8237],[-8.6553,40.8449],[-8.657,40.8286],[-8.6632,40.8149],[-8.6705,40.8112],[-8.6757,40.8244],[-8.6898,40.8041],[-8.7006,40.778],[-8.7143,40.7091],[-8.7384,40.6645],[-8.7508,40.6531],[-8.6551,40.9938],[-8.6553,41.0305],[-8.6671,41.0976],[-8.6661,41.1328],[-8.6483,41.1466],[-8.6483,41.1528],[-8.6858,41.1595],[-8.7052,41.1869],[-8.7184,41.2215],[-8.7372,41.2497],[-8.7323,41.2629],[-8.7446,41.2974],[-8.7445,41.3281],[-8.7491,41.3378],[-8.7561,41.3405],[-8.764,41.3613],[-8.7781,41.3793],[-8.7838,41.3939],[-8.7856,41.4349],[-8.7748,41.4683],[-8.7865,41.4911],[-8.7954,41.5426],[-8.8083,41.5729],[-8.8195,41.6119],[-8.8204,41.6301],[-8.8286,41.6482],[-8.8305,41.6716],[-8.8271,41.6828],[-8.8047,41.6893],[-8.7433,41.697],[-8.7259,41.7031],[-8.6962,41.722],[-8.8069,41.697],[-8.83,41.6946],[-8.8429,41.6958],[-8.8611,41.7044],[-8.8803,41.7369],[-8.8803,41.7655],[-8.872,41.8106],[-8.8789,41.839],[-8.8747,41.8496],[-8.8675,41.8591],[-8.7966,41.9033],[-8.7628,41.932],[-8.7508,41.969],[-8.7771,41.9372],[-8.7954,41.9257],[-8.8328,41.914],[-8.8647,41.8889],[-8.8813,41.8933],[-8.8787,41.9071],[-8.8986,42.1018],[-8.8955,42.1191],[-8.8846,42.126],[-8.845,42.1266],[-8.8265,42.1305],[-8.8191,42.1397],[-8.8237,42.1476],[-8.8428,42.1544],[-8.847,42.1608],[-8.816,42.1745],[-8.8058,42.1975],[-8.7906,42.2045],[-8.772,42.2222],[-8.7196,42.2523],[-8.7019,42.2585],[-8.6699,42.2809],[-8.652,42.2863],[-8.6252,42.3019],[-8.6217,42.3102],[-8.6217,42.3408],[-8.6227,42.3475],[-8.6265,42.3483],[-8.6348,42.3464],[-8.6499,42.3356],[-8.6748,42.299],[-8.7198,42.2876],[-8.7739,42.269],[-8.785,42.2601],[-8.8483,42.261],[-8.8675,42.2564],[-8.8534,42.2911],[-8.8533,42.3048],[-8.847,42.3048],[-8.833,42.2891],[-8.8272,42.2967],[-8.8265,42.329],[-8.8307,42.3416],[-8.8129,42.3464],[-8.7769,42.3402],[-8.772,42.3427],[-8.7646,42.3557],[-8.7269,42.3887],[-8.6625,42.4269],[-8.6553,42.4414],[-8.6644,42.438],[-8.6825,42.4414],[-8.6945,42.4396],[-8.7576,42.4072],[-8.811,42.4007],[-8.8436,42.4037],[-8.8675,42.4147],[-8.8757,42.426],[-8.8802,42.445],[-8.888,42.4556],[-8.9009,42.461],[-8.9355,42.4654],[-8.9426,42.4693],[-8.935,42.4791],[-8.9167,42.4876],[-8.8813,42.4966],[-8.869,42.4934],[-8.8608,42.485],[-8.8612,42.4756],[-8.8743,42.4693],[-8.8516,42.4608],[-8.837,42.4589],[-8.8265,42.4619],[-8.8225,42.4724],[-8.8251,42.4949],[-8.8129,42.5028],[-8.8252,42.5374],[-8.8265,42.5546],[-8.823,42.5695],[-8.8138,42.5814],[-8.8016,42.5893],[-8.7884,42.5922],[-8.7755,42.6047],[-8.7388,42.6661],[-8.7309,42.6884],[-8.7372,42.6884],[-8.7539,42.6569],[-8.7673,42.6452],[-8.785,42.6406],[-8.8038,42.6459],[-8.8262,42.6741],[-8.8395,42.6824],[-8.8546,42.6616],[-8.857,42.6491],[-8.847,42.6406],[-8.8688,42.6175],[-8.8805,42.6118],[-8.8948,42.6201],[-8.8895,42.6306],[-8.9364,42.6064],[-8.9222,42.5937],[-8.934,42.5868],[-8.9699,42.5792],[-8.9808,42.5512],[-8.9892,42.5489],[-9.0115,42.5307],[-9.0264,42.5431],[-9.0334,42.5781],[-9.0558,42.5854],[-9.0709,42.5961],[-9.0657,42.6203],[-9.0514,42.6459],[-9.0388,42.6611],[-9.0395,42.673],[-9.0301,42.7077],[-9.0063,42.7338],[-8.9631,42.7513],[-8.9374,42.7778],[-8.9222,42.7881],[-8.8983,42.7923],[-8.8913,42.7993],[-8.8849,42.815],[-8.8877,42.8311],[-8.9084,42.8395],[-8.9126,42.8166],[-8.9281,42.8025],[-8.951,42.7951],[-8.9774,42.7923],[-9.0282,42.7979],[-9.0489,42.7947],[-9.0456,42.778],[-9.0687,42.7597],[-9.0813,42.7548],[-9.1002,42.7575],[-9.1134,42.7661],[-9.135,42.8128],[-9.1225,42.8126],[-9.1132,42.8164],[-9.1002,42.8333],[-9.1084,42.8448],[-9.1412,42.8574],[-9.1487,42.8845],[-9.1375,42.8961],[-9.1345,42.9175],[-9.1679,42.9268],[-9.1835,42.9453],[-9.1959,42.9493],[-9.1959,42.9431],[-9.19,42.9324],[-9.1958,42.9266],[-9.2101,42.9257],[-9.2143,42.939],[-9.2242,42.9402],[-9.2356,42.9349],[-9.2517,42.9202],[-9.2684,42.8913],[-9.2731,42.8933],[-9.2829,42.9166],[-9.292,42.9226],[-9.292,42.9288],[-9.2648,42.9803],[-9.2618,42.9945],[-9.251,43.0168],[-9.2721,43.0313],[-9.2795,43.055],[-9.2711,43.0605],[-9.2579,43.0609],[-9.2511,43.0698],[-9.2457,43.088],[-9.2223,43.1027],[-9.2176,43.1144],[-9.203,43.105],[-9.1898,43.1023],[-9.1768,43.1056],[-9.1623,43.1144],[-9.1503,43.1296],[-9.1412,43.1349],[-9.1077,43.1411],[-9.1077,43.1485],[-9.1471,43.1387],[-9.1633,43.1398],[-9.1623,43.1485],[-9.1942,43.1365],[-9.2084,43.1379],[-9.2176,43.1553],[-9.1701,43.1887],[-9.1379,43.2015],[-9.1004,43.1895],[-9.0832,43.1898],[-9.0524,43.1964],[-9.027,43.2102],[-9.0168,43.2239],[-9.0115,43.2388],[-9.0041,43.2388],[-8.9857,43.2269],[-8.959,43.2275],[-8.9325,43.2353],[-8.9153,43.245],[-8.9364,43.2441],[-8.9482,43.2499],[-8.9631,43.2723],[-8.9798,43.2769],[-8.988,43.283],[-8.9305,43.2998],[-8.888,43.3207],[-8.8566,43.3269],[-8.8412,43.3389],[-8.83,43.3412],[-8.817,43.3358],[-8.7856,43.3124],[-8.7685,43.3071],[-8.6931,43.2934],[-8.63,43.3159],[-8.5925,43.3242],[-8.5584,43.3132],[-8.506,43.3315],[-8.4975,43.3378],[-8.4943,43.3466],[-8.4861,43.3543],[-8.476,43.3597],[-8.4557,43.3633],[-8.443,43.3753],[-8.3883,43.3859],[-8.3847,43.3727],[-8.3757,43.363],[-8.3536,43.3486],[-8.3408,43.3599],[-8.3373,43.369],[-8.3399,43.3927],[-8.3307,43.4057],[-8.3106,43.4031],[-8.2672,43.3859],[-8.2506,43.3549],[-8.2173,43.3283],[-8.2102,43.3132],[-8.2025,43.3293],[-8.203,43.3447],[-8.2102,43.3753],[-8.2096,43.3907],[-8.2048,43.3997],[-8.1754,43.4163],[-8.1951,43.4232],[-8.2471,43.4231],[-8.2648,43.4273],[-8.2887,43.4462],[-8.3052,43.4511],[-8.2865,43.462],[-8.1788,43.4733],[-8.167,43.4846],[-8.1686,43.492],[-8.1965,43.4852],[-8.2573,43.4777],[-8.2437,43.4852],[-8.2573,43.492],[-8.2692,43.4789],[-8.289,43.473],[-8.3331,43.4715],[-8.3253,43.4868],[-8.3166,43.5229],[-8.3052,43.5194],[-8.2921,43.5329],[-8.3082,43.5463],[-8.3132,43.5563],[-8.3127,43.5671],[-8.261,43.5645],[-8.2322,43.5755],[-8.0867,43.6565],[-8.083,43.6455],[-8.0746,43.6396],[-8.0635,43.6389],[-8.0519,43.6428],[-8.0655,43.6428],[-8.0655,43.6491],[-8.0519,43.6565],[-8.0712,43.6679],[-8.074,43.6785],[-8.0593,43.7094],[-8.011,43.7117],[-7.9812,43.7178],[-7.953,43.7301],[-7.9281,43.7468],[-7.9086,43.7663],[-7.8808,43.7633],[-7.869,43.7488],[-7.8615,43.7312],[-7.8465,43.718],[-7.8465,43.7117],[-7.8676,43.718],[-7.8793,43.7005],[-7.8798,43.692],[-7.8738,43.6845],[-7.8841,43.6786],[-7.8949,43.6845],[-7.9086,43.677],[-7.9086,43.6702],[-7.8584,43.6682],[-7.8492,43.6756],[-7.8676,43.6975],[-7.856,43.7034],[-7.8439,43.7038],[-7.8192,43.6975],[-7.826,43.7117],[-7.812,43.7231],[-7.7738,43.7426],[-7.734,43.7501],[-7.7128,43.7607],[-7.6957,43.7749],[-7.6855,43.7934],[-7.6713,43.7829],[-7.6683,43.7725],[-7.6956,43.7459],[-7.6962,43.7315],[-7.6916,43.7272],[-7.6752,43.7316],[-7.6725,43.7438],[-7.641,43.7527],[-7.6376,43.7391],[-7.613,43.7043],[-7.616,43.6885],[-7.6072,43.6911],[-7.5946,43.7037],[-7.5864,43.718],[-7.5743,43.7145],[-7.5558,43.7276],[-7.5414,43.7316],[-7.4901,43.7253],[-7.4076,43.6912],[-7.3671,43.6801],[-7.3041,43.5986],[-7.2567,43.5816],[-7.2711,43.5686],[-7.2711,43.5611],[-7.2577,43.5567],[-7.2301,43.5686],[-7.2154,43.5687],[-7.157,43.5593],[-7.0959,43.561],[-7.0793,43.5686],[-7.0616,43.5616],[-7.0443,43.5594],[-7.0323,43.553],[-7.0309,43.5332],[-7.0484,43.5104],[-7.0536,43.4965],[-7.0446,43.4792],[-7.0383,43.4792],[-7.0238,43.5258],[-7.0104,43.5332],[-7.0014,43.5567],[-6.944,43.566],[-6.8459,43.5686],[-6.8307,43.5651],[-6.7708,43.5686],[-6.7296,43.5598],[-6.7037,43.5576],[-6.6487,43.579],[-6.5977,43.5752],[-6.5466,43.5618],[-6.5101,43.5475],[-6.4883,43.5551],[-6.463,43.555],[-6.4691,43.5754],[-6.4176,43.5611],[-6.3661,43.5686],[-6.3146,43.5686],[-6.25,43.5841],[-6.2364,43.5943],[-6.2228,43.5959],[-6.191,43.5786],[-6.178,43.5754],[-6.1004,43.5692],[-6.085,43.5754],[-6.0692,43.5697],[-6.0235,43.5884],[-5.9074,43.5884],[-5.9022,43.5975],[-5.9131,43.6129],[-5.9006,43.6232],[-5.9074,43.6368],[-5.8752,43.6368],[-5.8635,43.6414],[-5.8522,43.6629],[-5.8363,43.6622],[-5.8038,43.6505],[-5.7823,43.637],[-5.7274,43.5895],[-5.7089,43.5686],[-5.702,43.5686],[-5.6968,43.5828],[-5.6892,43.5786],[-5.6775,43.5611],[-5.6256,43.555],[-5.4242,43.5611],[-5.3939,43.5552],[-5.3907,43.5413],[-5.4036,43.5254],[-5.4208,43.5134],[-5.4139,43.5065],[-5.3724,43.5202],[-5.3568,43.5386],[-5.3419,43.5406],[-5.2999,43.5377],[-5.284,43.5335],[-5.2119,43.4984],[-5.1779,43.4894],[-5.0917,43.4863],[-5.0677,43.4814],[-5.057,43.4686],[-5.045,43.4743],[-4.9752,43.4588],[-4.9525,43.4701],[-4.941,43.4717],[-4.9076,43.4606],[-4.8365,43.4498],[-4.7349,43.4171],[-4.5082,43.4025],[-4.4817,43.3836],[-4.4608,43.3987],[-4.4325,43.4026],[-4.4049,43.397],[-4.3856,43.3836],[-4.3793,43.3836],[-4.3688,43.3962],[-4.3594,43.3997],[-4.3128,43.3958],[-4.1886,43.4054],[-4.161,43.4212],[-4.0977,43.4356],[-4.0292,43.4383],[-4.0234,43.4409],[-4.0209,43.4504],[-4.0128,43.4525],[-3.9814,43.4383],[-3.9765,43.4429],[-3.961,43.4451],[-3.9746,43.4525],[-3.9746,43.4588],[-3.9401,43.4771],[-3.9227,43.4826],[-3.9063,43.4792],[-3.8938,43.4849],[-3.8859,43.4792],[-3.8568,43.4924],[-3.8267,43.497],[-3.797,43.4927],[-3.7692,43.4792],[-3.8127,43.4649],[-3.831,43.456],[-3.8443,43.4451],[-3.8238,43.4308],[-3.8315,43.4291],[-3.8313,43.4246],[-3.8112,43.4255],[-3.7965,43.4308],[-3.7723,43.4525],[-3.7635,43.4503],[-3.7541,43.4405],[-3.745,43.4383],[-3.7407,43.4423],[-3.743,43.4514],[-3.7555,43.4655],[-3.7555,43.4717],[-3.7289,43.4655],[-3.7272,43.4705],[-3.7214,43.4717],[-3.7289,43.4792],[-3.7179,43.4827],[-3.6884,43.4842],[-3.6561,43.5007],[-3.5794,43.5183],[-3.5544,43.5169],[-3.5563,43.4997],[-3.5391,43.499],[-3.5054,43.4792],[-3.4366,43.4705],[-3.4315,43.4669],[-3.4272,43.4556],[-3.4286,43.4468],[-3.447,43.4451],[-3.47,43.4542],[-3.4778,43.4431],[-3.5017,43.4308],[-3.4818,43.428],[-3.4704,43.4168],[-3.4611,43.4125],[-3.447,43.4308],[-3.4362,43.419],[-3.4222,43.4181],[-3.3925,43.4246],[-3.3303,43.4103],[-3.269,43.4041],[-3.2105,43.3898],[-3.2,43.3855],[-3.1769,43.3662],[-3.1315,43.3558],[-3.1124,43.3541],[-3.0895,43.3669],[-3.0579,43.3524],[-3.0082,43.3209],[-3.0082,43.3284],[-3.0293,43.3762],[-3.0243,43.3809],[-3.011,43.3841],[-2.9994,43.3944],[-2.9559,43.4138],[-2.9399,43.4171],[-2.9399,43.4246],[-2.9467,43.4246],[-2.9467,43.4308],[-2.9301,43.4379],[-2.9053,43.4399],[-2.8542,43.4383],[-2.807,43.4417],[-2.7686,43.4525],[-2.7558,43.4503],[-2.7152,43.4245],[-2.7065,43.4137],[-2.6949,43.3886],[-2.691,43.3675],[-2.6793,43.3898],[-2.6778,43.4062],[-2.673,43.4103],[-2.6612,43.4119],[-2.6069,43.4019],[-2.5489,43.3836],[-2.506,43.3771],[-2.4835,43.3706],[-2.4644,43.3492],[-2.3674,43.3157],[-2.3271,43.3068],[-2.2847,43.3035],[-2.1963,43.3148],[-2.1745,43.2974],[-2.1622,43.2943],[-2.1448,43.3011],[-2.14,43.2989],[-2.1348,43.2896],[-2.1278,43.2874],[-2.0989,43.3041],[-2.0655,43.3096],[-1.9946,43.3284],[-1.9604,43.3431],[-1.9456,43.3426],[-1.9337,43.3356],[-1.9266,43.3259],[-1.9187,43.321],[-1.9047,43.3284],[-1.9257,43.3426],[-1.8849,43.356],[-1.8474,43.3809],[-1.8113,43.3951],[-1.7755,43.3762],[-1.768,43.3836],[-1.7496,43.3892],[-1.661,43.3997],[-1.6378,43.4238],[-1.5968,43.4425],[-1.5664,43.4822],[-1.5621,43.4934],[-1.514,43.5386],[-1.4769,43.5801],[-1.47,43.6115],[-1.446,43.6684],[-1.4049,43.8323],[-1.3812,43.8896],[-1.3461,44.0192],[-1.2816,44.3022],[-1.2541,44.4425],[-1.2473,44.5045],[-1.2583,44.5476],[-1.2572,44.5561],[-1.2308,44.5836],[-1.2063,44.6479],[-1.1865,44.6655],[-1.1614,44.6662],[-1.1002,44.6553],[-1.065,44.6591],[-1.0447,44.6694],[-1.0444,44.6846],[-1.0692,44.7032],[-1.0555,44.7032],[-1.0653,44.7175],[-1.1409,44.7681],[-1.1654,44.7787],[-1.1722,44.7783],[-1.1886,44.7558],[-1.2336,44.7069],[-1.2449,44.6627],[-1.2604,44.6274],[-1.1995,45.1208],[-1.1579,45.2791],[-1.14,45.4901],[-1.1337,45.5048],[-1.0996,45.5535],[-1.0853,45.569],[-1.0692,45.5733],[-1.0586,45.5696],[-1.0562,45.5651],[-1.0574,45.5463],[-1.0623,45.5324],[-1.0399,45.5073],[-0.973,45.4705],[-0.9153,45.4504],[-0.7942,45.3554],[-0.7662,45.3261],[-0.7545,45.2959],[-0.7519,45.2759],[-0.7387,45.2387],[-0.716,45.1345],[-0.6822,45.0765],[-0.6482,45.0449],[-0.6099,45.0185],[-0.5778,45.0051],[-0.569,44.998],[-0.5607,44.9854],[-0.5592,44.9761],[-0.5621,44.9602],[-0.5565,44.9185],[-0.5482,44.9023],[-0.5347,44.895],[-0.5424,44.9372],[-0.5485,44.9495],[-0.539,44.9765],[-0.5504,44.9982],[-0.5726,45.0143],[-0.5962,45.0246],[-0.5394,45.0195],[-0.5164,45.0114],[-0.4938,44.998],[-0.519,45.0294],[-0.5587,45.0434],[-0.6022,45.0535],[-0.6378,45.0731],[-0.656,45.0991],[-0.6687,45.1308],[-0.7067,45.3224],[-0.7197,45.3611],[-0.753,45.4241],[-0.7955,45.4771],[-0.8418,45.5146],[-0.9835,45.587],[-0.9909,45.6101],[-0.9972,45.6143],[-1.0303,45.6229],[-1.0838,45.6604],[-1.1328,45.6717],[-1.1493,45.6789],[-1.1756,45.7003],[-1.1942,45.7102],[-1.2294,45.7048],[-1.2473,45.7099],[-1.2301,45.7796],[-1.2303,45.7924],[-1.1638,45.8067],[-1.1443,45.8061],[-1.0806,45.7534],[-1.0572,45.7402],[-0.9872,45.7174],[-1.0096,45.7352],[-1.0995,45.786],[-1.1254,45.8077],[-1.1307,45.8167],[-1.1366,45.8432],[-1.1517,45.8682],[-1.1406,45.8723],[-1.1125,45.8957],[-1.097,45.9023],[-1.0734,45.9044],[-1.0692,45.916],[-1.0704,45.9263],[-1.0898,45.9508],[-1.0692,45.9643],[-1.0856,45.972],[-1.0966,45.9854],[-1.1107,46.0184],[-1.0898,46.0082],[-1.073,46.0075],[-1.0597,46.0158],[-1.0487,46.0327],[-1.0487,46.0388],[-1.0652,46.0516],[-1.0842,46.0565],[-1.0887,46.0748],[-1.096,46.0884],[-1.097,46.1015],[-1.1136,46.1061],[-1.129,46.1158],[-1.1289,46.1201],[-1.117,46.1282],[-1.1521,46.1439],[-1.1517,46.1562],[-1.2002,46.1591],[-1.2097,46.1662],[-1.2108,46.1745],[-1.2044,46.1843],[-1.1852,46.1972],[-1.1905,46.2163],[-1.1796,46.2295],[-1.1107,46.2592],[-1.1027,46.272],[-1.1107,46.3027],[-1.1325,46.3241],[-1.1772,46.3262],[-1.2143,46.3107],[-1.2132,46.2791],[-1.2401,46.2842],[-1.2774,46.3195],[-1.3035,46.3239],[-1.3342,46.3367],[-1.3568,46.3503],[-1.3702,46.3542],[-1.4233,46.3425],[-1.4487,46.3434],[-1.4596,46.3647],[-1.4655,46.39],[-1.4814,46.4082],[-1.5045,46.4193],[-1.5319,46.4231],[-1.5988,46.425],[-1.6256,46.4311],[-1.6172,46.4435],[-1.6335,46.4543],[-1.6868,46.4609],[-1.7203,46.4813],[-1.7486,46.4866],[-1.7611,46.492],[-1.7892,46.5329],[-1.7889,46.5205],[-1.7817,46.4954],[-1.786,46.491],[-1.7954,46.4945],[-1.8048,46.5036],[-1.8271,46.577],[-1.8227,46.5944],[-1.8387,46.5991],[-1.8574,46.6353],[-1.8998,46.6662],[-1.9099,46.6918],[-1.9232,46.6992],[-1.9565,46.7043],[-1.965,46.7104],[-1.9946,46.752],[-2.0503,46.7921],[-2.0813,46.8074],[-2.1072,46.8135],[-2.1188,46.82],[-2.1261,46.8356],[-2.13,46.8547],[-2.1288,46.8935],[-2.122,46.9037],[-2.0963,46.9165],[-2.1022,46.9307],[-2.0875,46.9412],[-2.0492,46.9575],[-2.037,46.9726],[-2.0202,47.0086],[-2.0083,47.0264],[-1.9907,47.0354],[-1.9926,47.0523],[-2.0038,47.07],[-2.03,47.0921],[-2.0902,47.1152],[-2.2055,47.1291],[-2.2411,47.1425],[-2.2054,47.1612],[-2.1728,47.1644],[-2.1652,47.1679],[-2.1587,47.2045],[-2.1693,47.2202],[-2.1721,47.2353],[-2.167,47.2592],[-2.1606,47.2712],[-2.1517,47.2797],[-2.1277,47.2868],[-2.0356,47.2933],[-2.0146,47.3001],[-1.9991,47.2886],[-1.9479,47.2794],[-1.9325,47.2797],[-1.9394,47.2864],[-1.9171,47.2842],[-1.8984,47.2734],[-1.9189,47.2734],[-1.9189,47.266],[-1.8778,47.2455],[-1.8363,47.2399],[-1.8039,47.219],[-1.781,47.212],[-1.727,47.2108],[-1.7472,47.2199],[-1.7882,47.2256],[-1.8057,47.2353],[-1.8359,47.2598],[-1.8712,47.2797],[-1.9056,47.2939],[-1.9493,47.3001],[-1.9582,47.3024],[-1.9722,47.3122],[-2.0101,47.3197],[-2.1481,47.3132],[-2.1796,47.3001],[-2.196,47.2799],[-2.2063,47.2734],[-2.2361,47.2675],[-2.2594,47.2516],[-2.2784,47.2464],[-2.2981,47.2466],[-2.3161,47.2517],[-2.3553,47.2801],[-2.3714,47.2864],[-2.4049,47.2864],[-2.4128,47.2817],[-2.4192,47.266],[-2.4484,47.2666],[-2.542,47.3001],[-2.542,47.307],[-2.519,47.3046],[-2.4761,47.2907],[-2.4534,47.2933],[-2.4362,47.307],[-2.4454,47.3204],[-2.4806,47.3479],[-2.4943,47.3417],[-2.4889,47.3304],[-2.4943,47.3206],[-2.5017,47.3206],[-2.5033,47.3496],[-2.5148,47.3649],[-2.5564,47.3832],[-2.4768,47.4157],[-2.439,47.41],[-2.441,47.4044],[-2.4464,47.4025],[-2.439,47.3963],[-2.4294,47.4039],[-2.395,47.417],[-2.3918,47.4237],[-2.4318,47.4262],[-2.4482,47.4306],[-2.439,47.4448],[-2.4553,47.4522],[-2.4762,47.4538],[-2.4889,47.4592],[-2.4806,47.4782],[-2.4947,47.4912],[-2.4836,47.498],[-2.4212,47.5002],[-2.3847,47.5071],[-2.3639,47.5062],[-2.3801,47.5092],[-2.4254,47.5062],[-2.5017,47.5267],[-2.5175,47.5284],[-2.5632,47.5198],[-2.6007,47.5198],[-2.6217,47.5134],[-2.632,47.5198],[-2.6169,47.5217],[-2.5994,47.5291],[-2.5845,47.5405],[-2.5768,47.5539],[-2.5923,47.5436],[-2.6383,47.5403],[-2.6239,47.5372],[-2.6178,47.5267],[-2.6431,47.5264],[-2.6655,47.5335],[-2.6671,47.5096],[-2.6807,47.5042],[-2.714,47.5124],[-2.7307,47.5116],[-2.7828,47.4994],[-2.8171,47.4992],[-2.8437,47.5124],[-2.869,47.5422],[-2.8929,47.5477],[-2.8921,47.5539],[-2.9093,47.5584],[-2.8926,47.5666],[-2.8653,47.5666],[-2.8506,47.5465],[-2.8437,47.5465],[-2.8324,47.554],[-2.8164,47.5465],[-2.8096,47.5676],[-2.794,47.5551],[-2.7687,47.5495],[-2.7414,47.5513],[-2.7202,47.5608],[-2.7277,47.5676],[-2.6886,47.6044],[-2.684,47.623],[-2.7065,47.6427],[-2.7065,47.6365],[-2.6969,47.6298],[-2.6956,47.6234],[-2.7016,47.6184],[-2.714,47.616],[-2.6998,47.6092],[-2.7086,47.6023],[-2.7202,47.6018],[-2.7253,47.6074],[-2.7754,47.6291],[-2.7345,47.6223],[-2.7463,47.6339],[-2.7582,47.6391],[-2.7891,47.6427],[-2.7754,47.6365],[-2.7961,47.6299],[-2.8477,47.6262],[-2.858,47.6191],[-2.8668,47.6072],[-2.9194,47.5955],[-2.9194,47.6018],[-2.9127,47.6018],[-2.9127,47.6092],[-2.9399,47.6018],[-2.9448,47.6241],[-2.9416,47.6318],[-2.9331,47.6365],[-2.9475,47.6369],[-2.958,47.6422],[-2.9646,47.6514],[-2.9672,47.6638],[-2.9747,47.6638],[-2.9672,47.6365],[-2.9672,47.6126],[-2.9636,47.6026],[-2.9547,47.5915],[-2.9331,47.5744],[-2.9399,47.5608],[-2.953,47.5744],[-2.9613,47.5705],[-2.9945,47.5955],[-2.9886,47.5823],[-2.9942,47.5761],[-3.0034,47.5787],[-3.0118,47.6072],[-3.0182,47.6057],[-3.0217,47.5945],[-3.0157,47.5812],[-3.0358,47.5833],[-3.0424,47.5881],[-3.0738,47.5765],[-3.0898,47.5755],[-3.1037,47.5812],[-3.0907,47.5881],[-3.112,47.5992],[-3.1233,47.5988],[-3.1317,47.5881],[-3.118,47.5812],[-3.1289,47.5476],[-3.1233,47.519],[-3.1068,47.4958],[-3.0845,47.4782],[-3.1191,47.4826],[-3.1255,47.4782],[-3.1317,47.4782],[-3.1454,47.5161],[-3.1432,47.527],[-3.1339,47.5439],[-3.1317,47.5574],[-3.1342,47.5808],[-3.1412,47.598],[-3.1665,47.6223],[-3.1967,47.6335],[-3.2006,47.6396],[-3.1984,47.6526],[-3.1864,47.6806],[-3.1112,47.7042],[-3.1172,47.715],[-3.118,47.7321],[-3.1391,47.7247],[-3.1391,47.7526],[-3.1454,47.7526],[-3.1532,47.742],[-3.1774,47.7485],[-3.1932,47.7464],[-3.1792,47.7427],[-3.1697,47.7354],[-3.1591,47.711],[-3.165,47.7095],[-3.1665,47.7042],[-3.1784,47.71],[-3.1932,47.6999],[-3.2074,47.6973],[-3.1932,47.6837],[-3.2071,47.6791],[-3.2151,47.6606],[-3.2242,47.6564],[-3.2621,47.6837],[-3.3315,47.6967],[-3.3583,47.6973],[-3.3402,47.7023],[-3.3224,47.701],[-3.2826,47.6911],[-3.2826,47.6973],[-3.2985,47.7038],[-3.3163,47.7081],[-3.3583,47.711],[-3.3583,47.7185],[-3.3451,47.7213],[-3.344,47.7355],[-3.3406,47.7395],[-3.3173,47.739],[-3.2954,47.773],[-3.2826,47.7799],[-3.2826,47.7873],[-3.3318,47.7525],[-3.3622,47.7404],[-3.3832,47.737],[-3.3693,47.7298],[-3.3645,47.7247],[-3.3645,47.7185],[-3.4464,47.7046],[-3.4607,47.7076],[-3.4949,47.739],[-3.5283,47.7799],[-3.5393,47.7737],[-3.591,47.7799],[-3.6252,47.7799],[-3.649,47.7936],[-3.6869,47.7923],[-3.7062,47.7969],[-3.7146,47.8106],[-3.7232,47.8134],[-3.7754,47.7936],[-3.7899,47.8032],[-3.8517,47.801],[-3.8722,47.8283],[-3.8865,47.8375],[-3.89,47.8435],[-3.8859,47.855],[-3.8945,47.8553],[-3.9132,47.8625],[-3.9163,47.8734],[-3.9351,47.8879],[-3.9618,47.9],[-3.9883,47.9035],[-3.9792,47.883],[-3.9865,47.8679],[-4.0089,47.8513],[-4.0292,47.855],[-4.0112,47.8559],[-4.0054,47.8605],[-4.0019,47.8693],[-4.0316,47.8637],[-4.0367,47.855],[-4.0649,47.8708],[-4.1066,47.8801],[-4.1193,47.8919],[-4.1291,47.9076],[-4.1322,47.9239],[-4.1427,47.912],[-4.1368,47.8969],[-4.1112,47.8755],[-4.1112,47.8693],[-4.1336,47.8662],[-4.1527,47.855],[-4.1716,47.877],[-4.1856,47.8744],[-4.1885,47.8621],[-4.1739,47.855],[-4.18,47.8482],[-4.18,47.842],[-4.1527,47.842],[-4.1527,47.8345],[-4.1852,47.8134],[-4.2252,47.8024],[-4.3718,47.8072],[-4.3718,47.8345],[-4.3476,47.8383],[-4.3439,47.8451],[-4.3473,47.8629],[-4.3622,47.8886],[-4.372,47.9158],[-4.387,47.9341],[-4.4346,47.9757],[-4.5333,48.0263],[-4.572,48.0059],[-4.602,48.0256],[-4.653,48.0263],[-4.7281,48.0406],[-4.7165,48.0502],[-4.7008,48.0748],[-4.6837,48.0673],[-4.3619,48.1157],[-4.3048,48.1041],[-4.2899,48.1082],[-4.2854,48.1154],[-4.2757,48.1436],[-4.2802,48.1549],[-4.2943,48.1671],[-4.3024,48.1964],[-4.3158,48.2055],[-4.3661,48.2152],[-4.3724,48.22],[-4.3793,48.2324],[-4.4044,48.2261],[-4.4576,48.249],[-4.4855,48.2426],[-4.514,48.2021],[-4.5316,48.1831],[-4.5575,48.1772],[-4.5438,48.2051],[-4.555,48.2165],[-4.5636,48.2324],[-4.5587,48.2442],[-4.5472,48.2526],[-4.5541,48.2628],[-4.6263,48.2665],[-4.6237,48.277],[-4.6263,48.2871],[-4.6154,48.2911],[-4.5879,48.2871],[-4.5752,48.29],[-4.5729,48.2968],[-4.5773,48.3075],[-4.5595,48.3387],[-4.5467,48.3468],[-4.5301,48.3416],[-4.5432,48.3047],[-4.5155,48.2958],[-4.4265,48.3],[-4.402,48.2886],[-4.389,48.2871],[-4.3297,48.297],[-4.2626,48.3],[-4.2752,48.294],[-4.2899,48.2939],[-4.2694,48.2884],[-4.1875,48.3],[-4.1875,48.3075],[-4.2188,48.3061],[-4.2305,48.3099],[-4.2347,48.3217],[-4.244,48.3139],[-4.2577,48.3113],[-4.2702,48.3147],[-4.2757,48.3249],[-4.3247,48.3217],[-4.3163,48.3308],[-4.3036,48.3354],[-4.2985,48.3438],[-4.2694,48.3627],[-4.2863,48.3625],[-4.309,48.3515],[-4.3247,48.3485],[-4.3247,48.3553],[-4.3173,48.3553],[-4.3173,48.3627],[-4.3247,48.3627],[-4.3377,48.3485],[-4.3526,48.3527],[-4.3842,48.3381],[-4.4066,48.3354],[-4.3992,48.3416],[-4.4066,48.3485],[-4.4265,48.3389],[-4.4537,48.3354],[-4.4537,48.3416],[-4.3966,48.3878],[-4.2899,48.4316],[-4.359,48.4111],[-4.4265,48.4037],[-4.4575,48.3948],[-4.5206,48.3683],[-4.5696,48.3603],[-4.5994,48.3502],[-4.6189,48.3485],[-4.6905,48.3627],[-4.6941,48.3594],[-4.6957,48.345],[-4.7045,48.3416],[-4.755,48.342],[-4.7684,48.3454],[-4.7772,48.3556],[-4.7834,48.3764],[-4.7648,48.3776],[-4.7663,48.3904],[-4.7834,48.4174],[-4.7849,48.4362],[-4.7799,48.4549],[-4.7681,48.4687],[-4.7493,48.4726],[-4.7493,48.4788],[-4.7746,48.4913],[-4.7646,48.5202],[-4.722,48.5682],[-4.7008,48.5607],[-4.7082,48.5682],[-4.6923,48.5755],[-4.6425,48.5819],[-4.623,48.5782],[-4.5898,48.5657],[-4.5773,48.5682],[-4.6005,48.5893],[-4.6077,48.603],[-4.5946,48.6091],[-4.5488,48.6012],[-4.5301,48.6017],[-4.5575,48.6091],[-4.5526,48.6165],[-4.5636,48.6234],[-4.5636,48.6296],[-4.4855,48.6296],[-4.4629,48.6323],[-4.4298,48.6428],[-4.4066,48.6433],[-4.4265,48.6501],[-4.4265,48.6575],[-4.3981,48.661],[-4.3433,48.6789],[-4.3173,48.678],[-4.2991,48.6636],[-4.3065,48.6415],[-4.2831,48.6433],[-4.2421,48.6575],[-4.2071,48.65],[-4.1938,48.6501],[-4.1938,48.6575],[-4.213,48.6612],[-4.2078,48.6714],[-4.1739,48.6911],[-4.1315,48.6992],[-4.1087,48.6981],[-4.0907,48.6911],[-4.0848,48.6972],[-4.0793,48.6969],[-4.0702,48.6849],[-4.064,48.6849],[-4.0533,48.6955],[-4.0526,48.7031],[-4.0565,48.7121],[-3.974,48.7328],[-3.9678,48.7296],[-3.9739,48.7128],[-3.9727,48.7077],[-3.961,48.7047],[-3.961,48.6986],[-3.9678,48.6986],[-3.9678,48.6911],[-3.9578,48.6868],[-3.951,48.6794],[-3.9495,48.6693],[-3.9547,48.6575],[-3.9266,48.6762],[-3.9119,48.6812],[-3.892,48.678],[-3.9063,48.6706],[-3.9063,48.6644],[-3.8942,48.6536],[-3.8647,48.641],[-3.8517,48.6296],[-3.8443,48.6365],[-3.8517,48.6433],[-3.8443,48.6501],[-3.8524,48.6645],[-3.8579,48.6849],[-3.8517,48.6849],[-3.8375,48.6706],[-3.8401,48.6881],[-3.8371,48.7073],[-3.8293,48.7185],[-3.817,48.7121],[-3.8105,48.7215],[-3.8101,48.7332],[-3.7971,48.7212],[-3.7784,48.7174],[-3.7319,48.719],[-3.6866,48.6986],[-3.6382,48.7047],[-3.6385,48.6878],[-3.614,48.6827],[-3.5848,48.6828],[-3.5705,48.688],[-3.5845,48.7264],[-3.5805,48.7332],[-3.5283,48.7395],[-3.5428,48.7457],[-3.5774,48.7742],[-3.5815,48.7906],[-3.5714,48.7991],[-3.5426,48.8078],[-3.5153,48.8419],[-3.4998,48.837],[-3.4681,48.8357],[-3.4336,48.8222],[-3.4197,48.8214],[-3.4333,48.8078],[-3.3976,48.8073],[-3.3718,48.8225],[-3.2875,48.8435],[-3.2758,48.8494],[-3.2595,48.8477],[-3.2297,48.8723],[-3.2136,48.8698],[-3.2071,48.8554],[-3.2078,48.8359],[-3.215,48.8179],[-3.2279,48.8078],[-3.2205,48.7941],[-3.2169,48.8068],[-3.2087,48.8164],[-3.1788,48.841],[-3.1454,48.8624],[-3.135,48.8592],[-3.1164,48.8741],[-3.1037,48.8767],[-3.0915,48.8713],[-3.0843,48.8622],[-3.0837,48.8517],[-3.0907,48.8419],[-3.0907,48.8357],[-3.0771,48.8283],[-3.0846,48.8201],[-3.0975,48.7941],[-3.1255,48.7674],[-3.1255,48.76],[-3.118,48.76],[-3.085,48.805],[-3.0655,48.824],[-3.0492,48.8214],[-3.0287,48.8288],[-3.0082,48.8214],[-3.0157,48.8146],[-3.0094,48.8137],[-3.0082,48.8078],[-3.0424,48.7941],[-3.0424,48.7879],[-3.0293,48.7805],[-3.0037,48.7739],[-2.953,48.7723],[-2.9331,48.7674],[-2.9331,48.7463],[-2.9467,48.7395],[-2.9467,48.7332],[-2.914,48.7165],[-2.8987,48.7048],[-2.8921,48.6948],[-2.827,48.6575],[-2.8114,48.6146],[-2.8164,48.6049],[-2.813,48.5986],[-2.7711,48.5792],[-2.714,48.5607],[-2.721,48.5446],[-2.7345,48.534],[-2.7131,48.5301],[-2.6824,48.509],[-2.6802,48.5328],[-2.6761,48.5402],[-2.6363,48.5388],[-2.62,48.5436],[-2.6007,48.5576],[-2.5694,48.5887],[-2.4736,48.626],[-2.4595,48.6365],[-2.4595,48.6433],[-2.4875,48.6501],[-2.4429,48.6591],[-2.4211,48.657],[-2.4123,48.6433],[-2.3862,48.6501],[-2.3561,48.6633],[-2.33,48.6804],[-2.3161,48.6986],[-2.3125,48.687],[-2.3053,48.6796],[-2.2952,48.6766],[-2.282,48.678],[-2.282,48.6706],[-2.2894,48.6666],[-2.3024,48.6501],[-2.3303,48.6296],[-2.3127,48.6202],[-2.2736,48.6426],[-2.251,48.6501],[-2.2462,48.6447],[-2.2373,48.6159],[-2.2259,48.6124],[-2.2192,48.6037],[-2.2137,48.5819],[-2.2028,48.5859],[-2.1955,48.5935],[-2.1921,48.6037],[-2.1926,48.6159],[-2.183,48.5888],[-2.1741,48.583],[-2.1591,48.5887],[-2.1591,48.5954],[-2.1721,48.6017],[-2.161,48.613],[-2.1493,48.6189],[-2.137,48.618],[-2.1243,48.6091],[-2.1366,48.6221],[-2.1448,48.6365],[-2.1002,48.6469],[-2.0524,48.6501],[-2.0287,48.6197],[-2.022,48.5989],[-2.0133,48.5916],[-2.0009,48.5887],[-2.0083,48.575],[-1.9825,48.549],[-1.9764,48.5356],[-1.9803,48.5136],[-1.9394,48.534],[-1.9673,48.5471],[-1.9619,48.5549],[-1.9766,48.5727],[-1.9803,48.5887],[-1.9735,48.5887],[-1.953,48.575],[-1.9604,48.5866],[-1.9694,48.5928],[-1.9911,48.5954],[-2.0005,48.6013],[-2.0287,48.6433],[-2.0181,48.6603],[-1.9877,48.6738],[-1.9859,48.6879],[-1.977,48.6911],[-1.9394,48.6911],[-1.9456,48.6986],[-1.8437,48.7121],[-1.8469,48.7034],[-1.8363,48.6911],[-1.8612,48.6642],[-1.861,48.6409],[-1.8382,48.6238],[-1.796,48.6159],[-1.7228,48.6153],[-1.644,48.6234],[-1.5957,48.6409],[-1.5797,48.6433],[-1.5006,48.6365],[-1.3931,48.6524],[-1.3566,48.6433],[-1.3723,48.6606],[-1.3946,48.6683],[-1.4329,48.6706],[-1.4377,48.6645],[-1.4433,48.6628],[-1.4505,48.6795],[-1.4558,48.6834],[-1.4902,48.6901],[-1.5027,48.6955],[-1.508,48.7016],[-1.5165,48.7252],[-1.5536,48.7471],[-1.5621,48.7708],[-1.5626,48.7985],[-1.5668,48.8222],[-1.5788,48.8378],[-1.6029,48.8419],[-1.6029,48.8494],[-1.5891,48.8536],[-1.5785,48.8626],[-1.5718,48.8742],[-1.5637,48.9221],[-1.557,48.9323],[-1.5484,48.9238],[-1.5428,48.9352],[-1.542,48.9441],[-1.547,48.9497],[-1.559,48.9518],[-1.5631,48.9576],[-1.5522,49.0154],[-1.5458,49.0303],[-1.5323,49.0351],[-1.508,49.0275],[-1.508,49.0337],[-1.5273,49.0398],[-1.5497,49.0398],[-1.5684,49.0327],[-1.5795,49.0132],[-1.5936,49.029],[-1.5968,49.0374],[-1.5959,49.0613],[-1.5893,49.0821],[-1.6034,49.084],[-1.6088,49.0915],[-1.6077,49.1027],[-1.5959,49.1285],[-1.5695,49.1435],[-1.5818,49.1498],[-1.5893,49.1435],[-1.6045,49.1782],[-1.6104,49.2159],[-1.6027,49.2254],[-1.5845,49.2263],[-1.5484,49.2193],[-1.5484,49.2255],[-1.5953,49.2379],[-1.6169,49.2382],[-1.6247,49.2193],[-1.6405,49.2315],[-1.6571,49.2684],[-1.6719,49.2801],[-1.6582,49.2875],[-1.6869,49.3024],[-1.6991,49.3135],[-1.7067,49.3292],[-1.6862,49.3292],[-1.6862,49.3354],[-1.6991,49.3559],[-1.7067,49.3559],[-1.7148,49.3385],[-1.7333,49.3463],[-1.7557,49.3625],[-1.7755,49.3701],[-1.768,49.3837],[-1.8068,49.3769],[-1.8165,49.3837],[-1.8196,49.3968],[-1.8158,49.4309],[-1.8194,49.4521],[-1.8382,49.4758],[-1.8437,49.4936],[-1.8847,49.5309],[-1.8784,49.5449],[-1.8502,49.5617],[-1.8437,49.5718],[-1.8395,49.6198],[-1.8606,49.6548],[-1.8695,49.6617],[-1.9016,49.6658],[-1.9456,49.678],[-1.9377,49.7016],[-1.9396,49.7165],[-1.9352,49.7241],[-1.9084,49.7264],[-1.8673,49.7127],[-1.8394,49.7154],[-1.8246,49.7084],[-1.8165,49.6916],[-1.796,49.6916],[-1.774,49.6867],[-1.7078,49.6802],[-1.633,49.6635],[-1.6172,49.6643],[-1.6139,49.6522],[-1.6067,49.6501],[-1.5973,49.6523],[-1.5837,49.6621],[-1.5729,49.6643],[-1.5404,49.6578],[-1.5284,49.6575],[-1.5115,49.6625],[-1.4959,49.6722],[-1.4701,49.6951],[-1.4557,49.7022],[-1.4095,49.7116],[-1.3913,49.7127],[-1.2631,49.6955],[-1.2541,49.6718],[-1.2322,49.6414],[-1.2278,49.6241],[-1.2533,49.6123],[-1.264,49.5893],[-1.2862,49.5889],[-1.3014,49.5818],[-1.3063,49.5581],[-1.2936,49.5384],[-1.2765,49.5207],[-1.2616,49.4932],[-1.1853,49.4304],[-1.1757,49.4152],[-1.1722,49.3934],[-1.1742,49.3824],[-1.1852,49.3664],[-1.182,49.3562],[-1.1517,49.3627],[-1.1229,49.3454],[-1.1034,49.349],[-1.1034,49.3559],[-1.1138,49.3658],[-1.1064,49.3795],[-1.0896,49.3915],[-1.0723,49.3968],[-0.9404,49.3923],[-0.8221,49.3627],[-0.6508,49.3559],[-0.608,49.3474],[-0.5834,49.3459],[-0.5469,49.359],[-0.5225,49.3553],[-0.4795,49.3428],[-0.4111,49.3428],[-0.3634,49.325],[-0.3131,49.3173],[-0.2195,49.2801],[-0.1941,49.2952],[-0.0338,49.3201],[0.0129,49.3346],[0.0403,49.3504],[0.0631,49.3545],[0.072,49.3593],[0.096,49.3837],[0.1624,49.4152],[0.4113,49.4521],[0.4573,49.4674],[0.4766,49.4787],[0.4932,49.4936],[0.4221,49.4644],[0.3396,49.4567],[0.2568,49.4641],[0.1853,49.48],[0.1473,49.4809],[0.1044,49.4936],[0.0928,49.5093],[0.0786,49.5155],[0.0754,49.5241],[0.0766,49.535],[0.0797,49.5422],[0.1309,49.6035],[0.1709,49.6916],[0.1859,49.7032],[0.2359,49.7293],[0.2468,49.7294],[0.2568,49.7359],[0.3875,49.7751],[0.3976,49.7844],[0.5228,49.833],[0.5574,49.8398],[0.5967,49.8572],[0.6748,49.8758],[0.7609,49.8751],[1.1726,49.961],[1.197,49.9736],[1.2212,49.979],[1.261,50.0075],[1.3913,50.0752],[1.4558,50.1236],[1.4645,50.1321],[1.4868,50.185],[1.521,50.2147],[1.5553,50.2177],[1.6543,50.1866],[1.6641,50.1871],[1.6725,50.1925],[1.6725,50.1994],[1.6553,50.2005],[1.6445,50.2124],[1.665,50.2124],[1.665,50.2198],[1.6255,50.2243],[1.61,50.2322],[1.5939,50.2563],[1.5511,50.2697],[1.5415,50.2779],[1.5431,50.31],[1.5515,50.3491],[1.572,50.3757],[1.6104,50.3707],[1.6104,50.3769],[1.5552,50.4048],[1.5552,50.4116],[1.5735,50.4454],[1.5742,50.4924],[1.5793,50.5331],[1.6104,50.5482],[1.5833,50.5747],[1.5779,50.5886],[1.5736,50.6356],[1.5632,50.6783],[1.5627,50.699],[1.5676,50.7167],[1.5887,50.7563],[1.6001,50.771],[1.6056,50.79],[1.5993,50.8129],[1.5832,50.8498],[1.5806,50.8688],[1.6048,50.881],[1.6533,50.8891],[1.6991,50.9256],[1.7298,50.9439],[1.9214,50.9968],[1.9393,50.9945],[1.9735,51.0071],[2.134,51.02],[2.3161,51.059],[2.3845,51.0553],[2.4661,51.0688],[2.5067,51.0808],[2.542,51.0969],[2.5799,51.1048],[2.7157,51.1695],[2.9236,51.2465],[3.1248,51.3297],[3.5109,51.4079],[3.5257,51.4156],[3.5414,51.4167],[3.6047,51.3911],[3.7022,51.3736],[3.7342,51.3558],[3.7555,51.3501],[3.7959,51.3501],[3.834,51.3432],[3.8582,51.3454],[3.9558,51.3718],[3.9692,51.3817],[3.9746,51.4016],[3.9841,51.4105],[4.0057,51.4098],[4.0291,51.4042],[4.0435,51.3985],[4.0613,51.3767],[4.0702,51.3706],[4.1055,51.3661],[4.1219,51.3594],[4.1565,51.3576],[4.18,51.3774],[4.1996,51.376],[4.2222,51.3677],[4.2411,51.3566],[4.249,51.3467],[4.2561,51.3284],[4.303,51.2961],[4.3081,51.2836],[4.2967,51.2676],[4.3164,51.2768],[4.3308,51.2961],[4.2893,51.3091],[4.2854,51.318],[4.2861,51.3397],[4.2831,51.3501],[4.2571,51.3725],[4.249,51.3842],[4.2449,51.4145],[4.2347,51.419],[4.223,51.4095],[4.201,51.4053],[4.1111,51.407],[4.0702,51.419],[4.0151,51.4489],[3.9988,51.4531],[3.957,51.4558],[3.9431,51.4504],[3.9021,51.4049],[3.8867,51.3998],[3.8508,51.3974],[3.8272,51.3911],[3.8164,51.3941],[3.7891,51.4122],[3.7288,51.4308],[3.6897,51.4543],[3.674,51.4554],[3.6326,51.4457],[3.61,51.4451],[3.5534,51.4531],[3.5354,51.4592],[3.4948,51.5009],[3.4619,51.519],[3.451,51.5297],[3.447,51.546],[3.4575,51.5551],[3.5604,51.5946],[3.8289,51.6127],[3.8511,51.6108],[3.8822,51.5961],[3.8965,51.5838],[3.9058,51.5692],[3.8716,51.5556],[3.8716,51.5494],[3.9673,51.5431],[4.0159,51.5308],[4.0571,51.5084],[4.0703,51.4927],[4.09,51.4582],[4.1048,51.4457],[4.1288,51.4414],[4.1808,51.4459],[4.2005,51.4395],[4.2202,51.4435],[4.2528,51.4425],[4.2832,51.4477],[4.2967,51.4705],[4.2886,51.4921],[4.2678,51.5083],[4.2398,51.5185],[4.1947,51.5236],[4.1533,51.5351],[4.0913,51.5351],[4.0672,51.544],[3.9881,51.5903],[4.0412,51.606],[4.0677,51.6107],[4.1572,51.6079],[4.1834,51.6029],[4.2073,51.5903],[4.2026,51.6091],[4.19,51.6167],[4.136,51.6204],[4.118,51.6307],[4.113,51.6394],[4.1096,51.6623],[4.1126,51.6708],[4.1257,51.6796],[4.1429,51.6841],[4.1769,51.6859],[4.1411,51.7039],[4.0715,51.7172],[4.0571,51.7303],[4.0508,51.7635],[4.0339,51.7842],[3.9815,51.81],[3.9626,51.8012],[3.9372,51.7963],[3.9114,51.7964],[3.8919,51.793],[3.8882,51.7889],[3.8716,51.7883],[3.8623,51.8161],[3.8914,51.8283],[3.9541,51.8402],[3.9627,51.8474],[3.9822,51.8483],[4.0156,51.8436],[4.0476,51.8337],[4.0654,51.8371],[4.0776,51.8436],[4.0446,51.8745],[4.0321,51.882],[4.0298,51.8883],[4.032,51.8961],[4.0435,51.9087],[4.0402,51.9241],[4.01,51.9801],[4.0156,51.9877],[4.0225,51.9944],[4.069,51.9879],[4.1077,51.9919],[4.1419,52.0056],[4.2847,52.1129],[4.4069,52.2235],[4.5081,52.3364],[4.5686,52.4453],[4.5773,52.4809],[4.5969,52.5066],[4.6393,52.7007],[4.6571,52.7502],[4.6694,52.7966],[4.7117,52.8631],[4.7214,52.8959],[4.7264,52.9383],[4.7339,52.9589],[4.7455,52.9676],[4.807,52.9618],[4.8169,52.9676],[4.8244,52.9602],[4.8094,52.9296],[4.8328,52.9113],[4.8738,52.904],[4.9131,52.9056],[4.9358,52.9134],[4.9783,52.9357],[5.0389,52.9435],[5.0781,52.954],[5.3128,53.0828],[5.3589,53.0893],[5.3792,53.0974],[5.3998,53.1221],[5.4271,53.1903],[5.4474,53.2209],[5.5042,53.257],[5.541,53.2666],[5.5916,53.3028],[5.6597,53.312],[5.6946,53.3301],[5.8547,53.3688],[5.8908,53.3843],[5.9137,53.3854],[5.9808,53.4061],[6.2739,53.4127],[6.3115,53.399],[6.3456,53.4127],[6.4944,53.4387],[6.7302,53.4606],[6.8291,53.4506],[6.8498,53.4449],[6.8669,53.4343],[6.9006,53.3518],[6.93,53.3401],[6.9486,53.3261],[6.9802,53.3198],[7.02,53.3061],[7.0378,53.3096],[7.0462,53.3039],[7.0583,53.3019],[7.0855,53.3096],[7.0855,53.3028],[7.0735,53.2956],[7.0807,53.2668],[7.1111,53.2563],[7.1946,53.245],[7.2158,53.2556],[7.2336,53.2736],[7.237,53.2855],[7.2295,53.2966],[7.2547,53.3195],[7.2683,53.3237],[7.2915,53.3239],[7.3132,53.3205],[7.3665,53.3028],[7.3425,53.324],[7.3029,53.3327],[7.0752,53.3376],[7.0383,53.3486],[7.0236,53.3764],[7.0233,53.4505],[7.0277,53.4674],[7.047,53.4977],[7.0514,53.5126],[7.0597,53.5217],[7.1196,53.5163],[7.125,53.5244],[7.1345,53.5274],[7.1418,53.5372],[7.14,53.5498],[7.1311,53.557],[7.1019,53.5657],[7.0889,53.5737],[7.0868,53.5869],[7.1009,53.5979],[7.1331,53.6113],[7.1694,53.6355],[7.189,53.6435],[7.2261,53.6665],[7.305,53.6848],[7.4588,53.6951],[7.4802,53.682],[7.5039,53.6787],[7.6514,53.697],[7.9514,53.7219],[8.0314,53.7081],[8.0249,53.6726],[8.0529,53.6363],[8.0941,53.6047],[8.1276,53.5908],[8.1276,53.5846],[8.1192,53.5719],[8.1567,53.5637],[8.168,53.5532],[8.1649,53.5352],[8.1554,53.526],[8.1157,53.5107],[8.0763,53.5086],[8.0588,53.502],[8.0862,53.4561],[8.0998,53.4474],[8.1239,53.454],[8.1406,53.4536],[8.1524,53.4498],[8.1867,53.4295],[8.2053,53.4107],[8.2197,53.4064],[8.2365,53.4067],[8.2595,53.4123],[8.2717,53.4195],[8.2928,53.4405],[8.3151,53.4749],[8.3205,53.5092],[8.2915,53.5294],[8.2522,53.5231],[8.2312,53.5252],[8.2489,53.5903],[8.2573,53.6044],[8.2707,53.6129],[8.2876,53.6169],[8.3294,53.6181],[8.3485,53.6129],[8.3877,53.5771],[8.4281,53.5648],[8.5134,53.5548],[8.5521,53.5436],[8.5521,53.5362],[8.5282,53.5239],[8.5062,53.508],[8.49,53.4864],[8.4839,53.4573],[8.485,53.4012],[8.4909,53.3765],[8.5044,53.3581],[8.5073,53.3828],[8.4968,53.4453],[8.4976,53.4748],[8.5129,53.4965],[8.5567,53.5182],[8.5658,53.5467],[8.5083,53.6251],[8.5012,53.6442],[8.4871,53.6669],[8.4839,53.6836],[8.4861,53.7004],[8.4922,53.7152],[8.5296,53.7707],[8.5562,53.831],[8.5733,53.8577],[8.5876,53.8704],[8.6071,53.8815],[8.6292,53.8894],[8.6519,53.8925],[8.6846,53.8885],[8.7092,53.872],[8.7446,53.8542],[8.7825,53.8425],[8.8607,53.831],[8.9036,53.8317],[8.9762,53.8424],[9.0163,53.8405],[9.035,53.8536],[9.1145,53.8651],[9.1936,53.8647],[9.2107,53.872],[9.2243,53.8659],[9.2747,53.8651],[9.3053,53.8445],[9.4027,53.7424],[9.4429,53.7143],[9.471,53.7006],[9.4847,53.6901],[9.4984,53.6599],[9.5671,53.5996],[9.5824,53.5913],[9.6009,53.5863],[9.6372,53.581],[9.6966,53.5566],[9.819,53.5404],[9.832,53.5436],[9.8196,53.5566],[9.7821,53.5697],[9.6924,53.5759],[9.6558,53.5846],[9.5837,53.6125],[9.5508,53.6346],[9.5391,53.6665],[9.5322,53.7112],[9.4602,53.7354],[9.4358,53.7487],[9.4124,53.7788],[9.3967,53.811],[9.3952,53.831],[9.3587,53.8395],[9.2956,53.8719],[9.2578,53.8856],[9.2205,53.8908],[9.0934,53.8925],[9.03,53.9071],[9.0183,53.9027],[9.0078,53.8925],[8.9846,53.897],[8.9495,53.9129],[8.916,53.9374],[8.8333,54.0364],[8.8718,54.0469],[8.8906,54.0478],[8.9146,54.0439],[8.9539,54.0283],[8.9754,54.0241],[8.9972,54.0302],[9.013,54.061],[9.0186,54.0824],[9.0183,54.0979],[8.9745,54.1281],[8.9773,54.1457],[8.9529,54.1501],[8.918,54.1463],[8.8854,54.137],[8.8674,54.1252],[8.8607,54.1252],[8.8333,54.1531],[8.8128,54.1805],[8.821,54.2005],[8.8467,54.2335],[8.8396,54.2487],[8.8396,54.2556],[8.8519,54.2611],[8.9115,54.2692],[8.922,54.2742],[8.9531,54.3026],[8.9631,54.3176],[8.9403,54.315],[8.9026,54.2958],[8.8811,54.2903],[8.888,54.3039],[8.7747,54.2903],[8.7389,54.2939],[8.7235,54.2903],[8.6902,54.2715],[8.6785,54.2692],[8.6519,54.2748],[8.6234,54.2901],[8.6027,54.3121],[8.5999,54.3381],[8.614,54.3484],[8.6414,54.3557],[8.6956,54.3586],[8.6956,54.3654],[8.6776,54.3679],[8.6638,54.3756],[8.6506,54.378],[8.6348,54.3654],[8.6262,54.3764],[8.6292,54.3877],[8.6484,54.4064],[8.6698,54.4008],[8.7508,54.4138],[8.8607,54.4138],[8.8861,54.4178],[8.9495,54.4473],[9.0047,54.4659],[9.0115,54.4821],[9.0116,54.5063],[8.9861,54.5293],[8.9045,54.5806],[8.8928,54.5913],[8.888,54.6019],[8.8788,54.6065],[8.8582,54.6061],[8.8259,54.5981],[8.819,54.6056],[8.8533,54.6193],[8.8184,54.6737],[8.8054,54.6876],[8.7767,54.698],[8.7227,54.7255],[8.6887,54.7353],[8.6943,54.7602],[8.6813,54.7806],[8.6484,54.8179],[8.6428,54.8442],[8.6472,54.8674],[8.6688,54.9135],[8.6614,54.9203],[8.6748,54.9479],[8.6664,54.9733],[8.6504,54.998],[8.641,55.0234],[8.6448,55.0557],[8.6819,55.1332],[8.5636,55.1434],[8.5599,55.1351],[8.5574,55.0964],[8.5511,55.0914],[8.5414,55.0903],[8.5148,55.0708],[8.4994,55.0656],[8.4839,55.0676],[8.4702,55.0786],[8.4588,55.1035],[8.4602,55.1274],[8.4702,55.1776],[8.4889,55.1972],[8.5305,55.2008],[8.5726,55.1937],[8.5938,55.181],[8.5695,55.1738],[8.5521,55.1605],[8.5552,55.1494],[8.6693,55.1369],[8.6895,55.1416],[8.6872,55.1606],[8.6688,55.1946],[8.6559,55.2375],[8.6484,55.2803],[8.6504,55.2917],[8.6594,55.3058],[8.6597,55.3272],[8.6484,55.3523],[8.6394,55.3974],[8.6321,55.4188],[8.6177,55.4379],[8.5925,55.4493],[8.5567,55.4543],[8.49,55.4553],[8.4419,55.4639],[8.4011,55.4857],[8.3104,55.5627],[8.3112,55.5698],[8.3324,55.572],[8.3324,55.5783],[8.3132,55.5827],[8.2902,55.5838],[8.2678,55.5805],[8.2505,55.572],[8.239,55.5579],[8.242,55.5485],[8.2717,55.5305],[8.2564,55.5268],[8.2437,55.5168],[8.2668,55.5144],[8.294,55.5043],[8.3167,55.4894],[8.3262,55.4721],[8.3133,55.4693],[8.1936,55.5259],[8.1692,55.5341],[8.1106,55.5402],[8.0952,55.5491],[8.094,55.5639],[8.1502,55.6492],[8.1691,55.6879],[8.1817,55.7291],[8.1834,55.7696],[8.1356,55.966],[8.1278,55.9782],[8.1278,55.9876],[8.1367,55.9886],[8.1506,55.977],[8.1755,55.9003],[8.1934,55.8738],[8.196,55.8628],[8.1936,55.8532],[8.1838,55.8395],[8.1817,55.8284],[8.1851,55.8146],[8.1936,55.8118],[8.2385,55.8261],[8.2863,55.8475],[8.3088,55.852],[8.3478,55.8693],[8.3877,55.8929],[8.3933,55.9092],[8.3869,55.9265],[8.3729,55.9434],[8.3195,55.986],[8.3195,56.017],[8.3081,56.0529],[8.2824,56.0759],[8.2477,56.0898],[8.1706,56.1096],[8.1497,56.1112],[8.1406,56.1027],[8.1416,56.06],[8.1338,56.017],[8.1375,56.0004],[8.1348,55.994],[8.1201,55.9966],[8.116,56.0019],[8.1079,56.0243],[8.1034,56.0969],[8.1065,56.1195],[8.1306,56.182],[8.1338,56.2055],[8.1224,56.5517],[8.1338,56.5856],[8.1787,56.6721],[8.199,56.6989],[8.2139,56.7118],[8.22,56.7092],[8.224,56.7004],[8.2332,56.6955],[8.2324,56.6884],[8.2022,56.647],[8.2022,56.6402],[8.2151,56.635],[8.2332,56.634],[8.2458,56.6104],[8.2539,56.6061],[8.2949,56.602],[8.3059,56.5978],[8.2915,56.593],[8.2952,56.5838],[8.2925,56.5677],[8.2984,56.5583],[8.3074,56.5543],[8.3152,56.5569],[8.318,56.5636],[8.312,56.572],[8.312,56.5788],[8.3435,56.5845],[8.3921,56.5853],[8.4365,56.5802],[8.4559,56.5685],[8.5147,56.5447],[8.5285,56.5482],[8.5414,56.5568],[8.5596,56.5788],[8.5658,56.5788],[8.596,56.5318],[8.5969,56.5242],[8.593,56.5199],[8.5946,56.5105],[8.6011,56.5011],[8.6174,56.4938],[8.637,56.4797],[8.6484,56.4757],[8.6655,56.4759],[8.7266,56.4832],[8.7385,56.4901],[8.742,56.4977],[8.745,56.5316],[8.7508,56.5521],[8.7625,56.5634],[8.7576,56.572],[8.7266,56.5856],[8.709,56.5886],[8.6985,56.6112],[8.6815,56.6163],[8.6819,56.6265],[8.6952,56.6332],[8.7409,56.635],[8.8054,56.6955],[8.8616,56.7075],[8.9168,56.7088],[8.9187,56.711],[8.8948,56.716],[8.8511,56.7168],[8.8408,56.7224],[8.8501,56.7402],[8.8766,56.7643],[8.9085,56.7774],[8.9557,56.803],[8.9743,56.8054],[9.0149,56.7978],[9.0266,56.7996],[9.0456,56.8122],[9.0632,56.8126],[9.0861,56.8084],[9.106,56.8001],[9.1145,56.788],[9.1205,56.7646],[9.1629,56.7296],[9.176,56.7086],[9.1482,56.7047],[9.1188,56.6788],[9.0934,56.675],[9.0975,56.6584],[9.0593,56.634],[9.05,56.6198],[9.0488,56.6072],[9.053,56.5754],[9.0606,56.5657],[9.077,56.5674],[9.0934,56.5781],[9.1068,56.6108],[9.1554,56.6129],[9.1492,56.6225],[9.1411,56.626],[9.1213,56.6203],[9.1437,56.6477],[9.1486,56.6613],[9.1554,56.6613],[9.1494,56.6389],[9.1755,56.6354],[9.2112,56.6389],[9.2337,56.6372],[9.2472,56.632],[9.2762,56.633],[9.2853,56.6203],[9.2824,56.6105],[9.2595,56.5919],[9.2503,56.5788],[9.2612,56.5764],[9.264,56.5659],[9.2708,56.5583],[9.3057,56.5447],[9.3164,56.5308],[9.3262,56.5303],[9.3467,56.5521],[9.3609,56.5447],[9.3731,56.5527],[9.3727,56.5654],[9.3504,56.572],[9.3128,56.5578],[9.2937,56.561],[9.2931,56.5668],[9.2988,56.572],[9.3006,56.6091],[9.3171,56.6411],[9.326,56.6694],[9.3057,56.6955],[9.2907,56.7038],[9.2708,56.7023],[9.2306,56.6921],[9.2207,56.6843],[9.1991,56.6766],[9.1779,56.6758],[9.1691,56.6887],[9.1803,56.7008],[9.2264,56.7163],[9.2425,56.7471],[9.2405,56.754],[9.2155,56.7589],[9.1965,56.7705],[9.1844,56.784],[9.175,56.8061],[9.176,56.8184],[9.2041,56.8416],[9.2114,56.8515],[9.2106,56.8631],[9.2059,56.8746],[9.1996,56.8798],[9.179,56.8846],[9.1629,56.8941],[9.2002,56.9389],[9.2205,56.9551],[9.2515,56.9726],[9.28,56.9798],[9.2887,56.9971],[9.437,57.0244],[9.4701,57.0238],[9.5868,56.9971],[9.5868,56.9897],[9.574,56.985],[9.5731,56.9788],[9.5808,56.973],[9.5942,56.9692],[9.6079,56.9699],[9.6177,56.975],[9.689,57.0391],[9.7282,57.0471],[9.7612,57.0586],[9.8091,57.0517],[9.9158,57.0586],[9.8566,57.0887],[9.8267,57.0949],[9.7957,57.1064],[9.7876,57.1039],[9.7332,57.0668],[9.7119,57.0613],[9.6751,57.0792],[9.6561,57.0764],[9.6211,57.0586],[9.5808,57.0493],[9.494,57.0486],[9.2651,57.0034],[9.2454,57.0023],[9.2264,57.007],[9.1145,57.0586],[9.1209,57.0454],[9.1128,57.0386],[9.0798,57.0312],[9.0427,57.0177],[9.0257,57.0176],[9.032,57.0238],[9.014,57.0302],[8.9968,57.0281],[8.9631,57.0102],[8.947,57.0112],[8.9016,56.9863],[8.8931,56.9997],[8.8732,57.0048],[8.8504,57.0035],[8.8333,56.9971],[8.848,56.9885],[8.8117,56.9699],[8.7621,56.9555],[8.7264,56.9612],[8.6795,56.9525],[8.6688,56.9453],[8.6633,56.9259],[8.6211,56.8941],[8.6126,56.8547],[8.6079,56.8497],[8.5696,56.8184],[8.5363,56.8145],[8.5243,56.8048],[8.4914,56.7943],[8.4839,56.7812],[8.4924,56.7473],[8.4915,56.7314],[8.4764,56.7222],[8.4764,56.716],[8.5164,56.7182],[8.5256,56.716],[8.5331,56.7038],[8.527,56.6953],[8.501,56.6887],[8.4529,56.7023],[8.4082,56.6887],[8.4082,56.6812],[8.4559,56.6887],[8.501,56.675],[8.5715,56.692],[8.5863,56.6887],[8.589,56.6813],[8.5863,56.6539],[8.6081,56.631],[8.583,56.6093],[8.5466,56.6017],[8.547,56.5975],[8.5596,56.593],[8.5393,56.5928],[8.5115,56.607],[8.487,56.6253],[8.4673,56.652],[8.4448,56.664],[8.3734,56.6802],[8.3522,56.6929],[8.3195,56.7222],[8.3084,56.7582],[8.302,56.7637],[8.2603,56.7767],[8.2437,56.7774],[8.2632,56.7189],[8.2608,56.7054],[8.2459,56.704],[8.2383,56.725],[8.2362,56.7712],[8.2479,56.8124],[8.2704,56.8432],[8.4497,57.004],[8.5036,57.0347],[8.5863,57.1064],[8.618,57.1229],[8.6538,57.1225],[8.7372,57.1064],[8.7839,57.1048],[8.8744,57.1161],[8.9146,57.1274],[8.9626,57.1566],[8.9805,57.161],[9.2306,57.1411],[9.3215,57.147],[9.4121,57.1654],[9.4978,57.197],[9.5733,57.2429],[9.7884,57.4593],[9.8264,57.4899],[9.8954,57.5316],[9.9299,57.5675],[9.9431,57.5725],[9.967,57.5914],[10.0154,57.5966],[10.1077,57.593],[10.1976,57.6012],[10.2796,57.6209],[10.3506,57.649],[10.4725,57.717],[10.5391,57.7438],[10.5661,57.7495],[10.596,57.7512],[10.625,57.7475],[10.6489,57.737],[10.5944,57.7259],[10.5425,57.6989],[10.4605,57.6306],[10.4304,57.5705],[10.4583,57.5255],[10.509,57.484],[10.5466,57.4353],[10.5174,57.3913],[10.5179,57.3392],[10.5391,57.2367],[10.522,57.2217],[10.4709,57.2012],[10.4468,57.1849],[10.4115,57.1444],[10.3955,57.1173],[10.384,57.0742],[10.3592,57.0261],[10.3472,57.0102],[10.3306,56.9993],[10.3197,56.9975],[10.2725,56.9979],[10.2398,56.9928],[10.156,57.0238],[10.094,57.0605],[10.0527,57.0697],[10.0194,57.0884],[9.9946,57.0927],[9.9745,57.0865],[9.9461,57.0612],[9.9269,57.0586],[9.9455,57.0573],[9.9666,57.0722],[10.002,57.0839],[10.0226,57.0791],[10.1213,57.0221],[10.154,57.0133],[10.1924,56.994],[10.2144,56.9897],[10.2951,56.9886],[10.3137,56.9829],[10.2857,56.9637],[10.2796,56.9555],[10.2659,56.9077],[10.2731,56.8913],[10.284,56.8403],[10.2883,56.8001],[10.2954,56.7789],[10.32,56.7365],[10.3382,56.7239],[10.3406,56.7174],[10.3268,56.7086],[10.3187,56.7082],[10.2826,56.716],[10.2376,56.716],[10.2219,56.7121],[10.2039,56.7023],[10.1681,56.72],[10.1465,56.7224],[10.1213,56.716],[10.099,56.7061],[10.0584,56.6982],[10.0275,56.6843],[9.9909,56.6769],[9.9456,56.6581],[9.8059,56.647],[9.8059,56.6402],[9.8513,56.6357],[10.0015,56.6613],[10.0496,56.675],[10.0554,56.6865],[10.0628,56.6887],[10.0906,56.6812],[10.1013,56.6827],[10.1238,56.6923],[10.1348,56.7124],[10.1506,56.7144],[10.1834,56.7086],[10.1758,56.6955],[10.242,56.6884],[10.2835,56.6898],[10.3342,56.7038],[10.3528,56.6818],[10.3577,56.6487],[10.3403,56.6203],[10.273,56.5917],[10.2233,56.5606],[10.2144,56.5583],[10.2039,56.5167],[10.2114,56.5053],[10.2068,56.491],[10.1955,56.4777],[10.1834,56.4695],[10.2141,56.4704],[10.2256,56.4757],[10.2244,56.5136],[10.2275,56.5411],[10.2376,56.5544],[10.2796,56.572],[10.3127,56.5966],[10.3303,56.6032],[10.3509,56.5959],[10.3609,56.5617],[10.3652,56.5584],[10.3949,56.5447],[10.4699,56.5209],[10.5515,56.5156],[10.7891,56.5364],[10.8223,56.5342],[10.855,56.5242],[10.8699,56.5147],[10.9021,56.4832],[10.9641,56.4484],[10.9641,56.4422],[10.9409,56.4295],[10.9285,56.4065],[10.9226,56.3563],[10.9116,56.3341],[10.8196,56.2609],[10.773,56.243],[10.7554,56.2293],[10.75,56.2161],[10.7526,56.185],[10.7386,56.1545],[10.707,56.1509],[10.6722,56.1652],[10.6489,56.1884],[10.6747,56.1908],[10.6852,56.1962],[10.6904,56.2089],[10.6877,56.2222],[10.6286,56.2375],[10.6038,56.221],[10.5812,56.1992],[10.5492,56.1782],[10.5737,56.1126],[10.564,56.1056],[10.548,56.1013],[10.5186,56.1027],[10.5085,56.111],[10.4912,56.14],[10.5254,56.1536],[10.5182,56.1648],[10.5095,56.1701],[10.4681,56.1771],[10.4367,56.1679],[10.4087,56.1649],[10.3914,56.1727],[10.3547,56.2021],[10.377,56.2033],[10.4104,56.2185],[10.4292,56.2225],[10.4607,56.2062],[10.4778,56.2023],[10.4912,56.2163],[10.4743,56.2322],[10.4754,56.2447],[10.5047,56.2778],[10.4768,56.2809],[10.4426,56.2987],[10.4168,56.2919],[10.403,56.2982],[10.3938,56.2765],[10.385,56.2722],[10.3711,56.2709],[10.3638,56.2656],[10.3369,56.2327],[10.3125,56.2152],[10.2585,56.1903],[10.2342,56.1713],[10.2202,56.1479],[10.2269,56.1332],[10.2434,56.1196],[10.259,56.099],[10.2656,56.0737],[10.2615,56.0544],[10.2311,56.017],[10.2551,56.0236],[10.2727,56.0248],[10.2775,56.0178],[10.2525,55.9862],[10.25,55.9735],[10.2507,55.9307],[10.2454,55.9146],[10.2214,55.8969],[10.2175,55.8898],[10.2018,55.8859],[10.1834,55.8737],[10.1956,55.8613],[10.1994,55.8507],[10.1821,55.8337],[10.1727,55.8315],[10.1511,55.8381],[10.1355,55.852],[10.1238,55.8733],[10.1145,55.8799],[10.1018,55.8824],[10.0046,55.8799],[9.9917,55.8773],[9.9705,55.8594],[9.9445,55.8536],[9.8918,55.8554],[9.8674,55.852],[9.8926,55.8362],[10.0357,55.8184],[10.0457,55.814],[10.0422,55.8034],[10.0256,55.783],[10.0173,55.7656],[10.0198,55.7579],[10.0598,55.7564],[10.0598,55.7495],[10.0188,55.7363],[10.0068,55.725],[10.0182,55.7086],[10.0052,55.7011],[9.9817,55.7094],[9.8718,55.6912],[9.8218,55.676],[9.7922,55.6745],[9.731,55.6881],[9.6865,55.7086],[9.583,55.7089],[9.5596,55.7154],[9.5527,55.7011],[9.5736,55.6955],[9.6455,55.6949],[9.6585,55.6904],[9.7103,55.6601],[9.7282,55.6375],[9.7383,55.6297],[9.7581,55.6267],[9.8538,55.6267],[9.8374,55.6152],[9.7855,55.5919],[9.7577,55.5716],[9.7442,55.5664],[9.7209,55.5646],[9.7124,55.5603],[9.7103,55.5416],[9.7069,55.5373],[9.6439,55.5283],[9.6211,55.5189],[9.6073,55.5168],[9.5728,55.5239],[9.5596,55.5236],[9.5664,55.5168],[9.5519,55.5051],[9.5149,55.4982],[9.4981,55.4894],[9.5156,55.4831],[9.5344,55.4838],[9.6024,55.4958],[9.6602,55.478],[9.6642,55.4667],[9.6599,55.453],[9.6489,55.4411],[9.6353,55.4357],[9.5868,55.4274],[9.6079,55.3933],[9.5993,55.3734],[9.6008,55.3659],[9.6211,55.3585],[9.6453,55.3427],[9.6483,55.3329],[9.6346,55.325],[9.6346,55.3176],[9.6819,55.2746],[9.7061,55.2651],[9.7103,55.2487],[9.7066,55.237],[9.6929,55.221],[9.6898,55.2049],[9.6844,55.1976],[9.6716,55.1925],[9.6421,55.1884],[9.5833,55.1946],[9.5698,55.1925],[9.5459,55.1741],[9.4863,55.1562],[9.4863,55.1474],[9.4946,55.1401],[9.5119,55.1401],[9.5119,55.1332],[9.4824,55.1338],[9.4688,55.1318],[9.4566,55.1257],[9.4666,55.1214],[9.5081,55.1195],[9.5213,55.1159],[9.5596,55.0854],[9.5166,55.0565],[9.4981,55.0507],[9.4524,55.0454],[9.4343,55.0375],[9.4429,55.0234],[9.4553,55.0232],[9.5119,55.0364],[9.5459,55.0364],[9.5685,55.0488],[9.5799,55.0507],[9.6016,55.0454],[9.6626,55.0097],[9.7175,55.0012],[9.731,54.9954],[9.7386,54.9809],[9.7632,54.9005],[9.752,54.893],[9.7371,54.8928],[9.7114,54.8986],[9.7035,54.8862],[9.7279,54.8795],[9.7445,54.8663],[9.7503,54.8463],[9.7459,54.836],[9.7312,54.8315],[9.7196,54.8358],[9.7053,54.8546],[9.6966,54.8589],[9.655,54.8571],[9.6233,54.8653],[9.6247,54.8693],[9.6328,54.8731],[9.6346,54.8793],[9.6104,54.9032],[9.6442,54.9133],[9.6388,54.9248],[9.615,54.9327],[9.5868,54.9277],[9.568,54.9014],[9.5459,54.8793],[9.5221,54.8793],[9.4564,54.8438],[9.4429,54.8315],[9.4363,54.8105],[9.4514,54.8104],[9.511,54.8278],[9.53,54.8415],[9.5544,54.8471],[9.5669,54.8602],[9.5799,54.8663],[9.5832,54.8303],[9.6316,54.8199],[9.693,54.818],[9.7346,54.8073],[9.8018,54.7834],[9.8122,54.7661],[9.8237,54.7567],[9.8499,54.7593],[9.8954,54.7695],[9.8914,54.7903],[9.915,54.7912],[9.9475,54.7795],[9.9705,54.7626],[9.9841,54.7285],[9.9905,54.7205],[10.0182,54.7012],[10.0054,54.6955],[9.9705,54.7012],[9.971,54.699],[9.9463,54.6876],[9.9324,54.6852],[9.9295,54.6739],[9.9963,54.6788],[10.0114,54.6671],[10.0221,54.6724],[10.0335,54.6729],[10.0391,54.6668],[10.0319,54.6528],[10.037,54.6389],[10.0376,54.6191],[10.0269,54.56],[10.0104,54.5343],[9.9978,54.5237],[9.9656,54.5062],[9.9253,54.4931],[9.882,54.4848],[9.8401,54.4821],[9.8401,54.4753],[9.8833,54.4621],[10.1247,54.4958],[10.1434,54.4918],[10.2039,54.461],[10.1839,54.4494],[10.1838,54.4384],[10.197,54.4101],[10.1913,54.3967],[10.1771,54.3843],[10.159,54.3753],[10.1418,54.3723],[10.1483,54.3652],[10.1418,54.3586],[10.1525,54.3518],[10.1555,54.3434],[10.1516,54.334],[10.1418,54.3244],[10.1637,54.3292],[10.1803,54.3411],[10.2039,54.3723],[10.2171,54.4054],[10.2244,54.4138],[10.2344,54.4177],[10.2721,54.4201],[10.2858,54.4248],[10.3069,54.4411],[10.3184,54.4433],[10.3609,54.4411],[10.3828,54.4348],[10.4434,54.4064],[10.6011,54.3654],[10.6902,54.3162],[10.7313,54.3102],[10.7771,54.3151],[10.8108,54.3274],[10.8679,54.3586],[10.9009,54.371],[10.9353,54.3795],[11.0188,54.3859],[11.0188,54.3791],[10.9758,54.3784],[10.9932,54.3738],[11.0105,54.3772],[11.0339,54.3676],[11.1042,54.3929],[11.1355,54.3859],[11.0877,54.3518],[11.0666,54.3586],[11.0774,54.3422],[11.0866,54.3024],[11.0945,54.2835],[11.0871,54.2709],[11.0877,54.2539],[11.0945,54.2251],[11.0902,54.208],[11.071,54.1926],[11.0666,54.1839],[10.9505,54.1395],[10.9103,54.1092],[10.8928,54.1025],[10.8446,54.0945],[10.8361,54.09],[10.8223,54.0974],[10.8054,54.0949],[10.7526,54.0501],[10.7526,54.0439],[10.7659,54.0244],[10.7804,54.01],[10.7997,54.0006],[10.8269,53.9954],[10.8656,53.9978],[10.8755,53.9954],[10.8826,53.9851],[10.8874,53.9639],[10.9226,53.9614],[10.9647,53.9854],[11.0003,53.9916],[11.0535,54.0085],[11.1751,54.018],[11.1838,54.016],[11.1908,54.0103],[11.1973,53.9962],[11.2044,53.9892],[11.2399,53.9835],[11.2454,53.9784],[11.2407,53.9556],[11.2429,53.9452],[11.2556,53.9409],[11.2937,53.9409],[11.3342,53.9614],[11.3418,53.9583],[11.3521,53.9442],[11.3582,53.9409],[11.3999,53.9409],[11.4004,53.9377],[11.4387,53.9091],[11.4577,53.9062],[11.459,53.9167],[11.4768,53.9527],[11.4724,53.9688],[11.4798,53.9761],[11.4979,53.9818],[11.4917,54.0023],[11.5259,54.0228],[11.5259,54.0302],[11.5191,54.0302],[11.5191,54.0364],[11.5532,54.0302],[11.5735,54.039],[11.5913,54.0656],[11.6128,54.0729],[11.6245,54.0836],[11.6296,54.096],[11.6221,54.0996],[11.6253,54.1098],[11.6579,54.1422],[11.6897,54.1552],[11.7288,54.1585],[11.8123,54.1498],[12.0506,54.1799],[12.0881,54.1941],[12.0933,54.1654],[12.0895,54.1376],[12.0916,54.114],[12.115,54.0979],[12.1053,54.11],[12.1004,54.136],[12.0951,54.1457],[12.1055,54.1574],[12.1343,54.167],[12.1428,54.1805],[12.1209,54.18],[12.1013,54.1737],[12.1089,54.183],[12.1428,54.2092],[12.1631,54.2199],[12.1869,54.2434],[12.2894,54.2751],[12.3421,54.3039],[12.3782,54.3449],[12.4383,54.3958],[12.4861,54.4473],[12.502,54.4736],[12.5134,54.4822],[12.5339,54.4883],[12.5339,54.4821],[12.527,54.4821],[12.5484,54.4621],[12.5915,54.4517],[12.8191,54.4517],[12.8566,54.4411],[12.8796,54.4488],[12.9084,54.4446],[12.9212,54.4335],[12.8963,54.4201],[12.8708,54.4168],[12.7637,54.4222],[12.721,54.4316],[12.6946,54.4337],[12.6868,54.4316],[12.6704,54.4201],[12.6242,54.4229],[12.6145,54.4197],[12.6084,54.4064],[12.6022,54.4138],[12.5817,54.4064],[12.5835,54.3979],[12.5877,54.394],[12.6022,54.3921],[12.5959,54.3915],[12.5947,54.3859],[12.5755,54.392],[12.554,54.3908],[12.536,54.3837],[12.527,54.3723],[12.5108,54.3843],[12.491,54.3901],[12.4548,54.3921],[12.4385,54.3875],[12.425,54.3759],[12.4185,54.3607],[12.424,54.3449],[12.3967,54.3518],[12.3899,54.3449],[12.3965,54.333],[12.3916,54.3211],[12.3791,54.3124],[12.3626,54.3102],[12.3779,54.2859],[12.3801,54.2771],[12.3688,54.2692],[12.4124,54.2514],[12.4368,54.2477],[12.4582,54.2556],[12.4426,54.2552],[12.4103,54.2692],[12.4168,54.281],[12.4263,54.2896],[12.4514,54.3039],[12.4724,54.3102],[12.4787,54.3319],[12.4956,54.3403],[12.5606,54.3586],[12.5408,54.3654],[12.5408,54.3723],[12.5593,54.3763],[12.5742,54.3723],[12.5742,54.3791],[12.5929,54.3693],[12.6227,54.3739],[12.6773,54.3921],[12.6704,54.4064],[12.6808,54.4109],[12.7175,54.4138],[12.7175,54.4064],[12.7025,54.4041],[12.6924,54.3962],[12.6841,54.3723],[12.6966,54.385],[12.7046,54.3996],[12.7238,54.3813],[12.735,54.3782],[12.7461,54.3859],[12.7578,54.3798],[12.7686,54.3801],[12.7871,54.3921],[12.7947,54.3771],[12.818,54.358],[12.8547,54.3579],[12.876,54.3654],[12.9038,54.3996],[12.9294,54.4144],[12.9691,54.4294],[13.0088,54.4381],[13.0342,54.4337],[13.0215,54.4265],[13.021,54.4145],[13.0286,54.4018],[13.0404,54.3921],[13.0837,54.379],[13.0956,54.3723],[13.0767,54.3525],[13.0807,54.3371],[13.1092,54.3102],[13.1149,54.28],[13.126,54.2766],[13.1707,54.2766],[13.1707,54.2692],[13.1434,54.263],[13.1761,54.2648],[13.2284,54.2474],[13.2632,54.2425],[13.2888,54.2343],[13.3218,54.1945],[13.3489,54.1805],[13.3215,54.1668],[13.3465,54.1669],[13.3838,54.1781],[13.4035,54.1737],[13.3957,54.1619],[13.383,54.1531],[13.3948,54.1489],[13.4087,54.1546],[13.4177,54.1531],[13.4504,54.1104],[13.4651,54.0985],[13.4836,54.0913],[13.5071,54.0911],[13.5071,54.0979],[13.4793,54.1184],[13.4793,54.1252],[13.6027,54.1395],[13.6323,54.1475],[13.6834,54.168],[13.7119,54.1737],[13.7165,54.1684],[13.7147,54.164],[13.6983,54.1593],[13.6983,54.1531],[13.7288,54.1439],[13.8081,54.1047],[13.8081,54.0979],[13.7937,54.0832],[13.7855,54.0639],[13.7732,54.0463],[13.7461,54.0364],[13.7581,54.031],[13.7976,53.9989],[13.8386,53.9863],[13.8491,53.9676],[13.8486,53.9556],[13.8669,53.9547],[13.906,53.9431],[13.9076,53.9335],[13.9014,53.9223],[13.8901,53.9129],[13.8185,53.878],[13.8081,53.8651],[13.8171,53.8529],[13.8628,53.8413],[13.8692,53.8303],[13.8838,53.8177],[13.8999,53.8091],[13.9107,53.8105],[13.9842,53.774],[14.0173,53.7695],[14.0374,53.7553],[14.0689,53.7553],[14.1061,53.7434],[14.1865,53.7398],[14.2147,53.7449],[14.2266,53.7587],[14.2341,53.7618],[14.2502,53.76],[14.2645,53.7516],[14.2674,53.7354],[14.2595,53.728],[14.2127,53.7081],[14.2254,53.7038],[14.2562,53.6994],[14.2737,53.7006],[14.2917,53.7053],[14.3049,53.7126],[14.3062,53.7207],[14.2886,53.728],[14.3016,53.7348],[14.2886,53.7416],[14.2942,53.7491],[14.3304,53.7342],[14.3421,53.7149],[14.3836,53.7006],[14.4146,53.6824],[14.4587,53.6779],[14.5124,53.6664],[14.531,53.6578],[14.5906,53.5984],[14.5959,53.6013],[14.597,53.6173],[14.6016,53.6267],[14.6238,53.6392],[14.6238,53.6528],[14.5759,53.6597],[14.5449,53.704],[14.5514,53.7261],[14.5759,53.7695],[14.5874,53.7635],[14.6082,53.769],[14.6238,53.7695],[14.6167,53.7947],[14.6306,53.8515],[14.6238,53.8515],[14.6213,53.8395],[14.6135,53.8316],[14.5896,53.8173],[14.5959,53.8105],[14.5871,53.8126],[14.5691,53.8242],[14.5896,53.8378],[14.5759,53.8548],[14.5521,53.8628],[14.4412,53.8696],[14.4255,53.8798],[14.4382,53.8993],[14.4319,53.9062],[14.422,53.8961],[14.4142,53.8947],[14.3938,53.8993],[14.3851,53.8973],[14.363,53.8794],[14.4092,53.8716],[14.4177,53.8651],[14.4157,53.853],[14.4053,53.8442],[14.3926,53.8407],[14.3836,53.8447],[14.3562,53.8345],[14.3283,53.831],[14.3283,53.8242],[14.3421,53.821],[14.3283,53.8173],[14.2914,53.8242],[14.2747,53.8308],[14.2266,53.872],[14.2031,53.8783],[14.0874,53.8704],[14.0651,53.8724],[14.0484,53.8794],[14.0251,53.8638],[13.9959,53.8537],[13.9385,53.8447],[13.8753,53.8441],[13.8401,53.8503],[13.8218,53.8651],[13.8555,53.8774],[13.8877,53.8815],[13.9224,53.8934],[13.9317,53.8993],[13.939,53.9282],[13.9019,53.9698],[13.9045,53.9954],[13.9548,53.9936],[13.9727,53.9892],[13.9658,53.9818],[13.9683,53.9763],[13.9603,53.9567],[13.959,53.9409],[13.9746,53.9573],[13.9875,53.9614],[14.0278,53.9614],[14.0186,53.9564],[14.0143,53.9471],[14.0484,53.9409],[14.0403,53.9538],[14.0531,53.9784],[14.0513,54.0051],[14.0374,54.0217],[14.0143,54.016],[14.0062,54.0323],[13.9817,54.0563],[13.9658,54.0638],[13.9461,54.0666],[13.9261,54.064],[13.9159,54.0564],[13.9248,54.0439],[13.9248,54.0364],[13.9072,54.0275],[13.897,54.0123],[13.8909,54.0102],[13.856,54.0023],[13.8581,54.0158],[13.8735,54.03],[13.8763,54.0364],[13.8711,54.0487],[13.8636,54.05],[13.823,54.0379],[13.7942,54.0181],[13.7741,54.0228],[13.7821,54.0421],[13.8093,54.0751],[13.815,54.1013],[13.8062,54.1166],[13.7653,54.1419],[13.7529,54.1531],[13.7622,54.1645],[13.7776,54.174],[13.7962,54.1783],[13.815,54.1737],[13.856,54.1184],[13.8825,54.1024],[14.0166,54.06],[14.1924,53.9461],[14.2375,53.9287],[14.2681,53.9218],[14.367,53.917],[14.4067,53.9218],[14.4456,53.934],[14.5173,53.9652],[14.7819,54.0346],[15.0101,54.0698],[15.2883,54.1389],[15.6658,54.1984],[15.8597,54.25],[16.0208,54.2618],[16.1315,54.2835],[16.1189,54.276],[16.0693,54.263],[16.0911,54.254],[16.1792,54.263],[16.1792,54.2692],[16.1724,54.2692],[16.1724,54.2766],[16.2201,54.2766],[16.2196,54.2815],[16.2132,54.2835],[16.2152,54.2996],[16.1921,54.3003],[16.1377,54.2903],[16.2136,54.3161],[16.2754,54.3586],[16.2629,54.3437],[16.2318,54.3226],[16.2749,54.3305],[16.2888,54.3402],[16.3239,54.3499],[16.3368,54.3586],[16.3249,54.3731],[16.305,54.3735],[16.2816,54.3586],[16.324,54.4013],[16.4398,54.4883],[16.4344,54.4724],[16.4445,54.4699],[16.4606,54.4735],[16.4734,54.4821],[16.4797,54.4956],[16.4739,54.4997],[16.4461,54.4883],[16.4666,54.5122],[16.5013,54.5324],[16.5696,54.5572],[16.7785,54.5751],[16.8596,54.5939],[16.9022,54.5981],[16.94,54.606],[17.0358,54.6671],[17.3374,54.749],[17.7157,54.7904],[17.8854,54.8241],[18.1524,54.8383],[18.3169,54.8383],[18.3395,54.8335],[18.3758,54.8151],[18.4102,54.8083],[18.7517,54.6901],[18.814,54.6432],[18.8343,54.6167],[18.8353,54.6031],[18.8176,54.5981],[18.8023,54.616],[18.784,54.6235],[18.7718,54.6423],[18.7554,54.6545],[18.7078,54.7012],[18.6546,54.7102],[18.645,54.7195],[18.6167,54.7252],[18.557,54.749],[18.4982,54.7654],[18.4888,54.7732],[18.4478,54.79],[18.4356,54.7868],[18.4292,54.7817],[18.415,54.7531],[18.4131,54.7319],[18.4478,54.7182],[18.4745,54.6876],[18.4704,54.6667],[18.4819,54.6596],[18.4759,54.6401],[18.4873,54.6318],[18.5064,54.6341],[18.523,54.6466],[18.5171,54.63],[18.5252,54.6167],[18.5376,54.6055],[18.5706,54.5504],[18.5667,54.5274],[18.5676,54.4879],[18.5741,54.4504],[18.5881,54.4337],[18.6038,54.4306],[18.6343,54.4169],[18.68,54.41],[18.6943,54.4045],[18.7173,54.382],[18.8859,54.3502],[18.9232,54.3485],[18.9544,54.3586],[18.9746,54.3498],[19.0021,54.3449],[19.3772,54.3776],[19.46,54.401],[19.4993,54.4064],[19.531,54.4149],[19.5925,54.4524],[19.6265,54.461],[19.6265,54.4685],[19.7341,54.5257],[19.8319,54.5981],[19.8831,54.6562],[19.8963,54.6622],[19.9011,54.6717],[19.9002,54.6876],[19.9302,54.7194],[19.9563,54.7569],[19.9617,54.7732],[19.9588,54.7968],[19.9523,54.8163],[19.9258,54.8671],[19.9207,54.8896],[19.9408,54.9344],[19.9567,54.9518],[19.9767,54.9646],[19.9959,54.9681],[20.0217,54.9512],[20.0337,54.9482],[20.075,54.9544],[20.1436,54.9518],[20.2058,54.9584],[20.3656,54.9462],[20.407,54.9516],[20.4824,54.9755],[20.634,55.0488],[20.8084,55.1763],[20.8223,55.181],[20.9995,55.357],[21.0415,55.4161],[21.0824,55.4976],[21.0931,55.5817],[21.0994,55.5987],[21.0939,55.6035],[21.0994,55.613],[21.0907,55.6331],[21.0935,55.6955],[21.0852,55.7228],[21.1174,55.6998],[21.1315,55.6556],[21.1336,55.5683],[21.1199,55.527],[21.1199,55.4894],[21.0926,55.4566],[21.0872,55.4411],[21.1062,55.4274],[21.1062,55.4212],[21.0735,55.3918],[21.0576,55.3695],[21.051,55.3489],[21.0379,55.3286],[20.9889,55.2913],[20.9895,55.2704],[20.9411,55.2487],[20.9434,55.2445],[20.937,55.2377],[20.9131,55.2332],[20.9033,55.2258],[20.9055,55.2186],[20.8906,55.2126],[20.884,55.1981],[20.8607,55.1813],[20.8348,55.152],[20.7736,55.1145],[20.6878,55.0507],[20.5581,54.9818],[20.5334,54.9736],[20.5309,54.9647],[20.5414,54.9521],[20.5581,54.9408],[20.5769,54.9389],[20.7637,54.9477],[20.8052,54.9408],[20.8604,54.9113],[20.9691,54.8998],[21.0393,54.904],[21.0559,54.9145],[21.0789,54.8998],[21.0907,54.9016],[21.1062,54.9135],[21.1903,54.9269],[21.2302,54.9389],[21.2434,54.9612],[21.2194,55.0133],[21.1951,55.1354],[21.1813,55.1711],[21.1813,55.1933],[21.1888,55.2083],[21.2017,55.2144],[21.2229,55.2015],[21.2368,55.2006],[21.259,55.205],[21.2676,55.2117],[21.2733,55.2327],[21.2723,55.2438],[21.2676,55.2487],[21.2644,55.284],[21.2708,55.288],[21.2853,55.2871],[21.2912,55.2971],[21.2892,55.3052],[21.2742,55.3273],[21.2595,55.3362],[21.2564,55.3467],[21.2571,55.3694],[21.2466,55.3702],[21.1888,55.3386],[21.1834,55.3462],[21.2243,55.3993],[21.2483,55.4179],[21.2484,55.4423],[21.2229,55.5202],[21.1994,55.5377],[21.1951,55.5472],[21.1981,55.5748],[21.1951,55.5851],[21.1576,55.6418],[21.1502,55.6593],[21.1472,55.6782],[21.1408,55.6881],[21.0994,55.7291],[21.0744,55.7449],[21.0698,55.7697],[21.0606,55.7893],[21.0447,55.8737],[21.0447,55.9177],[21.0469,55.9287],[21.0562,55.9425],[21.0584,55.9518],[21.0584,56.0375],[21.0534,56.0729],[21.0427,56.1146],[21.0288,56.1474],[20.9841,56.2104],[20.9734,56.232],[20.9691,56.2535],[20.9802,56.2793],[20.9827,56.3015],[20.9686,56.3698],[20.9706,56.389],[20.979,56.4044],[20.9925,56.4179],[21.0032,56.4348],[21.0055,56.4655],[21.0106,56.4757],[21.0033,56.4926],[21.0005,56.5106],[21.0064,56.52],[21.0243,56.5105],[21.0305,56.5001],[21.0358,56.4739],[21.0447,56.4621],[21.0305,56.4484],[21.0447,56.4422],[21.0447,56.4211],[21.0305,56.4081],[21.0534,56.39],[21.0618,56.387],[21.0772,56.3952],[21.0798,56.4031],[21.0686,56.4241],[21.0667,56.4418],[21.0721,56.4695],[21.0584,56.5036],[21.0481,56.5156],[21.0305,56.5242],[21.0031,56.53],[20.9922,56.5489],[21.0003,56.5577],[21.0105,56.5987],[21.0462,56.6562],[21.0584,56.6887],[21.0652,56.7743],[21.0542,56.812],[21.0527,56.8289],[21.0652,56.8463],[21.1472,56.8764],[21.1567,56.8856],[21.2229,56.9077],[21.241,56.9183],[21.2776,56.9491],[21.3601,56.9897],[21.3825,57.0089],[21.4016,57.0375],[21.4136,57.0732],[21.4148,57.1138],[21.4011,57.1513],[21.4032,57.1621],[21.4148,57.1849],[21.4126,57.2501],[21.4148,57.2709],[21.4214,57.2887],[21.4336,57.3065],[21.4495,57.32],[21.4802,57.3336],[21.5178,57.3876],[21.5891,57.4388],[21.6992,57.5553],[21.7297,57.5738],[21.7717,57.5861],[21.9559,57.593],[21.9993,57.6003],[22.4837,57.7425],[22.5491,57.7506],[22.5858,57.7597],[22.6003,57.758],[22.6104,57.7546],[22.6003,57.7438],[22.5908,57.7061],[22.5872,57.665],[22.591,57.6448],[22.6008,57.6301],[22.6561,57.5858],[22.8789,57.4813],[22.9504,57.4328],[23.0314,57.3945],[23.0833,57.3782],[23.1302,57.3708],[23.138,57.3432],[23.1646,57.3137],[23.1746,57.2973],[23.1824,57.2777],[23.1902,57.2425],[23.1987,57.2242],[23.2136,57.2163],[23.2224,57.207],[23.2505,57.1144],[23.2609,57.0989],[23.2927,57.0889],[23.3401,57.0586],[23.4229,57.0402],[23.5086,57.0312],[23.5208,57.0256],[23.5697,56.9863],[23.5851,56.9791],[23.632,56.9709],[23.6952,56.9673],[23.8661,56.9902],[23.9529,57.0133],[23.9912,57.0312],[24.0357,57.069],[24.0746,57.0749],[24.2108,57.1237],[24.2192,57.138],[24.2386,57.1496],[24.2786,57.161],[24.2788,57.1718],[24.2887,57.1789],[24.3127,57.1883],[24.3792,57.2302],[24.4006,57.2581],[24.4089,57.2982],[24.4055,57.3445],[24.3816,57.4694],[24.3799,57.5065],[24.3752,57.5286],[24.3645,57.5384],[24.3586,57.5504],[24.363,57.5766],[24.3748,57.6135],[24.363,57.6723],[24.3577,57.6855],[24.3137,57.725],[24.2996,57.7438],[24.2996,57.7619],[24.286,57.8326],[24.2888,57.8453],[24.2962,57.8574],[24.3244,57.8868],[24.3338,57.9213],[24.3811,57.9838],[24.3882,58.0],[80.0,58.0],[80.0,12.2535],[79.9522,12.2299],[79.9439,12.2178],[79.9531,12.2136],[80.0,12.2386],[80.0,12.2339],[79.9476,12.1536],[79.9275,12.1299],[79.897,12.0688],[79.8701,12.0374],[79.8618,12.022],[79.8618,11.978],[79.8504,11.9591],[79.845,11.9333],[79.8203,11.8786],[79.8032,11.7961],[79.7927,11.7881],[79.7859,11.7692],[79.752,11.577],[79.7573,11.5361],[79.7808,11.4651],[79.786,11.4262],[79.793,11.4262],[79.7974,11.4349],[79.7992,11.4422],[79.793,11.4535],[79.8093,11.4514],[79.8167,11.4431],[79.822,11.3911],[79.8193,11.3815],[79.8103,11.3789],[79.7693,11.3809],[79.7498,11.3737],[79.6843,11.3122],[79.6763,11.2965],[79.6831,11.2965],[79.6963,11.3034],[79.752,11.3405],[79.7593,11.3583],[79.7764,11.363],[79.7969,11.359],[79.8299,11.3461],[79.833,11.342],[79.835,11.2639],[79.8553,11.1599],[79.8522,11.007],[79.8407,10.9501],[79.8499,10.7552],[79.8503,10.5921],[79.8596,10.5515],[79.8638,10.3787],[79.8567,10.2933],[79.8513,10.2822],[79.7951,10.2692],[79.7786,10.2754],[79.78,10.2966],[79.7571,10.3091],[79.6331,10.3286],[79.6213,10.3242],[79.6141,10.3096],[79.6618,10.3071],[79.7036,10.289],[79.7308,10.289],[79.759,10.2822],[79.7737,10.2737],[79.7725,10.2617],[79.7598,10.2582],[79.5567,10.2987],[79.5527,10.3027],[79.5518,10.3133],[79.5739,10.317],[79.604,10.3291],[79.6071,10.336],[79.5869,10.3437],[79.5677,10.3359],[79.5286,10.3383],[79.5322,10.3232],[79.5115,10.3166],[79.4597,10.3083],[79.4373,10.3096],[79.3981,10.3247],[79.3855,10.3201],[79.3638,10.3019],[79.3049,10.2681],[79.2861,10.2528],[79.2722,10.2344],[79.2692,10.1978],[79.2483,10.1892],[79.24,10.1798],[79.2363,10.1666],[79.2443,10.0849],[79.2542,10.0543],[79.2791,10.0358],[79.2407,10.0106],[79.2004,9.9703],[79.1419,9.8912],[79.1213,9.8502],[79.1008,9.8261],[79.0941,9.8023],[79.0778,9.7822],[79.0388,9.7472],[78.9808,9.6672],[78.9773,9.6379],[78.9568,9.6175],[78.9383,9.5837],[78.9315,9.5617],[78.9253,9.5136],[78.9133,9.4743],[78.9153,9.453],[78.9334,9.4164],[78.9597,9.385],[79.0399,9.3147],[79.0747,9.2999],[79.1156,9.2912],[79.2517,9.2885],[79.2738,9.2967],[79.2971,9.3126],[79.3201,9.3233],[79.3411,9.3159],[79.3457,9.3065],[79.3367,9.2905],[79.3337,9.2783],[79.3357,9.2676],[79.3535,9.2409],[79.4382,9.1763],[79.4536,9.159],[79.4403,9.1514],[79.424,9.1591],[79.361,9.2134],[79.2927,9.2503],[79.2324,9.2579],[79.217,9.2674],[79.201,9.2665],[79.1654,9.2742],[79.1294,9.2563],[79.0986,9.2572],[79.0872,9.2538],[79.0608,9.2646],[79.0257,9.2737],[78.9889,9.2783],[78.9568,9.2748],[78.929,9.2538],[78.9185,9.2516],[78.8955,9.2538],[78.8438,9.244],[78.8152,9.2284],[78.7771,9.2194],[78.7407,9.1928],[78.7278,9.1874],[78.6763,9.1841],[78.6613,9.1772],[78.6489,9.1514],[78.6348,9.1446],[78.4859,9.1248],[78.4499,9.1166],[78.4121,9.0998],[78.3775,9.0775],[78.2398,8.9656],[78.2176,8.939],[78.1828,8.8771],[78.1779,8.8611],[78.1745,8.7944],[78.1704,8.7719],[78.1624,8.7535],[78.1758,8.7639],[78.2005,8.7697],[78.2102,8.7883],[78.2152,8.7654],[78.2046,8.7533],[78.1692,8.7336],[78.155,8.6989],[78.1405,8.6806],[78.1367,8.6699],[78.1426,8.6579],[78.1146,8.6579],[78.1355,8.6258],[78.1423,8.5931],[78.1283,8.488],[78.1146,8.4661],[78.0798,8.432],[78.0628,8.3732],[78.0559,8.3637],[78.0388,8.3609],[77.9998,8.3449],[77.8062,8.2287],[77.7683,8.1815],[77.7525,8.1738],[77.6438,8.1557],[77.5952,8.139],[77.561,8.1146],[77.5653,8.0825],[77.5109,8.076],[77.4497,8.0875],[77.3086,8.1309],[77.2868,8.1535],[77.263,8.1684],[77.2389,8.1751],[77.2253,8.1844],[77.1288,8.2718],[76.9959,8.3681],[76.9626,8.4047],[76.8801,8.5207],[76.8265,8.5698],[76.8137,8.6013],[76.7417,8.6845],[76.7313,8.708],[76.6956,8.7398],[76.6603,8.7998],[76.6445,8.819],[76.5586,8.8907],[76.544,8.9125],[76.5481,8.9242],[76.5591,8.9252],[76.5733,8.9044],[76.5912,8.9081],[76.6206,8.9254],[76.6073,8.9258],[76.5816,8.9199],[76.5723,8.9316],[76.574,8.9426],[76.5933,8.9682],[76.6033,8.9732],[76.6576,8.9664],[76.6608,8.9699],[76.6343,8.9869],[76.6685,8.9998],[76.6685,9.0074],[76.6579,9.0107],[76.6441,9.0079],[76.6321,9.0023],[76.6206,8.9871],[76.6065,8.9894],[76.5828,9.0006],[76.5768,8.9941],[76.5659,8.9633],[76.5586,8.9521],[76.5511,8.9664],[76.5615,8.979],[76.5654,8.9943],[76.5497,8.9844],[76.5388,8.9726],[76.5344,8.9578],[76.5381,8.9391],[76.5281,8.947],[76.5215,8.9613],[76.5138,9.0021],[76.5002,9.0223],[76.4893,9.0556],[76.4605,9.1149],[76.4624,9.1383],[76.4691,9.1166],[76.4766,9.1166],[76.4828,9.1718],[76.4733,9.1643],[76.4691,9.1514],[76.4624,9.1514],[76.4434,9.2121],[76.4282,9.2453],[76.4146,9.247],[76.416,9.2363],[76.4468,9.1596],[76.4487,9.1452],[76.4426,9.1452],[76.363,9.3252],[76.3118,9.493],[76.291,9.6332],[76.2971,9.6584],[76.2774,9.8093],[76.2532,9.8837],[76.2468,9.8937],[76.2363,9.9527],[76.2515,9.9631],[76.2695,9.951],[76.2847,9.9285],[76.291,9.9086],[76.2857,9.9044],[76.2622,9.9116],[76.2568,9.9086],[76.2606,9.8847],[76.2669,9.876],[76.2774,9.8708],[76.2842,9.8912],[76.2891,9.8771],[76.2883,9.8612],[76.2808,9.8428],[76.3,9.8478],[76.3047,9.8563],[76.2971,9.8708],[76.3086,9.8796],[76.3138,9.8613],[76.3389,9.6994],[76.3462,9.6994],[76.3473,9.7269],[76.3376,9.7893],[76.3462,9.8161],[76.324,9.8462],[76.3201,9.8616],[76.3327,9.8708],[76.3374,9.8562],[76.3592,9.8161],[76.3592,9.7683],[76.368,9.7156],[76.3771,9.6955],[76.3941,9.6789],[76.3924,9.6628],[76.3729,9.6243],[76.3533,9.5353],[76.3574,9.5207],[76.4258,9.5053],[76.4351,9.5076],[76.459,9.4973],[76.4771,9.5037],[76.5033,9.535],[76.4666,9.5564],[76.4485,9.5634],[76.4282,9.5554],[76.407,9.5691],[76.4197,9.5942],[76.4196,9.6145],[76.415,9.6362],[76.4146,9.6827],[76.41,9.7003],[76.4026,9.7106],[76.3941,9.7062],[76.3941,9.7472],[76.3804,9.7851],[76.384,9.8026],[76.3965,9.8227],[76.3941,9.8428],[76.3638,9.8992],[76.3592,9.9154],[76.3208,9.9533],[76.3115,9.9669],[76.2943,9.9513],[76.2782,9.9779],[76.2693,10.0163],[76.2739,10.0358],[76.2551,10.0477],[76.2451,10.1022],[76.2363,10.1035],[76.2277,10.1096],[76.2153,10.1383],[76.2075,10.1171],[76.229,10.0659],[76.231,10.0258],[76.235,10.0051],[76.2427,9.9875],[76.2282,9.9999],[76.2146,10.0245],[76.1824,10.1057],[76.1812,10.1212],[76.1846,10.1449],[76.1777,10.1553],[76.1775,10.1706],[76.2241,10.1969],[76.2363,10.2103],[76.2417,10.2239],[76.2402,10.239],[76.2228,10.2344],[76.2063,10.2629],[76.1948,10.2686],[76.2079,10.2346],[76.2095,10.216],[76.2017,10.1997],[76.1841,10.1894],[76.1706,10.1938],[76.1532,10.2202],[76.1382,10.2611],[76.1206,10.3436],[76.1061,10.3847],[76.0701,10.4328],[76.0524,10.514],[76.0446,10.5293],[76.0081,10.5671],[75.9997,10.6055],[75.9391,10.7261],[75.9321,10.751],[75.922,10.7656],[75.9211,10.7757],[75.9241,10.7807],[75.9416,10.7962],[75.9111,10.8092],[75.8945,10.8498],[75.8801,10.9327],[75.8328,11.0978],[75.7429,11.3101],[75.7308,11.3317],[75.7293,11.3437],[75.7395,11.3507],[75.7424,11.3587],[75.7355,11.3715],[75.7222,11.3675],[75.7112,11.3818],[75.6952,11.42],[75.6771,11.4501],[75.6648,11.4626],[75.6165,11.4736],[75.6089,11.4849],[75.6008,11.5234],[75.5819,11.5498],[75.5853,11.5634],[75.5308,11.6937],[75.5061,11.7272],[75.3797,11.865],[75.3558,11.8577],[75.3494,11.872],[75.3246,11.8991],[75.3076,11.9322],[75.3265,11.9359],[75.4002,11.9202],[75.4002,11.9265],[75.3866,11.9351],[75.3828,11.9455],[75.3934,11.9748],[75.3802,11.9687],[75.3613,11.9512],[75.3491,11.9476],[75.3317,11.9495],[75.3161,11.9556],[75.3023,11.9661],[75.2904,11.9811],[75.2788,12.0032],[75.2811,12.0106],[75.3147,12.0084],[75.3298,12.0126],[75.325,12.0227],[75.3042,12.0432],[75.2643,12.0133],[75.2605,11.9978],[75.2767,11.9674],[75.2456,12.0029],[75.2222,12.022],[75.2106,12.017],[75.207,12.012],[75.2085,12.0084],[75.1937,12.0223],[75.1863,12.0416],[75.1805,12.0773],[75.1438,12.1613],[75.1309,12.2078],[75.1397,12.2486],[75.1267,12.2458],[75.1055,12.2213],[75.1047,12.2461],[75.0986,12.269],[75.0829,12.3059],[75.0184,12.4147],[75.0099,12.4438],[74.992,12.4617],[74.9854,12.4914],[74.9553,12.5373],[74.8796,12.7255],[74.8701,12.7429],[74.8557,12.7594],[74.8523,12.7973],[74.8276,12.8247],[74.825,12.8382],[74.8514,12.8255],[74.8591,12.8246],[74.8811,12.848],[74.9175,12.8581],[74.9329,12.8664],[74.9409,12.8786],[74.8948,12.8712],[74.8506,12.8572],[74.8176,12.8618],[74.7703,13.0524],[74.7834,13.0847],[74.7692,13.0996],[74.763,13.1188],[74.7598,13.1552],[74.7529,13.1604],[74.7488,13.1708],[74.7378,13.2214],[74.7334,13.2628],[74.7151,13.331],[74.6895,13.3816],[74.6946,13.3931],[74.6875,13.4103],[74.6809,13.4682],[74.6908,13.4391],[74.6937,13.4153],[74.7083,13.413],[74.7019,13.4204],[74.7014,13.4614],[74.6771,13.5268],[74.678,13.5491],[74.6714,13.6039],[74.6735,13.6191],[74.668,13.6251],[74.6667,13.6328],[74.6729,13.6289],[74.6771,13.6303],[74.6809,13.647],[74.6872,13.647],[74.6968,13.6404],[74.71,13.6406],[74.7356,13.6538],[74.7206,13.6523],[74.7129,13.6562],[74.7014,13.6737],[74.6883,13.6859],[74.689,13.6909],[74.7014,13.6948],[74.6878,13.7118],[74.676,13.7011],[74.6605,13.6601],[74.647,13.6921],[74.6231,13.7742],[74.6146,13.8355],[74.596,13.8715],[74.584,13.9039],[74.5047,14.0102],[74.4954,14.0306],[74.4954,14.0715],[74.4749,14.1057],[74.4732,14.1617],[74.4675,14.1814],[74.4387,14.2201],[74.429,14.2404],[74.4334,14.2634],[74.447,14.254],[74.471,14.2487],[74.495,14.2475],[74.509,14.2503],[74.5,14.258],[74.4277,14.2838],[74.4154,14.3011],[74.4126,14.3448],[74.397,14.3727],[74.3942,14.4108],[74.3919,14.419],[74.3816,14.4312],[74.3743,14.4673],[74.3539,14.5051],[74.3519,14.5302],[74.367,14.5124],[74.3888,14.4627],[74.4072,14.462],[74.3976,14.4754],[74.4011,14.4797],[74.4277,14.4763],[74.3854,14.5241],[74.3724,14.5302],[74.3792,14.5446],[74.3683,14.5497],[74.3587,14.5446],[74.3555,14.5571],[74.3587,14.5712],[74.3429,14.5637],[74.3429,14.5369],[74.339,14.524],[74.3249,14.5172],[74.3098,14.5194],[74.3005,14.5274],[74.3036,14.5377],[74.2959,14.565],[74.2952,14.5873],[74.3074,14.6019],[74.339,14.6059],[74.339,14.6128],[74.3239,14.6186],[74.2871,14.6059],[74.2759,14.6102],[74.2681,14.6199],[74.2669,14.6313],[74.2762,14.6401],[74.2692,14.6589],[74.2632,14.7016],[74.2529,14.7189],[74.2341,14.7341],[74.2205,14.7381],[74.2088,14.7318],[74.1943,14.7158],[74.1738,14.7499],[74.1533,14.7499],[74.1458,14.7636],[74.1113,14.7803],[74.0964,14.7934],[74.0913,14.8114],[74.1091,14.8026],[74.114,14.8084],[74.1143,14.8209],[74.1187,14.8319],[74.1288,14.8375],[74.1405,14.8388],[74.1515,14.8351],[74.1595,14.8257],[74.179,14.8563],[74.1907,14.8631],[74.208,14.8666],[74.2269,14.8627],[74.2331,14.8646],[74.2352,14.8765],[74.2112,14.8874],[74.208,14.9008],[74.1975,14.8909],[74.1662,14.8765],[74.1541,14.8621],[74.1409,14.8527],[74.125,14.8459],[74.1118,14.8462],[74.103,14.8569],[74.0912,14.8876],[74.036,14.9213],[74.0303,14.9352],[74.036,14.9796],[74.0313,14.9953],[73.9958,15.0107],[73.973,15.0569],[73.9644,15.0646],[73.9131,15.0789],[73.929,15.1206],[73.937,15.1304],[73.9583,15.1431],[73.9622,15.152],[73.9541,15.1683],[73.9473,15.1608],[73.8913,15.3432],[73.8826,15.3553],[73.8274,15.3652],[73.8104,15.3776],[73.7829,15.4079],[73.8394,15.404],[73.8601,15.4079],[73.8849,15.398],[73.8996,15.4079],[73.9334,15.3954],[73.9453,15.3857],[73.9541,15.3663],[73.9678,15.3738],[73.937,15.4113],[73.9276,15.4174],[73.8859,15.4352],[73.8586,15.4352],[73.8416,15.4489],[73.8062,15.4522],[73.7964,15.4489],[73.7952,15.4608],[73.8005,15.475],[73.8176,15.4966],[73.8722,15.5109],[73.8595,15.5211],[73.866,15.5314],[73.866,15.5376],[73.7964,15.5004],[73.7864,15.4922],[73.7663,15.4973],[73.7512,15.5131],[73.7561,15.5376],[73.7368,15.5717],[73.7371,15.5985],[73.7466,15.6084],[73.7487,15.6168],[73.7604,15.632],[73.8381,15.6543],[73.8381,15.6611],[73.801,15.6619],[73.7839,15.6591],[73.7766,15.6509],[73.7283,15.6196],[73.7183,15.6271],[73.707,15.6437],[73.6979,15.6628],[73.6859,15.7043],[73.6868,15.7131],[73.7009,15.7232],[73.656,15.7303],[73.6463,15.7369],[73.6436,15.7491],[73.6463,15.7921],[73.6388,15.8172],[73.6047,15.8808],[73.5876,15.9029],[73.529,15.9492],[73.5101,15.9676],[73.491,15.9935],[73.4873,16.0142],[73.516,16.0174],[73.516,16.0248],[73.4993,16.0243],[73.4839,16.0282],[73.4725,16.0364],[73.4649,16.0517],[73.4504,16.0589],[73.447,16.0689],[73.4607,16.0863],[73.4607,16.1447],[73.4634,16.1596],[73.488,16.1894],[73.465,16.1823],[73.4528,16.1666],[73.448,16.1433],[73.447,16.1136],[73.4402,16.162],[73.4402,16.2023],[73.4352,16.2178],[73.4308,16.2187],[73.426,16.2152],[73.4197,16.2167],[73.4136,16.2239],[73.3787,16.3327],[73.3787,16.3569],[73.3582,16.3675],[73.3594,16.3806],[73.3644,16.3893],[73.3849,16.4016],[73.3521,16.4181],[73.3413,16.4321],[73.334,16.4682],[73.3192,16.5098],[73.3138,16.5183],[73.3058,16.5227],[73.303,16.533],[73.3037,16.5556],[73.3073,16.5632],[73.344,16.5236],[73.3557,16.5194],[73.3787,16.5183],[73.3623,16.5255],[73.3508,16.5382],[73.3713,16.5593],[73.354,16.5596],[73.3364,16.5656],[73.3228,16.5762],[73.3146,16.5994],[73.3235,16.6064],[73.3582,16.6207],[73.3584,16.6039],[73.363,16.5968],[73.3687,16.599],[73.3713,16.6102],[73.3665,16.6281],[73.3543,16.6347],[73.3389,16.6317],[73.3235,16.6207],[73.3122,16.6447],[73.3125,16.6584],[73.3215,16.6708],[73.3235,16.6791],[73.3216,16.6925],[73.3003,16.7132],[73.2896,16.7402],[73.2953,16.7681],[73.3045,16.7935],[73.3037,16.8131],[73.2969,16.8057],[73.2866,16.8209],[73.2747,16.8488],[73.2694,16.8756],[73.2796,16.8876],[73.2694,16.9292],[73.2705,16.945],[73.2749,16.9586],[73.2894,16.9838],[73.2624,16.997],[73.2546,17.0067],[73.2627,17.0185],[73.2512,17.0322],[73.2515,17.0424],[73.259,17.0441],[73.2694,17.0316],[73.2774,17.0547],[73.2757,17.0786],[73.2674,17.1014],[73.2551,17.121],[73.262,17.135],[73.2606,17.1505],[73.2362,17.1992],[73.236,17.2206],[73.218,17.2532],[73.2149,17.2687],[73.1931,17.294],[73.187,17.306],[73.2035,17.2987],[73.2312,17.2793],[73.249,17.2849],[73.2347,17.3023],[73.2074,17.3537],[73.196,17.3694],[73.1706,17.3897],[73.1653,17.413],[73.1854,17.4419],[73.1734,17.4574],[73.1807,17.4777],[73.1655,17.5034],[73.1317,17.5394],[73.126,17.5565],[73.1279,17.5647],[73.1634,17.5695],[73.2007,17.5865],[73.1859,17.5925],[73.1541,17.5956],[73.1392,17.6008],[73.1282,17.6116],[73.1213,17.6264],[73.1203,17.642],[73.1261,17.6554],[73.1105,17.6757],[73.1055,17.6889],[73.1082,17.6998],[73.1232,17.7233],[73.1233,17.7358],[73.1099,17.7583],[73.1066,17.7855],[73.1013,17.7963],[73.0794,17.8246],[73.0737,17.8571],[73.0652,17.8784],[73.0186,17.9517],[73.0171,17.9721],[73.0354,17.9918],[73.0189,17.9925],[73.0086,18.0002],[73.0052,18.0124],[73.0088,18.0259],[73.0195,18.0359],[73.0422,18.049],[73.0435,18.067],[73.0227,18.0577],[73.0088,18.039],[73.0011,18.0521],[72.9873,18.0666],[72.981,18.0806],[72.9867,18.0877],[72.9881,18.096],[72.9761,18.1186],[72.9673,18.196],[72.9548,18.2175],[72.9269,18.2239],[72.94,18.2513],[72.9348,18.2579],[72.9333,18.2666],[72.94,18.286],[72.9531,18.2813],[72.9645,18.255],[72.9727,18.2447],[73.0125,18.2432],[73.0324,18.2379],[73.051,18.2275],[73.0635,18.2104],[73.0476,18.2012],[73.0476,18.1888],[73.0575,18.1856],[73.0715,18.2041],[73.074,18.2242],[73.0653,18.2576],[73.0715,18.273],[73.057,18.281],[73.0125,18.2792],[72.9949,18.2836],[72.9774,18.2951],[72.968,18.3106],[72.9748,18.3276],[72.9588,18.3281],[72.9509,18.333],[72.9336,18.3549],[72.9279,18.3576],[72.9173,18.3564],[72.9126,18.3612],[72.9098,18.3681],[72.9126,18.3856],[72.9102,18.3992],[72.8972,18.4173],[72.8897,18.4413],[72.8914,18.4809],[72.8958,18.503],[72.9072,18.5236],[72.9247,18.5356],[72.9468,18.5324],[72.9611,18.5177],[72.9902,18.47],[73.0088,18.4505],[73.015,18.47],[72.9888,18.4899],[72.9779,18.5241],[72.9603,18.5547],[72.9502,18.5604],[72.9212,18.5549],[72.9102,18.559],[72.9058,18.5771],[72.8822,18.6355],[72.8645,18.6489],[72.8553,18.6811],[72.8517,18.7197],[72.8524,18.7699],[72.8569,18.7862],[72.8656,18.7994],[72.8792,18.8074],[72.8871,18.807],[72.902,18.7995],[72.9126,18.8],[72.9269,18.8266],[72.9748,18.7795],[72.9663,18.7614],[72.9696,18.747],[72.9806,18.7368],[72.9951,18.731],[72.988,18.7539],[72.9917,18.7794],[73.0025,18.8015],[73.0163,18.8136],[72.988,18.8249],[72.9813,18.8327],[72.9748,18.8483],[72.9817,18.8715],[72.9778,18.875],[72.967,18.8721],[72.9617,18.8651],[72.9461,18.8583],[72.9163,18.8705],[72.8968,18.8945],[72.9126,18.9235],[72.9281,18.9114],[72.9346,18.9208],[72.9368,18.9474],[72.9492,18.9515],[72.9772,18.9484],[72.9883,18.9644],[72.9536,18.9644],[72.9536,18.9713],[72.9683,18.9726],[72.992,18.9825],[73.0466,18.9952],[73.0568,19.0153],[73.0398,19.0175],[73.0119,19.0094],[72.9883,18.9986],[72.9836,19.0104],[72.9878,19.0369],[72.981,19.0464],[72.9919,19.0672],[72.9857,19.0743],[72.9738,19.0786],[72.9673,19.091],[72.9748,19.1631],[72.9673,19.1631],[72.95,19.1279],[72.9356,19.1151],[72.9339,19.0803],[72.9269,19.0668],[72.9434,19.0551],[72.9343,19.0341],[72.8914,18.9918],[72.8853,19.0259],[72.8693,19.0114],[72.8511,18.9871],[72.8363,18.9591],[72.8276,18.9184],[72.8213,18.9033],[72.8125,18.8974],[72.8027,18.9098],[72.802,18.9205],[72.8074,18.9428],[72.8027,18.9576],[72.7959,18.9576],[72.7883,18.9465],[72.7754,18.9365],[72.7704,18.9482],[72.7959,18.9849],[72.8024,18.9997],[72.8049,19.0111],[72.8027,19.0402],[72.8171,19.0327],[72.8242,19.0535],[72.8213,19.0632],[72.8096,19.0668],[72.822,19.0971],[72.8231,19.1085],[72.8096,19.1463],[72.8122,19.1537],[72.8224,19.1638],[72.8231,19.1693],[72.818,19.1754],[72.8112,19.1755],[72.8052,19.1718],[72.7996,19.1569],[72.7922,19.1505],[72.7849,19.1504],[72.7816,19.1597],[72.8025,19.2116],[72.8301,19.2524],[72.8151,19.2536],[72.7894,19.2174],[72.7754,19.2047],[72.7722,19.2651],[72.7756,19.299],[72.7854,19.3139],[72.8394,19.3191],[72.867,19.3168],[72.8855,19.296],[72.9006,19.2908],[72.9303,19.2866],[72.9597,19.2948],[72.9727,19.2937],[72.9883,19.2791],[73.0105,19.2243],[73.0266,19.2055],[73.0497,19.2177],[73.03,19.2277],[73.0291,19.2593],[73.0125,19.2724],[72.9878,19.3007],[72.971,19.307],[72.9168,19.3034],[72.8989,19.307],[72.8553,19.3395],[72.8369,19.348],[72.8185,19.3303],[72.8021,19.3319],[72.7876,19.3452],[72.7634,19.3802],[72.7482,19.4442],[72.7468,19.468],[72.7544,19.4818],[72.7692,19.4905],[72.8792,19.5324],[72.8567,19.5413],[72.8159,19.5285],[72.7959,19.5268],[72.7813,19.5366],[72.7707,19.5661],[72.742,19.5808],[72.7345,19.5808],[72.7407,19.5607],[72.7398,19.5527],[72.7345,19.5466],[72.7549,19.527],[72.7556,19.5194],[72.7492,19.5126],[72.7415,19.516],[72.7225,19.5363],[72.7108,19.5876],[72.718,19.6067],[72.7096,19.65],[72.6867,19.7248],[72.7,19.7142],[72.7078,19.6975],[72.7264,19.7058],[72.7264,19.7152],[72.7186,19.7279],[72.714,19.7458],[72.7173,19.7515],[72.7313,19.7546],[72.7345,19.7626],[72.7328,19.7797],[72.7283,19.7936],[72.6901,19.749],[72.6779,19.7466],[72.6758,19.7641],[72.6799,19.8005],[72.6501,19.842],[72.6492,19.852],[72.6592,19.8664],[72.6642,19.8816],[72.6662,19.9166],[72.6628,19.9418],[72.6652,19.9529],[72.6843,19.964],[72.7034,19.9976],[72.7078,20.0128],[72.7078,20.0711],[72.7103,20.0829],[72.7283,20.1295],[72.7376,20.1843],[72.7523,20.2038],[72.7556,20.2152],[72.7536,20.2182],[72.7444,20.2194],[72.742,20.225],[72.742,20.2456],[72.7482,20.2803],[72.7775,20.3301],[72.7816,20.3523],[72.7868,20.3522],[72.7982,20.3593],[72.8171,20.3759],[72.8208,20.3861],[72.8231,20.4168],[72.8294,20.4379],[72.84,20.4587],[72.8792,20.5124],[72.8865,20.5316],[72.8914,20.5751],[72.8853,20.6192],[72.8884,20.6285],[72.9026,20.6419],[72.9094,20.6987],[72.908,20.7183],[72.8989,20.7322],[72.9403,20.7594],[72.9468,20.7595],[72.945,20.77],[72.9194,20.7874],[72.9191,20.7956],[72.925,20.8106],[72.9194,20.8215],[72.9002,20.7991],[72.8858,20.8071],[72.8801,20.8299],[72.8884,20.852],[72.9004,20.8681],[72.8938,20.8701],[72.8812,20.8657],[72.8369,20.8358],[72.8459,20.8518],[72.8543,20.8872],[72.8649,20.8973],[72.8367,20.9299],[72.8565,20.948],[72.8865,20.9621],[72.8884,20.9826],[72.8327,20.9724],[72.8231,20.9826],[72.8161,20.999],[72.8084,21.004],[72.7876,21.0069],[72.772,21.0239],[72.7669,21.0386],[72.7839,21.0404],[72.8231,21.0338],[72.845,21.0383],[72.8499,21.048],[72.8096,21.13],[72.7996,21.1288],[72.7556,21.1096],[72.742,21.1232],[72.7356,21.1107],[72.7345,21.0925],[72.7302,21.0878],[72.7004,21.0748],[72.7058,21.1064],[72.7287,21.1481],[72.714,21.1641],[72.7066,21.1577],[72.6867,21.1581],[72.6764,21.1536],[72.6727,21.1457],[72.6712,21.0998],[72.6587,21.0976],[72.6379,21.0854],[72.6296,21.088],[72.615,21.1059],[72.6155,21.1198],[72.6304,21.136],[72.6935,21.1785],[72.7118,21.194],[72.721,21.1988],[72.7345,21.1989],[72.7236,21.2091],[72.6877,21.2204],[72.6732,21.2391],[72.647,21.2536],[72.6458,21.2734],[72.6184,21.2529],[72.6061,21.2666],[72.6021,21.2777],[72.5979,21.3076],[72.5868,21.3412],[72.5905,21.3485],[72.6385,21.3572],[72.6458,21.3628],[72.6387,21.3712],[72.5941,21.3628],[72.5789,21.367],[72.5676,21.3764],[72.5646,21.3858],[72.6351,21.4075],[72.6729,21.4281],[72.7283,21.4658],[72.7471,21.4529],[72.7526,21.4636],[72.7485,21.4796],[72.7383,21.4829],[72.6833,21.4658],[72.665,21.4572],[72.6125,21.4219],[72.5837,21.4174],[72.6196,21.4874],[72.6511,21.507],[72.6901,21.5407],[72.7039,21.5484],[72.7268,21.5532],[72.7511,21.5651],[72.7732,21.5805],[72.7891,21.5955],[72.8104,21.6351],[72.8231,21.6439],[72.834,21.6445],[72.8716,21.6365],[72.8897,21.6405],[72.9356,21.6584],[72.9653,21.6788],[73.0225,21.6986],[73.085,21.7297],[73.117,21.7373],[73.127,21.7468],[73.132,21.7578],[73.1261,21.7668],[73.1188,21.7647],[73.084,21.7464],[73.0466,21.7333],[73.0225,21.716],[72.9915,21.7084],[72.9502,21.6892],[72.9269,21.685],[72.8582,21.695],[72.8403,21.6884],[72.8192,21.675],[72.7981,21.6735],[72.7556,21.685],[72.7332,21.6875],[72.6764,21.6781],[72.6161,21.6855],[72.5503,21.6667],[72.5347,21.6729],[72.5285,21.6951],[72.5321,21.7139],[72.5501,21.7519],[72.5563,21.7743],[72.5628,21.8394],[72.5669,21.8494],[72.5855,21.8589],[72.5988,21.881],[72.6184,21.9251],[72.634,21.9375],[72.6521,21.9411],[72.6901,21.9388],[72.7023,21.9476],[72.714,21.983],[72.7345,21.9866],[72.7345,21.994],[72.7199,21.9963],[72.7078,21.994],[72.7009,21.9889],[72.6935,21.9723],[72.6231,21.9666],[72.6027,21.9436],[72.5818,21.9282],[72.5586,21.9153],[72.5427,21.9108],[72.5334,21.9203],[72.5071,21.9623],[72.5017,21.976],[72.5222,22.0543],[72.5195,22.0884],[72.53,22.1075],[72.5359,22.1405],[72.5422,22.1567],[72.5755,22.1945],[72.5905,22.205],[72.6141,22.2117],[72.6345,22.2104],[72.6524,22.2023],[72.6819,22.1816],[72.7078,22.1858],[72.7293,22.1774],[72.7482,22.164],[72.7902,22.2172],[72.8123,22.2341],[72.8474,22.2404],[72.8651,22.2335],[72.8811,22.2204],[72.8972,22.213],[72.916,22.2231],[72.9221,22.2365],[72.9227,22.2546],[72.9175,22.2714],[72.9058,22.2814],[72.8997,22.2692],[72.8861,22.2624],[72.8695,22.2624],[72.8386,22.2766],[72.8182,22.2734],[72.7566,22.2437],[72.7266,22.2489],[72.6594,22.2739],[72.625,22.2714],[72.6066,22.2838],[72.5737,22.2882],[72.5531,22.2825],[72.5212,22.2531],[72.5017,22.2404],[72.4662,22.2326],[72.457,22.2367],[72.4548,22.2453],[72.467,22.2558],[72.4639,22.264],[72.4487,22.2668],[72.4137,22.2463],[72.3919,22.2535],[72.381,22.2899],[72.3804,22.3124],[72.3882,22.3223],[72.405,22.333],[72.4081,22.3535],[72.3972,22.3668],[72.3713,22.3559],[72.361,22.3435],[72.3405,22.3032],[72.3283,22.2607],[72.3091,22.2572],[72.2883,22.2613],[72.2752,22.2603],[72.2632,22.2764],[72.2647,22.2952],[72.2404,22.3019],[72.2234,22.3032],[72.2085,22.3004],[72.2009,22.2914],[72.2063,22.2739],[72.1618,22.281],[72.1488,22.2779],[72.166,22.2603],[72.1907,22.2513],[72.2092,22.2594],[72.2404,22.2882],[72.2461,22.2756],[72.2341,22.2436],[72.2391,22.2389],[72.2683,22.2268],[72.3065,22.2296],[72.3172,22.1849],[72.3076,22.079],[72.2957,22.0512],[72.2918,22.0534],[72.2752,22.0275],[72.2577,22.0122],[72.2373,22.007],[72.221,22.011],[72.2165,22.0078],[72.2144,21.994],[72.2063,21.994],[72.1999,22.007],[72.1952,22.0036],[72.1864,21.9866],[72.1731,21.9757],[72.1634,21.9732],[72.1517,21.9939],[72.1343,22.0046],[72.1138,22.0106],[72.097,22.007],[72.1193,21.9936],[72.1281,21.9835],[72.1248,21.9723],[72.1149,21.9694],[72.0765,21.9797],[72.1045,21.9592],[72.1021,21.9451],[72.0962,21.943],[72.0733,21.9545],[72.0552,21.9535],[72.0384,21.9476],[72.0287,21.9388],[72.0876,21.9197],[72.1045,21.9177],[72.1565,21.9258],[72.1454,21.9177],[72.1454,21.9108],[72.1592,21.9046],[72.1524,21.8979],[72.1698,21.8904],[72.16,21.8659],[72.1626,21.8529],[72.1694,21.8414],[72.1619,21.8392],[72.1309,21.8463],[72.1113,21.8699],[72.0985,21.8805],[72.0776,21.8944],[72.058,21.8987],[72.0493,21.8804],[72.0529,21.8765],[72.0803,21.8699],[72.0864,21.8656],[72.1045,21.8358],[72.0868,21.8303],[72.0628,21.8344],[72.0042,21.8577],[71.9973,21.8549],[71.9946,21.8395],[71.9961,21.7995],[72.0015,21.7879],[72.0054,21.793],[72.0218,21.801],[72.0218,21.7743],[72.0549,21.7856],[72.0739,21.7887],[72.1032,21.7752],[72.1174,21.7766],[72.166,21.7939],[72.1711,21.791],[72.177,21.7667],[72.1958,21.7578],[72.2024,21.7481],[72.2144,21.7128],[72.2238,21.7006],[72.2404,21.6917],[72.2717,21.6909],[72.2783,21.6719],[72.2957,21.6539],[72.2988,21.6263],[72.2957,21.616],[72.2752,21.5955],[72.2422,21.4808],[72.2199,21.4447],[72.1668,21.3921],[72.1516,21.3602],[72.1161,21.3227],[72.1045,21.315],[72.1115,21.2961],[72.1078,21.29],[72.097,21.2877],[72.1025,21.2744],[72.0908,21.2529],[72.1045,21.2222],[72.1047,21.2051],[72.0908,21.1915],[72.0667,21.1813],[72.055,21.1684],[71.9907,21.1364],[71.9724,21.1323],[71.9263,21.13],[71.8062,21.0621],[71.7886,21.0475],[71.763,21.0323],[71.7437,21.0276],[71.7176,21.032],[71.6834,21.0115],[71.64,20.9968],[71.5835,20.9582],[71.5496,20.9512],[71.5573,20.966],[71.5693,20.9792],[71.5511,20.9736],[71.4934,20.9291],[71.4844,20.9171],[71.4807,20.9004],[71.4623,20.8853],[71.3781,20.8594],[71.3186,20.8493],[71.1406,20.7657],[71.117,20.7669],[71.1101,20.7595],[71.0955,20.7637],[71.0623,20.739],[71.0242,20.7445],[71.0077,20.7416],[71.0008,20.7222],[70.9824,20.7102],[70.8402,20.7019],[70.8197,20.7029],[70.8016,20.7091],[70.7746,20.7274],[70.7402,20.7185],[70.6986,20.7464],[70.5415,20.8078],[70.4841,20.8439],[70.4631,20.8489],[70.4514,20.8559],[70.417,20.8904],[70.3988,20.9035],[70.3367,20.9271],[70.3,20.9586],[70.2635,20.9804],[70.1522,21.0785],[70.0544,21.1532],[69.9583,21.2733],[69.9116,21.315],[69.845,21.3896],[69.8147,21.4337],[69.8086,21.4658],[69.7887,21.4693],[69.7564,21.4904],[69.6297,21.616],[69.5682,21.6501],[69.5198,21.7048],[69.4994,21.7202],[69.4785,21.7526],[69.4463,21.7663],[69.4274,21.7812],[69.3977,21.8153],[69.3918,21.8322],[69.3952,21.8613],[69.3909,21.8767],[69.3678,21.8561],[69.3555,21.8532],[69.3362,21.8625],[69.2439,21.9459],[69.1984,21.9797],[69.1506,22.0412],[69.103,22.0764],[69.0921,22.0996],[69.0482,22.1579],[69.0125,22.1856],[68.9942,22.2039],[68.9805,22.2355],[68.9533,22.276],[68.9446,22.2951],[68.944,22.3183],[68.9606,22.3495],[68.9676,22.3872],[68.9832,22.4194],[69.0075,22.4432],[69.0475,22.464],[69.0736,22.4819],[69.0814,22.4805],[69.0852,22.4729],[69.0823,22.4595],[69.0745,22.4494],[69.056,22.4418],[69.0482,22.4316],[69.0623,22.4077],[69.0718,22.3995],[69.0886,22.3969],[69.0974,22.3989],[69.1227,22.4111],[69.147,22.4049],[69.1546,22.4077],[69.1786,22.4276],[69.1882,22.4264],[69.2022,22.4149],[69.2057,22.3987],[69.1821,22.3664],[69.1853,22.3497],[69.1697,22.3279],[69.1738,22.3083],[69.1904,22.2923],[69.2121,22.2814],[69.2121,22.2739],[69.2865,22.2846],[69.3357,22.3061],[69.3464,22.3249],[69.3599,22.3292],[69.4354,22.3304],[69.4797,22.3422],[69.5027,22.3723],[69.5199,22.3776],[69.5256,22.3921],[69.5137,22.4316],[69.516,22.4481],[69.5308,22.4461],[69.541,22.4521],[69.5479,22.4521],[69.5598,22.4115],[69.5617,22.3916],[69.5547,22.3776],[69.569,22.3706],[69.6011,22.3638],[69.6161,22.3559],[69.6199,22.371],[69.6297,22.3838],[69.6404,22.376],[69.6472,22.3804],[69.6694,22.4092],[69.6747,22.4111],[69.6994,22.4043],[69.709,22.4189],[69.7334,22.48],[69.7949,22.4186],[69.807,22.421],[69.8223,22.4521],[69.8333,22.4638],[69.8418,22.4664],[69.8638,22.4658],[69.8848,22.4736],[69.9053,22.4864],[69.9621,22.5353],[69.973,22.5414],[69.9963,22.5414],[70.0208,22.5551],[70.0591,22.5584],[70.1447,22.5478],[70.1785,22.562],[70.1897,22.5778],[70.2073,22.615],[70.2349,22.6489],[70.2673,22.706],[70.3191,22.7783],[70.3233,22.7877],[70.3225,22.8227],[70.3429,22.8432],[70.3753,22.9027],[70.4046,22.9195],[70.4369,22.9549],[70.4534,22.9666],[70.4863,22.9637],[70.4976,22.97],[70.5047,22.9796],[70.5272,23.0236],[70.5285,23.0471],[70.5237,23.0704],[70.5149,23.0895],[70.5029,23.1044],[70.4842,23.1221],[70.4671,23.1297],[70.4596,23.114],[70.4509,23.1057],[70.4107,23.086],[70.3988,23.069],[70.4011,23.0454],[70.411,23.0232],[70.4019,22.9993],[70.4038,22.9819],[70.4016,22.9538],[70.3988,22.9455],[70.3924,22.9409],[70.3635,22.9387],[70.3467,22.9313],[70.3257,22.945],[70.3191,22.9455],[70.3035,22.9381],[70.2918,22.953],[70.2693,22.9586],[70.2497,22.9875],[70.2331,23.0001],[70.2319,22.9749],[70.222,22.9592],[70.2041,22.9522],[70.1785,22.953],[70.1631,22.949],[70.1475,22.9661],[70.1291,22.9693],[70.125,22.976],[70.1306,22.994],[70.1095,22.9592],[70.1323,22.9411],[70.1354,22.93],[70.1201,22.925],[70.0618,22.9182],[69.9969,22.8938],[69.9407,22.8861],[69.8843,22.8678],[69.8332,22.8585],[69.7801,22.8275],[69.7601,22.8083],[69.7289,22.7548],[69.7158,22.7469],[69.6538,22.7605],[69.5857,22.7612],[69.5757,22.7643],[69.557,22.7785],[69.5444,22.7817],[69.5,22.7817],[69.4722,22.7947],[69.4247,22.8043],[69.4059,22.8137],[69.3726,22.819],[69.3381,22.8331],[69.2388,22.8419],[69.2019,22.8522],[69.1356,22.8884],[69.0399,22.9505],[68.8662,23.02],[68.6913,23.1305],[68.6541,23.1578],[68.6506,23.1621],[68.6497,23.1809],[68.6226,23.1916],[68.6091,23.2068],[68.5999,23.225],[68.5957,23.2404],[68.6094,23.2267],[68.6201,23.2454],[68.6231,23.2676],[68.6053,23.2596],[68.5778,23.2553],[68.5523,23.2597],[68.541,23.2782],[68.561,23.3161],[68.5991,23.3223],[68.6069,23.3256],[68.603,23.3328],[68.5921,23.3401],[68.5711,23.3464],[68.561,23.3639],[68.541,23.357],[68.5207,23.3692],[68.5151,23.377],[68.5151,23.3993],[68.5208,23.4075],[68.5296,23.4119],[68.541,23.4117],[68.5364,23.4213],[68.5301,23.4257],[68.5221,23.4248],[68.5132,23.4185],[68.5015,23.4233],[68.4905,23.4093],[68.4754,23.4049],[68.4626,23.4091],[68.4588,23.4198],[68.4655,23.4458],[68.4404,23.4343],[68.4309,23.4366],[68.4237,23.4458],[68.4474,23.4875],[68.4656,23.5053],[68.4859,23.5141],[68.4813,23.5251],[68.468,23.5198],[68.4587,23.5215],[68.4373,23.5488],[68.4474,23.5163],[68.447,23.503],[68.4312,23.4936],[68.4116,23.4947],[68.4061,23.5087],[68.4108,23.5488],[68.405,23.5976],[68.4089,23.6213],[68.4275,23.6314],[68.4715,23.6186],[68.4915,23.6188],[68.4927,23.6376],[68.4862,23.6414],[68.4688,23.6408],[68.4655,23.6553],[68.4694,23.6592],[68.4889,23.6648],[68.5047,23.6742],[68.5335,23.6792],[68.5547,23.7065],[68.5835,23.7353],[68.6017,23.7487],[68.6379,23.7615],[68.6546,23.7991],[68.6707,23.8157],[68.6802,23.8178],[68.7156,23.8157],[68.7256,23.8189],[68.7451,23.8331],[68.7688,23.8411],[68.8216,23.8784],[68.8057,23.8844],[68.78,23.8741],[68.7669,23.8784],[68.7402,23.8535],[68.7178,23.841],[68.6335,23.8331],[68.6231,23.8244],[68.6094,23.7952],[68.5989,23.7819],[68.5877,23.7757],[68.5547,23.7685],[68.51,23.7441],[68.4728,23.7375],[68.4497,23.7233],[68.4277,23.7143],[68.4108,23.7005],[68.342,23.624],[68.3516,23.6178],[68.353,23.6107],[68.3489,23.6034],[68.3273,23.5869],[68.3176,23.5861],[68.2941,23.5904],[68.2308,23.5881],[68.1814,23.5941],[68.1574,23.6008],[68.1434,23.6127],[68.1501,23.6314],[68.1743,23.6314],[68.1782,23.6343],[68.1843,23.6519],[68.1981,23.6591],[68.2093,23.6627],[68.2201,23.6592],[68.2327,23.645],[68.2451,23.6591],[68.2759,23.6658],[68.2804,23.686],[68.259,23.6747],[68.241,23.674],[68.2249,23.6819],[68.2088,23.6962],[68.1975,23.7145],[68.1978,23.7748],[68.1681,23.7475],[68.1637,23.7577],[68.166,23.7732],[68.1756,23.7982],[68.1831,23.8435],[68.1575,23.9051],[68.1575,23.8642],[68.1706,23.8399],[68.1668,23.82],[68.1487,23.7809],[68.1433,23.7611],[68.1442,23.7432],[68.1548,23.7143],[68.1575,23.6962],[68.1491,23.6945],[68.1022,23.7338],[68.0989,23.7093],[68.0817,23.7087],[68.0628,23.7231],[68.0539,23.7437],[68.057,23.751],[68.0744,23.7648],[68.0733,23.7834],[68.0817,23.8057],[68.0882,23.8095],[68.1022,23.8095],[68.1022,23.8157],[68.0725,23.8419],[68.0594,23.8619],[68.0539,23.8847],[68.0637,23.9232],[68.0477,23.9212],[68.0135,23.9393],[68.0415,23.8522],[68.0539,23.8294],[68.0244,23.7746],[68.0135,23.7685],[68.008,23.7742],[67.9993,23.8058],[67.9942,23.8112],[67.9832,23.8096],[67.9719,23.8021],[67.9509,23.8089],[67.9417,23.8159],[67.9343,23.833],[67.9099,23.8362],[67.9046,23.8463],[67.9059,23.8593],[67.8999,23.8676],[67.8919,23.8696],[67.8689,23.8505],[67.8645,23.8658],[67.8633,23.9028],[67.8552,23.9119],[67.839,23.8234],[67.8317,23.8095],[67.8026,23.8128],[67.7732,23.8211],[67.7186,23.8437],[67.7307,23.8356],[67.7411,23.8231],[67.7437,23.8088],[67.7323,23.7952],[67.7157,23.7917],[67.6936,23.7934],[67.6566,23.8021],[67.6316,23.8035],[67.6307,23.8248],[67.6429,23.8505],[67.6511,23.907],[67.6566,23.9194],[67.6566,23.9256],[67.652,23.9253],[67.6504,23.9331],[67.638,23.9159],[67.6374,23.8743],[67.6292,23.8567],[67.6145,23.8501],[67.5996,23.8542],[67.5894,23.8665],[67.5884,23.8847],[67.5746,23.8718],[67.5661,23.8765],[67.5581,23.8887],[67.5466,23.8983],[67.5326,23.8992],[67.5301,23.8913],[67.5359,23.88],[67.5466,23.871],[67.4911,23.8831],[67.4785,23.8915],[67.5026,23.8929],[67.5125,23.8983],[67.5405,23.9393],[67.509,23.9232],[67.4989,23.9256],[67.4969,23.9356],[67.5064,23.974],[67.4636,23.982],[67.4512,23.9877],[67.4681,24.022],[67.4782,24.0324],[67.4922,24.028],[67.5199,24.0451],[67.5298,24.0549],[67.5331,24.0703],[67.5098,24.0521],[67.4891,24.0541],[67.4673,24.0642],[67.4407,24.0703],[67.3836,24.0668],[67.354,24.0709],[67.3413,24.0864],[67.3371,24.119],[67.2956,24.1992],[67.2923,24.2619],[67.2791,24.2812],[67.2928,24.303],[67.286,24.3296],[67.3059,24.3428],[67.3364,24.3464],[67.3625,24.3439],[67.3425,24.3538],[67.3254,24.3576],[67.283,24.3576],[67.2717,24.3691],[67.2736,24.3951],[67.2866,24.4395],[67.2736,24.4269],[67.2588,24.4191],[67.2568,24.445],[67.2468,24.468],[67.2109,24.5084],[67.2308,24.5251],[67.2267,24.5324],[67.2041,24.5351],[67.1946,24.5473],[67.1886,24.5613],[67.1836,24.5903],[67.2181,24.5824],[67.2367,24.584],[67.2526,24.5903],[67.209,24.6138],[67.1904,24.6177],[67.1599,24.6123],[67.1521,24.6157],[67.1496,24.6351],[67.157,24.6629],[67.1755,24.6887],[67.2,24.7106],[67.2246,24.727],[67.2529,24.7404],[67.2555,24.748],[67.2451,24.7617],[67.2327,24.7707],[67.176,24.7577],[67.1673,24.7602],[67.156,24.7916],[67.1482,24.7998],[67.1397,24.8033],[67.0999,24.7971],[67.0812,24.8033],[67.0737,24.7958],[67.0825,24.7742],[67.0637,24.7817],[67.023,24.81],[67.0051,24.8135],[66.9873,24.8222],[66.973,24.8332],[66.9651,24.8436],[66.9577,24.8436],[66.9579,24.8254],[66.9651,24.81],[66.9412,24.8126],[66.8821,24.851],[66.8538,24.8522],[66.8025,24.8395],[66.7796,24.851],[66.7693,24.8472],[66.7163,24.8415],[66.6797,24.8306],[66.6541,24.8392],[66.6567,24.8587],[66.677,24.8795],[66.7044,24.892],[66.7044,24.8989],[66.6813,24.9105],[66.6813,24.9489],[66.697,25.0255],[66.6996,25.0853],[66.7044,25.1043],[66.7136,25.1208],[66.7323,25.1433],[66.738,25.1595],[66.7372,25.1811],[66.7214,25.2126],[66.7175,25.2312],[66.7102,25.2392],[66.6741,25.269],[66.6483,25.2832],[66.5952,25.3302],[66.5607,25.3497],[66.5479,25.3656],[66.5537,25.3854],[66.5793,25.3794],[66.5912,25.3996],[66.5871,25.4262],[66.5642,25.4394],[66.5505,25.4571],[66.5417,25.4922],[66.531,25.5181],[66.5127,25.5084],[66.5059,25.522],[66.4928,25.5181],[66.4866,25.5256],[66.4779,25.5493],[66.4441,25.5825],[66.437,25.5977],[66.4121,25.5906],[66.3877,25.5924],[66.3726,25.6039],[66.3755,25.6257],[66.3587,25.6145],[66.3386,25.6081],[66.3032,25.6046],[66.2581,25.612],[66.2398,25.5999],[66.2039,25.5932],[66.1834,25.5816],[66.1672,25.5661],[66.1374,25.5138],[66.1096,25.4954],[66.0944,25.4748],[66.1211,25.4752],[66.2131,25.4914],[66.2415,25.5185],[66.2588,25.5248],[66.2581,25.5431],[66.2791,25.55],[66.3093,25.554],[66.3364,25.5534],[66.3483,25.5462],[66.3527,25.5355],[66.3885,25.522],[66.412,25.4911],[66.4232,25.481],[66.4373,25.4913],[66.4562,25.496],[66.4758,25.4933],[66.4922,25.481],[66.4575,25.4538],[66.4979,25.4305],[66.5116,25.4142],[66.4984,25.3985],[66.4839,25.4005],[66.437,25.4333],[66.3595,25.4652],[66.3119,25.4749],[66.2787,25.4674],[66.2518,25.4729],[66.1592,25.4469],[66.069,25.4462],[66.0046,25.4296],[65.9245,25.4186],[65.8584,25.4175],[65.824,25.4022],[65.8003,25.3958],[65.7654,25.378],[65.7244,25.3712],[65.6716,25.3474],[65.6521,25.3445],[65.6297,25.3469],[65.4881,25.3831],[65.4678,25.3854],[65.4007,25.3667],[65.3823,25.3712],[65.3954,25.3923],[65.3628,25.3906],[65.3362,25.3853],[65.2923,25.365],[65.2598,25.3804],[65.2323,25.3707],[65.2111,25.3478],[65.188,25.311],[65.1802,25.3037],[65.1553,25.2961],[65.0896,25.3056],[65.0588,25.3145],[64.9806,25.3166],[64.9207,25.3271],[64.8897,25.3284],[64.8611,25.3166],[64.8391,25.3253],[64.8073,25.3285],[64.7444,25.324],[64.7185,25.3144],[64.696,25.2976],[64.6786,25.2768],[64.6686,25.2551],[64.6628,25.2291],[64.6633,25.217],[64.6686,25.2067],[64.7092,25.1907],[64.7102,25.1794],[64.655,25.1657],[64.6152,25.1732],[64.6004,25.1732],[64.627,25.2116],[64.6277,25.2285],[64.6106,25.2517],[64.593,25.2613],[64.5654,25.2702],[64.5371,25.2759],[64.5184,25.2756],[64.5066,25.2669],[64.492,25.2457],[64.4393,25.2346],[64.4175,25.2409],[64.3828,25.2715],[64.3607,25.283],[64.3182,25.2923],[64.2658,25.2987],[64.2446,25.3166],[64.1839,25.3187],[64.0945,25.3359],[64.0947,25.3499],[64.1037,25.3679],[64.1069,25.3854],[64.0835,25.4035],[64.0796,25.4162],[64.0838,25.4267],[64.0938,25.4318],[64.1062,25.4333],[64.1409,25.4289],[64.1509,25.4321],[64.1553,25.4469],[64.1507,25.4514],[64.1273,25.4538],[64.0816,25.4438],[64.0565,25.4417],[64.0454,25.4503],[63.9896,25.4254],[63.9766,25.4128],[63.9971,25.4196],[64.0042,25.402],[64.0117,25.3973],[64.0352,25.4162],[64.0488,25.4165],[64.0617,25.3992],[64.0796,25.365],[64.0667,25.3463],[64.0597,25.3445],[63.9871,25.3383],[63.9697,25.3445],[63.9441,25.3349],[63.9066,25.3412],[63.8049,25.375],[63.7378,25.3853],[63.6699,25.3836],[63.6047,25.3744],[63.5725,25.365],[63.5376,25.3445],[63.5105,25.3166],[63.4958,25.2914],[63.4852,25.2843],[63.4695,25.2893],[63.4817,25.2602],[63.5187,25.2209],[63.5117,25.2003],[63.5005,25.1937],[63.4688,25.199],[63.4111,25.2225],[63.377,25.2278],[63.3081,25.2204],[63.2914,25.2228],[63.2442,25.2414],[63.1785,25.258],[63.1441,25.2609],[63.1131,25.2551],[63.051,25.2242],[63.0278,25.2204],[62.9424,25.2278],[62.7705,25.2619],[62.605,25.266],[62.5275,25.2642],[62.4772,25.2591],[62.465,25.2373],[62.4676,25.2235],[62.4894,25.2142],[62.4695,25.2067],[62.4443,25.2139],[62.4138,25.2065],[62.3659,25.1794],[62.3431,25.1555],[62.3362,25.1398],[62.3391,25.1247],[62.352,25.1128],[62.3732,25.1084],[62.3872,25.1016],[62.3811,25.0876],[62.29,25.09],[62.2561,25.0986],[62.2908,25.1247],[62.2993,25.1288],[62.3153,25.1302],[62.3181,25.1418],[62.2975,25.1851],[62.2542,25.212],[62.1918,25.2201],[62.1452,25.2184],[62.08,25.1972],[62.059,25.1616],[62.0731,25.1506],[62.0778,25.1277],[62.0972,25.1071],[62.0756,25.1007],[61.9891,25.1081],[61.9295,25.1096],[61.8811,25.103],[61.8664,25.0754],[61.8574,25.0668],[61.8473,25.0379],[61.8352,25.0384],[61.8149,25.0262],[61.7905,25.0178],[61.7549,25.0135],[61.7296,25.0218],[61.7201,25.0374],[61.7258,25.0589],[61.7359,25.0695],[61.7285,25.0831],[61.7324,25.0916],[61.76,25.1154],[61.7668,25.1457],[61.7801,25.1625],[61.7837,25.1732],[61.7831,25.188],[61.7796,25.1911],[61.7669,25.1862],[61.7495,25.1732],[61.7311,25.1841],[61.7136,25.1881],[61.6942,25.2005],[61.6502,25.2005],[61.6242,25.2044],[61.6124,25.2005],[61.5882,25.2021],[61.5819,25.2167],[61.5798,25.2335],[61.5623,25.2448],[61.5545,25.2541],[61.5447,25.2483],[61.5373,25.2204],[61.5584,25.2005],[61.537,25.2027],[61.5208,25.2086],[61.5042,25.2088],[61.4826,25.1937],[61.5062,25.1868],[61.5242,25.1732],[61.5032,25.1452],[61.4974,25.1254],[61.4895,25.1186],[61.4751,25.1116],[61.4206,25.0969],[61.4351,25.0877],[61.4117,25.0594],[61.2435,25.1119],[61.1851,25.1232],[61.1855,25.1396],[61.1703,25.1644],[61.0306,25.2098],[60.8667,25.2346],[60.7277,25.2644],[60.6335,25.275],[60.617,25.2832],[60.6323,25.2961],[60.6082,25.3276],[60.605,25.3411],[60.6047,25.3972],[60.6016,25.406],[60.5652,25.4386],[60.5497,25.4469],[60.5142,25.4473],[60.4456,25.4282],[60.4285,25.4196],[60.3953,25.3779],[60.402,25.3447],[60.4377,25.3339],[60.4522,25.3174],[60.4413,25.3188],[60.4411,25.3166],[60.4701,25.3031],[60.4672,25.2903],[60.3828,25.3203],[60.3626,25.3306],[60.3192,25.3299],[60.2903,25.3513],[60.304,25.3712],[60.2894,25.3772],[60.2713,25.3796],[60.235,25.378],[60.2015,25.3712],[60.1926,25.362],[60.1926,25.3561],[60.1951,25.3512],[60.216,25.3383],[60.2092,25.3197],[60.182,25.3199],[60.1619,25.332],[60.1167,25.3398],[60.0979,25.3581],[60.082,25.3659],[59.9944,25.3568],[59.9408,25.3549],[59.9038,25.3299],[59.8617,25.3431],[59.8199,25.3792],[59.7749,25.3899],[59.6591,25.3834],[59.614,25.3838],[59.538,25.3997],[59.4904,25.4435],[59.4539,25.4616],[59.1953,25.4229],[59.1384,25.3985],[59.1172,25.3942],[59.1087,25.3957],[59.0941,25.4064],[59.0669,25.3985],[59.044,25.3996],[59.0073,25.4097],[58.9943,25.4196],[58.9481,25.4865],[58.9235,25.5134],[58.8845,25.5295],[58.8496,25.5288],[58.8403,25.5329],[58.8252,25.5604],[58.8137,25.5636],[58.728,25.5636],[58.5464,25.5937],[58.4841,25.5847],[58.4305,25.588],[58.4118,25.596],[58.419,25.612],[58.3576,25.6046],[58.3211,25.5808],[58.3059,25.5773],[58.2956,25.5839],[58.2907,25.5837],[58.271,25.5687],[58.2608,25.5657],[58.252,25.5668],[58.2483,25.5739],[58.2073,25.5493],[58.1704,25.5441],[58.0731,25.5636],[58.0462,25.5749],[58.0242,25.6019],[57.9943,25.6592],[57.9632,25.6932],[57.9253,25.7013],[57.884,25.6916],[57.8435,25.6728],[57.7874,25.6354],[57.7717,25.6356],[57.7759,25.6797],[57.7831,25.6998],[57.7713,25.7305],[57.7556,25.7427],[57.7347,25.7477],[57.7097,25.7485],[57.6318,25.7349],[57.5872,25.7485],[57.5456,25.7418],[57.5207,25.7436],[57.4525,25.7629],[57.46,25.769],[57.3262,25.777],[57.3115,25.7841],[57.3044,25.7998],[57.2987,25.8487],[57.2744,25.8994],[57.2536,25.959],[57.2197,25.995],[57.1986,25.995],[57.1765,26.0635],[57.1668,26.083],[57.1646,26.0949],[57.1709,26.1156],[57.202,26.1462],[57.2129,26.1662],[57.1992,26.1982],[57.1331,26.2637],[57.1384,26.2904],[57.131,26.2966],[57.1253,26.3419],[57.1182,26.3643],[57.1071,26.3823],[57.0879,26.399],[57.0803,26.4154],[57.0763,26.4475],[57.0934,26.5722],[57.09,26.6188],[57.0249,26.851],[57.0112,26.8689],[56.9773,26.8953],[56.9652,26.9111],[56.9665,26.9272],[56.9357,26.9455],[56.9255,26.9551],[56.9401,26.9543],[56.9733,26.9688],[56.9649,26.9757],[56.9636,26.9851],[56.9733,27.003],[56.9324,26.9893],[56.9231,26.9914],[56.8909,27.017],[56.8713,27.0084],[56.8655,27.0119],[56.8635,27.0303],[56.8506,27.0277],[56.8438,27.0329],[56.8441,27.0402],[56.8584,27.0474],[56.8846,27.0706],[56.8846,27.0781],[56.8553,27.0817],[56.8314,27.0961],[56.8152,27.117],[56.8088,27.1396],[56.7972,27.1293],[56.7844,27.1253],[56.7573,27.1252],[56.7424,27.1296],[56.7256,27.1488],[56.7161,27.1531],[56.6123,27.1542],[56.5897,27.1606],[56.5829,27.1531],[56.5586,27.1652],[56.5286,27.1707],[56.4662,27.1737],[56.4365,27.1789],[56.3841,27.1975],[56.353,27.2016],[56.2912,27.1985],[56.2596,27.1912],[56.2152,27.1679],[56.1502,27.1654],[56.1237,27.1606],[56.0989,27.141],[56.0935,27.1256],[56.0804,27.1208],[56.0545,27.1026],[55.9873,27.0664],[55.9393,27.0267],[55.8425,27.0098],[55.7984,27.0098],[55.7873,27.0077],[55.7637,26.9962],[55.7263,26.9962],[55.6848,27.003],[55.6659,26.9954],[55.6323,26.9675],[55.6086,26.9537],[55.5545,26.8999],[55.5689,26.9041],[55.5824,26.9136],[55.5864,26.8891],[55.5804,26.8591],[55.5685,26.8308],[55.5545,26.8105],[55.5217,26.7846],[55.4841,26.7675],[55.4422,26.7599],[55.3973,26.7622],[55.3167,26.7871],[55.2708,26.7925],[55.2329,26.7764],[55.221,26.7574],[55.2156,26.7395],[55.2059,26.7264],[55.1621,26.7191],[55.1033,26.7013],[55.0379,26.6489],[54.9307,26.5727],[54.822,26.5158],[54.8015,26.4982],[54.791,26.4958],[54.7497,26.5089],[54.6638,26.502],[54.62,26.5082],[54.6029,26.531],[54.5906,26.56],[54.5613,26.5847],[54.5166,26.5925],[54.4256,26.5893],[54.3894,26.6051],[54.3714,26.6308],[54.3566,26.6628],[54.3377,26.6934],[54.3081,26.715],[54.2869,26.7187],[54.2476,26.7108],[54.1714,26.7061],[54.1504,26.7082],[54.0537,26.7316],[54.0345,26.7453],[54.0158,26.7495],[53.9951,26.7456],[53.9294,26.718],[53.8835,26.7123],[53.8428,26.7021],[53.8208,26.7013],[53.7761,26.7143],[53.7517,26.7161],[53.7283,26.7047],[53.7161,26.7086],[53.6638,26.7491],[53.5886,26.7888],[53.4915,26.8543],[53.4772,26.8701],[53.4714,26.8896],[53.4691,26.9372],[53.4611,26.9571],[53.4441,26.9757],[53.4121,26.9936],[53.072,27.0969],[53.0287,27.1041],[52.9922,27.147],[52.9326,27.1603],[52.9234,27.1702],[52.9147,27.192],[52.8943,27.2031],[52.8483,27.2153],[52.7678,27.2797],[52.7322,27.3013],[52.6013,27.3529],[52.5807,27.3723],[52.5791,27.3928],[52.5886,27.4055],[52.6052,27.4121],[52.6665,27.4154],[52.679,27.4253],[52.6701,27.4486],[52.6541,27.4609],[52.6135,27.4747],[52.5984,27.4858],[52.5676,27.5407],[52.4925,27.6094],[52.4596,27.6326],[52.4231,27.6466],[52.2449,27.6814],[52.2072,27.6982],[52.0892,27.7954],[52.0526,27.8174],[52.0112,27.8327],[51.9637,27.8384],[51.8943,27.8309],[51.8784,27.8354],[51.8596,27.8459],[51.8239,27.8436],[51.7228,27.8251],[51.6834,27.8306],[51.5851,27.8493],[51.5801,27.8558],[51.5755,27.8728],[51.5703,27.8776],[51.5391,27.8816],[51.4964,27.893],[51.4751,27.9135],[51.4521,27.9475],[51.4282,27.9611],[51.4204,27.9332],[51.3999,27.9317],[51.3803,27.9914],[51.3606,28.0164],[51.3452,28.0527],[51.3075,28.1071],[51.2698,28.1405],[51.2648,28.1605],[51.2869,28.2143],[51.2853,28.2409],[51.2648,28.2705],[51.2176,28.3114],[51.1824,28.3598],[51.1419,28.4008],[51.0807,28.5339],[51.0725,28.5653],[51.0715,28.6927],[51.0588,28.7359],[51.0364,28.7725],[51.0109,28.7991],[50.9787,28.8166],[50.9365,28.8253],[50.896,28.8273],[50.8761,28.832],[50.8677,28.8427],[50.86,28.8625],[50.813,28.9147],[50.8049,28.9336],[50.7988,28.9611],[50.8026,28.9858],[50.8233,28.9966],[50.8428,28.9907],[50.8625,28.9761],[50.8789,28.958],[50.8887,28.9414],[50.8993,28.9494],[50.8934,28.965],[50.8949,28.9761],[50.9222,28.9992],[50.929,29.0097],[50.9324,29.0315],[50.9299,29.0546],[50.9202,29.069],[50.9017,29.0649],[50.8933,29.0939],[50.8866,29.1041],[50.8744,29.1133],[50.8508,29.1055],[50.8472,29.1099],[50.846,29.1269],[50.8403,29.1406],[50.8164,29.1442],[50.7383,29.1401],[50.7202,29.1372],[50.6937,29.1234],[50.6659,29.1264],[50.6438,29.1435],[50.6349,29.1713],[50.6331,29.1955],[50.6358,29.2077],[50.6448,29.2198],[50.6584,29.2499],[50.6675,29.2573],[50.6826,29.2431],[50.6895,29.2908],[50.6799,29.2936],[50.6736,29.2996],[50.6615,29.3188],[50.6686,29.3433],[50.6682,29.3823],[50.6631,29.4219],[50.6553,29.4491],[50.6227,29.4931],[50.6074,29.4995],[50.6069,29.4696],[50.5728,29.518],[50.52,29.556],[50.5046,29.5861],[50.4888,29.6054],[50.4561,29.6341],[50.397,29.6547],[50.3879,29.6651],[50.3816,29.685],[50.3133,29.764],[50.2679,29.8364],[50.2438,29.8668],[50.2251,29.8812],[50.1838,29.9031],[50.1449,29.9381],[50.1384,29.9547],[50.134,29.9835],[50.1497,29.9852],[50.1533,29.991],[50.1475,29.9982],[50.134,30.0041],[50.1448,30.0379],[50.1218,30.0945],[50.1277,30.1207],[50.1136,30.1303],[50.0979,30.1485],[50.0847,30.1689],[50.0734,30.1957],[50.0588,30.2046],[50.0241,30.2163],[49.9883,30.2199],[49.951,30.215],[49.9146,30.2039],[49.6008,30.0301],[49.5645,30.0168],[49.5322,30.0229],[49.5041,30.0587],[49.5012,30.1201],[49.4934,30.1374],[49.4798,30.1561],[49.4593,30.1652],[49.4282,30.1685],[49.384,30.1617],[49.3728,30.1638],[49.3499,30.1753],[49.3293,30.1723],[49.2918,30.1585],[49.2713,30.1549],[49.2451,30.1565],[49.2357,30.1651],[49.2371,30.2064],[49.216,30.2238],[49.216,30.2442],[49.2217,30.2582],[49.2212,30.2646],[49.2092,30.2715],[49.2034,30.2545],[49.1929,30.2377],[49.1785,30.2259],[49.1614,30.2238],[49.1433,30.2335],[49.124,30.2564],[49.1067,30.2578],[49.0835,30.2648],[49.0173,30.2983],[49.0037,30.3094],[48.9971,30.3416],[48.9795,30.3618],[48.9533,30.3735],[48.9212,30.3808],[48.9318,30.3972],[48.9486,30.4011],[48.9894,30.395],[49.0108,30.3959],[49.062,30.4081],[49.0824,30.4038],[49.1234,30.3851],[49.1597,30.3789],[49.1764,30.3727],[49.2029,30.3466],[49.2277,30.3892],[49.2572,30.4219],[49.2629,30.4326],[49.2638,30.4497],[49.2432,30.446],[49.2283,30.4544],[49.219,30.4698],[49.2112,30.5063],[49.1994,30.5016],[49.1682,30.477],[49.1697,30.4897],[49.1751,30.4975],[49.1668,30.5088],[49.134,30.4975],[49.117,30.5149],[49.1101,30.518],[49.0894,30.5111],[49.0344,30.5193],[49.0173,30.5111],[48.9815,30.5156],[48.953,30.5002],[48.9456,30.4797],[48.9727,30.4695],[49.0044,30.464],[49.0295,30.4503],[49.0373,30.4325],[49.0173,30.4149],[48.9465,30.4216],[48.9348,30.4186],[48.8801,30.3746],[48.8674,30.3581],[48.8623,30.3456],[48.8737,30.3367],[48.8596,30.3162],[48.867,30.2947],[48.9212,30.2504],[48.936,30.2101],[48.9417,30.1651],[48.928,30.1207],[48.9348,30.0797],[48.9286,30.06],[48.9153,30.0422],[48.8972,30.0294],[48.8767,30.0245],[48.8088,30.0314],[48.7914,30.0245],[48.772,30.0324],[48.702,30.0319],[48.6595,30.0522],[48.6433,30.0554],[48.6406,30.0381],[48.6589,30.0073],[48.6616,29.9935],[48.6587,29.9836],[48.6514,29.975],[48.6338,29.963],[48.6109,29.957],[48.5374,29.963],[48.5374,29.9699],[48.5321,29.9638],[48.5308,29.9562],[48.5549,29.9565],[48.5593,29.9466],[48.5469,29.9347],[48.5205,29.9289],[48.4119,29.9384],[48.3355,29.9614],[48.2996,29.9845],[48.2647,29.994],[48.2092,30.0245],[48.1658,30.0375],[48.1192,30.045],[48.0763,30.0456],[48.0383,30.0369],[47.969,30.0041],[47.9517,30.0883],[47.9348,30.1071],[47.9471,30.0745],[47.9485,30.0623],[47.9409,30.0265],[47.9485,30.0176],[47.948,29.994],[47.9753,29.9426],[47.9797,29.9215],[47.9795,29.8843],[47.9827,29.8607],[47.9956,29.8277],[48.0217,29.7797],[48.0524,29.743],[48.0789,29.744],[48.096,29.6992],[48.1192,29.6545],[48.1613,29.6016],[48.1809,29.5622],[48.1768,29.5419],[48.1545,29.5391],[48.1135,29.5546],[48.0925,29.5658],[48.0859,29.575],[48.0239,29.5848],[47.9655,29.5763],[47.9106,29.5318],[47.8493,29.502],[47.807,29.4676],[47.7639,29.4129],[47.7184,29.3942],[47.7142,29.3785],[47.7047,29.3636],[47.727,29.3619],[47.7917,29.3725],[47.8373,29.3875],[47.8512,29.3802],[47.8226,29.3634],[47.8227,29.3514],[47.8164,29.3376],[47.8409,29.3229],[47.8579,29.323],[47.8992,29.3352],[47.9054,29.3593],[47.9202,29.3649],[47.9393,29.3594],[47.9594,29.3724],[47.9699,29.3872],[47.9857,29.3938],[48.0105,29.3665],[48.0252,29.3549],[48.0633,29.3434],[48.1003,29.35],[48.0921,29.2872],[48.0954,29.2577],[48.1061,29.2135],[48.1147,29.1933],[48.1284,29.1739],[48.1338,29.1536],[48.1585,29.0173],[48.176,28.9838],[48.2259,28.9183],[48.241,28.9057],[48.2795,28.8944],[48.2824,28.8794],[48.2769,28.8396],[48.2852,28.8199],[48.3125,28.786],[48.3288,28.76],[48.3523,28.7512],[48.3936,28.7434],[48.3838,28.728],[48.3796,28.7104],[48.3807,28.6921],[48.3867,28.6751],[48.3662,28.6887],[48.366,28.6757],[48.3799,28.6677],[48.3677,28.6567],[48.3595,28.6614],[48.3527,28.6614],[48.3518,28.6405],[48.361,28.6356],[48.3747,28.6417],[48.3867,28.654],[48.3936,28.5956],[48.4053,28.5699],[48.4564,28.5185],[48.4946,28.5001],[48.4985,28.4929],[48.5077,28.4492],[48.5078,28.4157],[48.499,28.3934],[48.4761,28.4008],[48.4688,28.3871],[48.4883,28.3859],[48.5049,28.3896],[48.5173,28.399],[48.5239,28.4145],[48.5355,28.4076],[48.5349,28.3987],[48.5239,28.3803],[48.5178,28.3542],[48.5171,28.3424],[48.5222,28.3188],[48.5349,28.2988],[48.6184,28.2173],[48.6235,28.2053],[48.6091,28.1861],[48.6017,28.1674],[48.6008,28.1478],[48.6065,28.1265],[48.6548,28.0616],[48.6521,28.0461],[48.702,28.024],[48.7471,28.024],[48.792,28.007],[48.7845,27.9892],[48.7781,27.9866],[48.764,27.9892],[48.7468,27.9816],[48.7424,27.9752],[48.7437,27.9613],[48.7533,27.948],[48.7733,27.9298],[48.7962,27.9136],[48.8147,27.9067],[48.8152,27.9022],[48.8377,27.8723],[48.8779,27.8368],[48.8827,27.8267],[48.8738,27.8066],[48.8734,27.7821],[48.8767,27.777],[48.8745,27.7699],[48.8528,27.7375],[48.8392,27.7286],[48.8477,27.7487],[48.8455,27.7733],[48.8485,27.7873],[48.8576,27.8035],[48.8529,27.8179],[48.8381,27.804],[48.8218,27.7668],[48.805,27.7565],[48.8234,27.7996],[48.8255,27.8111],[48.8206,27.83],[48.8125,27.8286],[48.804,27.815],[48.7852,27.7447],[48.7845,27.7286],[48.7788,27.7195],[48.78,27.7141],[48.7914,27.7149],[48.7969,27.7197],[48.804,27.7365],[48.8113,27.7428],[48.8113,27.6982],[48.8153,27.6876],[48.8246,27.689],[48.834,27.6975],[48.8392,27.7081],[48.8462,27.6971],[48.8455,27.6671],[48.8581,27.6628],[48.8677,27.6678],[48.8801,27.6876],[48.8805,27.6703],[48.8733,27.6597],[48.8782,27.6506],[48.8771,27.6445],[48.8596,27.6404],[48.8733,27.6125],[48.849,27.6234],[48.8389,27.6232],[48.8318,27.6125],[48.8528,27.6046],[48.8708,27.6056],[48.8848,27.6151],[48.8938,27.633],[48.9006,27.633],[48.9075,27.6187],[48.8953,27.6077],[48.8911,27.5881],[48.8967,27.572],[48.9143,27.5715],[48.9216,27.5788],[48.9095,27.5927],[48.9075,27.5994],[48.9153,27.6086],[48.926,27.6138],[48.9685,27.6203],[48.9817,27.6146],[49.0173,27.5852],[49.0542,27.5683],[49.064,27.5563],[49.0447,27.5442],[49.0589,27.5382],[49.0716,27.5395],[49.0776,27.5465],[49.072,27.5578],[49.1063,27.5469],[49.1443,27.5442],[49.1785,27.5578],[49.2398,27.5451],[49.2551,27.5324],[49.2781,27.5032],[49.2991,27.4899],[49.3053,27.4821],[49.3128,27.4486],[49.3001,27.4481],[49.2927,27.4529],[49.2899,27.4623],[49.2918,27.4753],[49.2849,27.4753],[49.2639,27.4529],[49.2088,27.4581],[49.1892,27.4411],[49.1819,27.4411],[49.1751,27.4583],[49.1577,27.4585],[49.1198,27.4411],[49.1614,27.4269],[49.1831,27.4111],[49.1955,27.4064],[49.207,27.3952],[49.2295,27.4118],[49.2402,27.4272],[49.2638,27.4139],[49.2568,27.4001],[49.2375,27.3881],[49.2297,27.3797],[49.2234,27.3313],[49.2458,27.3394],[49.2674,27.3552],[49.2788,27.3588],[49.3128,27.345],[49.3049,27.3255],[49.319,27.2664],[49.3171,27.2237],[49.3226,27.2057],[49.3395,27.2078],[49.3384,27.1896],[49.3452,27.1828],[49.356,27.185],[49.3669,27.1942],[49.3618,27.2091],[49.3709,27.2187],[49.3864,27.2196],[49.4009,27.2078],[49.4071,27.2153],[49.4124,27.204],[49.3975,27.1626],[49.3888,27.1593],[49.3669,27.1606],[49.3748,27.1491],[49.3991,27.1447],[49.4071,27.1327],[49.4172,27.1381],[49.4351,27.1668],[49.4359,27.1623],[49.4419,27.1606],[49.4319,27.1428],[49.4402,27.1398],[49.4657,27.147],[49.4813,27.1444],[49.5083,27.134],[49.5244,27.1327],[49.4973,27.1591],[49.4891,27.1748],[49.5041,27.1879],[49.5164,27.1884],[49.5349,27.1762],[49.5449,27.1737],[49.5527,27.1767],[49.5721,27.1942],[49.5594,27.154],[49.5586,27.1396],[49.5701,27.1041],[49.5755,27.0986],[49.5942,27.0907],[49.6125,27.072],[49.6702,26.9909],[49.6995,26.9582],[49.7367,26.9409],[49.7708,26.9136],[49.833,26.888],[49.8718,26.8625],[49.9421,26.8583],[49.973,26.8424],[50.002,26.817],[50.052,26.7559],[50.0691,26.7286],[50.1419,26.6813],[50.1585,26.6649],[50.1619,26.6392],[50.1167,26.6754],[50.0925,26.6891],[50.0379,26.6952],[50.0237,26.6995],[50.014,26.7108],[50.0064,26.7476],[49.9976,26.7414],[49.9885,26.7244],[49.9837,26.7082],[49.9832,26.6837],[49.9865,26.6728],[50.0064,26.6486],[50.0022,26.5874],[50.0037,26.5707],[50.0306,26.4946],[50.0418,26.4785],[50.0583,26.4639],[50.0765,26.4538],[50.1623,26.4271],[50.1916,26.4036],[50.2092,26.3695],[50.2166,26.3239],[50.216,26.2151],[50.2123,26.1913],[50.202,26.1714],[50.1824,26.1601],[50.1819,26.1755],[50.1741,26.1807],[50.1634,26.1772],[50.1546,26.1662],[50.161,26.1411],[50.1584,26.1025],[50.1414,26.036],[50.1258,26.0465],[50.1214,26.0607],[50.1203,26.0912],[50.1133,26.1033],[50.0868,26.1253],[50.0736,26.1315],[50.0716,26.1592],[50.0657,26.1737],[50.0457,26.1945],[50.0324,26.2011],[50.021,26.1977],[49.9949,26.1522],[49.9758,26.1396],[49.981,26.1261],[49.9973,26.1082],[50.0088,26.0865],[50.0104,26.0769],[49.9932,26.0681],[49.99,26.0605],[49.9969,26.0173],[49.99,26.0018],[50.0068,25.9965],[50.021,26.0045],[50.0282,26.0195],[50.0241,26.036],[50.0337,26.0334],[50.052,26.0154],[50.0646,26.0134],[50.0669,25.9963],[50.1013,25.9895],[50.1115,25.976],[50.1167,25.9582],[50.1277,25.9404],[50.1277,25.9335],[50.1078,25.9147],[50.1183,25.8679],[50.1419,25.8161],[50.1619,25.7827],[50.222,25.7174],[50.2472,25.6794],[50.2575,25.6319],[50.2512,25.6319],[50.2337,25.6795],[50.2267,25.6872],[50.2146,25.6896],[50.1875,25.7036],[50.175,25.7204],[50.1592,25.7318],[50.1447,25.7333],[50.1414,25.7138],[50.1487,25.6999],[50.1743,25.683],[50.1824,25.6728],[50.1892,25.6872],[50.1961,25.6872],[50.2341,25.6152],[50.348,25.4821],[50.3743,25.4612],[50.362,25.503],[50.3814,25.5129],[50.3859,25.5106],[50.39,25.4887],[50.4021,25.478],[50.4102,25.4641],[50.4629,25.4469],[50.4715,25.4372],[50.4909,25.3923],[50.4834,25.3854],[50.4956,25.3701],[50.5204,25.3148],[50.5251,25.2927],[50.5176,25.2449],[50.5198,25.2321],[50.5491,25.1748],[50.5516,25.1595],[50.5454,25.1186],[50.5535,25.0779],[50.5622,25.0548],[50.5728,25.0429],[50.5804,25.0622],[50.6063,25.0427],[50.6448,24.9951],[50.6616,24.98],[50.6814,24.9139],[50.7066,24.8989],[50.7264,24.8817],[50.735,24.8434],[50.7373,24.7822],[50.75,24.7531],[50.7606,24.7364],[50.7713,24.727],[50.7861,24.7272],[50.8079,24.7466],[50.8267,24.7487],[50.8528,24.77],[50.8596,24.7956],[50.8511,24.8908],[50.8428,24.9161],[50.8,24.9888],[50.7966,25.0036],[50.8074,25.0316],[50.8086,25.0692],[50.8024,25.077],[50.7757,25.0919],[50.7684,25.1258],[50.7669,25.1626],[50.7578,25.1862],[50.765,25.2043],[50.7578,25.2694],[50.7658,25.3236],[50.7651,25.3445],[50.751,25.4196],[50.7625,25.4627],[50.7638,25.4824],[50.751,25.4947],[50.778,25.527],[50.7971,25.5299],[50.8085,25.5172],[50.8116,25.4989],[50.8205,25.4913],[50.8205,25.4718],[50.8472,25.4674],[50.8313,25.5078],[50.8279,25.5251],[50.8267,25.5431],[50.8329,25.5785],[50.8267,25.5909],[50.8185,25.5958],[50.785,25.6046],[50.7964,25.6173],[50.8235,25.6221],[50.8369,25.6288],[50.8506,25.653],[50.8572,25.6508],[50.8635,25.6414],[50.8709,25.6393],[50.8761,25.6318],[50.8677,25.5878],[50.8687,25.5596],[50.8767,25.5406],[50.8887,25.5295],[50.9007,25.5349],[50.9048,25.5871],[50.9092,25.5977],[50.9206,25.6083],[50.9357,25.5983],[50.9496,25.5977],[50.9559,25.6047],[50.9775,25.6461],[50.9499,25.6365],[50.9243,25.6323],[50.9032,25.6401],[50.8887,25.6667],[50.8875,25.6809],[50.8949,25.7281],[50.9092,25.7451],[50.9017,25.7595],[50.9017,25.7895],[50.9155,25.7864],[50.9236,25.8052],[50.9329,25.8106],[50.9397,25.8072],[50.9456,25.7985],[50.9496,25.7753],[50.9637,25.7839],[50.973,25.7975],[50.9759,25.8138],[50.9707,25.8305],[50.9639,25.8237],[50.9494,25.838],[50.9512,25.8593],[50.9773,25.9164],[50.9815,25.9359],[50.9842,25.9814],[50.9956,25.9728],[50.9985,25.967],[51.0047,25.967],[51.0274,26.0269],[51.0474,26.053],[51.1331,26.0821],[51.1419,26.0878],[51.1472,26.1031],[51.1706,26.1246],[51.1761,26.1396],[51.1943,26.1335],[51.2149,26.1393],[51.2512,26.1601],[51.3307,26.1212],[51.3469,26.1049],[51.3472,26.039],[51.3577,26.0297],[51.3766,26.0229],[51.3825,26.0062],[51.3835,25.9856],[51.3884,25.967],[51.404,25.9541],[51.4243,25.9509],[51.4675,25.954],[51.492,25.9519],[51.512,25.9461],[51.5461,25.9261],[51.5703,25.8984],[51.5775,25.8808],[51.5947,25.7719],[51.5945,25.7582],[51.5916,25.7466],[51.5835,25.7418],[51.5776,25.7451],[51.572,25.7595],[51.5633,25.7629],[51.5554,25.7587],[51.5446,25.7374],[51.5461,25.7281],[51.555,25.7206],[51.5636,25.7216],[51.574,25.7349],[51.5901,25.7119],[51.5768,25.6887],[51.5568,25.6816],[51.5529,25.7076],[51.5051,25.6872],[51.5349,25.6732],[51.5471,25.6632],[51.5529,25.653],[51.5495,25.6312],[51.5359,25.6224],[51.5051,25.612],[51.4914,25.6182],[51.4937,25.5658],[51.4914,25.5493],[51.4719,25.5214],[51.4743,25.5121],[51.511,25.4543],[51.5169,25.4402],[51.5188,25.4262],[51.512,25.3302],[51.5132,25.3083],[51.5188,25.2971],[51.5313,25.2922],[51.59,25.2838],[51.5991,25.2749],[51.6076,25.2551],[51.6146,25.2198],[51.6165,25.1372],[51.6057,25.0342],[51.611,25.0224],[51.6023,25.0138],[51.5869,24.9534],[51.5741,24.9344],[51.5394,24.8989],[51.5288,24.8744],[51.5051,24.8641],[51.5003,24.8554],[51.4728,24.7594],[51.4675,24.7487],[51.4558,24.7407],[51.4436,24.6798],[51.4304,24.6645],[51.3815,24.6351],[51.3761,24.6119],[51.3406,24.5699],[51.3289,24.5848],[51.3469,24.6351],[51.3391,24.6462],[51.3211,24.6482],[51.286,24.645],[51.2844,24.6625],[51.2781,24.663],[51.2546,24.6518],[51.237,24.6501],[51.221,24.6442],[51.2126,24.6337],[51.2176,24.6177],[51.2688,24.6245],[51.2952,24.6026],[51.3064,24.6108],[51.3063,24.5941],[51.3024,24.5866],[51.2903,24.5785],[51.2922,24.5678],[51.2996,24.5562],[51.2966,24.5219],[51.3024,24.5172],[51.3201,24.5227],[51.3337,24.532],[51.3611,24.5761],[51.388,24.5971],[51.3958,24.6083],[51.3953,24.6313],[51.41,24.6243],[51.4439,24.6197],[51.4553,24.5942],[51.4831,24.5922],[51.4983,24.5836],[51.4983,24.5761],[51.4437,24.5548],[51.4362,24.5388],[51.4323,24.5388],[51.4095,24.5159],[51.3953,24.4879],[51.3362,24.4479],[51.3269,24.4361],[51.3064,24.406],[51.2996,24.3644],[51.2997,24.3463],[51.2804,24.3436],[51.2786,24.3405],[51.2788,24.3078],[51.2822,24.303],[51.345,24.2978],[51.3678,24.303],[51.3978,24.3215],[51.4129,24.3235],[51.479,24.3109],[51.4969,24.2983],[51.5261,24.2683],[51.5693,24.2562],[51.5907,24.2844],[51.5916,24.3286],[51.574,24.3644],[51.5938,24.3849],[51.6024,24.3679],[51.6238,24.3393],[51.6279,24.3197],[51.6279,24.262],[51.6345,24.2269],[51.6487,24.2186],[51.6629,24.2328],[51.6726,24.2781],[51.6893,24.2347],[51.7007,24.2219],[51.7183,24.2231],[51.7236,24.2278],[51.7249,24.2326],[51.7209,24.2347],[51.7401,24.2775],[51.7588,24.2905],[51.7795,24.262],[51.7822,24.2404],[51.772,24.1763],[51.7734,24.1532],[51.7857,24.1037],[51.7878,24.0486],[51.7992,24.0184],[51.8094,24.0007],[51.8333,23.9949],[51.8818,23.9939],[51.8936,23.9904],[51.9287,23.9647],[51.9364,23.9647],[51.9391,23.9692],[51.9334,23.9771],[51.9314,23.988],[51.9529,23.9909],[52.0169,23.9897],[52.0239,23.9879],[52.0364,23.9771],[52.0674,23.9634],[52.1179,23.9709],[52.1356,23.9665],[52.1455,23.972],[52.1555,23.9665],[52.1711,23.9734],[52.2244,23.974],[52.241,23.9796],[52.2791,24.0014],[52.3278,24.0039],[52.3411,24.0075],[52.3781,24.038],[52.4281,24.0526],[52.4442,24.0627],[52.4566,24.0847],[52.487,24.0966],[52.5325,24.1318],[52.5746,24.1521],[52.5807,24.1994],[52.6003,24.2095],[52.6184,24.2037],[52.6341,24.1899],[52.6701,24.1447],[52.6813,24.1408],[52.6886,24.1486],[52.6974,24.1522],[52.7201,24.1515],[52.7827,24.1379],[52.8276,24.1522],[52.8392,24.152],[52.862,24.1447],[52.9471,24.1379],[52.9922,24.1522],[52.9969,24.1559],[52.9998,24.1657],[53.0059,24.1658],[53.0488,24.13],[53.0672,24.1219],[53.1072,24.1379],[53.1465,24.1213],[53.1634,24.1248],[53.1497,24.1322],[53.1424,24.1658],[53.1653,24.1703],[53.1916,24.1594],[53.2156,24.1415],[53.2318,24.1248],[53.2456,24.1042],[53.2538,24.0988],[53.3091,24.0958],[53.4458,24.1198],[53.4788,24.0937],[53.5078,24.0915],[53.5193,24.0969],[53.5374,24.0843],[53.5574,24.0764],[53.5744,24.0544],[53.5813,24.0485],[53.5896,24.0471],[53.6121,24.049],[53.6292,24.057],[53.657,24.0485],[53.7028,24.0705],[53.7321,24.0627],[53.8538,24.062],[53.8789,24.0648],[53.8898,24.0733],[53.9512,24.1037],[54.0143,24.1133],[54.0342,24.1227],[54.0552,24.1264],[54.0816,24.1379],[54.1226,24.1447],[54.1537,24.1653],[54.1701,24.1811],[54.1771,24.1962],[54.187,24.2036],[54.2528,24.2211],[54.3059,24.2568],[54.315,24.2582],[54.323,24.2707],[54.342,24.2698],[54.3826,24.2546],[54.3901,24.2659],[54.4273,24.2921],[54.446,24.3161],[54.4856,24.3883],[54.48,24.4134],[54.4832,24.4251],[54.4993,24.4327],[54.4856,24.4395],[54.4856,24.447],[54.5011,24.4456],[54.5257,24.4352],[54.5403,24.4327],[54.5339,24.4453],[54.5169,24.4624],[54.5134,24.4743],[54.5586,24.4577],[54.5681,24.447],[54.5744,24.447],[54.5713,24.4733],[54.5525,24.4816],[54.4993,24.4879],[54.4407,24.5239],[54.4173,24.529],[54.4173,24.5351],[54.4417,24.5457],[54.4519,24.5565],[54.457,24.5419],[54.4651,24.5351],[54.4624,24.5454],[54.4658,24.5543],[54.4788,24.5699],[54.4856,24.5699],[54.4935,24.5423],[54.5129,24.5153],[54.5374,24.4984],[54.5613,24.5016],[54.5403,24.5159],[54.5818,24.5084],[54.5989,24.529],[54.6364,24.5978],[54.6198,24.6043],[54.6122,24.6132],[54.6159,24.6212],[54.633,24.6245],[54.6434,24.6306],[54.6521,24.6584],[54.6706,24.6661],[54.6706,24.6723],[54.6619,24.6781],[54.6502,24.7139],[54.6555,24.7211],[54.6405,24.7326],[54.6433,24.7487],[54.6525,24.758],[54.6917,24.7822],[54.707,24.8039],[54.7394,24.7896],[54.7542,24.7924],[54.7686,24.8015],[54.7736,24.8148],[54.76,24.8306],[54.8688,24.8887],[54.9681,24.9586],[55.0059,24.9699],[55.05,24.9934],[55.0446,25.0139],[55.0776,25.0202],[55.0823,25.0168],[55.1569,25.0967],[55.259,25.2153],[55.2642,25.2312],[55.2634,25.2449],[55.2824,25.2607],[55.2984,25.2585],[55.3133,25.2389],[55.3184,25.2253],[55.3142,25.2121],[55.3011,25.1937],[55.3289,25.2015],[55.3342,25.2192],[55.3265,25.2412],[55.3037,25.283],[55.3394,25.3214],[55.3482,25.3248],[55.3633,25.324],[55.3587,25.3366],[55.3594,25.3486],[55.3655,25.3586],[55.377,25.365],[55.3871,25.3571],[55.4072,25.3727],[55.439,25.4128],[55.4452,25.4128],[55.4496,25.4006],[55.4553,25.3999],[55.4657,25.4196],[55.4725,25.4128],[55.4861,25.4499],[55.4956,25.4661],[55.5066,25.4748],[55.4942,25.4808],[55.5134,25.5089],[55.5247,25.5426],[55.5357,25.5624],[55.551,25.5786],[55.5681,25.5847],[55.5422,25.5425],[55.5482,25.5295],[55.5637,25.5237],[55.6263,25.5363],[55.6326,25.5442],[55.6569,25.5977],[55.6834,25.6235],[55.6995,25.6347],[55.7339,25.6468],[55.7595,25.6797],[55.7705,25.6872],[55.7922,25.692],[55.8035,25.6974],[55.8128,25.7065],[55.8425,25.7138],[55.8781,25.7401],[55.9325,25.8026],[55.9597,25.8237],[55.9372,25.7767],[55.9413,25.7707],[55.9485,25.7689],[55.9523,25.7721],[55.966,25.8342],[55.9723,25.8428],[56.0144,25.8789],[56.0308,25.9009],[56.0369,25.9151],[56.041,25.9335],[56.0342,25.9335],[56.0247,25.9164],[56.0076,25.9069],[56.0337,25.9464],[56.0553,25.9888],[56.0915,26.1065],[56.1577,26.2011],[56.1818,26.246],[56.1919,26.2551],[56.2083,26.2631],[56.2083,26.244],[56.2199,26.2277],[56.2124,26.2078],[56.2199,26.2078],[56.2295,26.2168],[56.2555,26.2181],[56.2669,26.2275],[56.28,26.2231],[56.2918,26.2119],[56.2949,26.1942],[56.3019,26.2053],[56.3174,26.2006],[56.3291,26.2011],[56.3563,26.2191],[56.367,26.2215],[56.3975,26.2139],[56.4041,26.2147],[56.4069,26.2231],[56.3945,26.2392],[56.3678,26.2441],[56.3557,26.2434],[56.3469,26.2386],[56.3313,26.2235],[56.3196,26.2179],[56.3084,26.2215],[56.3159,26.2904],[56.3452,26.2692],[56.3584,26.265],[56.3638,26.2795],[56.3478,26.2974],[56.3223,26.3096],[56.3265,26.3189],[56.344,26.3239],[56.3563,26.3376],[56.3618,26.3495],[56.3605,26.3713],[56.3638,26.386],[56.37,26.386],[56.3836,26.3587],[56.4041,26.3723],[56.4116,26.3649],[56.4065,26.3548],[56.4116,26.345],[56.4211,26.3521],[56.439,26.3376],[56.4622,26.3319],[56.4873,26.3314],[56.4798,26.3519],[56.501,26.3587],[56.5111,26.3335],[56.509,26.3237],[56.4696,26.3239],[56.4528,26.3183],[56.4063,26.2849],[56.4072,26.2791],[56.3986,26.2687],[56.4323,26.2394],[56.4458,26.2352],[56.4653,26.2473],[56.4762,26.2492],[56.4873,26.2352],[56.4688,26.2055],[56.4596,26.2021],[56.4533,26.2215],[56.432,26.2215],[56.4369,26.2053],[56.432,26.1942],[56.4446,26.1824],[56.4729,26.164],[56.4798,26.1458],[56.4574,26.1484],[56.439,26.1601],[56.4246,26.1538],[56.4124,26.1584],[56.405,26.1706],[56.4041,26.1868],[56.3775,26.1737],[56.3789,26.1925],[56.3911,26.2011],[56.3684,26.2045],[56.3436,26.1914],[56.3288,26.1728],[56.3359,26.1601],[56.3309,26.1493],[56.3298,26.1371],[56.3359,26.1116],[56.3447,26.1318],[56.353,26.1426],[56.3638,26.1458],[56.3701,26.1395],[56.3711,26.1278],[56.3638,26.1049],[56.3833,26.0975],[56.473,26.0986],[56.4644,26.0854],[56.4492,26.0736],[56.4183,26.0571],[56.3892,26.0471],[56.3801,26.0382],[56.3836,26.0223],[56.4089,26.0344],[56.4229,26.0231],[56.4234,26.0046],[56.4004,25.9905],[56.4221,25.9566],[56.4533,25.9472],[56.4426,25.9393],[56.439,25.9261],[56.4079,25.9374],[56.3933,25.9359],[56.3836,25.9261],[56.3994,25.9023],[56.3926,25.8804],[56.3638,25.838],[56.3638,25.8069],[56.344,25.7895],[56.3163,25.7496],[56.3018,25.7418],[56.3018,25.7629],[56.2879,25.7416],[56.2738,25.7091],[56.2666,25.6726],[56.2791,25.6274],[56.3003,25.6162],[56.34,25.6046],[56.348,25.5931],[56.37,25.5257],[56.3638,25.4333],[56.3683,25.3963],[56.3592,25.3764],[56.3602,25.3673],[56.3825,25.3268],[56.3836,25.3135],[56.366,25.2092],[56.362,25.0573],[56.4054,24.8973],[56.4696,24.7753],[56.4803,24.7651],[56.4935,24.7002],[56.6112,24.4963],[56.6356,24.4714],[56.6921,24.4252],[56.8014,24.303],[56.8231,24.2711],[56.8411,24.2238],[56.9395,24.1159],[57.1515,23.9536],[57.1843,23.9343],[57.3263,23.884],[57.5096,23.8391],[57.5864,23.8074],[57.6452,23.7904],[57.6868,23.7834],[57.7774,23.786],[57.7957,23.7822],[57.8244,23.7476],[57.835,23.7401],[57.8592,23.7341],[57.8877,23.7209],[57.9128,23.7178],[58.0431,23.7246],[58.0868,23.7221],[58.1316,23.7133],[58.2274,23.6791],[58.2824,23.6314],[58.3172,23.6209],[58.3635,23.6155],[58.412,23.6162],[58.453,23.624],[58.4749,23.6315],[58.4837,23.6381],[58.4909,23.6566],[58.5842,23.647],[58.6045,23.6376],[58.6333,23.5853],[58.659,23.5625],[58.6803,23.5625],[58.6946,23.5514],[58.7069,23.5351],[58.7144,23.5351],[58.7206,23.5488],[58.728,23.5284],[58.7349,23.5284],[58.741,23.5421],[58.7495,23.5364],[58.7621,23.5421],[58.7861,23.5121],[58.793,23.4957],[58.7894,23.4806],[58.7974,23.4668],[58.8076,23.4211],[58.8206,23.4018],[58.8792,23.3513],[58.9152,23.3361],[58.9295,23.3181],[58.9465,23.2751],[58.9562,23.2594],[58.9865,23.2325],[59.0017,23.2124],[59.0101,23.1533],[59.0737,23.0932],[59.0879,23.0484],[59.1205,23.0228],[59.1737,22.994],[59.2075,22.9704],[59.2323,22.943],[59.25,22.912],[59.2975,22.7927],[59.3157,22.7795],[59.3518,22.7612],[59.3916,22.7022],[59.3972,22.6861],[59.4107,22.6708],[59.4525,22.6341],[59.4839,22.6188],[59.5068,22.6001],[59.5355,22.5831],[59.5365,22.5726],[59.5304,22.5701],[59.5156,22.5756],[59.5158,22.5615],[59.5231,22.5551],[59.5498,22.5551],[59.6268,22.5798],[59.6535,22.5697],[59.6939,22.5414],[59.7212,22.5414],[59.7285,22.521],[59.728,22.5076],[59.7398,22.4978],[59.759,22.4936],[59.7625,22.4986],[59.7415,22.5247],[59.7458,22.5382],[59.7764,22.5414],[59.8032,22.5347],[59.8249,22.5089],[59.8394,22.4753],[59.8446,22.4453],[59.8249,22.2814],[59.8118,22.2374],[59.7918,22.1981],[59.7347,22.1231],[59.6882,22.0827],[59.6807,22.0651],[59.678,22.0419],[59.6597,21.994],[59.655,21.9457],[59.6453,21.9258],[59.6056,21.9102],[59.5934,21.8928],[59.577,21.8563],[59.4979,21.7563],[59.4676,21.6664],[59.4486,21.6249],[59.355,21.4857],[59.3442,21.4447],[59.3362,21.4377],[59.1953,21.3791],[59.1663,21.3628],[59.0544,21.2771],[58.9192,21.1437],[58.8781,21.0838],[58.8543,21.0656],[58.8386,21.0445],[58.8079,20.9908],[58.7988,20.936],[58.793,20.9274],[58.7349,20.883],[58.739,20.8623],[58.7222,20.848],[58.6803,20.8284],[58.6738,20.8082],[58.659,20.7908],[58.6677,20.7723],[58.6865,20.7595],[58.7013,20.766],[58.7293,20.7868],[58.728,20.7669],[58.7181,20.7536],[58.6999,20.7408],[58.6818,20.7359],[58.6727,20.7464],[58.6665,20.7464],[58.6533,20.7053],[58.6454,20.6911],[58.6045,20.6633],[58.5918,20.6439],[58.5808,20.6185],[58.5733,20.5906],[58.5705,20.5643],[58.5451,20.5164],[58.5313,20.4814],[58.5325,20.4653],[58.5269,20.4577],[58.5186,20.4168],[58.4836,20.4042],[58.4741,20.3964],[58.4675,20.3695],[58.4458,20.3586],[58.4177,20.3596],[58.3591,20.3816],[58.3138,20.3808],[58.2756,20.3685],[58.2787,20.3774],[58.2845,20.382],[58.2796,20.3848],[58.2243,20.3964],[58.2029,20.4047],[58.2005,20.4244],[58.2134,20.4653],[58.2132,20.4527],[58.2173,20.4416],[58.2346,20.4237],[58.2385,20.4438],[58.2283,20.4888],[58.2513,20.5292],[58.2616,20.5581],[58.2642,20.5876],[58.2551,20.6093],[58.2349,20.6157],[58.2057,20.6133],[58.1763,20.6047],[58.1442,20.5852],[58.1035,20.5751],[58.0908,20.5668],[58.0845,20.5581],[58.0672,20.5111],[58.0666,20.4998],[58.0759,20.48],[58.0676,20.4725],[58.0308,20.4619],[57.9944,20.4423],[57.9707,20.4212],[57.9558,20.3996],[57.9534,20.3864],[57.9566,20.3769],[57.9707,20.3619],[57.9739,20.3523],[57.9666,20.3302],[57.9487,20.3176],[57.905,20.3008],[57.8884,20.2907],[57.8705,20.277],[57.8561,20.2606],[57.8449,20.2312],[57.8237,20.2011],[57.823,20.1767],[57.842,20.1361],[57.848,20.1118],[57.8317,20.0753],[57.8163,20.0207],[57.8136,19.977],[57.7904,19.924],[57.7737,19.8679],[57.7621,19.843],[57.6989,19.7544],[57.6892,19.7282],[57.6934,19.6975],[57.7168,19.6668],[57.72,19.6531],[57.7189,19.608],[57.7066,19.5688],[57.7044,19.5487],[57.7118,19.5295],[57.7603,19.4541],[57.7678,19.4374],[57.7739,19.4097],[57.7738,19.3829],[57.7691,19.3576],[57.7522,19.3116],[57.7483,19.291],[57.7507,19.2681],[57.7708,19.2169],[57.7805,19.2011],[57.8057,19.173],[57.8119,19.1569],[57.803,19.1151],[57.802,19.0948],[57.8399,19.03],[57.8401,19.0153],[57.8011,18.9807],[57.7523,18.973],[57.7319,18.9538],[57.7097,18.944],[57.5015,18.9537],[57.2075,18.91],[57.0838,18.8764],[56.915,18.8103],[56.8504,18.7658],[56.8078,18.7456],[56.7847,18.7286],[56.7748,18.7072],[56.7664,18.6968],[56.6597,18.5954],[56.6411,18.5593],[56.6369,18.5119],[56.6443,18.4676],[56.6411,18.4549],[56.6266,18.4359],[56.6123,18.3996],[56.6096,18.3891],[56.6096,18.3475],[56.6006,18.3054],[56.5488,18.1898],[56.5637,18.1702],[56.5613,18.1492],[56.5472,18.1297],[56.5276,18.1147],[56.4626,18.0844],[56.432,18.0322],[56.4041,18.0191],[56.3577,17.9698],[56.355,17.9623],[56.3563,17.94],[56.3449,17.9378],[56.1885,17.9571],[56.1682,17.9541],[56.1384,17.9406],[56.1162,17.9366],[56.0311,17.9434],[56.0108,17.9404],[55.9461,17.9155],[55.9094,17.9066],[55.6535,17.8953],[55.5529,17.8703],[55.5225,17.8664],[55.5066,17.854],[55.4868,17.854],[55.4452,17.841],[55.4317,17.8247],[55.4173,17.7852],[55.408,17.7687],[55.3887,17.7443],[55.3695,17.6964],[55.3557,17.6816],[55.2632,17.6077],[55.235,17.5588],[55.2282,17.5388],[55.2254,17.5154],[55.2295,17.4886],[55.2401,17.4752],[55.2738,17.4574],[55.2932,17.4377],[55.3008,17.4168],[55.3011,17.3712],[55.2942,17.3521],[55.2534,17.2991],[55.2512,17.29],[55.2507,17.2636],[55.2648,17.2548],[55.2603,17.2343],[55.2547,17.2287],[55.2192,17.2104],[55.2093,17.1935],[55.2051,17.1762],[55.1955,17.1608],[55.1987,17.1557],[55.1892,17.1448],[55.1589,17.1358],[55.1436,17.1278],[55.1248,17.0925],[55.1126,17.0869],[55.0718,17.0422],[55.0269,17.0111],[55.0207,17.0111],[55.0109,17.0263],[54.9992,17.0197],[54.987,17.0054],[54.9754,16.9975],[54.9313,16.9871],[54.917,16.9907],[54.9014,16.9749],[54.8828,16.9691],[54.8418,16.9639],[54.8084,16.9515],[54.7918,16.9514],[54.7805,16.9639],[54.7691,16.9579],[54.7507,16.9605],[54.7394,16.9565],[54.7053,16.9776],[54.6979,16.9702],[54.6853,17.0069],[54.6741,17.0198],[54.6331,17.0269],[54.5921,17.0385],[54.5477,17.0316],[54.4993,17.0385],[54.4617,17.0248],[54.4146,17.0378],[54.39,17.0395],[54.3695,17.0248],[54.3504,17.0317],[54.1641,17.0111],[54.085,17.0111],[54.0676,17.0067],[54.0127,16.9776],[54.009,16.9687],[54.0127,16.946],[54.0095,16.9374],[53.9811,16.9088],[53.9559,16.9039],[53.9102,16.9013],[53.8307,16.8876],[53.7713,16.8626],[53.7532,16.8677],[53.7093,16.836],[53.687,16.8136],[53.6693,16.7841],[53.6154,16.7579],[53.5827,16.7499],[53.423,16.7468],[53.3386,16.7348],[53.1753,16.6845],[53.0692,16.6318],[53.0218,16.6195],[52.9849,16.6282],[52.9739,16.6183],[52.9505,16.6156],[52.9403,16.6102],[52.9099,16.5831],[52.8853,16.5754],[52.8511,16.5561],[52.8091,16.5483],[52.7368,16.5119],[52.5977,16.4767],[52.5326,16.4473],[52.4204,16.3712],[52.3186,16.2912],[52.2927,16.2638],[52.2614,16.209],[52.2214,16.1609],[52.2171,16.1381],[52.2244,16.1136],[52.2168,16.0952],[52.1943,16.0703],[52.1841,16.0294],[52.16,16.0021],[52.1555,15.9839],[52.1865,15.9191],[52.1755,15.8779],[52.1916,15.863],[52.2244,15.8467],[52.2253,15.8319],[52.2171,15.7607],[52.2214,15.717],[52.2312,15.6748],[52.2428,15.6635],[52.2449,15.6577],[52.2366,15.6293],[52.2284,15.6161],[52.199,15.6115],[52.0471,15.57],[52.0257,15.5512],[51.9917,15.5451],[51.9131,15.5153],[51.8742,15.4915],[51.875,15.4694],[51.8742,15.465],[51.8682,15.4631],[51.8687,15.4516],[51.8654,15.4501],[51.8387,15.4663],[51.8293,15.4687],[51.8094,15.4558],[51.7588,15.4456],[51.6799,15.4035],[51.6672,15.3914],[51.6621,15.3771],[51.6677,15.3577],[51.6765,15.347],[51.6764,15.3403],[51.6553,15.3327],[51.5495,15.323],[51.5305,15.3168],[51.4983,15.298],[51.4743,15.2707],[51.4543,15.2695],[51.4465,15.2664],[51.4436,15.2602],[51.4325,15.2597],[51.3678,15.2297],[51.3425,15.2377],[51.3145,15.2267],[51.2688,15.2018],[51.0698,15.1496],[50.8513,15.1099],[50.6615,15.0585],[50.554,15.0486],[50.4595,15.0104],[50.4324,14.9954],[50.3582,14.9333],[50.343,14.9248],[50.3023,14.9175],[50.2438,14.8872],[50.1795,14.8433],[50.165,14.8425],[50.1463,14.8498],[50.1214,14.8442],[50.0794,14.8257],[50.0418,14.8183],[50.0298,14.8503],[50.006,14.8444],[49.9421,14.8388],[49.7986,14.7922],[49.5781,14.7373],[49.4605,14.6736],[49.4178,14.6569],[49.3724,14.6498],[49.3521,14.6398],[49.3128,14.6128],[49.2289,14.5753],[49.1902,14.5486],[49.1819,14.5166],[49.1371,14.5327],[49.1135,14.5302],[49.0928,14.5196],[49.078,14.5061],[49.0281,14.4363],[49.0099,14.4011],[49.0003,14.3596],[49.008,14.3544],[49.0086,14.343],[49.0037,14.3248],[48.9417,14.2944],[48.9358,14.2705],[48.9216,14.2619],[48.9035,14.2585],[48.887,14.2503],[48.8804,14.2346],[48.8801,14.2121],[48.863,14.1946],[48.8525,14.167],[48.8353,14.1562],[48.7976,14.1404],[48.7383,14.0682],[48.6958,14.0436],[48.5648,14.046],[48.5481,14.0405],[48.5034,14.0026],[48.4775,13.9967],[48.4688,13.989],[48.4505,14.0106],[48.4154,14.0168],[48.3382,14.0163],[48.3457,14.0026],[48.3042,14.0019],[48.1887,13.9691],[48.1936,13.9934],[48.1776,14.0092],[48.1404,14.0306],[48.1336,14.0231],[48.106,14.036],[48.0169,14.0573],[48.0016,14.0491],[47.9312,14.0306],[47.9173,14.0214],[47.8665,13.9617],[47.821,13.9385],[47.6672,13.8872],[47.6457,13.8732],[47.5642,13.7891],[47.436,13.678],[47.3982,13.6549],[47.1668,13.5856],[46.9119,13.5333],[46.8242,13.4763],[46.7007,13.4303],[46.6838,13.4272],[46.6283,13.4408],[46.6047,13.4409],[46.5402,13.4169],[46.52,13.413],[46.313,13.4136],[46.2695,13.4205],[46.2345,13.4363],[46.2241,13.4287],[46.1975,13.4205],[46.1113,13.4068],[45.9406,13.3994],[45.8757,13.3795],[45.8154,13.3795],[45.8035,13.372],[45.6658,13.342],[45.6321,13.3249],[45.5359,13.2287],[45.4942,13.1946],[45.4815,13.1575],[45.4341,13.0983],[45.403,13.0701],[45.3652,13.0537],[45.1935,13.0127],[45.1541,12.9921],[45.1182,12.9617],[45.0938,12.9263],[45.0866,12.9073],[45.084,12.8895],[45.0588,12.8271],[45.0567,12.8171],[45.062,12.7766],[45.0586,12.762],[45.0393,12.7563],[45.0178,12.7598],[44.9946,12.7692],[44.9793,12.7823],[44.981,12.7973],[44.9974,12.8035],[45.0352,12.8037],[45.0425,12.8209],[45.0386,12.8212],[45.0233,12.8411],[45.02,12.8489],[45.0215,12.8572],[45.0151,12.8587],[45.0093,12.8567],[45.0083,12.8451],[44.9981,12.8314],[44.9775,12.8382],[44.9446,12.834],[44.9331,12.8126],[44.9168,12.7995],[44.8983,12.7962],[44.8848,12.8109],[44.8716,12.8035],[44.8674,12.7948],[44.8718,12.77],[44.8854,12.778],[44.9163,12.7749],[44.9209,12.7714],[44.919,12.7594],[44.9128,12.7482],[44.8983,12.7368],[44.8814,12.7299],[44.8396,12.7435],[44.8308,12.7488],[44.8226,12.7651],[44.8097,12.77],[44.7852,12.7723],[44.7649,12.7656],[44.7278,12.742],[44.721,12.7563],[44.7256,12.7665],[44.7192,12.7801],[44.6936,12.8035],[44.6524,12.8179],[44.6106,12.8196],[44.5728,12.8116],[44.5428,12.7973],[44.4899,12.7535],[44.433,12.6936],[44.4235,12.676],[44.4155,12.6702],[44.4118,12.684],[44.407,12.6852],[44.3543,12.6693],[44.2896,12.639],[44.2673,12.6368],[44.2285,12.6387],[44.1912,12.6191],[44.1691,12.6182],[44.1494,12.625],[44.138,12.639],[44.19,12.6321],[44.1984,12.6391],[44.198,12.6522],[44.1912,12.6605],[44.1797,12.6527],[44.1535,12.656],[44.1213,12.6434],[44.0623,12.6117],[44.0337,12.6043],[44.0171,12.6037],[43.9917,12.6121],[43.9614,12.5996],[43.9463,12.598],[43.9271,12.6102],[43.9094,12.6453],[43.8948,12.6527],[43.8742,12.6555],[43.8578,12.6625],[43.8135,12.6884],[43.7947,12.6949],[43.7378,12.7058],[43.6995,12.7279],[43.6795,12.7353],[43.6441,12.7346],[43.6194,12.7496],[43.6006,12.7563],[43.5877,12.7514],[43.5256,12.6904],[43.5117,12.6832],[43.4907,12.6806],[43.468,12.6839],[43.4623,12.6933],[43.4812,12.7734],[43.4819,12.8121],[43.4732,12.8466],[43.4529,12.8786],[43.4226,12.9062],[43.4155,12.9289],[43.4014,12.9434],[43.3929,12.9897],[43.3864,13.0073],[43.3771,13.0232],[43.3418,13.0626],[43.3088,13.1393],[43.2489,13.2127],[43.2263,13.2839],[43.2396,13.3151],[43.2483,13.3489],[43.2542,13.5266],[43.2747,13.5576],[43.2845,13.5804],[43.2952,13.5856],[43.282,13.6171],[43.2853,13.6866],[43.2809,13.7221],[43.2435,13.7943],[43.2332,13.8764],[43.1617,13.954],[43.1181,14.0525],[43.0955,14.084],[43.0843,14.1592],[43.0758,14.1948],[43.011,14.3884],[43.0061,14.4194],[42.9935,14.4483],[42.9873,14.4892],[42.9593,14.5135],[42.9612,14.5254],[42.966,14.5303],[42.9735,14.5285],[42.9837,14.5203],[42.9942,14.5005],[43.0061,14.4548],[43.0215,14.4421],[43.022,14.4711],[43.02,14.4846],[43.014,14.4968],[43.0287,14.538],[43.0176,14.5712],[42.9981,14.6015],[42.9873,14.6339],[42.9895,14.6411],[42.9988,14.6513],[42.9998,14.6633],[42.9948,14.6679],[42.9905,14.6801],[42.9768,14.6884],[42.9617,14.7086],[42.9531,14.7537],[42.9422,14.7889],[42.8945,14.8475],[42.8836,14.8837],[42.8833,14.9155],[42.8911,14.9138],[42.8958,14.906],[42.891,14.8914],[42.8911,14.8803],[42.9104,14.8414],[42.9266,14.8232],[42.9456,14.8114],[42.9531,14.8592],[42.9523,14.8795],[42.9417,14.9154],[42.9373,14.9485],[42.9236,14.9714],[42.8872,15.0082],[42.8801,15.0248],[42.8775,15.0485],[42.8823,15.1025],[42.8775,15.1199],[42.864,15.1364],[42.8289,15.1518],[42.7969,15.1787],[42.7767,15.1914],[42.7334,15.2093],[42.7113,15.2143],[42.6914,15.2143],[42.6769,15.2058],[42.6714,15.1854],[42.6604,15.1826],[42.6377,15.1909],[42.618,15.2075],[42.6167,15.2297],[42.6101,15.2436],[42.6213,15.2447],[42.6546,15.2372],[42.6717,15.2397],[42.6826,15.2465],[42.6919,15.2707],[42.6909,15.2812],[42.6807,15.296],[42.6782,15.3083],[42.7124,15.3663],[42.7176,15.3535],[42.7151,15.337],[42.6994,15.3117],[42.7337,15.2939],[42.7743,15.2604],[42.7791,15.2533],[42.7813,15.2403],[42.7786,15.2216],[42.782,15.2151],[42.7949,15.2093],[42.7946,15.2226],[42.7881,15.2297],[42.8031,15.2452],[42.8091,15.2678],[42.8069,15.3443],[42.7974,15.3797],[42.7813,15.4079],[42.7772,15.4219],[42.7813,15.4557],[42.7783,15.479],[42.7599,15.5161],[42.7192,15.57],[42.7214,15.5782],[42.7334,15.5922],[42.7149,15.614],[42.7083,15.6278],[42.7056,15.6444],[42.7161,15.6798],[42.7136,15.6947],[42.6919,15.7021],[42.6992,15.7174],[42.7334,15.7431],[42.7417,15.7532],[42.7458,15.7619],[42.7525,15.8164],[42.7658,15.8358],[42.82,15.8749],[42.8303,15.8925],[42.8348,15.9154],[42.8433,16.0522],[42.8401,16.0978],[42.8128,16.2383],[42.8088,16.3126],[42.8018,16.3402],[42.8018,16.3532],[42.7881,16.3737],[42.7883,16.4099],[42.7813,16.4202],[42.7949,16.4528],[42.7883,16.4719],[42.7398,16.5246],[42.7287,16.5472],[42.7249,16.5664],[42.7259,16.6102],[42.7376,16.6528],[42.7373,16.6711],[42.7192,16.6754],[42.7259,16.6828],[42.7139,16.6937],[42.7039,16.7091],[42.7015,16.7233],[42.7124,16.7306],[42.7063,16.7406],[42.6782,16.7647],[42.6358,16.8152],[42.5969,16.8368],[42.5869,16.838],[42.5759,16.8323],[42.5418,16.878],[42.5557,16.9221],[42.5485,16.9381],[42.5486,16.9873],[42.5442,17.0043],[42.5249,17.015],[42.5207,17.0282],[42.5127,17.037],[42.4597,17.0385],[42.4475,17.049],[42.4251,17.0931],[42.4108,17.1557],[42.4017,17.1635],[42.3567,17.1824],[42.3592,17.1652],[42.384,17.121],[42.3638,17.1087],[42.3739,17.0433],[42.363,17.0248],[42.3573,17.0456],[42.3567,17.1142],[42.3391,17.1736],[42.3216,17.3093],[42.3107,17.351],[42.3167,17.4008],[42.3152,17.4221],[42.3079,17.4443],[42.3015,17.4536],[42.2736,17.4599],[42.2686,17.4648],[42.2606,17.4851],[42.1528,17.5738],[42.1438,17.5766],[42.1409,17.5712],[42.1035,17.6275],[42.0935,17.6521],[42.0862,17.6554],[42.0635,17.6509],[42.0532,17.6532],[42.0438,17.6743],[42.0005,17.7175],[41.9924,17.7127],[41.9793,17.7106],[41.939,17.7619],[41.9287,17.7672],[41.8695,17.8205],[41.8478,17.812],[41.8104,17.8369],[41.7876,17.8336],[41.7783,17.8598],[41.7192,17.9092],[41.6773,17.9606],[41.6709,17.9775],[41.6753,18.0013],[41.6737,18.0093],[41.6536,18.0153],[41.6511,18.039],[41.6089,18.0752],[41.5935,18.0959],[41.6025,18.1147],[41.578,18.1464],[41.5752,18.1594],[41.5708,18.1652],[41.562,18.1682],[41.5564,18.1743],[41.561,18.1898],[41.5213,18.1967],[41.5281,18.2072],[41.5337,18.2104],[41.5275,18.2223],[41.5186,18.228],[41.5072,18.2283],[41.4933,18.2239],[41.5046,18.243],[41.5056,18.2518],[41.5002,18.2587],[41.5064,18.2722],[41.5005,18.279],[41.4722,18.2792],[41.4754,18.2929],[41.472,18.312],[41.4509,18.356],[41.4397,18.4106],[41.4358,18.47],[41.433,18.4743],[41.4158,18.4815],[41.4115,18.5058],[41.3698,18.5358],[41.3633,18.5587],[41.3557,18.569],[41.3402,18.5756],[41.3283,18.5876],[41.3078,18.5734],[41.2969,18.5773],[41.2754,18.592],[41.2673,18.6013],[41.2406,18.6579],[41.2102,18.6979],[41.2122,18.731],[41.236,18.7966],[41.2395,18.817],[41.249,18.8342],[41.2395,18.8483],[41.2122,18.862],[41.1712,18.8716],[41.1603,18.9089],[41.1365,18.9365],[41.1372,18.9577],[41.1433,18.9775],[41.1567,19.0039],[41.1637,19.043],[41.1765,19.0674],[41.1678,19.0822],[41.1494,19.0937],[41.0864,19.1136],[41.0686,19.1254],[41.0584,19.153],[41.0402,19.1835],[41.0407,19.1946],[41.0482,19.2177],[41.0361,19.2646],[41.0178,19.274],[41.0091,19.304],[40.9983,19.3149],[40.9829,19.3227],[40.9559,19.3433],[40.959,19.3586],[40.9567,19.3686],[40.947,19.3842],[40.9377,19.4194],[40.9383,19.4306],[40.9592,19.456],[40.9522,19.4641],[40.9546,19.4748],[40.9447,19.5057],[40.8591,19.5345],[40.8355,19.5466],[40.7847,19.5963],[40.7604,19.6087],[40.7604,19.6149],[40.7713,19.6135],[40.7944,19.6013],[40.8006,19.6422],[40.798,19.6923],[40.7909,19.7141],[40.7449,19.777],[40.7254,19.7893],[40.674,19.795],[40.6541,19.7943],[40.645,19.7847],[40.6566,19.7595],[40.6416,19.7712],[40.6287,19.7921],[40.6195,19.821],[40.6052,19.8295],[40.5645,19.8859],[40.527,19.9103],[40.5405,19.9439],[40.5345,19.9618],[40.5226,19.9725],[40.4922,19.9848],[40.4456,20.0097],[40.4364,20.0233],[40.4185,20.0312],[40.3936,20.0643],[40.3338,20.0795],[40.3135,20.0907],[40.2678,20.1253],[40.2321,20.1636],[40.2388,20.178],[40.2219,20.189],[40.1648,20.2004],[40.125,20.2411],[40.126,20.2456],[40.0838,20.2792],[40.0676,20.2865],[40.0452,20.2861],[40.0003,20.2751],[39.992,20.2667],[39.968,20.2751],[39.9253,20.2994],[39.9031,20.3083],[39.9043,20.2956],[39.9102,20.2885],[39.9471,20.2622],[39.9407,20.2592],[39.9232,20.2636],[39.8254,20.3201],[39.8113,20.3315],[39.7601,20.3508],[39.7446,20.3812],[39.6736,20.4362],[39.6465,20.4616],[39.5871,20.5522],[39.5674,20.5677],[39.5674,20.5751],[39.5853,20.5759],[39.5911,20.5803],[39.5947,20.5888],[39.5794,20.5914],[39.5667,20.5983],[39.5435,20.6192],[39.537,20.6303],[39.5264,20.6707],[39.4929,20.7062],[39.4899,20.7229],[39.506,20.7464],[39.4575,20.7595],[39.4646,20.746],[39.4779,20.739],[39.4583,20.7449],[39.4363,20.7567],[39.4232,20.7717],[39.4302,20.7874],[39.4209,20.7917],[39.4168,20.7978],[39.4234,20.8141],[39.4354,20.8008],[39.4575,20.7943],[39.4487,20.8273],[39.4373,20.8258],[39.4302,20.8284],[39.4168,20.8465],[39.4113,20.8469],[39.4097,20.8284],[39.3597,20.8626],[39.3391,20.8874],[39.3408,20.9103],[39.3525,20.8989],[39.3596,20.8967],[39.3618,20.9035],[39.3584,20.9154],[39.3528,20.9199],[39.3278,20.9318],[39.2971,20.924],[39.2624,20.9831],[39.259,21.0239],[39.2557,21.0329],[39.242,21.0417],[39.2378,21.0629],[39.1854,21.0972],[39.1743,21.1089],[39.1565,21.1675],[39.1702,21.1915],[39.1257,21.2604],[39.112,21.2682],[39.0807,21.315],[39.1599,21.3798],[39.1711,21.4041],[39.1724,21.436],[39.1647,21.4649],[39.1497,21.4801],[39.1497,21.4857],[39.1604,21.4945],[39.1589,21.5078],[39.1428,21.5409],[39.1301,21.5196],[39.1198,21.5169],[39.1104,21.5281],[39.1012,21.5484],[39.1087,21.5546],[39.0923,21.5766],[39.0887,21.6059],[39.0881,21.6645],[39.0774,21.6916],[39.0794,21.7064],[39.0982,21.7128],[39.1035,21.7186],[39.1086,21.7321],[39.1091,21.7478],[39.1012,21.76],[39.0884,21.7305],[39.0807,21.7258],[39.0667,21.7252],[39.0603,21.7464],[39.0454,21.7587],[39.0404,21.7668],[39.033,21.801],[39.0193,21.8078],[39.0125,21.8221],[38.9786,21.8621],[38.9496,21.9219],[38.9313,22.0061],[38.9327,22.0252],[38.9591,22.0344],[38.9862,22.0022],[39.0057,22.002],[39.0125,22.0543],[39.033,22.0722],[39.0444,22.1308],[39.0466,22.1511],[39.0404,22.1511],[39.0261,22.1169],[39.0193,22.1316],[39.033,22.1678],[39.033,22.2088],[39.0404,22.2358],[39.0733,22.2711],[39.0835,22.3135],[39.1087,22.3422],[39.1223,22.3702],[39.1428,22.3906],[39.1428,22.4032],[39.1374,22.4147],[39.1276,22.4212],[39.1149,22.4186],[39.1082,22.4089],[39.1012,22.3804],[39.0948,22.3702],[39.0703,22.3658],[39.0692,22.3945],[39.0821,22.4363],[39.0742,22.491],[39.0815,22.5468],[39.074,22.5742],[39.0386,22.6227],[39.0125,22.6787],[38.9857,22.7243],[38.9883,22.7364],[39.0147,22.759],[39.013,22.7668],[38.965,22.8163],[38.9455,22.8312],[38.9368,22.8264],[38.9647,22.7947],[38.9714,22.7639],[38.9783,22.7537],[38.9709,22.7469],[38.9577,22.775],[38.9299,22.815],[38.9026,22.8432],[38.851,22.9297],[38.8512,22.9433],[38.8804,22.9285],[38.9129,22.862],[38.9414,22.8505],[38.951,22.852],[38.9588,22.8591],[38.9647,22.8704],[38.9543,22.8819],[38.9373,22.9121],[38.9115,22.9285],[38.8939,22.9652],[38.8511,22.978],[38.8343,22.9865],[38.8142,22.9827],[38.7996,22.9987],[38.7791,23.0412],[38.7902,23.0513],[38.8044,23.0793],[38.8064,23.0932],[38.7984,23.1496],[38.7867,23.1546],[38.7776,23.1393],[38.7651,23.1611],[38.7477,23.183],[38.7293,23.2163],[38.7114,23.2357],[38.7039,23.2578],[38.6917,23.273],[38.6889,23.2865],[38.6803,23.3038],[38.6804,23.3183],[38.6729,23.3482],[38.6465,23.4007],[38.6289,23.5079],[38.6047,23.5354],[38.6002,23.5682],[38.5779,23.5566],[38.568,23.5625],[38.5599,23.5625],[38.5609,23.5457],[38.5703,23.5369],[38.5955,23.5284],[38.5955,23.5215],[38.562,23.5244],[38.5401,23.5432],[38.5392,23.5919],[38.4948,23.6446],[38.4644,23.7361],[38.4526,23.784],[38.437,23.8021],[38.3996,23.8141],[38.3901,23.8241],[38.3775,23.856],[38.3653,23.8704],[38.3327,23.8794],[38.3191,23.8864],[38.3093,23.8934],[38.2996,23.9102],[38.2833,23.9278],[38.2589,23.9448],[38.2221,23.9526],[38.1854,23.9759],[38.1656,23.9929],[38.1466,24.0149],[38.0791,24.0704],[38.0629,24.076],[38.0457,24.0674],[37.9353,24.139],[37.9411,24.151],[37.9584,24.1621],[37.9831,24.1657],[37.9733,24.1747],[37.9395,24.1614],[37.9322,24.1742],[37.9438,24.1914],[37.9479,24.207],[37.9373,24.2109],[37.9307,24.2034],[37.9184,24.2012],[37.9126,24.1915],[37.9183,24.1863],[37.9215,24.1773],[37.9239,24.1555],[37.9181,24.1496],[37.896,24.1572],[37.8656,24.1499],[37.7676,24.2214],[37.7587,24.2416],[37.7104,24.2665],[37.6761,24.2912],[37.641,24.2917],[37.626,24.2814],[37.6227,24.2682],[37.6284,24.248],[37.5858,24.2467],[37.5752,24.2616],[37.5457,24.2744],[37.5227,24.2677],[37.5006,24.2887],[37.4647,24.3396],[37.4294,24.3673],[37.418,24.401],[37.4279,24.4211],[37.455,24.4069],[37.4632,24.4225],[37.4567,24.4412],[37.3192,24.6242],[37.2285,24.7377],[37.2271,24.7654],[37.2313,24.7826],[37.2271,24.7995],[37.2197,24.8028],[37.2068,24.791],[37.1963,24.7896],[37.1787,24.7994],[37.1658,24.8155],[37.1486,24.851],[37.2189,24.8466],[37.2442,24.8544],[37.2566,24.8712],[37.2581,24.9218],[37.28,24.9641],[37.277,24.9866],[37.2578,25.0286],[37.2515,25.0526],[37.2578,25.1115],[37.256,25.1341],[37.2422,25.1753],[37.2305,25.1937],[37.2117,25.2143],[37.18,25.2391],[37.1707,25.2578],[37.1423,25.2798],[37.1053,25.3222],[37.0933,25.3445],[37.0864,25.3854],[37.0646,25.4097],[37.0598,25.4196],[37.0774,25.4311],[37.0627,25.4537],[37.0182,25.4947],[37.0106,25.5074],[36.9945,25.55],[36.9704,25.5705],[36.97,25.5886],[36.9363,25.6461],[36.9235,25.6548],[36.8816,25.6728],[36.8423,25.7298],[36.8174,25.758],[36.7957,25.7595],[36.7937,25.7483],[36.804,25.7268],[36.7922,25.7206],[36.7796,25.7241],[36.7489,25.7439],[36.7249,25.7539],[36.7023,25.78],[36.6948,25.7956],[36.6939,25.8229],[36.6818,25.8256],[36.6756,25.8305],[36.6634,25.8557],[36.6621,25.8791],[36.6716,25.9014],[36.6926,25.9233],[36.7058,25.9438],[36.7095,25.9711],[36.7056,25.9993],[36.6961,26.0223],[36.6724,26.0452],[36.6406,26.0602],[36.6056,26.0683],[36.5725,26.0707],[36.5366,26.0824],[36.5127,26.111],[36.4492,26.2469],[36.4263,26.2818],[36.3828,26.3345],[36.3089,26.4982],[36.2298,26.6256],[36.1821,26.6802],[36.1242,26.7268],[36.0977,26.754],[36.0819,26.7973],[36.0518,26.8447],[36.032,26.9068],[36.0139,26.9023],[36.0003,26.9135],[35.9767,26.9477],[35.9119,26.9996],[35.8317,27.0927],[35.8031,27.1421],[35.7986,27.16],[35.8128,27.1911],[35.808,27.2031],[35.784,27.2355],[35.7,27.3248],[35.6404,27.3635],[35.6167,27.3896],[35.5899,27.4289],[35.5596,27.4556],[35.5215,27.5185],[35.5105,27.5442],[35.5068,27.5644],[35.5062,27.6005],[35.5003,27.6193],[35.492,27.6324],[35.459,27.6634],[35.4408,27.6903],[35.415,27.7514],[35.3944,27.777],[35.3648,27.7897],[35.3513,27.8014],[35.3368,27.8337],[35.3324,27.8622],[35.3228,27.8763],[35.271,27.9278],[35.2552,27.9528],[35.2456,27.9623],[35.23,27.9687],[35.1815,28.0029],[35.1815,27.996],[35.1747,27.996],[35.1636,28.0093],[35.1765,28.0195],[35.2163,28.0377],[35.2269,28.0331],[35.2163,28.0544],[35.1747,28.065],[35.1678,28.065],[35.1678,28.0582],[35.1618,28.0582],[35.1448,28.0764],[35.1104,28.0789],[35.0986,28.0897],[35.0519,28.1196],[35.042,28.113],[35.0197,28.1135],[35.0308,28.0991],[34.9979,28.1142],[34.9758,28.1034],[34.9373,28.0913],[34.9277,28.0786],[34.9209,28.0786],[34.9209,28.0854],[34.9009,28.0823],[34.8602,28.0854],[34.8464,28.0712],[34.8389,28.0786],[34.8389,28.0854],[34.8464,28.0854],[34.8426,28.0998],[34.8477,28.1055],[34.8662,28.1128],[34.847,28.1176],[34.8368,28.1163],[34.8254,28.1128],[34.8254,28.1059],[34.8328,28.1059],[34.8328,28.0991],[34.8216,28.0958],[34.8143,28.0889],[34.8049,28.0712],[34.8018,28.0754],[34.7918,28.0786],[34.8016,28.0904],[34.8191,28.0991],[34.8191,28.1128],[34.7937,28.1111],[34.7865,28.1047],[34.7844,28.0929],[34.7774,28.0962],[34.7708,28.0929],[34.7708,28.1059],[34.765,28.1059],[34.765,28.0991],[34.757,28.0991],[34.7473,28.112],[34.7424,28.1116],[34.7366,28.1059],[34.7274,28.1121],[34.7092,28.1401],[34.695,28.1265],[34.682,28.1352],[34.6784,28.1308],[34.6746,28.1128],[34.6471,28.0991],[34.6471,28.0929],[34.6683,28.0786],[34.6683,28.0712],[34.6618,28.0708],[34.6553,28.065],[34.6471,28.0712],[34.6414,28.0417],[34.635,28.0333],[34.613,28.0302],[34.6148,28.035],[34.6205,28.0377],[34.613,28.0445],[34.6087,28.0588],[34.6062,28.096],[34.5989,28.1033],[34.5744,28.0941],[34.5789,28.1059],[34.5728,28.1128],[34.5874,28.1318],[34.6056,28.1426],[34.6062,28.1475],[34.6267,28.1605],[34.6205,28.1674],[34.6271,28.1767],[34.6403,28.1811],[34.6403,28.1764],[34.6335,28.1749],[34.6517,28.1678],[34.6577,28.1706],[34.6609,28.1811],[34.6553,28.1811],[34.6553,28.1879],[34.6481,28.1942],[34.6496,28.2009],[34.6683,28.209],[34.6649,28.2245],[34.6746,28.2705],[34.6887,28.2636],[34.6887,28.2773],[34.6804,28.2717],[34.6746,28.2772],[34.6947,28.2944],[34.715,28.3275],[34.7305,28.3636],[34.7411,28.4106],[34.7606,28.4366],[34.7751,28.4833],[34.8038,28.5271],[34.7962,28.5722],[34.7934,28.6194],[34.7785,28.6645],[34.7969,28.7258],[34.8098,28.758],[34.8254,28.7844],[34.8254,28.7906],[34.8191,28.7906],[34.8361,28.8165],[34.8386,28.8286],[34.8328,28.8459],[34.8441,28.8764],[34.842,28.8896],[34.8254,28.8942],[34.8254,28.9004],[34.8401,28.9224],[34.8563,28.9638],[34.8638,29.0063],[34.8525,29.0314],[34.8525,29.0451],[34.8735,29.0853],[34.8936,29.1748],[34.9094,29.2102],[34.9094,29.2307],[34.919,29.2391],[34.9421,29.2505],[34.9352,29.2673],[34.9326,29.2893],[34.9364,29.3039],[34.9481,29.2983],[34.9507,29.3057],[34.9556,29.3051],[34.948,29.32],[34.9453,29.3369],[34.9494,29.3517],[34.9624,29.3598],[34.969,29.4508],[34.9761,29.477],[34.9978,29.518],[34.9968,29.5339],[34.9761,29.5522],[34.9624,29.5522],[34.9602,29.5595],[34.9556,29.559],[34.9513,29.5456],[34.9198,29.5074],[34.9108,29.4899],[34.8867,29.4901],[34.8597,29.4722],[34.8381,29.4329],[34.8254,29.4286],[34.8333,29.4262],[34.8328,29.4211],[34.8176,29.4122],[34.8152,29.4064],[34.8191,29.4007],[34.8052,29.3964],[34.8123,29.3876],[34.8006,29.3779],[34.7776,29.3461],[34.757,29.3331],[34.745,29.3158],[34.7366,29.3113],[34.7366,29.3051],[34.7453,29.2913],[34.742,29.277],[34.729,29.2505],[34.729,29.1989],[34.7236,29.1867],[34.695,29.1645],[34.6901,29.1345],[34.6838,29.119],[34.6746,29.1065],[34.677,29.0949],[34.6746,29.0344],[34.6766,29.0248],[34.6865,29.0124],[34.6887,29.0004],[34.6857,28.9887],[34.6467,28.9674],[34.6403,28.9488],[34.646,28.9223],[34.6471,28.8629],[34.6205,28.8459],[34.6263,28.817],[34.6263,28.8024],[34.6205,28.7906],[34.6335,28.7707],[34.6244,28.7653],[34.6228,28.7598],[34.6267,28.7465],[34.6245,28.736],[34.6152,28.7242],[34.6077,28.7015],[34.5842,28.6723],[34.5703,28.6262],[34.5301,28.5727],[34.5164,28.539],[34.5106,28.538],[34.5236,28.5073],[34.5116,28.4878],[34.469,28.4554],[34.4753,28.4479],[34.4617,28.442],[34.4543,28.4289],[34.4412,28.3735],[34.4274,28.3561],[34.4069,28.308],[34.4107,28.2781],[34.4206,28.2562],[34.4129,28.2331],[34.4212,28.2182],[34.4553,28.1749],[34.4553,28.1675],[34.4486,28.1572],[34.4386,28.1096],[34.4268,28.0815],[34.444,28.0535],[34.4274,27.9831],[34.4349,27.9756],[34.4007,27.9687],[34.39,27.9453],[34.377,27.9382],[34.3709,27.9237],[34.3313,27.9141],[34.3387,27.9067],[34.321,27.8613],[34.3113,27.852],[34.3045,27.852],[34.3013,27.8573],[34.2864,27.8644],[34.2795,27.8583],[34.2727,27.8362],[34.2635,27.8248],[34.2717,27.8124],[34.2591,27.8017],[34.2395,27.7941],[34.2141,27.7915],[34.2212,27.7698],[34.2573,27.7695],[34.2573,27.7633],[34.2498,27.7633],[34.2498,27.7565],[34.2585,27.7478],[34.2635,27.736],[34.2498,27.7428],[34.2512,27.7373],[34.2573,27.736],[34.2573,27.7286],[34.2498,27.7286],[34.2275,27.7582],[34.2085,27.7759],[34.1898,27.7868],[34.1748,27.7912],[34.0785,27.8007],[34.0545,27.8145],[33.9876,27.8867],[33.9824,27.89],[33.9738,27.8892],[33.9168,27.9357],[33.904,27.9418],[33.8909,27.9425],[33.8794,27.9346],[33.8656,27.9613],[33.8589,27.9551],[33.8151,27.991],[33.8042,27.996],[33.7937,28.0131],[33.7791,28.0208],[33.7634,28.024],[33.7639,28.049],[33.716,28.0753],[33.7155,28.0929],[33.7014,28.1038],[33.6843,28.1243],[33.6725,28.146],[33.6746,28.1605],[33.6624,28.1688],[33.6603,28.1749],[33.6541,28.1749],[33.6541,28.1674],[33.6467,28.1674],[33.6348,28.1813],[33.6182,28.2333],[33.6128,28.2406],[33.6056,28.2363],[33.5647,28.2971],[33.4339,28.3664],[33.4002,28.4145],[33.369,28.4423],[33.3692,28.4479],[33.3052,28.4897],[33.2948,28.4994],[33.2788,28.5275],[33.2678,28.5389],[33.2562,28.5441],[33.2625,28.5516],[33.2625,28.5441],[33.2698,28.5441],[33.263,28.5771],[33.2461,28.5795],[33.2376,28.5661],[33.2562,28.5516],[33.2394,28.5566],[33.2287,28.5694],[33.2232,28.5878],[33.219,28.628],[33.2126,28.645],[33.1948,28.6751],[33.2048,28.695],[33.2178,28.741],[33.2283,28.7639],[33.2101,28.7851],[33.2048,28.8052],[33.181,28.8185],[33.1746,28.837],[33.1673,28.9004],[33.176,28.9097],[33.1776,28.9184],[33.1659,28.9761],[33.1779,28.9896],[33.1707,29.0031],[33.1592,29.0141],[33.1531,29.0134],[33.1511,29.0242],[33.145,29.0317],[33.1365,29.0346],[33.1265,29.0314],[33.1161,29.0431],[33.089,29.056],[33.0786,29.0649],[33.0612,29.1014],[33.0402,29.1181],[33.0234,29.1406],[33.0091,29.1474],[33.0029,29.1611],[32.9579,29.2021],[32.9198,29.2175],[32.8856,29.2431],[32.8683,29.2974],[32.846,29.3083],[32.8394,29.3162],[32.8174,29.3598],[32.8211,29.397],[32.8172,29.414],[32.7903,29.4254],[32.7415,29.456],[32.7492,29.456],[32.7454,29.4631],[32.7285,29.4696],[32.7354,29.4773],[32.7347,29.4838],[32.7285,29.4838],[32.7214,29.4675],[32.7229,29.4609],[32.7285,29.456],[32.715,29.456],[32.7225,29.4927],[32.7241,29.5395],[32.7124,29.5805],[32.6808,29.5999],[32.6869,29.6182],[32.6808,29.6614],[32.6939,29.706],[32.6907,29.7336],[32.6808,29.7508],[32.6564,29.7771],[32.6484,29.7946],[32.6255,29.8153],[32.6045,29.8242],[32.6095,29.8339],[32.6255,29.8463],[32.6253,29.8743],[32.6125,29.8937],[32.5715,29.9289],[32.5843,29.9387],[32.5778,29.9488],[32.5855,29.9525],[32.5778,29.9562],[32.5616,29.9764],[32.5661,29.981],[32.5778,29.9835],[32.5755,29.997],[32.5778,30.0114],[32.5715,30.0114],[32.5586,29.9871],[32.5575,29.9765],[32.5705,29.9558],[32.5715,29.9426],[32.5641,29.9426],[32.5618,29.9552],[32.554,29.9621],[32.5427,29.9626],[32.53,29.9562],[32.5134,29.9616],[32.4939,29.9506],[32.4769,29.9322],[32.4679,29.9152],[32.4668,29.8969],[32.4729,29.882],[32.487,29.8716],[32.5095,29.8668],[32.4915,29.8541],[32.3928,29.7344],[32.3639,29.6882],[32.3581,29.6719],[32.3574,29.6306],[32.3516,29.6137],[32.3377,29.5999],[32.3377,29.5925],[32.3483,29.585],[32.3596,29.5713],[32.3768,29.5361],[32.3877,29.5256],[32.4386,29.4968],[32.4513,29.4873],[32.4973,29.4401],[32.5286,29.4237],[32.557,29.3979],[32.5812,29.3691],[32.5915,29.3495],[32.5954,29.3249],[32.6055,29.2919],[32.6187,29.2612],[32.6323,29.2431],[32.6287,29.2189],[32.6589,29.1108],[32.6597,29.0891],[32.6442,29.0729],[32.6389,29.0613],[32.6282,29.057],[32.6247,29.0482],[32.6323,29.0376],[32.6255,28.9727],[32.6321,28.9619],[32.6734,28.9215],[32.6808,28.8806],[32.7075,28.8564],[32.7492,28.8048],[32.7845,28.7994],[32.8069,28.7781],[32.8206,28.7479],[32.8652,28.5996],[32.8689,28.5789],[32.9273,28.5516],[32.9636,28.5177],[32.9729,28.4998],[33.0029,28.4895],[33.013,28.463],[33.0418,28.4141],[33.0508,28.4069],[33.0496,28.4014],[33.0432,28.4008],[33.0876,28.3686],[33.1067,28.3471],[33.1053,28.3256],[33.113,28.32],[33.1198,28.3088],[33.1265,28.2875],[33.1531,28.2562],[33.2005,28.2114],[33.2122,28.1899],[33.242,28.1749],[33.2494,28.1429],[33.2661,28.1401],[33.2832,28.1324],[33.3164,28.0964],[33.3381,28.0854],[33.3361,28.0568],[33.3436,28.0506],[33.3555,28.0481],[33.3661,28.0507],[33.3747,28.0359],[33.3967,28.0272],[33.4417,28.0165],[33.5125,27.9591],[33.5354,27.9164],[33.5544,27.8965],[33.5762,27.8505],[33.5784,27.8322],[33.5833,27.8245],[33.5921,27.7912],[33.5715,27.7912],[33.5601,27.8134],[33.4889,27.8459],[33.4822,27.8459],[33.4735,27.8232],[33.4822,27.8049],[33.5117,27.7751],[33.5163,27.7599],[33.5227,27.7519],[33.5514,27.7616],[33.5579,27.7599],[33.5525,27.7319],[33.5368,27.7081],[33.5505,27.6951],[33.575,27.6814],[33.5921,27.6535],[33.5921,27.6466],[33.5579,27.6814],[33.5505,27.6814],[33.5505,27.674],[33.5579,27.6597],[33.5505,27.6597],[33.5442,27.6792],[33.5265,27.6776],[33.5072,27.6637],[33.4963,27.6466],[33.5197,27.6358],[33.5363,27.6162],[33.5647,27.5715],[33.5583,27.5571],[33.5579,27.5368],[33.5745,27.5259],[33.6182,27.5081],[33.633,27.4958],[33.6404,27.4548],[33.6712,27.4204],[33.6775,27.4001],[33.6848,27.3557],[33.6917,27.3419],[33.7248,27.3137],[33.7634,27.2904],[33.8057,27.2721],[33.8254,27.2597],[33.8384,27.2426],[33.8405,27.2321],[33.8384,27.1942],[33.8247,27.1805],[33.8316,27.16],[33.8368,27.1208],[33.8472,27.107],[33.8831,27.0808],[33.9014,27.0587],[33.9087,27.0421],[33.8937,27.0439],[33.8939,27.0279],[33.9009,27.0142],[33.9209,26.9893],[33.9421,26.9446],[33.9517,26.931],[33.991,26.9074],[33.9961,26.8966],[34.0036,26.8489],[33.9961,26.8379],[33.9797,26.8371],[33.9596,26.8498],[33.9483,26.831],[33.9458,26.8],[33.9517,26.7693],[33.9519,26.7434],[33.9321,26.6826],[33.9414,26.6535],[33.9554,26.643],[33.9878,26.6341],[34.0036,26.6256],[34.014,26.6116],[34.0239,26.5807],[34.0564,26.5423],[34.0706,26.5149],[34.1048,26.4267],[34.1533,26.3471],[34.1775,26.3148],[34.262,26.1395],[34.301,26.0878],[34.3387,26.0018],[34.4175,25.9031],[34.4347,25.8619],[34.5018,25.7716],[34.5466,25.725],[34.6335,25.5694],[34.6471,25.522],[34.6714,25.4797],[34.6819,25.4287],[34.7,25.401],[34.7433,25.3513],[34.765,25.2961],[34.7949,25.2544],[34.8069,25.2116],[34.9391,25.0034],[34.943,24.9713],[34.9537,24.9441],[34.9898,24.905],[34.9939,24.8493],[35.0022,24.8156],[35.0103,24.8044],[35.0635,24.7641],[35.0807,24.7354],[35.1095,24.6438],[35.146,24.5859],[35.1603,24.5746],[35.1607,24.5585],[35.1444,24.5277],[35.1446,24.5002],[35.1857,24.4857],[35.2355,24.4001],[35.3706,24.3061],[35.3919,24.2828],[35.4286,24.186],[35.4557,24.159],[35.4938,24.1089],[35.5105,24.1112],[35.4938,24.139],[35.5039,24.1405],[35.5242,24.1213],[35.5521,24.1105],[35.5884,24.0758],[35.6027,24.0481],[35.6053,24.0188],[35.6356,24.0019],[35.6668,24.0073],[35.7175,23.9934],[35.7386,23.9833],[35.7537,23.9687],[35.7748,23.9239],[35.7925,23.9023],[35.7858,23.893],[35.7504,23.9324],[35.736,23.9332],[35.6845,23.9109],[35.6457,23.9256],[35.5985,23.9294],[35.58,23.9363],[35.5618,23.9572],[35.5514,23.9604],[35.5505,23.9655],[35.5139,23.9771],[35.5049,23.971],[35.4912,23.9476],[35.4839,23.9178],[35.4907,23.87],[35.4748,23.7979],[35.4832,23.7725],[35.5017,23.7687],[35.5101,23.7564],[35.5061,23.7346],[35.5102,23.6839],[35.5055,23.6425],[35.5037,23.5557],[35.4894,23.497],[35.4933,23.4824],[35.5242,23.439],[35.5475,23.394],[35.5514,23.3775],[35.5503,23.3302],[35.5582,23.2821],[35.5747,23.2126],[35.6211,23.1393],[35.6546,23.0737],[35.6678,22.9826],[35.6751,22.9666],[35.6953,22.9321],[35.7371,22.884],[35.7637,22.8704],[35.7234,22.9319],[35.7429,22.9313],[35.7557,22.9223],[35.7712,22.8903],[35.7849,22.8332],[35.8013,22.8226],[35.8167,22.7989],[35.8475,22.763],[35.886,22.7357],[35.9402,22.7166],[35.9695,22.698],[35.9844,22.6938],[36.04,22.6902],[36.1206,22.6757],[36.1978,22.6517],[36.2261,22.6354],[36.2747,22.5924],[36.2905,22.5682],[36.2964,22.522],[36.3134,22.4916],[36.3745,22.4453],[36.4048,22.4329],[36.4016,22.4486],[36.4069,22.4486],[36.4281,22.426],[36.4228,22.3976],[36.4398,22.3564],[36.5077,22.328],[36.5628,22.2967],[36.6233,22.2496],[36.7137,22.1691],[36.7328,22.1596],[36.7476,22.161],[36.7568,22.1769],[36.7822,22.1645],[36.7957,22.1508],[36.8094,22.1208],[36.8182,22.1088],[36.8333,22.0959],[36.8719,22.0741],[36.8954,22.0661],[36.8984,22.0175],[36.8838,21.9966],[36.8806,21.9807],[36.8737,21.9741],[36.8401,21.9661],[36.8639,21.9494],[36.8735,21.9361],[36.8742,21.8153],[36.8968,21.6779],[36.8879,21.6501],[36.902,21.6411],[36.9059,21.6171],[36.9304,21.5859],[36.9841,21.4658],[37.1136,21.2781],[37.199,21.2021],[37.3054,21.0744],[37.313,21.0577],[37.3109,21.0382],[37.304,21.0209],[37.2914,21.0126],[37.2721,21.0202],[37.252,21.006],[37.2339,21.0202],[37.1922,21.0861],[37.1893,21.0972],[37.1963,21.1021],[37.2093,21.0986],[37.2271,21.0717],[37.25,21.055],[37.2635,21.0498],[37.2721,21.0543],[37.27,21.0626],[37.2454,21.0891],[37.2297,21.1278],[37.2189,21.1418],[37.2031,21.1369],[37.1751,21.1567],[37.167,21.1462],[37.1592,21.148],[37.1486,21.171],[37.1595,21.2064],[37.1486,21.2187],[37.1214,21.2243],[37.105,21.2075],[37.0984,21.1809],[37.1008,21.1567],[37.1058,21.1511],[37.1182,21.1503],[37.1206,21.1437],[37.1138,21.1232],[37.1178,21.0861],[37.1138,21.0748],[37.1038,21.0653],[37.0867,21.0571],[37.0864,21.0406],[37.1206,20.9997],[37.1473,20.9409],[37.16,20.8782],[37.1691,20.7464],[37.1836,20.6844],[37.228,20.565],[37.2305,20.5],[37.2224,20.4682],[37.2127,20.4587],[37.1823,20.4628],[37.1789,20.4499],[37.1826,20.4202],[37.1751,20.3492],[37.1826,20.2939],[37.2062,20.2354],[37.2142,20.2001],[37.2249,20.1195],[37.2096,20.0816],[37.2063,20.0639],[37.1895,20.0401],[37.1888,20.0132],[37.1961,19.9792],[37.2595,19.8207],[37.2653,19.7869],[37.2634,19.7038],[37.2414,19.6705],[37.2383,19.6553],[37.2454,19.595],[37.2438,19.5762],[37.2493,19.5583],[37.2653,19.5324],[37.2858,19.4753],[37.3255,19.2628],[37.3335,19.1597],[37.3372,19.1477],[37.3609,19.1283],[37.3552,19.1016],[37.3796,19.0693],[37.3916,19.0195],[37.426,18.9135],[37.4343,18.8617],[37.4923,18.7675],[37.5252,18.7385],[37.5398,18.7159],[37.551,18.7099],[37.5744,18.7199],[37.5818,18.7182],[37.6415,18.7267],[37.6747,18.741],[37.6794,18.7225],[37.7017,18.7112],[37.7202,18.7078],[37.7407,18.7092],[37.7471,18.6977],[37.7495,18.6814],[37.7656,18.6673],[37.7581,18.6286],[37.7852,18.6402],[37.8128,18.6156],[37.9255,18.585],[37.9669,18.547],[37.9949,18.502],[38.0382,18.4611],[38.0657,18.4437],[38.1093,18.4274],[38.1219,18.4133],[38.1093,18.3959],[38.083,18.3829],[38.0761,18.3481],[38.1036,18.2917],[38.1517,18.2493],[38.2054,18.2374],[38.2454,18.2439],[38.2512,18.2808],[38.2713,18.2866],[38.3062,18.3065],[38.3123,18.296],[38.3039,18.2875],[38.2795,18.273],[38.2762,18.242],[38.2645,18.2308],[38.2494,18.2266],[38.2249,18.2265],[38.2173,18.2177],[38.2651,18.2239],[38.2783,18.2217],[38.3062,18.2041],[38.3762,18.1906],[38.3866,18.1953],[38.388,18.2032],[38.3757,18.2104],[38.3914,18.2242],[38.4111,18.2049],[38.4432,18.1557],[38.4338,18.1423],[38.4505,18.1324],[38.4756,18.1306],[38.4917,18.1414],[38.5023,18.126],[38.5057,18.0864],[38.5122,18.0737],[38.532,18.0707],[38.5417,18.0859],[38.54,18.1087],[38.5259,18.1284],[38.5428,18.1184],[38.5845,18.0771],[38.5911,18.0618],[38.5934,18.0362],[38.6039,18.0139],[38.6016,18.0048],[38.6037,17.9944],[38.613,17.9835],[38.6204,17.9526],[38.6629,17.895],[38.6698,17.854],[38.6878,17.8294],[38.6958,17.8066],[38.7897,17.6689],[38.8596,17.5133],[38.929,17.3971],[38.9533,17.3122],[38.9647,17.2923],[38.9526,17.2535],[38.9712,17.2233],[38.9985,17.1959],[39.0125,17.1654],[39.0176,17.1267],[39.0261,17.0931],[39.0559,17.0341],[39.0689,16.9539],[39.0845,16.9249],[39.095,16.8677],[39.1279,16.7949],[39.1497,16.7169],[39.136,16.7238],[39.1559,16.6791],[39.1614,16.6572],[39.1633,16.6282],[39.1449,16.6094],[39.161,16.5638],[39.1565,16.5382],[39.1497,16.545],[39.1509,16.5294],[39.177,16.5214],[39.177,16.4774],[39.189,16.4518],[39.1906,16.4394],[39.1906,16.3874],[39.2031,16.3622],[39.2048,16.3498],[39.1973,16.3128],[39.1974,16.2986],[39.228,16.168],[39.2356,16.1087],[39.259,16.059],[39.2941,15.9288],[39.3135,15.8939],[39.3732,15.8585],[39.3825,15.843],[39.3904,15.8363],[39.427,15.8204],[39.437,15.812],[39.4375,15.799],[39.4234,15.7676],[39.4265,15.7558],[39.4407,15.7409],[39.4439,15.7331],[39.4453,15.7065],[39.4509,15.6905],[39.4779,15.6611],[39.4606,15.6596],[39.4487,15.6498],[39.4446,15.6352],[39.4507,15.6196],[39.464,15.6383],[39.4749,15.6426],[39.4849,15.6339],[39.4828,15.6149],[39.4634,15.6059],[39.4302,15.6031],[39.4325,15.5937],[39.4507,15.5656],[39.4575,15.5246],[39.4717,15.5194],[39.4949,15.5175],[39.5169,15.5201],[39.5339,15.5398],[39.5518,15.5423],[39.572,15.5384],[39.5872,15.5314],[39.6113,15.5],[39.6636,15.3362],[39.6908,15.3222],[39.699,15.288],[39.7077,15.2739],[39.7183,15.2639],[39.7034,15.2094],[39.6983,15.1236],[39.7121,15.1093],[39.7156,15.0941],[39.7251,15.0862],[39.7381,15.0856],[39.7523,15.0926],[39.7622,15.0739],[39.7737,15.071],[39.8113,15.0789],[39.8182,15.084],[39.8262,15.1082],[39.8197,15.1258],[39.8235,15.1323],[39.8356,15.1404],[39.8547,15.1735],[39.8568,15.1929],[39.8368,15.2268],[39.8259,15.2669],[39.8177,15.2812],[39.8045,15.2814],[39.7897,15.2575],[39.7809,15.2781],[39.7785,15.2976],[39.7809,15.3493],[39.7734,15.3905],[39.7757,15.4027],[39.7938,15.4147],[39.8005,15.4489],[39.8071,15.4589],[39.8213,15.4489],[39.8281,15.4489],[39.8356,15.4761],[39.8416,15.4761],[39.8416,15.4631],[39.8527,15.4716],[39.8753,15.5041],[39.89,15.4782],[39.91,15.4574],[40.0051,15.381],[40.0198,15.3738],[40.0508,15.3661],[40.0724,15.3507],[40.0799,15.3407],[40.0832,15.3302],[40.0813,15.3192],[40.0741,15.3073],[40.0472,15.2844],[40.0266,15.2372],[40.0462,15.2358],[40.052,15.2296],[40.054,15.2192],[40.0413,15.2125],[40.0415,15.205],[40.0525,15.1901],[40.0759,15.1732],[40.0813,15.1645],[40.0842,15.1518],[40.1018,15.113],[40.0975,15.0758],[40.1018,15.0646],[40.1143,15.069],[40.1279,15.0662],[40.1389,15.0587],[40.1453,15.0402],[40.1543,15.0373],[40.1565,15.022],[40.1496,15.0001],[40.1594,14.9822],[40.1826,14.9709],[40.2726,14.9376],[40.28,14.9318],[40.2868,14.9135],[40.3018,14.9169],[40.3246,14.9355],[40.3472,14.9441],[40.3898,15.0032],[40.3885,14.9874],[40.3921,14.9736],[40.4014,14.9661],[40.4177,14.9691],[40.423,14.9779],[40.4207,14.9892],[40.4227,14.999],[40.4544,15.0045],[40.4649,14.997],[40.4611,14.9866],[40.4631,14.9797],[40.4826,14.9736],[40.4895,14.9626],[40.499,14.9622],[40.5115,14.9705],[40.5202,14.9827],[40.513,14.9988],[40.5127,15.0175],[40.527,14.997],[40.5542,14.9902],[40.5559,14.9641],[40.561,14.9554],[40.5687,14.9505],[40.5884,14.9554],[40.6164,14.9487],[40.6206,14.9393],[40.6243,14.9001],[40.6277,14.892],[40.6566,14.8803],[40.652,14.8971],[40.6604,14.9026],[40.6877,14.9008],[40.6945,14.8962],[40.6974,14.8874],[40.6927,14.8819],[40.6771,14.8872],[40.6709,14.8803],[40.7188,14.8319],[40.7227,14.8359],[40.7274,14.8341],[40.7324,14.8257],[40.7324,14.791],[40.7241,14.7683],[40.7239,14.7571],[40.7324,14.7437],[40.758,14.726],[40.7664,14.7146],[40.7664,14.6953],[40.7866,14.706],[40.7969,14.7068],[40.8081,14.7028],[40.8081,14.7221],[40.8311,14.7122],[40.8845,14.7145],[40.9139,14.6991],[40.9447,14.6773],[40.9727,14.6696],[41.0402,14.6674],[41.1675,14.6369],[41.1795,14.6218],[41.1956,14.5851],[41.2088,14.5681],[41.283,14.5176],[41.3068,14.4889],[41.3225,14.4545],[41.3283,14.4176],[41.3359,14.402],[41.369,14.3848],[41.3766,14.3763],[41.3997,14.3467],[41.4128,14.3065],[41.4336,14.2821],[41.4797,14.2429],[41.5059,14.2134],[41.5213,14.1814],[41.5335,14.1369],[41.5418,14.1262],[41.5886,14.0962],[41.606,14.0818],[41.6209,14.0636],[41.6572,13.9965],[41.6678,13.9551],[41.6765,13.9403],[41.7401,13.9215],[41.7534,13.9207],[41.7857,13.9328],[41.7981,13.9344],[41.806,13.9297],[41.8255,13.8968],[41.849,13.8762],[41.8743,13.8732],[41.9043,13.8798],[41.9216,13.8731],[41.9568,13.8505],[41.9697,13.8456],[41.981,13.8378],[41.9937,13.7836],[42.0349,13.7523],[42.0414,13.7392],[42.0457,13.739],[42.0755,13.6948],[42.0892,13.688],[42.0996,13.6544],[42.1066,13.6435],[42.117,13.6408],[42.1395,13.6512],[42.1438,13.6504],[42.1473,13.6441],[42.1712,13.6265],[42.1848,13.5856],[42.2122,13.5676],[42.216,13.5539],[42.2239,13.5539],[42.2302,13.56],[42.2295,13.5639],[42.1987,13.5987],[42.1985,13.606],[42.219,13.606],[42.2197,13.6326],[42.2063,13.6439],[42.1892,13.6527],[42.1599,13.6566],[42.1624,13.6623],[42.1716,13.6672],[42.1848,13.6675],[42.219,13.6402],[42.2559,13.592],[42.2884,13.5746],[42.2948,13.55],[42.2947,13.5092],[42.3059,13.4761],[42.3148,13.461],[42.3255,13.4546],[42.3352,13.4435],[42.3425,13.4181],[42.3581,13.3025],[42.3723,13.2786],[42.3768,13.2255],[42.3794,13.2226],[42.4102,13.2046],[42.4313,13.1984],[42.4768,13.1945],[42.4959,13.1979],[42.5075,13.207],[42.5207,13.2355],[42.5339,13.2326],[42.5418,13.2082],[42.5599,13.1943],[42.5622,13.184],[42.5701,13.171],[42.6205,13.1293],[42.6554,13.0723],[42.6683,13.0642],[42.6882,13.0613],[42.7046,13.054],[42.7297,13.0331],[42.7376,13.0177],[42.7472,12.9617],[42.7637,12.9252],[42.7739,12.8621],[42.7813,12.8519],[42.7954,12.8484],[42.8358,12.8649],[42.8493,12.8378],[42.8689,12.8214],[42.8963,12.8132],[42.9321,12.8109],[42.9185,12.7905],[42.928,12.7897],[42.9663,12.8109],[42.978,12.824],[42.9873,12.8382],[42.9915,12.8596],[43.001,12.8649],[42.9949,12.8749],[42.9935,12.8846],[43.001,12.9003],[43.0295,12.8789],[43.0431,12.8656],[43.0532,12.8449],[43.0864,12.8209],[43.0933,12.8078],[43.0972,12.7625],[43.1239,12.7153],[43.1177,12.7079],[43.134,12.6972],[43.1618,12.6427],[43.2596,12.5334],[43.2832,12.4965],[43.2974,12.482],[43.313,12.4777],[43.3294,12.4888],[43.3312,12.4367],[43.3362,12.4199],[43.3605,12.383],[43.3678,12.3069],[43.374,12.293],[43.4114,12.2418],[43.4143,12.2249],[43.4114,12.1667],[43.4187,12.0913],[43.4133,12.0593],[43.3988,12.0295],[43.3771,12.0048],[43.3504,11.9879],[43.3157,11.9811],[43.2883,11.9674],[43.2684,11.9638],[43.2254,11.9629],[43.2066,11.9578],[43.174,11.935],[43.0972,11.8445],[43.0692,11.8303],[43.0609,11.8096],[43.0555,11.8036],[43.0415,11.7985],[42.9868,11.7961],[42.9426,11.7738],[42.9155,11.7836],[42.8965,11.7806],[42.8034,11.748],[42.7772,11.7322],[42.7541,11.708],[42.6841,11.5823],[42.6774,11.5737],[42.668,11.5685],[42.637,11.5596],[42.6038,11.5634],[42.5774,11.5624],[42.5635,11.5672],[42.5486,11.5838],[42.5269,11.5825],[42.5151,11.5741],[42.515,11.5672],[42.5281,11.5702],[42.5325,11.5485],[42.5331,11.5235],[42.5387,11.503],[42.5716,11.4905],[42.5916,11.4725],[42.6038,11.4678],[42.6177,11.4703],[42.6336,11.4848],[42.6448,11.4882],[42.6725,11.4797],[42.6817,11.4845],[42.6875,11.4972],[42.6653,11.5156],[42.6741,11.5321],[42.6941,11.546],[42.7398,11.5634],[42.8075,11.5713],[42.8291,11.577],[42.8475,11.5927],[42.8558,11.5958],[42.8752,11.5837],[43.0405,11.5859],[43.0619,11.5902],[43.0818,11.5895],[43.1034,11.577],[43.1231,11.5815],[43.1411,11.6086],[43.1519,11.6118],[43.1579,11.6013],[43.1722,11.5429],[43.1838,11.5266],[43.2263,11.5019],[43.2527,11.4731],[43.2669,11.4623],[43.2883,11.4604],[43.2827,11.4989],[43.2971,11.4822],[43.3201,11.4461],[43.3396,11.4262],[43.3524,11.4197],[43.376,11.3916],[43.4138,11.3809],[43.4597,11.3511],[43.4663,11.3679],[43.4782,11.38],[43.4894,11.3809],[43.4944,11.3647],[43.479,11.2718],[43.4881,11.2389],[43.5064,11.209],[43.5293,11.1866],[43.5519,11.1798],[43.563,11.1703],[43.5682,11.1554],[43.5832,11.1352],[43.5916,11.1075],[43.6174,11.0708],[43.6589,10.988],[43.7556,10.8942],[43.8296,10.803],[43.9221,10.7242],[44.0282,10.6522],[44.0975,10.5893],[44.1496,10.5591],[44.2743,10.4567],[44.3476,10.4145],[44.3892,10.3972],[44.4653,10.4015],[44.5414,10.3927],[44.5861,10.3836],[44.6273,10.3906],[44.7507,10.4279],[44.8548,10.4145],[44.8994,10.4118],[44.962,10.4158],[44.9942,10.4427],[44.988,10.4604],[45.0015,10.4604],[45.1113,10.5256],[45.1572,10.5411],[45.2523,10.6005],[45.3206,10.6621],[45.3373,10.6708],[45.3924,10.6584],[45.4092,10.6595],[45.4453,10.6678],[45.4871,10.6847],[45.543,10.7217],[45.573,10.7581],[45.5861,10.7659],[45.6731,10.7962],[45.7064,10.8328],[45.738,10.8436],[45.7536,10.8717],[45.7693,10.8781],[45.8027,10.8753],[45.8169,10.8692],[45.8313,10.8576],[45.8467,10.8323],[45.8556,10.824],[45.8723,10.8235],[45.8682,10.8414],[45.8845,10.8412],[45.9775,10.7991],[46.0125,10.7947],[46.0637,10.7788],[46.1022,10.7707],[46.1372,10.7763],[46.2074,10.7962],[46.2376,10.7924],[46.2632,10.7768],[46.3071,10.731],[46.3351,10.7097],[46.3701,10.6968],[46.4087,10.6916],[46.4478,10.6931],[46.4998,10.7085],[46.5277,10.7262],[46.5607,10.7317],[46.5887,10.7433],[46.6292,10.7451],[46.6463,10.7477],[46.6597,10.7543],[46.6941,10.7819],[46.7822,10.8217],[46.822,10.8526],[46.866,10.8719],[46.8865,10.8986],[46.9074,10.9031],[47.0081,10.939],[47.1323,11.0358],[47.1677,11.0721],[47.1807,11.0805],[47.2267,11.0938],[47.2634,11.1208],[47.3669,11.1728],[47.4059,11.1846],[47.437,11.1798],[47.4895,11.1928],[47.5227,11.187],[47.6777,11.108],[47.7105,11.1013],[47.7673,11.1302],[47.8928,11.1326],[47.9483,11.1251],[48.1304,11.1367],[48.1608,11.1457],[48.1735,11.1571],[48.1958,11.1868],[48.2156,11.1962],[48.2199,11.2111],[48.2942,11.2226],[48.3042,11.2275],[48.3106,11.2348],[48.3184,11.2555],[48.3313,11.2687],[48.3428,11.2755],[48.3731,11.2822],[48.4443,11.2893],[48.4785,11.2963],[48.522,11.3193],[48.5859,11.317],[48.6369,11.3294],[48.6548,11.3306],[48.7239,11.3153],[48.7625,11.301],[48.8006,11.279],[48.8888,11.2506],[48.9041,11.2477],[48.9768,11.2514],[49.2396,11.3003],[49.2781,11.317],[49.2933,11.338],[49.3035,11.3454],[49.3255,11.3351],[49.3357,11.3346],[49.4192,11.3448],[49.4886,11.3817],[49.5073,11.3852],[49.5217,11.3938],[49.5444,11.4367],[49.5586,11.4535],[49.5768,11.46],[49.6445,11.4604],[49.666,11.4711],[49.6868,11.4744],[49.7163,11.4678],[49.8049,11.4584],[49.8512,11.4649],[49.8807,11.4882],[49.8885,11.4873],[49.9421,11.5156],[49.9627,11.5087],[50.0539,11.5114],[50.0725,11.5087],[50.1315,11.5399],[50.1511,11.5579],[50.1619,11.5634],[50.1976,11.5626],[50.2254,11.5781],[50.2683,11.5893],[50.2889,11.6024],[50.3723,11.6689],[50.4181,11.678],[50.437,11.6906],[50.4704,11.7279],[50.5008,11.7548],[50.5127,11.7712],[50.523,11.838],[50.5295,11.8595],[50.5386,11.8786],[50.5612,11.9079],[50.5759,11.921],[50.6021,11.928],[50.6275,11.9401],[50.6411,11.9544],[50.6615,11.9476],[50.683,11.9534],[50.7249,11.9711],[50.7616,11.9787],[50.772,11.9858],[50.7979,11.9891],[50.8671,11.9429],[50.9701,11.9323],[51.0293,11.8851],[51.0488,11.8786],[51.1277,11.8786],[51.1472,11.8736],[51.1812,11.8554],[51.2471,11.8476],[51.2927,11.8331],[51.2774,11.8006],[51.2664,11.7593],[51.2494,11.7288],[51.2557,11.6817],[51.2478,11.6524],[51.2295,11.6359],[51.2125,11.6079],[51.1812,11.5788],[51.1209,11.5053],[51.1277,11.4709],[51.125,11.448],[51.1184,11.4263],[51.0813,11.3415],[51.0794,11.2759],[51.0725,11.2338],[51.0859,11.188],[51.1309,11.1608],[51.1744,11.1588],[51.1895,11.1383],[51.1644,11.1168],[51.1423,11.0684],[51.1238,11.0388],[51.1151,10.9934],[51.1382,10.6767],[51.1607,10.5985],[51.1543,10.5877],[51.1074,10.5766],[51.1019,10.5586],[51.1072,10.515],[51.1022,10.4947],[51.0923,10.4822],[51.0769,10.4758],[51.0557,10.4741],[51.0358,10.4675],[51.0183,10.4521],[51.0101,10.434],[51.0184,10.4194],[51.0381,10.4161],[51.1904,10.4461],[51.2204,10.442],[51.2239,10.4499],[51.2196,10.461],[51.2009,10.4715],[51.1965,10.4774],[51.193,10.5212],[51.1761,10.5628],[51.2206,10.5249],[51.2925,10.4801],[51.3259,10.4727],[51.3572,10.4837],[51.3952,10.479],[51.4031,10.4567],[51.417,10.4475],[51.3975,10.3958],[51.385,10.3915],[51.3726,10.3814],[51.3761,10.3677],[51.3674,10.3677],[51.3495,10.375],[51.3361,10.3744],[51.3201,10.3785],[51.3008,10.3726],[51.2729,10.3779],[51.2566,10.4203],[51.241,10.4256],[51.0901,10.4073],[51.0171,10.3819],[50.9274,10.3278],[50.9099,10.2956],[50.9017,10.2344],[50.9128,10.1769],[50.8838,10.1013],[50.8887,10.0557],[50.9004,10.0241],[50.9017,10.0117],[50.8998,10.0007],[50.8908,9.986],[50.8777,9.9167],[50.8812,9.9055],[50.8631,9.866],[50.854,9.8161],[50.8406,9.7798],[50.8333,9.7688],[50.8386,9.7409],[50.8317,9.7121],[50.8245,9.6511],[50.8062,9.6245],[50.8055,9.5939],[50.813,9.5412],[50.8368,9.477],[50.8403,9.4561],[50.8374,9.4372],[50.8303,9.4196],[50.7683,9.3193],[50.7483,9.3035],[50.7063,9.2857],[50.6895,9.2748],[50.647,9.2114],[50.6411,9.1964],[50.6492,9.1325],[50.6484,9.1104],[50.6336,9.0732],[50.6045,9.0379],[50.4949,8.952],[50.4641,8.9206],[50.4397,8.8882],[50.422,8.8571],[50.408,8.8164],[50.3898,8.7335],[50.3743,8.6989],[50.3265,8.6411],[50.3196,8.6203],[50.3226,8.5598],[50.3196,8.5418],[50.3035,8.5046],[50.2902,8.4868],[50.2562,8.4726],[50.2461,8.4564],[50.2302,8.4177],[50.1564,8.3206],[50.1414,8.288],[50.113,8.1995],[50.0911,8.161],[50.0583,8.1303],[49.9294,8.0517],[49.8421,7.9627],[49.8242,7.9339],[49.8125,7.8975],[49.8032,7.8269],[49.8086,7.815],[49.8234,7.8053],[49.8276,7.7829],[49.825,7.7578],[49.8193,7.7399],[49.7908,7.6995],[49.7609,7.6673],[49.7522,7.6503],[49.7442,7.5891],[49.5866,7.3148],[49.5205,7.2397],[49.367,7.0257],[49.2932,6.8809],[49.2473,6.8106],[49.1979,6.6736],[49.0747,6.4153],[49.072,6.3933],[49.0741,6.3708],[49.0856,6.3074],[49.0713,6.2199],[49.0361,6.1442],[48.8501,5.8244],[48.6958,5.5873],[48.6467,5.48],[48.6201,5.444],[48.5481,5.3751],[48.448,5.2087],[48.3289,5.0797],[48.2024,4.9089],[48.0557,4.6129],[47.9485,4.4571],[47.578,4.0599],[47.4893,3.9363],[47.013,3.4411],[46.8342,3.2325],[46.7,3.1133],[46.6257,3.0239],[46.4878,2.9088],[46.4143,2.8334],[46.3516,2.7886],[46.3392,2.7617],[46.3176,2.7519],[46.2894,2.6962],[46.2754,2.6859],[46.2365,2.6676],[46.1423,2.5689],[46.105,2.5106],[46.063,2.484],[46.0476,2.4551],[46.027,2.4381],[45.8263,2.3088],[45.2322,1.9677],[45.1997,1.9596],[45.0015,1.8664],[44.8316,1.7497],[44.824,1.7403],[44.8122,1.7356],[44.6763,1.6376],[44.5501,1.5591],[44.3328,1.39],[44.2214,1.2756],[44.1984,1.2657],[44.1579,1.2408],[44.1455,1.2296],[44.1421,1.2214],[44.138,1.1916],[44.134,1.1876],[44.115,1.182],[44.0329,1.0975],[44.0125,1.0842],[43.991,1.0786],[43.9788,1.0687],[43.9326,1.0098],[43.8198,0.9494],[43.7819,0.9216],[43.7342,0.855],[43.7035,0.8405],[43.6589,0.8049],[43.4676,0.6206],[43.2855,0.415],[43.0902,0.2234],[42.8883,0.0],[9.345,0.0001]],[[54.722,41.02],[54.6901,41.0592],[54.678,41.0646],[54.678,41.0709],[54.7005,41.0683],[54.7244,41.0593],[54.7674,41.0368],[54.7609,41.0455],[54.7326,41.0646],[54.7201,41.0805],[54.7199,41.092],[54.7293,41.101],[54.7326,41.0981],[54.7161,41.1152],[54.6594,41.1245],[54.6364,41.133],[54.635,41.1627],[54.6004,41.1923],[54.4004,41.309],[54.3118,41.3383],[54.2948,41.3475],[54.2581,41.376],[54.1908,41.4073],[54.175,41.4294],[54.1448,41.4598],[54.1087,41.4655],[54.0894,41.4748],[54.074,41.488],[54.061,41.5029],[54.0414,41.5346],[54.0303,41.5695],[54.0259,41.6088],[54.0256,41.6952],[54.0197,41.7315],[54.0086,41.7648],[53.9922,41.7971],[53.9446,41.8583],[53.9323,41.8843],[53.9028,41.8933],[53.8988,41.9053],[53.9102,41.9343],[53.9028,41.9721],[53.9148,41.9956],[53.917,42.0069],[53.9133,42.0434],[53.9069,42.0629],[53.8967,42.0788],[53.8656,42.1018],[53.8187,42.1244],[53.7679,42.1361],[53.7246,42.126],[53.6818,42.1439],[53.3752,42.1055],[53.3166,42.0823],[53.2967,42.0788],[53.2197,42.0814],[53.1638,42.1037],[53.1219,42.09],[53.0604,42.0441],[52.9603,41.9844],[52.937,41.9554],[52.8215,41.7649],[52.804,41.7449],[52.7896,41.7363],[52.7821,41.7255],[52.7738,41.7013],[52.7692,41.6756],[52.7725,41.6605],[52.7847,41.6631],[52.8157,41.6938],[52.8308,41.7015],[52.8805,41.6979],[52.9038,41.6898],[52.9165,41.6742],[52.9154,41.6608],[52.8999,41.6403],[52.896,41.6295],[52.9028,41.5885],[52.8989,41.566],[52.8327,41.4375],[52.8135,41.3793],[52.8276,41.3446],[52.8373,41.3029],[52.844,41.2402],[52.8513,41.2236],[52.904,41.1402],[52.9097,41.1227],[52.9043,41.102],[52.8831,41.0725],[52.8823,41.0504],[52.8755,41.0504],[52.87,41.06],[52.8483,41.0777],[52.8467,41.0887],[52.8545,41.1193],[52.8511,41.1633],[52.8338,41.2012],[52.8135,41.2217],[52.811,41.2337],[52.8135,41.2626],[52.7896,41.331],[52.7771,41.3395],[52.761,41.3776],[52.7453,41.3862],[52.7319,41.3883],[52.7234,41.3942],[52.7158,41.4264],[52.6936,41.4445],[52.6824,41.4503],[52.6559,41.4534],[52.6463,41.4582],[52.6117,41.4924],[52.5939,41.5026],[52.5754,41.5087],[52.5622,41.5195],[52.5602,41.5439],[52.5877,41.5827],[52.5876,41.6162],[52.5952,41.6337],[52.5925,41.6457],[52.5807,41.6537],[52.5725,41.6738],[52.5602,41.6878],[52.5366,41.6879],[52.5296,41.6912],[52.5145,41.7069],[52.4988,41.7121],[52.4836,41.7263],[52.4502,41.7348],[52.4377,41.7488],[52.4358,41.7685],[52.4436,41.7909],[52.4819,41.864],[52.491,41.902],[52.4845,41.9416],[52.4741,41.9626],[52.4612,41.9789],[52.4338,42.0004],[52.4305,42.0137],[52.4368,42.0578],[52.4308,42.0671],[52.402,42.0925],[52.4131,42.1067],[52.4222,42.1253],[52.4363,42.1799],[52.4845,42.2017],[52.5335,42.2719],[52.5941,42.3353],[52.6012,42.3564],[52.6011,42.3886],[52.6048,42.3967],[52.6345,42.4186],[52.6428,42.4283],[52.6497,42.4619],[52.6663,42.5018],[52.6763,42.5385],[52.6765,42.5745],[52.6633,42.6127],[52.638,42.6555],[52.6185,42.6784],[52.5757,42.6986],[52.5642,42.7209],[52.5638,42.7423],[52.5745,42.7498],[52.6004,42.6977],[52.6633,42.6679],[52.6717,42.6477],[52.6769,42.6474],[52.7009,42.5932],[52.7105,42.5854],[52.7214,42.5935],[52.7412,42.6379],[52.7446,42.6574],[52.7363,42.7014],[52.7129,42.7308],[52.6765,42.7466],[52.6292,42.7498],[52.625,42.7747],[52.5742,42.7985],[52.4709,42.8262],[52.3574,42.8317],[52.3206,42.8188],[52.2996,42.7908],[52.273,42.7988],[52.2063,42.8661],[52.1692,42.887],[52.1455,42.8885],[52.0584,42.8785],[51.9917,42.8597],[51.9551,42.8406],[51.9328,42.8349],[51.9124,42.8424],[51.8539,42.8938],[51.8026,42.9587],[51.7927,42.9742],[51.7824,43.0114],[51.772,43.031],[51.7245,43.0705],[51.7114,43.0909],[51.6758,43.0999],[51.6707,43.1127],[51.6831,43.1409],[51.6794,43.1597],[51.6677,43.1798],[51.6511,43.1914],[51.6123,43.1771],[51.5632,43.1792],[51.5398,43.175],[51.5187,43.1569],[51.5086,43.1545],[51.4603,43.1689],[51.3678,43.1545],[51.2757,43.1545],[51.2627,43.1646],[51.2663,43.1876],[51.3024,43.269],[51.3128,43.3112],[51.3196,43.4425],[51.3147,43.4625],[51.2786,43.5176],[51.273,43.5586],[51.2577,43.5723],[51.2181,43.5933],[51.2069,43.6245],[51.1985,43.6262],[51.1761,43.6207],[51.156,43.6248],[51.1419,43.6337],[51.115,43.6608],[51.0231,43.801],[51.0149,43.8185],[51.0086,43.8456],[50.9911,43.8671],[50.9911,43.9081],[50.9832,43.919],[50.9533,43.9388],[50.9387,43.9657],[50.9017,44.0111],[50.8688,44.0203],[50.8609,44.0254],[50.8528,44.0388],[50.8609,44.0694],[50.8572,44.1528],[50.8472,44.1893],[50.8216,44.215],[50.7813,44.2359],[50.6963,44.2643],[50.3446,44.3113],[50.2991,44.3264],[50.2552,44.351],[50.2375,44.3693],[50.2302,44.3909],[50.2376,44.4577],[50.2302,44.4766],[50.2376,44.4841],[50.2275,44.5022],[50.2222,44.5348],[50.2246,44.5677],[50.2376,44.5865],[50.2541,44.5575],[50.2683,44.5705],[50.2817,44.6138],[50.2927,44.619],[50.2991,44.6553],[50.3112,44.6623],[50.34,44.6479],[50.4978,44.6258],[50.5454,44.6274],[50.5923,44.6397],[50.617,44.6397],[50.6275,44.624],[50.6428,44.6208],[50.7305,44.6206],[50.7456,44.6092],[50.7568,44.605],[50.7683,44.6103],[50.7842,44.6327],[50.8479,44.6328],[50.8729,44.6289],[50.8949,44.6206],[50.9303,44.5969],[50.9605,44.5697],[50.9701,44.5654],[50.9945,44.5683],[51.0047,44.566],[51.0112,44.558],[51.0086,44.5515],[50.9911,44.5455],[51.0073,44.5288],[51.0335,44.5158],[51.1146,44.4885],[51.1433,44.4848],[51.1726,44.4856],[51.2028,44.4909],[51.2253,44.4997],[51.2786,44.5386],[51.2857,44.5486],[51.2922,44.5523],[51.3235,44.5523],[51.3662,44.5602],[51.3815,44.5598],[51.3738,44.5277],[51.4025,44.5214],[51.471,44.5319],[51.5379,44.5093],[51.5603,44.5114],[51.5739,44.5239],[51.5687,44.5377],[51.5544,44.5505],[51.5398,44.5598],[51.4795,44.5832],[51.439,44.6101],[51.4155,44.6121],[51.3678,44.6008],[51.3193,44.5964],[51.2918,44.6145],[51.258,44.6889],[51.2344,44.7191],[51.2009,44.7409],[51.1209,44.7783],[51.096,44.7969],[51.0496,44.8035],[51.0342,44.8179],[50.9707,44.8472],[50.9624,44.8637],[50.96,44.8865],[50.9655,44.9067],[50.9898,44.9189],[50.9938,44.9272],[50.994,44.9365],[50.9911,44.9433],[50.9797,44.9487],[50.9544,44.9522],[50.9496,44.9638],[50.9593,44.9788],[50.9822,44.9895],[51.0086,44.9958],[51.0652,44.997],[51.0794,45.0048],[51.1072,45.0322],[51.1502,45.0536],[51.1746,45.0622],[51.1965,45.0656],[51.2136,45.0576],[51.2511,45.0261],[51.273,45.0246],[51.2817,45.0375],[51.2749,45.0568],[51.2478,45.0905],[51.2434,45.1011],[51.258,45.1345],[51.2444,45.1618],[51.2632,45.1926],[51.2936,45.2255],[51.3093,45.2573],[51.3972,45.3326],[51.4061,45.3486],[51.4157,45.39],[51.4299,45.3809],[51.4567,45.3474],[51.4939,45.3347],[51.5437,45.3349],[51.5929,45.3447],[51.6279,45.3611],[51.6677,45.3896],[51.6902,45.3886],[51.7,45.3921],[51.7395,45.4468],[51.7583,45.4573],[51.7814,45.4342],[51.7893,45.4193],[51.7925,45.4055],[51.8784,45.3952],[51.8943,45.3909],[51.9212,45.3716],[51.9401,45.3673],[51.9578,45.3716],[51.9901,45.3909],[52.0088,45.3952],[52.0941,45.3815],[52.4031,45.4094],[52.4458,45.4006],[52.5193,45.4089],[52.5667,45.4007],[52.7352,45.3478],[52.8351,45.3367],[52.885,45.3183],[52.9097,45.3127],[53.0022,45.3201],[53.0285,45.3165],[53.0833,45.3017],[53.1082,45.2996],[53.1292,45.3049],[53.1709,45.3225],[53.2005,45.3284],[53.2181,45.3406],[53.2455,45.3338],[53.2612,45.3428],[53.2673,45.3509],[53.2659,45.3611],[53.2476,45.3697],[53.1429,45.384],[53.1219,45.402],[53.1121,45.4062],[53.0817,45.4089],[53.0357,45.4188],[52.9097,45.4634],[52.8757,45.4711],[52.8501,45.4942],[52.8042,45.501],[52.7552,45.5168],[52.7385,45.5256],[52.7434,45.5383],[52.7319,45.5541],[52.7427,45.5734],[52.7385,45.5972],[52.74,45.6208],[52.7456,45.6391],[52.7571,45.6511],[52.7759,45.6553],[52.7922,45.6629],[52.8039,45.6807],[52.8203,45.7174],[52.8587,45.7648],[52.8755,45.7788],[52.9199,45.7961],[52.9544,45.8303],[52.9675,45.8478],[52.9866,45.8861],[53.0022,45.9061],[53.04,45.9365],[53.0604,45.978],[53.0818,46.0051],[53.0866,46.0205],[53.077,46.0478],[53.0824,46.0607],[53.1052,46.0839],[53.1138,46.0978],[53.1276,46.1833],[53.1567,46.2723],[53.1567,46.3417],[53.1283,46.3939],[53.0829,46.435],[53.0326,46.4709],[53.0532,46.4687],[53.0832,46.4501],[53.1021,46.4435],[53.1021,46.451],[53.0842,46.4602],[53.0755,46.4757],[53.075,46.4942],[53.0817,46.5124],[53.0632,46.5058],[53.0178,46.4787],[52.9984,46.4846],[52.9966,46.5048],[53.0096,46.5317],[53.04,46.5739],[53.0418,46.5554],[53.0542,46.5456],[53.0718,46.5447],[53.0879,46.5534],[53.0957,46.5683],[53.1001,46.6051],[53.1082,46.6217],[53.1177,46.6015],[53.1257,46.6066],[53.1424,46.6353],[53.152,46.6377],[53.1841,46.6353],[53.2005,46.6433],[53.2046,46.6558],[53.2078,46.695],[53.1882,46.718],[53.1569,46.7289],[53.1257,46.7316],[53.1058,46.7373],[53.0995,46.7511],[53.1021,46.7831],[53.0835,46.8533],[53.0648,46.8795],[53.0604,46.8923],[53.0519,46.8984],[52.9922,46.8955],[52.9741,46.9084],[52.9356,46.9489],[52.9199,46.9575],[52.875,46.9568],[52.7827,46.9438],[52.7274,46.95],[52.6148,46.95],[52.5903,46.9544],[52.5715,46.9622],[52.537,46.9888],[52.5194,46.9942],[52.4559,47.0012],[52.4368,46.9991],[52.4273,46.9902],[52.4234,46.9791],[52.4231,46.9538],[52.4193,46.944],[52.374,46.9036],[52.3572,46.8936],[52.2622,46.8701],[52.235,46.8689],[52.2018,46.8854],[52.1888,46.8838],[52.1807,46.8756],[52.1829,46.8619],[52.2244,46.8483],[52.2373,46.8323],[52.2449,46.81],[52.2389,46.8068],[52.1126,46.8127],[52.0879,46.8209],[52.0718,46.83],[52.0674,46.8514],[52.0619,46.85],[52.0496,46.8569],[52.0,46.8906],[51.9979,46.9029],[52.0225,46.9262],[52.0189,46.937],[51.999,46.941],[51.9812,46.9233],[51.9607,46.8858],[51.9414,46.88],[51.9097,46.8811],[51.8767,46.8869],[51.8539,46.8955],[51.8955,46.9308],[51.874,46.9356],[51.806,46.9091],[51.7849,46.9091],[51.7637,46.9157],[51.7439,46.9268],[51.7277,46.9404],[51.6892,46.9615],[51.6758,46.9786],[51.6961,47.0212],[51.694,47.0417],[51.6802,47.057],[51.6553,47.0599],[51.6358,47.0488],[51.6211,47.0074],[51.611,46.9888],[51.5923,46.9873],[51.572,47.0048],[51.5461,47.04],[51.5272,47.053],[51.5026,47.0613],[51.4378,47.0692],[51.3818,47.0837],[51.2536,47.103],[51.2126,47.1209],[51.187,47.1169],[51.1419,47.0947],[51.1027,47.0805],[50.9707,47.0599],[50.9519,47.0522],[50.9229,47.025],[50.9054,47.0189],[50.8908,47.0223],[50.8683,47.0368],[50.8574,47.04],[50.8465,47.0368],[50.8406,47.0295],[50.8395,47.0223],[50.8438,47.0189],[50.8381,47.0099],[50.7578,46.9155],[50.7406,46.9062],[50.7305,46.9233],[50.7339,46.935],[50.7532,46.9551],[50.7578,46.968],[50.7521,46.9747],[50.7395,46.9692],[50.7038,46.9427],[50.6782,46.9327],[50.6514,46.9283],[50.6161,46.9356],[50.6104,46.9153],[50.6069,46.8681],[50.5986,46.8524],[50.5855,46.8372],[50.5691,46.829],[50.5516,46.8346],[50.5808,46.8676],[50.5781,46.8784],[50.5554,46.8824],[50.5213,46.8747],[50.5028,46.8636],[50.4937,46.8658],[50.4534,46.8918],[50.4302,46.8967],[50.4158,46.8824],[50.3836,46.8178],[50.3674,46.8066],[50.3721,46.8193],[50.3743,46.8544],[50.3609,46.8465],[50.34,46.8135],[50.3141,46.8093],[50.2987,46.8019],[50.2515,46.7424],[50.231,46.726],[50.2131,46.7282],[50.2131,46.7377],[50.2232,46.7611],[50.2131,46.7657],[50.2004,46.7631],[50.1688,46.7491],[50.0794,46.6838],[50.0508,46.6496],[50.034,46.6352],[50.0142,46.6291],[49.9766,46.6322],[49.9627,46.6291],[49.9528,46.6237],[49.9286,46.6013],[49.8933,46.5908],[49.8823,46.5759],[49.8397,46.5808],[49.8255,46.5715],[49.8233,46.5533],[49.8174,46.5404],[49.7918,46.5473],[49.7713,46.5671],[49.7609,46.5634],[49.7609,46.5417],[49.7575,46.5317],[49.7473,46.5363],[49.7268,46.5546],[49.7136,46.5614],[49.7026,46.5602],[49.7026,46.5193],[49.6377,46.5773],[49.6226,46.5828],[49.6196,46.5638],[49.6268,46.5193],[49.6081,46.527],[49.5977,46.5211],[49.5789,46.4988],[49.5706,46.5219],[49.5579,46.5344],[49.4808,46.5606],[49.4697,46.5736],[49.4691,46.5944],[49.4692,46.5626],[49.4723,46.5466],[49.4862,46.5347],[49.4966,46.509],[49.5041,46.4988],[49.4928,46.4996],[49.4568,46.5096],[49.4623,46.5329],[49.429,46.5549],[49.4237,46.5505],[49.4214,46.5397],[49.3895,46.544],[49.3539,46.5535],[49.323,46.5681],[49.3053,46.5876],[49.313,46.5621],[49.3786,46.5102],[49.3942,46.4783],[49.3745,46.4841],[49.3333,46.4846],[49.2979,46.5237],[49.2781,46.5255],[49.2781,46.5193],[49.2947,46.508],[49.3036,46.4665],[49.3294,46.4572],[49.3669,46.4299],[49.3727,46.4104],[49.3669,46.389],[49.3257,46.4103],[49.3063,46.4239],[49.2663,46.4641],[49.2503,46.4694],[49.2234,46.4709],[49.2432,46.4586],[49.2488,46.4492],[49.2507,46.4337],[49.2554,46.4241],[49.2918,46.3964],[49.2781,46.389],[49.2638,46.3961],[49.1849,46.4138],[49.1736,46.4135],[49.1682,46.4094],[49.1704,46.3991],[49.1784,46.3928],[49.1992,46.389],[49.2158,46.3803],[49.2222,46.3613],[49.2271,46.3279],[49.2638,46.2934],[49.2959,46.2747],[49.306,46.2631],[49.2985,46.2518],[49.282,46.2499],[49.2492,46.2673],[49.1978,46.2779],[49.1597,46.2919],[49.1421,46.31],[49.1682,46.3275],[49.1502,46.3358],[49.1382,46.3297],[49.1198,46.3057],[49.0881,46.2945],[49.0762,46.2862],[49.0794,46.2723],[49.0664,46.2639],[49.0589,46.2518],[49.0882,46.2512],[49.1047,46.2407],[49.112,46.2211],[49.1195,46.1588],[49.1145,46.1513],[49.093,46.1624],[49.069,46.192],[49.0589,46.1972],[49.0422,46.1962],[49.0208,46.1767],[48.9939,46.1719],[48.9558,46.1495],[48.9348,46.1419],[48.9348,46.1357],[48.9553,46.1078],[48.9406,46.0893],[48.9318,46.0853],[48.928,46.091],[48.9243,46.1115],[48.9144,46.132],[48.8993,46.1484],[48.8801,46.1562],[48.8871,46.1223],[48.887,46.1078],[48.874,46.1176],[48.8533,46.141],[48.8392,46.1494],[48.8318,46.1419],[48.8508,46.1253],[48.868,46.0998],[48.8742,46.0782],[48.8596,46.0736],[48.8429,46.0873],[48.8324,46.1077],[48.8185,46.1247],[48.7914,46.1282],[48.8198,46.1035],[48.8276,46.0877],[48.8255,46.0668],[48.8179,46.0562],[48.8084,46.0566],[48.801,46.0647],[48.7976,46.0771],[48.7817,46.0967],[48.7472,46.1188],[48.7141,46.1296],[48.702,46.1152],[48.6958,46.1152],[48.6856,46.1224],[48.6786,46.1203],[48.6678,46.1078],[48.6642,46.0898],[48.627,46.0873],[48.6885,46.0668],[48.729,46.02],[48.71,45.997],[48.6717,45.9841],[48.6473,45.9706],[48.6514,45.9605],[48.6548,45.9569],[48.678,45.9691],[48.6991,45.9726],[48.7402,45.9706],[48.7522,45.9656],[48.7549,45.9542],[48.7518,45.9416],[48.7411,45.923],[48.7424,45.9141],[48.7572,45.9023],[48.7566,45.8879],[48.7824,45.8584],[48.7914,45.8409],[48.7655,45.8522],[48.7437,45.8409],[48.7214,45.8383],[48.7147,45.8317],[48.7163,45.8135],[48.6952,45.828],[48.6867,45.8486],[48.6914,45.8688],[48.7101,45.8818],[48.6926,45.8808],[48.6795,45.8853],[48.6494,45.9051],[48.6304,45.9097],[48.6266,45.9124],[48.6201,45.9296],[48.5938,45.9582],[48.5734,45.9711],[48.5549,45.9675],[48.5222,45.9536],[48.5095,45.9406],[48.4656,45.9402],[48.4347,45.9155],[48.3936,45.8682],[48.3794,45.8764],[48.3649,45.8762],[48.3569,45.8694],[48.3628,45.8576],[48.4072,45.8519],[48.4141,45.8439],[48.3994,45.8354],[48.3049,45.8409],[48.2887,45.8373],[48.2847,45.8281],[48.2837,45.7999],[48.2772,45.7862],[48.2698,45.7795],[48.2497,45.772],[48.2243,45.7684],[48.2209,45.7652],[48.2228,45.7515],[48.242,45.7248],[48.2428,45.7099],[48.1799,45.7397],[48.1478,45.7434],[48.1336,45.7242],[48.0916,45.749],[48.0789,45.7515],[48.0638,45.746],[48.0447,45.728],[48.0192,45.7185],[48.013,45.7128],[48.0075,45.7005],[47.9822,45.7239],[47.969,45.7316],[47.9304,45.7217],[47.897,45.6938],[47.8919,45.6973],[47.8758,45.7226],[47.8591,45.7242],[47.8489,45.7172],[47.8451,45.7068],[47.8455,45.6798],[47.8347,45.6599],[47.8353,45.6496],[47.8523,45.6423],[47.8386,45.622],[47.8182,45.6081],[47.7771,45.6523],[47.7649,45.6822],[47.7517,45.6909],[47.7214,45.6968],[47.7049,45.7099],[47.6926,45.7036],[47.6652,45.7075],[47.6527,45.7204],[47.6437,45.7409],[47.6195,45.7589],[47.5804,45.7709],[47.5601,45.7716],[47.5513,45.762],[47.5553,45.7436],[47.5652,45.7412],[47.5784,45.7449],[47.5923,45.7446],[47.5911,45.741],[47.6047,45.7188],[47.6261,45.7091],[47.6227,45.6882],[47.6258,45.6718],[47.6081,45.6675],[47.6063,45.664],[47.6126,45.6553],[47.6087,45.6388],[47.6237,45.6307],[47.6611,45.6218],[47.6455,45.5922],[47.6443,45.5791],[47.6537,45.5591],[47.6281,45.559],[47.615,45.5702],[47.5991,45.6081],[47.5859,45.6258],[47.5407,45.6658],[47.5291,45.6705],[47.4824,45.6689],[47.4562,45.6877],[47.4326,45.6945],[47.436,45.703],[47.4551,45.7174],[47.5034,45.7174],[47.4808,45.7305],[47.4253,45.7348],[47.4087,45.7514],[47.3967,45.7529],[47.3848,45.7502],[47.3794,45.7409],[47.3831,45.734],[47.4107,45.7136],[47.4141,45.6907],[47.4277,45.6764],[47.4483,45.6764],[47.4688,45.6553],[47.5151,45.6495],[47.5348,45.6439],[47.5513,45.628],[47.5482,45.6208],[47.5721,45.567],[47.5718,45.5591],[47.5677,45.5536],[47.5423,45.5371],[47.5238,45.5494],[47.5088,45.5711],[47.5096,45.5939],[47.4943,45.5852],[47.4932,45.572],[47.5002,45.5577],[47.5383,45.5065],[47.5015,45.4805],[47.4968,45.4709],[47.4988,45.4381],[47.4968,45.43],[47.4774,45.4224],[47.4191,45.4267],[47.3936,45.4226],[47.3814,45.411],[47.3954,45.4049],[47.4592,45.3987],[47.4601,45.3908],[47.4483,45.3747],[47.4277,45.3673],[47.384,45.2995],[47.3794,45.2822],[47.3794,45.2028],[47.3701,45.1856],[47.3565,45.1852],[47.3145,45.1966],[47.2971,45.1874],[47.2865,45.166],[47.2756,45.1208],[47.2612,45.085],[47.2279,45.0334],[47.2012,44.97],[47.1807,44.9767],[47.1658,44.967],[47.146,44.9291],[47.1267,44.9503],[47.1115,44.9585],[47.0988,44.9564],[47.0982,44.9465],[47.1117,44.8696],[47.0845,44.8175],[47.0791,44.8001],[47.0783,44.7851],[47.0715,44.7851],[47.0236,44.843],[47.0163,44.858],[47.0115,44.9023],[47.0032,44.9216],[46.9889,44.9154],[46.9839,44.8934],[47.01,44.8301],[47.0032,44.8176],[46.9714,44.7838],[46.9616,44.7652],[46.9434,44.775],[46.9238,44.772],[46.8679,44.7405],[46.8313,44.6964],[46.7917,44.706],[46.7664,44.6815],[46.7463,44.654],[46.722,44.6553],[46.7163,44.6389],[46.7078,44.5697],[46.7232,44.5495],[46.7183,44.5455],[46.6947,44.543],[46.6846,44.5379],[46.6804,44.5285],[46.6836,44.5068],[46.6978,44.4665],[46.7009,44.4462],[46.7113,44.4318],[46.7344,44.4148],[46.7732,44.3947],[46.8519,44.3976],[47.0026,44.3673],[47.0256,44.3596],[47.0442,44.3463],[47.0554,44.3277],[47.0783,44.2643],[47.105,44.2359],[47.1222,44.2227],[47.1668,44.2033],[47.18,44.2029],[47.1909,44.2086],[47.2105,44.2268],[47.2217,44.2308],[47.2459,44.212],[47.2654,44.1686],[47.2899,44.093],[47.3161,44.0581],[47.3579,44.0206],[47.3869,43.9565],[47.4234,43.9079],[47.4277,43.8842],[47.4326,43.8762],[47.4553,43.8709],[47.4619,43.8603],[47.4414,43.8193],[47.4683,43.8261],[47.4828,43.8249],[47.4893,43.8156],[47.5028,43.781],[47.5034,43.7709],[47.4955,43.7648],[47.4694,43.7601],[47.4585,43.7545],[47.4446,43.7385],[47.4339,43.7163],[47.4551,43.689],[47.4509,43.6819],[47.4277,43.6684],[47.4081,43.6369],[47.3936,43.6064],[47.3732,43.6207],[47.3657,43.6207],[47.3718,43.5797],[47.3799,43.5597],[47.405,43.5438],[47.4043,43.5114],[47.4243,43.504],[47.4485,43.5181],[47.4653,43.5522],[47.4745,43.5935],[47.4778,43.6437],[47.4818,43.6531],[47.5,43.6716],[47.5073,43.6857],[47.5027,43.715],[47.5066,43.7268],[47.5226,43.7488],[47.5339,43.7759],[47.5409,43.8048],[47.5444,43.8652],[47.5547,43.8776],[47.5957,43.9012],[47.6528,43.8967],[47.678,43.8886],[47.7015,43.8745],[47.6438,43.8299],[47.6016,43.7657],[47.5438,43.6275],[47.5197,43.52],[47.4909,43.4628],[47.4822,43.4218],[47.4832,43.3797],[47.4968,43.3464],[47.4886,43.3295],[47.4868,43.3109],[47.4934,43.2963],[47.5096,43.2917],[47.5344,43.3206],[47.5542,43.3255],[47.5703,43.3337],[47.5774,43.3297],[47.5824,43.321],[47.5857,43.2995],[47.5747,43.2878],[47.565,43.2681],[47.5171,43.2433],[47.506,43.2355],[47.4859,43.2128],[47.4812,43.2023],[47.4883,43.1805],[47.478,43.1599],[47.4824,43.1273],[47.4764,43.1181],[47.4551,43.0999],[47.4528,43.0808],[47.4619,43.0208],[47.5301,42.9621],[47.5899,42.9427],[47.5991,42.9317],[47.6056,42.9174],[47.6216,42.9051],[47.6981,42.8671],[47.7017,42.8618],[47.7117,42.8324],[47.71,42.8222],[47.7166,42.7736],[47.7151,42.7573],[47.7214,42.7573],[47.7151,42.7362],[47.7156,42.6967],[47.7273,42.6628],[47.7518,42.6367],[47.8377,42.6049],[47.8677,42.5847],[47.9385,42.4811],[47.9929,42.4197],[48.0237,42.393],[48.0788,42.3627],[48.096,42.3498],[48.2223,42.1751],[48.2497,42.1466],[48.2861,42.1208],[48.304,42.1027],[48.3156,42.0603],[48.325,42.0388],[48.3867,41.9372],[48.4164,41.915],[48.4624,41.9008],[48.51,41.8935],[48.5529,41.8756],[48.5789,41.8453],[48.6201,41.8244],[48.6554,41.8006],[48.7437,41.7089],[48.7778,41.683],[48.7918,41.6674],[48.7976,41.6431],[48.8659,41.5854],[48.9041,41.5234],[48.9243,41.5178],[48.9412,41.5046],[48.9622,41.4761],[48.9945,41.4404],[49.0276,41.4312],[49.0425,41.4144],[49.1089,41.3098],[49.1359,41.275],[49.1419,41.2532],[49.1543,41.1664],[49.1607,41.1481],[49.1716,41.1404],[49.1785,41.1289],[49.1955,41.0573],[49.2432,40.9972],[49.3631,40.8942],[49.382,40.8666],[49.4032,40.8527],[49.4487,40.8313],[49.471,40.8358],[49.5078,40.8062],[49.5278,40.7978],[49.5388,40.7881],[49.5344,40.7662],[49.5169,40.7289],[49.5095,40.699],[49.5108,40.6879],[49.5389,40.654],[49.5762,40.63],[49.5896,40.6252],[49.6331,40.6232],[49.6526,40.6192],[49.6685,40.6122],[49.7041,40.5881],[49.7238,40.5808],[49.7739,40.5756],[49.8167,40.5654],[49.8403,40.5638],[49.8587,40.5666],[49.9142,40.5843],[49.9382,40.5875],[50.052,40.5843],[50.0604,40.5779],[50.0725,40.557],[50.1094,40.5271],[50.1296,40.5185],[50.2201,40.5036],[50.2376,40.4962],[50.2759,40.4366],[50.3174,40.4212],[50.3359,40.406],[50.3506,40.3859],[50.3605,40.3652],[50.3708,40.2826],[50.386,40.2557],[50.3911,40.235],[50.3879,40.2211],[50.3479,40.2744],[50.3231,40.2966],[50.2737,40.3273],[50.2526,40.3363],[50.23,40.3428],[50.1853,40.3475],[50.1277,40.359],[50.0936,40.3515],[50.0552,40.3515],[50.0376,40.3458],[50.0038,40.3242],[49.9837,40.3242],[49.9558,40.3515],[49.9196,40.3581],[49.8934,40.369],[49.8735,40.3606],[49.8403,40.3378],[49.8472,40.3142],[49.819,40.2921],[49.7783,40.2758],[49.7119,40.2643],[49.6537,40.2384],[49.5772,40.2167],[49.5593,40.2067],[49.5208,40.1742],[49.5036,40.1649],[49.4925,40.154],[49.4904,40.1324],[49.4966,40.0945],[49.4426,40.0784],[49.4326,40.063],[49.4351,40.0428],[49.4487,40.0225],[49.4719,40.0065],[49.4797,39.999],[49.4839,39.9887],[49.4783,39.9823],[49.4354,39.9577],[49.4237,39.9355],[49.4282,39.9064],[49.4431,39.8734],[49.4385,39.8618],[49.4165,39.8437],[49.4146,39.8342],[49.4224,39.8173],[49.4214,39.8102],[49.4009,39.7966],[49.3948,39.7825],[49.3952,39.7762],[49.4009,39.7693],[49.3963,39.7562],[49.402,39.7425],[49.4248,39.7181],[49.4236,39.7095],[49.384,39.6901],[49.3373,39.6464],[49.318,39.6214],[49.319,39.6042],[49.2971,39.5656],[49.2849,39.5222],[49.2858,39.4952],[49.2957,39.4767],[49.3888,39.4108],[49.4009,39.3994],[49.4089,39.3864],[49.4036,39.3785],[49.3973,39.3452],[49.3987,39.3352],[49.4071,39.3237],[49.3856,39.3349],[49.3731,39.351],[49.3669,39.351],[49.3791,39.3198],[49.3914,39.3055],[49.4071,39.2969],[49.4071,39.2895],[49.3845,39.2937],[49.3577,39.3201],[49.3064,39.3465],[49.2731,39.3366],[49.2473,39.3107],[49.2371,39.279],[49.2378,39.1695],[49.2297,39.1387],[49.2108,39.0908],[49.2033,39.0341],[49.1939,39.0163],[49.1188,38.9753],[49.0793,38.9633],[49.0515,38.981],[49.0558,39.0075],[49.0652,39.0151],[49.1101,39.022],[49.1255,39.0281],[49.1387,39.0434],[49.1468,39.0634],[49.1477,39.0834],[49.1364,39.1023],[49.1164,39.1103],[49.0686,39.1114],[49.0589,39.1728],[49.0412,39.1844],[49.0222,39.1882],[48.9795,39.1871],[48.9676,39.1838],[48.9496,39.1513],[48.947,39.1275],[48.9348,39.1244],[48.933,39.0777],[48.9364,39.0531],[48.9526,39.0316],[48.9486,39.0072],[48.9217,38.9355],[48.8987,38.8931],[48.8679,38.8638],[48.8318,38.8712],[48.8347,38.8193],[48.8392,38.8035],[48.8631,38.7567],[48.8772,38.3462],[48.8659,38.3169],[48.8729,38.2956],[48.8748,38.2427],[48.8937,38.2058],[48.9077,38.0835],[48.9491,37.9669],[48.9412,37.9477],[48.9402,37.925],[48.9445,37.9034],[48.9522,37.888],[48.9875,37.8425],[48.9832,37.816],[48.9937,37.7768],[49.0145,37.7392],[49.0652,37.6789],[49.1325,37.6234],[49.2056,37.5817],[49.3669,37.515],[49.4417,37.4949],[49.8262,37.4536],[49.8674,37.4586],[49.9015,37.4697],[49.9338,37.4744],[49.9695,37.4597],[49.9431,37.4616],[49.9353,37.4536],[50.0187,37.4277],[50.1488,37.4039],[50.1956,37.3893],[50.2273,37.3654],[50.2233,37.3293],[50.2321,37.3154],[50.2451,37.2793],[50.2687,37.2469],[50.2922,37.1928],[50.3223,37.1533],[50.3572,37.1265],[50.4295,37.083],[50.4789,37.035],[50.494,37.0277],[50.5134,37.0233],[50.624,36.9633],[50.6587,36.9543],[50.7031,36.9184],[50.8609,36.8496],[51.0047,36.7676],[51.0886,36.737],[51.3678,36.6926],[51.5461,36.6509],[51.731,36.6243],[51.909,36.5827],[52.0941,36.6025],[52.2586,36.6509],[52.4305,36.6851],[52.7793,36.7404],[53.1157,36.8223],[53.4476,36.8819],[53.4924,36.8879],[53.8859,36.9058],[53.9578,36.9196],[54.0065,36.9526],[54.0042,36.9146],[53.9476,36.8987],[53.8765,36.8917],[53.8182,36.8752],[53.7771,36.8837],[53.719,36.8707],[53.6604,36.8769],[53.6091,36.8769],[53.617,36.8657],[53.631,36.862],[53.6638,36.8632],[53.636,36.857],[53.6602,36.8312],[53.701,36.8166],[53.8565,36.8055],[53.8892,36.7936],[54.0143,36.8211],[54.0262,36.8291],[54.0331,36.8458],[54.0335,36.9491],[54.0281,36.9662],[53.9944,36.9792],[53.9972,36.9937],[54.02,37.0277],[53.9963,37.0573],[53.9803,37.0941],[53.958,37.1785],[53.9232,37.258],[53.8997,37.4684],[53.8898,37.5081],[53.8711,37.5478],[53.8652,37.5673],[53.8606,37.6113],[53.8249,37.7449],[53.8071,38.032],[53.8103,38.0484],[53.824,38.0815],[53.8342,38.1303],[53.8589,38.2065],[53.855,38.2337],[53.8665,38.2651],[53.8682,38.308],[53.863,38.3814],[53.8615,38.3893],[53.8482,38.4125],[53.8283,38.5036],[53.827,38.5255],[53.8361,38.6061],[53.8474,38.6463],[53.863,38.6794],[53.9098,38.7377],[53.9269,38.7737],[53.917,38.8035],[53.932,38.8131],[53.9456,38.8513],[53.9775,38.9018],[53.9828,38.916],[53.9729,38.9134],[53.9714,38.9343],[53.958,38.9445],[53.9232,38.9543],[53.917,38.9674],[53.8967,38.9742],[53.8872,38.9886],[53.8823,39.009],[53.8709,39.0284],[53.8597,39.0352],[53.8208,39.0363],[53.7874,39.0425],[53.7769,39.0391],[53.7673,39.031],[53.7564,39.0394],[53.7478,39.0544],[53.7219,39.1114],[53.7122,39.1043],[53.7152,39.0886],[53.7321,39.0629],[53.7321,39.0567],[53.716,39.0634],[53.7015,39.0785],[53.6947,39.0971],[53.7053,39.1242],[53.6973,39.1425],[53.698,39.1523],[53.7039,39.1586],[53.7321,39.1728],[53.7024,39.1751],[53.7022,39.1962],[53.7246,39.2417],[53.6763,39.2162],[53.66,39.2004],[53.6741,39.1933],[53.6838,39.0834],[53.636,39.1387],[53.6302,39.1767],[53.6234,39.1916],[53.6017,39.1933],[53.6104,39.2219],[53.6086,39.2358],[53.5983,39.2417],[53.5767,39.2034],[53.5676,39.1933],[53.564,39.2167],[53.5687,39.2463],[53.5881,39.3032],[53.5608,39.2827],[53.5813,39.3305],[53.554,39.3237],[53.565,39.3452],[53.562,39.3533],[53.5498,39.3483],[53.5335,39.3305],[53.5261,39.3379],[53.5148,39.3327],[53.4714,39.3305],[53.4525,39.3181],[53.4434,39.3188],[53.4441,39.3379],[53.4373,39.3379],[53.4188,39.3181],[53.4051,39.3113],[53.3894,39.3106],[53.4032,39.3379],[53.3752,39.3379],[53.3616,39.3305],[53.3479,39.3441],[53.3091,39.3308],[53.2933,39.3305],[53.2933,39.3379],[53.2995,39.3452],[53.2969,39.3491],[53.2647,39.3529],[53.2386,39.3647],[53.2185,39.3638],[53.1702,39.3525],[53.1499,39.3441],[53.1859,39.3264],[53.1978,39.3237],[53.1795,39.3013],[53.173,39.2883],[53.1703,39.2722],[53.1721,39.2554],[53.1841,39.2138],[53.1815,39.1894],[53.1719,39.1775],[53.1615,39.1796],[53.1369,39.3214],[53.1305,39.3335],[53.0887,39.3832],[53.0852,39.4005],[53.0947,39.4199],[53.1328,39.4506],[53.1454,39.484],[53.1655,39.4967],[53.1782,39.5157],[53.2146,39.5935],[53.2417,39.6363],[53.2759,39.6649],[53.3137,39.6588],[53.2927,39.6498],[53.2774,39.6392],[53.2485,39.6079],[53.2352,39.5707],[53.2113,39.5502],[53.217,39.5251],[53.2541,39.5212],[53.3635,39.5381],[53.4268,39.536],[53.4468,39.5306],[53.4783,39.4887],[53.4922,39.4808],[53.5091,39.4765],[53.5505,39.4745],[53.5679,39.4677],[53.5772,39.4678],[53.5813,39.4779],[53.5774,39.4953],[53.5713,39.4998],[53.5608,39.5018],[53.5737,39.5273],[53.5861,39.5239],[53.5995,39.5078],[53.6154,39.4949],[53.6345,39.4953],[53.6636,39.5173],[53.6838,39.5222],[53.716,39.5093],[53.7246,39.5086],[53.7362,39.5179],[53.7332,39.528],[53.7116,39.5434],[53.6471,39.5583],[53.6292,39.5707],[53.6453,39.5749],[53.6546,39.5821],[53.6555,39.5929],[53.6465,39.6079],[53.6331,39.6183],[53.6196,39.6205],[53.5716,39.6164],[53.5682,39.6226],[53.5645,39.6527],[53.5457,39.6749],[53.5335,39.6805],[53.5397,39.6321],[53.5335,39.6321],[53.4971,39.6765],[53.471,39.6964],[53.4441,39.7011],[53.4578,39.6731],[53.4299,39.6867],[53.4304,39.6677],[53.4492,39.6486],[53.4509,39.6321],[53.4168,39.65],[53.4129,39.6857],[53.4299,39.7625],[53.4182,39.7574],[53.3934,39.7575],[53.382,39.7625],[53.382,39.7693],[53.4152,39.782],[53.4675,39.8387],[53.4993,39.8655],[53.485,39.8854],[53.5027,39.8915],[53.5371,39.8963],[53.537,39.9038],[53.5261,39.9127],[53.5671,39.9495],[53.5745,39.9679],[53.5608,39.9611],[53.5436,39.9743],[53.5288,39.977],[53.4919,39.9748],[53.4749,39.9792],[53.4373,40.0027],[53.4021,40.0068],[53.3853,40.0031],[53.3689,39.9953],[53.3268,39.9587],[53.2827,39.94],[53.2376,39.9577],[53.1724,39.9975],[53.1553,39.9924],[53.1404,39.981],[53.1257,39.9748],[53.0536,39.9679],[53.0651,39.984],[53.0817,39.9953],[53.0125,39.978],[52.9749,39.9743],[52.9437,39.9816],[52.9275,40.0112],[52.9136,40.0217],[52.896,40.0089],[52.8958,39.9983],[52.9199,39.9645],[52.9302,39.8959],[52.9645,39.8582],[52.9749,39.8519],[53.0125,39.7973],[53.0536,39.7693],[53.0536,39.7625],[53.0059,39.7829],[53.0194,39.7753],[53.0469,39.7482],[53.04,39.742],[53.0081,39.7663],[52.9949,39.7802],[52.9663,39.833],[52.9526,39.8465],[52.9172,39.8583],[52.9053,39.8746],[52.8984,39.8955],[52.8928,39.9342],[52.8841,39.9449],[52.7879,40.0043],[52.7533,40.032],[52.7385,40.0536],[52.7461,40.097],[52.7683,40.1538],[52.7581,40.1725],[52.731,40.2007],[52.7434,40.2095],[52.7389,40.2194],[52.7178,40.2354],[52.699,40.2739],[52.702,40.3124],[52.7366,40.4846],[52.7503,40.5176],[52.7725,40.5507],[52.8325,40.6146],[52.8631,40.6581],[52.8682,40.6942],[52.8592,40.7],[52.8332,40.7049],[52.8276,40.7115],[52.8376,40.7391],[52.8325,40.7456],[52.8616,40.7565],[52.8682,40.7556],[52.8688,40.7758],[52.862,40.7904],[52.8855,40.8654],[52.9234,40.9411],[52.9313,40.9757],[52.917,41.045],[52.9165,41.0852],[52.9514,41.0688],[52.9612,41.061],[52.9655,41.0494],[52.9582,41.0163],[52.9684,40.997],[53.0121,40.9548],[53.0317,40.8998],[53.04,40.8859],[53.0745,40.8654],[53.0998,40.8652],[53.1219,40.8723],[53.1063,40.8583],[53.0647,40.844],[53.0708,40.8279],[53.1021,40.8039],[53.1074,40.7739],[53.1189,40.7698],[53.1823,40.7685],[53.2046,40.7761],[53.2498,40.8126],[53.2659,40.817],[53.2494,40.7904],[53.2449,40.775],[53.256,40.7689],[53.3308,40.7761],[53.3395,40.7808],[53.3445,40.8139],[53.3592,40.8298],[53.37,40.8352],[53.382,40.8313],[53.3831,40.8256],[53.3752,40.7978],[53.3838,40.7783],[53.3987,40.7628],[53.4183,40.7524],[53.447,40.7465],[53.4613,40.7369],[53.4831,40.737],[53.5055,40.7487],[53.5417,40.7616],[53.5553,40.7735],[53.5608,40.794],[53.5591,40.8368],[53.5628,40.853],[53.5874,40.8916],[53.6055,40.8934],[53.6247,40.887],[53.6389,40.872],[53.657,40.8654],[53.6575,40.8591],[53.6496,40.8449],[53.6551,40.8239],[53.6603,40.8162],[53.6707,40.8108],[53.6496,40.7835],[53.661,40.7662],[53.6764,40.7259],[53.6912,40.7078],[53.7195,40.6983],[53.7246,40.6879],[53.7048,40.6501],[53.721,40.6257],[53.7595,40.6257],[53.8049,40.6326],[53.8626,40.6262],[53.8948,40.6531],[53.9478,40.6737],[53.9854,40.6606],[54.0108,40.6579],[54.0491,40.67],[54.0803,40.6761],[54.0881,40.6822],[54.0952,40.6978],[54.0632,40.7085],[54.0542,40.7153],[54.1121,40.7134],[54.1414,40.7169],[54.1711,40.7297],[54.2322,40.7283],[54.235,40.7257],[54.2175,40.6903],[54.2527,40.6766],[54.4036,40.6737],[54.384,40.6828],[54.3626,40.6879],[54.3752,40.7009],[54.4149,40.7087],[54.4304,40.7214],[54.3182,40.7216],[54.3106,40.7307],[54.3039,40.7701],[54.285,40.7974],[54.2786,40.8236],[54.2688,40.8399],[54.2664,40.8483],[54.2746,40.8649],[54.2733,40.8723],[54.2483,40.875],[54.2459,40.8859],[54.25,40.8906],[54.2733,40.8934],[54.299,40.9161],[54.3125,40.9239],[54.3317,40.9269],[54.3605,40.9171],[54.4212,40.8799],[54.4378,40.8797],[54.4658,40.866],[54.4688,40.8516],[54.4378,40.817],[54.4749,40.8099],[54.5907,40.8267],[54.6399,40.8388],[54.6576,40.862],[54.709,40.885],[54.756,40.9484],[54.76,40.965],[54.7562,40.9816],[54.7468,40.9957],[54.722,41.02]]],[[[16.7,57.9977],[16.6935,58.0],[16.6972,58.0],[16.7,57.9977]]],[[[16.6595,57.9902],[16.6863,57.9902],[16.6976,57.9706],[16.7064,57.9621],[16.7278,57.9741],[16.7354,57.9719],[16.74,57.9621],[16.7415,57.9462],[16.7825,57.9151],[16.7654,57.9152],[16.7273,57.9288],[16.7362,57.9138],[16.7654,57.8988],[16.7688,57.8878],[16.7581,57.877],[16.7411,57.8772],[16.7234,57.8835],[16.7108,57.8913],[16.6912,57.9162],[16.6829,57.9189],[16.6795,57.8984],[16.6707,57.8914],[16.6106,57.8947],[16.6138,57.9121],[16.6038,57.9288],[16.6257,57.9284],[16.6447,57.9213],[16.5153,57.9988],[16.5059,57.9982],[16.4983,57.993],[16.4945,57.984],[16.5046,57.9702],[16.5321,57.9503],[16.5901,57.9356],[16.5696,57.9213],[16.576,57.9113],[16.577,57.9019],[16.5725,57.8939],[16.5628,57.8878],[16.5246,57.9063],[16.4808,57.9151],[16.4945,57.9021],[16.4871,57.8947],[16.4603,57.9021],[16.4603,57.8947],[16.6755,57.7645],[16.7068,57.7506],[16.7,57.7438],[16.683,57.7473],[16.6351,57.7657],[16.5418,57.839],[16.4194,57.8947],[16.4276,57.8769],[16.439,57.8654],[16.4734,57.8469],[16.53,57.8253],[16.5733,57.7954],[16.5945,57.7729],[16.6182,57.7666],[16.6652,57.737],[16.6521,57.7296],[16.673,57.7297],[16.6908,57.7257],[16.7048,57.7168],[16.7149,57.7028],[16.6931,57.7028],[16.6931,57.696],[16.7068,57.696],[16.7068,57.6885],[16.6392,57.6923],[16.577,57.7097],[16.584,57.7004],[16.6106,57.6824],[16.62,57.6667],[16.6177,57.6583],[16.6048,57.6568],[16.5833,57.6619],[16.5918,57.6517],[16.6151,57.6479],[16.6248,57.6414],[16.6305,57.6291],[16.5628,57.593],[16.5571,57.5969],[16.5549,57.6062],[16.5559,57.6271],[16.5388,57.6207],[16.5205,57.6271],[16.5422,57.6073],[16.5205,57.593],[16.5205,57.5861],[16.5422,57.5793],[16.5422,57.5725],[16.515,57.5725],[16.515,57.5663],[16.5925,57.5648],[16.6292,57.5569],[16.6576,57.5155],[16.6803,57.4897],[16.689,57.4717],[16.6595,57.4763],[16.6722,57.4597],[16.6668,57.4553],[16.6522,57.4545],[16.6384,57.449],[16.6333,57.4371],[16.639,57.4267],[16.653,57.419],[16.6726,57.4155],[16.6372,57.4062],[16.6257,57.399],[16.6317,57.3808],[16.5726,57.3874],[16.5476,57.3825],[16.5348,57.3603],[16.5696,57.3466],[16.5602,57.3374],[16.5496,57.3332],[16.5474,57.3288],[16.5628,57.3193],[16.4852,57.2946],[16.4691,57.2754],[16.4945,57.2429],[16.466,57.228],[16.4582,57.204],[16.465,57.1773],[16.4808,57.1548],[16.5095,57.1273],[16.531,57.1169],[16.5431,57.118],[16.5525,57.1101],[16.5696,57.0865],[16.5545,57.0808],[16.5606,57.0693],[16.5833,57.0449],[16.5705,57.0443],[16.5348,57.0517],[16.5348,57.0635],[16.5277,57.0654],[16.5213,57.0644],[16.5108,57.056],[16.5044,57.0415],[16.5003,57.0397],[16.4927,57.0439],[16.4398,57.0517],[16.4553,57.0384],[16.4734,57.0312],[16.4734,57.0238],[16.4531,57.0235],[16.4398,57.0141],[16.4349,56.9979],[16.4398,56.9766],[16.4681,56.9493],[16.4634,56.9385],[16.4364,56.9111],[16.4398,56.8668],[16.4089,56.8084],[16.408,56.7991],[16.416,56.788],[16.4286,56.7829],[16.4634,56.7978],[16.4725,56.7944],[16.4745,56.7863],[16.4717,56.7774],[16.4666,56.7712],[16.4548,56.7683],[16.4126,56.7774],[16.3611,56.7637],[16.3566,56.7584],[16.3778,56.7259],[16.3792,56.6756],[16.3716,56.6613],[16.3587,56.6544],[16.3416,56.6513],[16.325,56.6522],[16.3011,56.6633],[16.2552,56.6504],[16.2463,56.6424],[16.221,56.6087],[16.2132,56.5484],[16.207,56.5385],[16.1787,56.5371],[16.166,56.508],[16.1177,56.4553],[16.0952,56.4194],[16.0383,56.2551],[16.0204,56.2464],[16.0044,56.2194],[15.9321,56.1747],[15.8744,56.1027],[15.8517,56.0864],[15.8351,56.088],[15.8167,56.0978],[15.7887,56.1064],[15.8187,56.14],[15.8265,56.1594],[15.8062,56.1679],[15.7567,56.1567],[15.7312,56.1572],[15.7136,56.1747],[15.7025,56.1702],[15.6917,56.1786],[15.6702,56.1835],[15.6482,56.1946],[15.6315,56.1857],[15.6118,56.1693],[15.5921,56.1605],[15.5759,56.1747],[15.5923,56.1925],[15.5962,56.2038],[15.5864,56.2089],[15.5728,56.2063],[15.5349,56.1884],[15.4929,56.1763],[15.4866,56.1713],[15.4849,56.1557],[15.48,56.1518],[15.4598,56.1611],[15.4333,56.1789],[15.4182,56.1815],[15.404,56.1798],[15.3934,56.1751],[15.3767,56.1611],[15.3704,56.1514],[15.3701,56.1449],[15.3656,56.1411],[15.321,56.1396],[15.2953,56.1474],[15.3226,56.1536],[15.2953,56.1884],[15.2738,56.1712],[15.2345,56.1572],[15.1924,56.1529],[15.1543,56.1686],[15.1309,56.1611],[15.093,56.1611],[15.0852,56.1646],[15.0817,56.1821],[15.0755,56.1884],[15.0347,56.1815],[15.049,56.1536],[14.9885,56.1692],[14.9534,56.1729],[14.9282,56.1645],[14.906,56.1612],[14.8482,56.164],[14.8496,56.1474],[14.8303,56.1426],[14.7957,56.1613],[14.7746,56.1679],[14.7249,56.1676],[14.7013,56.1614],[14.6858,56.1474],[14.681,56.1274],[14.6823,56.1171],[14.7034,56.1094],[14.72,56.0847],[14.7483,56.0607],[14.7678,56.0307],[14.7438,56.0214],[14.7155,56.0023],[14.7057,56.017],[14.6858,56.017],[14.673,56.0053],[14.6498,56.0103],[14.6115,56.0111],[14.6097,56.0153],[14.6238,56.0245],[14.6077,56.037],[14.603,56.046],[14.6033,56.0581],[14.5822,56.0438],[14.5667,56.0556],[14.5691,56.0581],[14.5335,56.0458],[14.4974,56.0405],[14.4789,56.0317],[14.4456,56.0028],[14.4077,55.977],[14.3856,55.9663],[14.3464,55.9533],[14.3233,55.9157],[14.3115,55.9072],[14.271,55.8945],[14.2347,55.8627],[14.2085,55.8213],[14.1985,55.78],[14.1942,55.7419],[14.1958,55.7257],[14.2059,55.7086],[14.2225,55.6968],[14.2611,55.6802],[14.2737,55.6676],[14.2761,55.635],[14.2845,55.623],[14.3167,55.6024],[14.3582,55.5637],[14.3675,55.5454],[14.363,55.5236],[14.3488,55.5106],[14.2947,55.4755],[14.2649,55.4612],[14.219,55.4138],[14.1997,55.399],[14.1812,55.3908],[14.1584,55.3872],[14.0941,55.3874],[14.0642,55.3908],[14.0354,55.3971],[13.9562,55.4268],[13.93,55.4328],[13.8972,55.4349],[13.8423,55.4212],[13.7803,55.4274],[13.6473,55.4212],[13.6296,55.4183],[13.596,55.3933],[13.5808,55.3888],[13.5379,55.3933],[13.5034,55.3884],[13.4109,55.3523],[13.3814,55.346],[13.3125,55.3427],[13.2805,55.3454],[13.1155,55.3803],[13.0615,55.3813],[13.0308,55.3864],[13.0,55.4001],[12.9792,55.4033],[12.9583,55.4001],[12.9326,55.388],[12.9104,55.3875],[12.8867,55.3933],[12.8474,55.382],[12.8328,55.3826],[12.8288,55.4001],[12.8594,55.4349],[12.8718,55.4344],[12.8867,55.4243],[12.9046,55.418],[12.9297,55.4188],[12.9529,55.425],[12.9658,55.4349],[12.96,55.4479],[12.9632,55.4543],[12.9729,55.4542],[12.9857,55.4479],[12.9758,55.475],[12.9285,55.52],[12.9175,55.5472],[12.9294,55.5789],[12.9583,55.5981],[13.0274,55.6267],[13.0383,55.6352],[13.058,55.6607],[13.0614,55.6745],[13.0549,55.694],[13.0264,55.7124],[13.0115,55.7284],[12.9744,55.7265],[12.9658,55.7462],[12.9412,55.7453],[12.9226,55.7495],[12.9113,55.7639],[12.9319,55.7695],[12.9386,55.7905],[12.926,55.8341],[12.8913,55.8536],[12.8508,55.8657],[12.8213,55.8867],[12.8108,55.9022],[12.8049,55.9293],[12.7708,55.9484],[12.76,55.9832],[12.7523,55.9966],[12.7195,56.0122],[12.7088,56.0213],[12.7046,56.0407],[12.698,56.0515],[12.6022,56.1232],[12.5646,56.1717],[12.5537,56.1815],[12.5408,56.2225],[12.5164,56.2522],[12.5046,56.2753],[12.4649,56.2917],[12.4514,56.3044],[12.6463,56.2573],[12.6537,56.254],[12.6662,56.2394],[12.7048,56.2225],[12.7356,56.2293],[12.7969,56.2281],[12.8145,56.2362],[12.8274,56.2499],[12.8335,56.2657],[12.8294,56.2786],[12.7835,56.2934],[12.763,56.3154],[12.7318,56.3597],[12.6438,56.3961],[12.6216,56.4193],[12.6569,56.4553],[12.7137,56.4674],[12.8333,56.4426],[12.8901,56.4553],[12.9204,56.4853],[12.9334,56.5065],[12.9386,56.5273],[12.9344,56.5471],[12.9038,56.593],[12.8861,56.6372],[12.8718,56.6495],[12.8421,56.6539],[12.818,56.6525],[12.7782,56.6442],[12.7318,56.647],[12.6799,56.6796],[12.6704,56.6921],[12.6643,56.7143],[12.6314,56.734],[12.6157,56.7501],[12.5947,56.788],[12.6004,56.8099],[12.5983,56.821],[12.5339,56.8463],[12.5296,56.8497],[12.527,56.8599],[12.4992,56.8668],[12.48,56.8864],[12.4696,56.892],[12.4373,56.8962],[12.4119,56.9056],[12.375,56.9121],[12.3565,56.9238],[12.3452,56.9414],[12.3421,56.963],[12.3552,56.9797],[12.3543,56.9857],[12.3469,57.0063],[12.341,57.0141],[12.3333,57.0209],[12.3018,57.0292],[12.2713,57.0429],[12.2474,57.0607],[12.2453,57.079],[12.2186,57.0927],[12.2376,57.1081],[12.2334,57.1215],[12.2044,57.1479],[12.1974,57.1849],[12.161,57.1841],[12.1491,57.1883],[12.1913,57.2126],[12.1807,57.2163],[12.1384,57.2197],[12.1013,57.2367],[12.1292,57.2367],[12.1565,57.2429],[12.1273,57.2501],[12.0951,57.2504],[12.0951,57.2571],[12.1199,57.2753],[12.1426,57.28],[12.1472,57.2855],[12.1472,57.2922],[12.1428,57.2982],[12.1441,57.3101],[12.137,57.3195],[12.115,57.3323],[12.105,57.3445],[12.0982,57.3466],[12.0671,57.3398],[12.0498,57.3511],[12.0637,57.3636],[12.0899,57.3779],[12.1087,57.3944],[12.0603,57.3944],[12.0827,57.4023],[12.0921,57.4114],[12.0899,57.423],[12.0593,57.4588],[12.0535,57.4626],[12.0436,57.4618],[12.0227,57.449],[12.0066,57.4341],[11.9929,57.366],[11.979,57.3466],[11.9722,57.3641],[11.9336,57.3608],[11.9448,57.3876],[11.9227,57.3874],[11.9033,57.3944],[11.9152,57.4034],[11.9033,57.449],[11.9071,57.4653],[11.9164,57.4763],[11.9448,57.4899],[11.9102,57.5036],[11.9312,57.5111],[11.9033,57.5241],[11.9177,57.5395],[11.9115,57.5953],[11.9168,57.6209],[11.8971,57.6271],[11.8919,57.613],[11.8796,57.6062],[11.8674,57.6074],[11.8616,57.6172],[11.8581,57.6326],[11.835,57.6619],[11.8446,57.683],[11.9095,57.6868],[11.9237,57.7028],[11.9021,57.6962],[11.8459,57.6933],[11.8213,57.696],[11.7705,57.7122],[11.7477,57.7136],[11.7518,57.696],[11.7197,57.6935],[11.7054,57.6984],[11.7063,57.722],[11.8104,57.7814],[11.8079,57.7881],[11.7894,57.7903],[11.7518,57.7848],[11.7273,57.803],[11.7079,57.8231],[11.6868,57.8376],[11.6563,57.8394],[11.6784,57.8537],[11.7039,57.8605],[11.6936,57.8812],[11.7073,57.8914],[11.7593,57.9021],[11.7593,57.9083],[11.7456,57.9083],[11.7456,57.9151],[11.7595,57.919],[11.7661,57.9288],[11.7366,57.9387],[11.7437,57.9557],[11.7885,58.0],[16.6505,58.0],[16.6595,57.9902]]],[[[7.046,58.0],[7.0066,57.9932],[6.9972,57.9971],[6.9985,58.0],[7.046,58.0]]],[[[32.9751,31.0865],[32.9697,31.0866],[32.9771,31.0913],[32.9831,31.0899],[32.9893,31.0734],[32.9751,31.0865]]],[[[-6.0985,53.5097],[-6.1244,53.4686],[-6.1334,53.4611],[-6.1409,53.4711],[-6.1584,53.4728],[-6.1786,53.4687],[-6.1948,53.4611],[-6.1306,53.4426],[-6.1222,53.4199],[-6.1129,53.4127],[-6.1265,53.399],[-6.1103,53.394],[-6.0691,53.3925],[-6.0509,53.3854],[-6.062,53.3674],[-6.0746,53.3669],[-6.1024,53.3785],[-6.1228,53.3928],[-6.1323,53.3916],[-6.157,53.3854],[-6.2153,53.3581],[-6.2182,53.3472],[-6.2113,53.3387],[-6.1552,53.2994],[-6.1271,53.2954],[-6.097,53.2855],[-6.097,53.2776],[-6.1055,53.2652],[-6.1049,53.2294],[-6.0992,53.2147],[-6.077,53.1952],[-6.071,53.1843],[-6.0781,53.1662],[-6.0647,53.1544],[-6.0304,53.111],[-6.0371,53.1048],[-6.0325,53.0884],[-6.0338,53.0642],[-6.0394,53.0404],[-6.0516,53.0093],[-6.0385,52.9938],[-5.9966,52.9649],[-5.9935,52.9574],[-6.0118,52.9497],[-6.0218,52.9309],[-6.038,52.9197],[-6.0719,52.872],[-6.0644,52.8646],[-6.1073,52.8398],[-6.119,52.8305],[-6.1301,52.816],[-6.1539,52.7684],[-6.1479,52.7462],[-6.1684,52.7168],[-6.2153,52.666],[-6.2206,52.6473],[-6.2195,52.6323],[-6.2065,52.5885],[-6.2091,52.5458],[-6.2222,52.5284],[-6.2829,52.4671],[-6.301,52.4537],[-6.3177,52.4479],[-6.3562,52.409],[-6.3655,52.3935],[-6.3661,52.3444],[-6.373,52.352],[-6.39,52.3588],[-6.4481,52.3559],[-6.4689,52.36],[-6.463,52.378],[-6.4807,52.373],[-6.4965,52.3643],[-6.4965,52.3581],[-6.4814,52.3546],[-6.4675,52.3469],[-6.4561,52.3358],[-6.4486,52.3227],[-6.455,52.3122],[-6.4237,52.3079],[-6.4145,52.2998],[-6.4092,52.2893],[-6.373,52.3227],[-6.373,52.3165],[-6.3898,52.2956],[-6.3698,52.2726],[-6.3183,52.2408],[-6.347,52.1973],[-6.3699,52.18],[-6.3866,52.1793],[-6.3995,52.1855],[-6.381,52.2076],[-6.3823,52.212],[-6.4001,52.2109],[-6.4256,52.1938],[-6.4691,52.1936],[-6.4691,52.1998],[-6.4486,52.1998],[-6.4623,52.2072],[-6.4726,52.207],[-6.4897,52.1998],[-6.5375,52.1936],[-6.5797,52.1782],[-6.5972,52.1796],[-6.6231,52.1967],[-6.6414,52.2028],[-6.7156,52.2166],[-6.7863,52.21],[-6.8056,52.2128],[-6.8056,52.2204],[-6.7904,52.2244],[-6.776,52.2332],[-6.7659,52.2458],[-6.764,52.2613],[-6.793,52.2404],[-6.8127,52.2353],[-6.8323,52.2408],[-6.8391,52.2346],[-6.8364,52.2202],[-6.8391,52.2128],[-6.8248,52.2204],[-6.8186,52.2204],[-6.8218,52.2057],[-6.8323,52.1936],[-6.8186,52.1936],[-6.8186,52.1862],[-6.8323,52.1862],[-6.8248,52.1793],[-6.8971,52.152],[-6.9321,52.1247],[-6.949,52.1309],[-6.9398,52.1432],[-6.9039,52.1623],[-6.9037,52.1722],[-6.921,52.2128],[-6.9367,52.2291],[-6.9701,52.2474],[-6.9847,52.2786],[-6.9974,52.2892],[-6.9899,52.2517],[-6.9729,52.2302],[-6.9695,52.2204],[-6.9823,52.1956],[-6.98,52.1859],[-6.9551,52.1862],[-6.9551,52.1793],[-6.971,52.1713],[-6.9999,52.1467],[-7.0172,52.1384],[-7.106,52.1309],[-7.1001,52.1422],[-7.0718,52.1657],[-7.1064,52.173],[-7.1202,52.1719],[-7.1202,52.1657],[-7.106,52.152],[-7.1373,52.1589],[-7.1496,52.1563],[-7.1675,52.1384],[-7.1874,52.1328],[-7.2438,52.1384],[-7.4355,52.1257],[-7.5043,52.1027],[-7.5414,52.0974],[-7.5553,52.0849],[-7.5653,52.0837],[-7.5723,52.0876],[-7.5826,52.1042],[-7.6,52.101],[-7.619,52.0922],[-7.6311,52.079],[-7.6273,52.0627],[-7.6176,52.0702],[-7.6022,52.0717],[-7.5468,52.0593],[-7.5452,52.055],[-7.551,52.0428],[-7.5826,52.0285],[-7.5864,51.9981],[-7.5899,51.9912],[-7.6083,51.9879],[-7.6354,51.9768],[-7.6885,51.9804],[-7.7093,51.9739],[-7.7176,51.9599],[-7.7174,51.9496],[-7.7233,51.9446],[-7.8293,51.9534],[-7.8385,51.9759],[-7.8498,51.9801],[-7.853,51.9752],[-7.8567,51.9429],[-7.8699,51.9295],[-7.8843,51.9191],[-7.9012,51.9127],[-7.9222,51.9118],[-7.8926,51.8948],[-7.8806,51.892],[-7.8915,51.8819],[-7.9557,51.8702],[-8.0082,51.8558],[-8.0231,51.8436],[-8.0041,51.8299],[-8.0206,51.8239],[-8.0961,51.8141],[-8.1342,51.8048],[-8.1972,51.8009],[-8.2462,51.8027],[-8.2506,51.8063],[-8.248,51.8134],[-8.2412,51.8185],[-8.2233,51.8237],[-8.2301,51.8367],[-8.2016,51.842],[-8.1754,51.8572],[-8.1931,51.8637],[-8.2028,51.864],[-8.1953,51.877],[-8.1822,51.8845],[-8.1871,51.8931],[-8.1938,51.8954],[-8.2102,51.8845],[-8.2233,51.8901],[-8.2436,51.8929],[-8.2847,51.892],[-8.2847,51.8981],[-8.2932,51.9033],[-8.3474,51.892],[-8.4088,51.8918],[-8.4294,51.8845],[-8.3961,51.8768],[-8.3542,51.873],[-8.3293,51.8613],[-8.3474,51.8299],[-8.3099,51.8321],[-8.2983,51.8299],[-8.2983,51.8237],[-8.3052,51.8237],[-8.3052,51.8162],[-8.2921,51.81],[-8.3195,51.8026],[-8.2847,51.8026],[-8.3052,51.7821],[-8.2974,51.766],[-8.3017,51.7582],[-8.3457,51.7247],[-8.3725,51.7155],[-8.41,51.7098],[-8.4224,51.704],[-8.4355,51.6927],[-8.4418,51.7039],[-8.4558,51.7123],[-8.4719,51.7163],[-8.484,51.7138],[-8.4692,51.7066],[-8.4642,51.695],[-8.469,51.6841],[-8.484,51.6784],[-8.4911,51.6987],[-8.5124,51.706],[-8.5584,51.7064],[-8.5584,51.7001],[-8.5483,51.6964],[-8.5175,51.6927],[-8.5021,51.7003],[-8.4975,51.6927],[-8.4996,51.687],[-8.5065,51.6824],[-8.5211,51.6784],[-8.5392,51.6484],[-8.5317,51.6108],[-8.5444,51.6179],[-8.5587,51.638],[-8.5727,51.645],[-8.5891,51.6459],[-8.6382,51.6374],[-8.7576,51.645],[-8.7433,51.6352],[-8.7266,51.6313],[-8.69,51.6313],[-8.69,51.6238],[-8.703,51.617],[-8.6825,51.6108],[-8.6998,51.5972],[-8.7008,51.5881],[-8.6962,51.5766],[-8.734,51.5798],[-8.7428,51.5756],[-8.7651,51.5903],[-8.802,51.5903],[-8.8266,51.5952],[-8.8334,51.5903],[-8.8539,51.5959],[-8.868,51.5845],[-8.888,51.5556],[-8.9289,51.546],[-8.9332,51.5353],[-8.942,51.5377],[-8.9532,51.5494],[-8.9911,51.563],[-9.0729,51.5494],[-9.1208,51.563],[-9.1208,51.5556],[-9.1077,51.5494],[-9.1157,51.5379],[-9.1282,51.5293],[-9.1433,51.5239],[-9.1586,51.522],[-9.1846,51.5262],[-9.1925,51.5246],[-9.1896,51.5084],[-9.204,51.508],[-9.2238,51.4873],[-9.2347,51.4865],[-9.253,51.4912],[-9.2648,51.4873],[-9.2721,51.5084],[-9.2995,51.4975],[-9.3017,51.4887],[-9.3153,51.4876],[-9.3353,51.477],[-9.3492,51.474],[-9.3814,51.4736],[-9.3607,51.4838],[-9.3467,51.5009],[-9.3729,51.4913],[-9.3769,51.4946],[-9.3678,51.5084],[-9.3571,51.5172],[-9.3199,51.5351],[-9.3275,51.5425],[-9.3678,51.5251],[-9.3811,51.5124],[-9.4018,51.5009],[-9.4139,51.5111],[-9.4018,51.546],[-9.4088,51.5522],[-9.425,51.5576],[-9.4433,51.5595],[-9.4565,51.5556],[-9.448,51.5436],[-9.4766,51.5351],[-9.5475,51.5253],[-9.5563,51.5081],[-9.5807,51.5084],[-9.6,51.4969],[-9.6113,51.4938],[-9.6284,51.4941],[-9.6296,51.5041],[-9.6418,51.5152],[-9.6559,51.5202],[-9.6627,51.5115],[-9.7172,51.4804],[-9.7035,51.4736],[-9.7718,51.4531],[-9.769,51.4643],[-9.7779,51.4622],[-9.8066,51.4457],[-9.8134,51.4531],[-9.8202,51.4457],[-9.8134,51.4736],[-9.8263,51.4777],[-9.8339,51.4873],[-9.812,51.4915],[-9.7938,51.4997],[-9.7582,51.522],[-9.7401,51.5298],[-9.6831,51.5425],[-9.6654,51.5516],[-9.6217,51.5828],[-9.6028,51.592],[-9.5459,51.6108],[-9.592,51.6137],[-9.785,51.5525],[-9.8475,51.5494],[-9.7864,51.5735],[-9.7703,51.5922],[-9.7312,51.6009],[-9.608,51.6424],[-9.5946,51.6555],[-9.5619,51.6581],[-9.5247,51.6703],[-9.4879,51.6757],[-9.4586,51.684],[-9.4565,51.7001],[-9.4429,51.7138],[-9.4429,51.72],[-9.4573,51.7246],[-9.4898,51.7145],[-9.5128,51.7259],[-9.5255,51.7269],[-9.5255,51.7473],[-9.5403,51.7559],[-9.5602,51.7616],[-9.5559,51.7487],[-9.5566,51.7309],[-9.5459,51.72],[-9.5661,51.7167],[-9.6073,51.6927],[-9.6268,51.685],[-9.6481,51.6808],[-9.7135,51.6765],[-9.748,51.6674],[-9.8741,51.6562],[-9.9154,51.6446],[-9.9301,51.6374],[-9.9329,51.6273],[-9.9419,51.6213],[-10.0048,51.6085],[-10.0288,51.5965],[-10.0701,51.6039],[-10.1161,51.6003],[-10.1387,51.5939],[-10.1561,51.5828],[-10.1628,51.5903],[-10.1553,51.5938],[-10.1527,51.6054],[-10.1433,51.6136],[-10.0751,51.6254],[-10.0598,51.6313],[-10.0598,51.6357],[-10.0666,51.6374],[-10.0627,51.6498],[-10.0707,51.657],[-10.1008,51.6592],[-10.0881,51.6716],[-10.0664,51.6744],[-10.0257,51.6723],[-10.0038,51.678],[-9.9569,51.7064],[-9.9569,51.7138],[-9.9978,51.7138],[-9.9807,51.7319],[-9.9494,51.747],[-9.9149,51.7576],[-9.8885,51.7616],[-9.9023,51.7412],[-9.8679,51.7486],[-9.8565,51.7586],[-9.8544,51.7753],[-9.8413,51.7697],[-9.8238,51.7678],[-9.7855,51.7685],[-9.7855,51.7753],[-9.8134,51.7821],[-9.8134,51.7883],[-9.7999,51.7938],[-9.7743,51.8122],[-9.7545,51.8191],[-9.7377,51.8367],[-9.7035,51.8367],[-9.6711,51.843],[-9.6125,51.8635],[-9.5807,51.8702],[-9.5807,51.8777],[-9.6531,51.8718],[-9.758,51.847],[-9.7772,51.8397],[-9.7917,51.8268],[-9.8247,51.8268],[-9.8401,51.8237],[-9.8339,51.8162],[-9.8638,51.8043],[-9.8749,51.8026],[-9.868,51.8237],[-9.8822,51.8237],[-9.9023,51.81],[-9.9499,51.8026],[-9.9936,51.781],[-10.0168,51.7746],[-10.0394,51.7821],[-10.0845,51.7559],[-10.1112,51.746],[-10.1356,51.7412],[-10.1298,51.7543],[-10.2244,51.7821],[-10.1861,51.7896],[-10.1771,51.8137],[-10.1942,51.8391],[-10.2346,51.851],[-10.2461,51.8456],[-10.2712,51.8217],[-10.3411,51.7883],[-10.3466,51.8011],[-10.3347,51.8303],[-10.3411,51.8436],[-10.3889,51.8462],[-10.3819,51.8572],[-10.3825,51.862],[-10.3888,51.864],[-10.3819,51.8777],[-10.3956,51.8777],[-10.3956,51.8845],[-10.3627,51.8872],[-10.2541,51.9087],[-10.2509,51.9155],[-10.255,51.9255],[-10.2692,51.9308],[-10.288,51.9518],[-10.3069,51.9534],[-10.3069,51.9596],[-10.2585,51.9739],[-10.2662,51.9885],[-10.2454,51.9951],[-10.2174,51.9989],[-10.1918,52.0098],[-10.1282,52.0285],[-10.0333,52.0411],[-9.9927,52.0559],[-9.9711,52.0899],[-9.9636,52.0899],[-9.9637,52.072],[-9.9543,52.0642],[-9.9264,52.0627],[-9.9296,52.0719],[-9.9084,52.1309],[-9.8775,52.1195],[-9.8462,52.1186],[-9.7718,52.1247],[-9.793,52.1384],[-9.7582,52.152],[-9.9569,52.1452],[-9.9438,52.1247],[-9.9547,52.1088],[-9.9606,52.1249],[-9.9703,52.1317],[-9.9978,52.1384],[-10.0281,52.1396],[-10.1624,52.1187],[-10.1863,52.1094],[-10.2175,52.1309],[-10.2421,52.1198],[-10.2677,52.1358],[-10.2789,52.1364],[-10.3069,52.1309],[-10.3069,52.1247],[-10.2886,52.1232],[-10.2721,52.1179],[-10.2721,52.1117],[-10.3449,52.1247],[-10.3683,52.1247],[-10.3644,52.1149],[-10.3541,52.1117],[-10.3757,52.1113],[-10.4153,52.0997],[-10.4366,52.0974],[-10.4608,52.103],[-10.4675,52.1151],[-10.4693,52.132],[-10.4782,52.152],[-10.4509,52.1657],[-10.4509,52.1719],[-10.4613,52.18],[-10.4497,52.1889],[-10.4093,52.1998],[-10.4167,52.1862],[-10.3946,52.1748],[-10.3821,52.1719],[-10.3721,52.1756],[-10.3693,52.1837],[-10.3732,52.1978],[-10.3615,52.2067],[-10.3758,52.2128],[-10.3666,52.2282],[-10.3547,52.2322],[-10.3205,52.2346],[-10.309,52.2419],[-10.287,52.2636],[-10.2758,52.2681],[-10.1719,52.2868],[-10.1561,52.2786],[-10.1682,52.2407],[-10.1662,52.2346],[-10.1008,52.2408],[-10.0714,52.2513],[-10.0449,52.2693],[-10.036,52.2904],[-10.0598,52.3096],[-10.0248,52.3101],[-10.0135,52.3063],[-10.0183,52.296],[-10.0088,52.2534],[-9.9475,52.2376],[-9.9137,52.2331],[-9.8722,52.2327],[-9.8581,52.2377],[-9.8372,52.2543],[-9.8256,52.2582],[-9.8134,52.2551],[-9.8265,52.2482],[-9.81,52.2421],[-9.7377,52.2482],[-9.7534,52.2583],[-9.7992,52.2613],[-9.8468,52.275],[-9.8619,52.2681],[-9.8694,52.2731],[-9.8749,52.2792],[-9.8811,52.296],[-9.8596,52.2847],[-9.8492,52.2847],[-9.8339,52.2892],[-9.8619,52.296],[-9.8619,52.3035],[-9.8265,52.3096],[-9.8376,52.3264],[-9.8345,52.3752],[-9.851,52.3854],[-9.9037,52.3915],[-9.9318,52.3998],[-9.9499,52.4121],[-9.935,52.4215],[-9.9159,52.4256],[-9.8484,52.4284],[-9.7489,52.4567],[-9.7356,52.4636],[-9.7206,52.4772],[-9.7035,52.4835],[-9.6774,52.4831],[-9.6346,52.4736],[-9.6388,52.4871],[-9.6505,52.4938],[-9.6831,52.4946],[-9.6752,52.5048],[-9.6831,52.5151],[-9.6831,52.522],[-9.6749,52.528],[-9.6732,52.5339],[-9.6756,52.5458],[-9.6719,52.5529],[-9.6483,52.5704],[-9.6428,52.5673],[-9.6179,52.5772],[-9.577,52.5704],[-9.4975,52.5704],[-9.4703,52.5618],[-9.453,52.5732],[-9.4384,52.5771],[-9.3504,52.5738],[-9.3358,52.578],[-9.2721,52.5772],[-9.2203,52.5856],[-9.1924,52.6005],[-9.0706,52.6242],[-9.0524,52.6318],[-9.0442,52.6208],[-9.0259,52.6184],[-9.0056,52.6208],[-8.9911,52.625],[-8.971,52.6485],[-8.96,52.6523],[-8.785,52.666],[-8.7512,52.673],[-8.7694,52.6732],[-8.8345,52.6892],[-8.8675,52.6933],[-8.9327,52.6871],[-8.9497,52.6889],[-8.9608,52.6937],[-8.9621,52.7],[-8.9494,52.7069],[-8.9535,52.7224],[-8.9521,52.7343],[-8.9545,52.7447],[-8.9699,52.7485],[-8.9426,52.7752],[-8.9689,52.7708],[-9.0002,52.7604],[-9.0236,52.7471],[-9.0258,52.7343],[-9.0582,52.6968],[-9.1468,52.6238],[-9.1658,52.6176],[-9.2548,52.6114],[-9.2858,52.5908],[-9.3107,52.5906],[-9.3331,52.5977],[-9.2787,52.6257],[-9.279,52.6393],[-9.3106,52.6273],[-9.3837,52.6131],[-9.4345,52.612],[-9.4755,52.6196],[-9.4907,52.6341],[-9.5249,52.637],[-9.5384,52.6455],[-9.5333,52.661],[-9.5442,52.6667],[-9.5807,52.666],[-9.5807,52.6591],[-9.5634,52.6531],[-9.5528,52.6393],[-9.6284,52.6176],[-9.6727,52.6116],[-9.6944,52.6056],[-9.7035,52.5943],[-9.7069,52.5802],[-9.7145,52.5786],[-9.7308,52.5841],[-9.7575,52.572],[-9.9364,52.5567],[-9.9364,52.5629],[-9.8756,52.5868],[-9.8241,52.5952],[-9.6217,52.7138],[-9.6284,52.7274],[-9.5937,52.741],[-9.5807,52.7434],[-9.5382,52.7423],[-9.4986,52.7525],[-9.4913,52.7733],[-9.4838,52.7827],[-9.4893,52.7873],[-9.4838,52.7957],[-9.4913,52.8032],[-9.4698,52.8132],[-9.4503,52.8305],[-9.4375,52.8535],[-9.4292,52.8577],[-9.4275,52.8778],[-9.3653,52.9141],[-9.3541,52.9335],[-9.3729,52.9372],[-9.4514,52.9346],[-9.4777,52.9403],[-9.4495,52.9575],[-9.4079,52.997],[-9.3876,53.0086],[-9.3951,53.0154],[-9.3416,53.077],[-9.3199,53.0911],[-9.3033,53.1079],[-9.2897,53.1292],[-9.2722,53.1467],[-9.2511,53.1519],[-9.2274,53.1435],[-9.1805,53.1168],[-9.1586,53.111],[-9.119,53.1234],[-9.0967,53.127],[-9.0729,53.1185],[-9.0701,53.1345],[-9.0843,53.1435],[-9.1282,53.1519],[-9.1282,53.1594],[-9.0696,53.1662],[-9.0539,53.1624],[-9.0234,53.1472],[-9.0041,53.1457],[-9.0041,53.1519],[-9.0456,53.1662],[-9.0456,53.1737],[-9.0096,53.1661],[-8.9981,53.1739],[-8.9867,53.177],[-8.9789,53.1758],[-8.9842,53.1662],[-8.9742,53.1579],[-8.9511,53.1478],[-8.9364,53.1457],[-8.9452,53.1662],[-8.9569,53.1799],[-8.944,53.195],[-8.9282,53.2059],[-8.8948,53.2209],[-8.9327,53.2147],[-9.0315,53.2166],[-9.0456,53.2209],[-9.0281,53.2275],[-8.9631,53.2352],[-8.9631,53.2419],[-8.9911,53.2419],[-8.9911,53.2482],[-8.9818,53.2532],[-8.9426,53.2618],[-8.9426,53.2686],[-9.0221,53.2755],[-9.0422,53.2733],[-9.0771,53.264],[-9.4014,53.248],[-9.4479,53.2319],[-9.4701,53.2283],[-9.5117,53.2283],[-9.5329,53.2344],[-9.5664,53.2618],[-9.5473,53.2791],[-9.5546,53.2907],[-9.5714,53.2905],[-9.5807,53.272],[-9.5852,53.2504],[-9.5968,53.2377],[-9.6123,53.2362],[-9.6284,53.2482],[-9.6284,53.2556],[-9.6091,53.2763],[-9.6173,53.3215],[-9.5974,53.3301],[-9.577,53.3239],[-9.5608,53.3412],[-9.6011,53.3649],[-9.5902,53.3724],[-9.5528,53.3854],[-9.6066,53.3847],[-9.6217,53.3785],[-9.6085,53.3666],[-9.6066,53.3494],[-9.6155,53.3347],[-9.6346,53.3301],[-9.6525,53.3413],[-9.6479,53.3599],[-9.6378,53.3775],[-9.6384,53.3854],[-9.6527,53.3928],[-9.6725,53.3785],[-9.6847,53.3752],[-9.7275,53.3261],[-9.7431,53.3144],[-9.7904,53.3016],[-9.8067,53.3016],[-9.8429,53.3233],[-9.8866,53.3172],[-9.9023,53.3239],[-9.8979,53.3279],[-9.8872,53.3592],[-9.8803,53.3631],[-9.8413,53.3679],[-9.7855,53.3928],[-9.7855,53.399],[-9.8202,53.399],[-9.8202,53.4064],[-9.7992,53.4127],[-9.7992,53.4195],[-9.8252,53.4167],[-9.8475,53.4064],[-9.8469,53.3994],[-9.8602,53.3942],[-9.8754,53.3952],[-9.8811,53.4064],[-9.8757,53.4154],[-9.8561,53.4238],[-9.8475,53.4337],[-9.8603,53.4325],[-9.8749,53.4221],[-9.8848,53.4195],[-9.9114,53.426],[-9.9227,53.4195],[-9.9256,53.4097],[-9.9224,53.3892],[-9.9614,53.3796],[-10.0141,53.3813],[-10.0257,53.3854],[-10.0493,53.4098],[-10.0632,53.4127],[-10.1035,53.4084],[-10.1276,53.4099],[-10.1418,53.4195],[-10.158,53.4128],[-10.1765,53.4127],[-10.1676,53.4288],[-10.157,53.4396],[-10.1422,53.4457],[-10.1213,53.4474],[-10.0832,53.4426],[-10.068,53.4438],[-10.053,53.4536],[-10.053,53.4611],[-10.0742,53.4658],[-10.0871,53.4815],[-10.0206,53.4704],[-10.0121,53.4815],[-10.0318,53.4803],[-10.0694,53.4848],[-10.1073,53.4945],[-10.1282,53.5089],[-10.1348,53.5271],[-10.1431,53.5385],[-10.1527,53.5436],[-10.1935,53.538],[-10.2032,53.5436],[-10.1803,53.5555],[-10.1077,53.5498],[-10.1151,53.5703],[-10.0707,53.57],[-10.0257,53.5629],[-10.0052,53.5436],[-9.9957,53.5462],[-9.9817,53.5588],[-9.9711,53.5629],[-10.0319,53.5871],[-10.0468,53.5993],[-10.0087,53.6044],[-9.9307,53.5998],[-9.9023,53.6044],[-9.8679,53.6174],[-9.8544,53.6181],[-9.8229,53.6064],[-9.7751,53.6013],[-9.6968,53.5982],[-9.6968,53.6044],[-9.7141,53.6098],[-9.7838,53.6063],[-9.8273,53.6162],[-9.9084,53.6461],[-9.9227,53.6907],[-9.9167,53.7121],[-9.8995,53.7438],[-9.9084,53.7621],[-9.8989,53.7661],[-9.7995,53.7803],[-9.7892,53.7866],[-9.7834,53.7871],[-9.752,53.7764],[-9.5664,53.7963],[-9.5664,53.8037],[-9.5815,53.8053],[-9.6217,53.8173],[-9.6011,53.8242],[-9.6055,53.8392],[-9.5948,53.8482],[-9.5602,53.8651],[-9.5869,53.872],[-9.5728,53.8822],[-9.5664,53.8993],[-9.5869,53.8925],[-9.6155,53.8988],[-9.7582,53.8993],[-9.8566,53.8663],[-9.9108,53.8587],[-9.9438,53.8794],[-9.9314,53.8852],[-9.9252,53.913],[-9.9084,53.9204],[-9.9116,53.934],[-9.9084,53.9471],[-9.9159,53.9471],[-9.9159,53.9538],[-9.868,53.9614],[-9.8116,53.9417],[-9.8076,53.9183],[-9.7961,53.9129],[-9.7875,53.9161],[-9.7895,53.9352],[-9.7855,53.9471],[-9.8127,53.9663],[-9.8265,53.9676],[-9.8265,53.9614],[-9.8202,53.9538],[-9.8317,53.9563],[-9.8385,53.9636],[-9.8502,53.9885],[-9.8496,53.9975],[-9.8544,54.0023],[-9.8777,54.0019],[-9.8989,54.0253],[-9.9023,54.0402],[-9.8977,54.0551],[-9.8734,54.0622],[-9.8619,54.0712],[-9.8759,54.0749],[-9.8761,54.0806],[-9.8544,54.0911],[-9.8619,54.0979],[-9.8339,54.1121],[-9.8435,54.117],[-9.8551,54.1174],[-9.8811,54.1121],[-9.8797,54.1002],[-9.8954,54.0979],[-9.8954,54.0911],[-9.8885,54.0911],[-9.9174,54.0697],[-9.9455,54.0662],[-9.9707,54.0786],[-9.991,54.1047],[-9.9715,54.1042],[-9.9264,54.1121],[-9.9084,54.1184],[-9.9389,54.1317],[-9.9511,54.1413],[-9.9569,54.1531],[-9.9301,54.1457],[-9.9773,54.1805],[-9.9638,54.175],[-9.952,54.1746],[-9.9425,54.1789],[-9.9364,54.1873],[-9.9882,54.2131],[-10.0109,54.2183],[-10.0257,54.2077],[-10.0115,54.1971],[-10.017,54.1887],[-10.0338,54.1847],[-10.053,54.1873],[-10.0394,54.1737],[-10.0394,54.1668],[-10.0658,54.1664],[-10.0871,54.1593],[-10.0871,54.1531],[-10.0741,54.1502],[-10.0692,54.1443],[-10.0666,54.1252],[-10.0946,54.1184],[-10.0691,54.1037],[-10.0669,54.0949],[-10.084,54.0911],[-10.1174,54.0959],[-10.1266,54.106],[-10.1282,54.1252],[-10.1222,54.137],[-10.0996,54.1655],[-10.0912,54.195],[-10.0598,54.2221],[-10.0911,54.2225],[-10.1038,54.2262],[-10.1151,54.2351],[-10.0961,54.2352],[-10.087,54.2443],[-10.0735,54.2692],[-10.0183,54.2903],[-10.0076,54.3035],[-9.9978,54.3039],[-9.9919,54.3007],[-9.9847,54.2835],[-9.9718,54.2772],[-9.9545,54.272],[-9.9368,54.2707],[-9.9227,54.2766],[-9.9072,54.2645],[-9.8983,54.2645],[-9.8885,54.2692],[-9.887,54.2645],[-9.8811,54.263],[-9.9033,54.2379],[-9.9272,54.2268],[-9.952,54.2285],[-9.9773,54.2425],[-9.9836,54.223],[-9.9681,54.217],[-9.9444,54.2161],[-9.9099,54.2044],[-9.8829,54.2229],[-9.868,54.2282],[-9.8817,54.2404],[-9.8752,54.2565],[-9.859,54.2706],[-9.8439,54.2766],[-9.8221,54.2729],[-9.7871,54.2578],[-9.765,54.2556],[-9.7787,54.2696],[-9.7992,54.2766],[-9.7992,54.2835],[-9.78,54.2863],[-9.7582,54.2835],[-9.7768,54.29],[-9.8292,54.2969],[-9.8401,54.3071],[-9.846,54.3214],[-9.844,54.3288],[-9.7855,54.3381],[-9.7643,54.3349],[-9.7263,54.3208],[-9.7069,54.3176],[-9.5354,54.3102],[-9.4944,54.3176],[-9.464,54.3039],[-9.3845,54.2972],[-9.3626,54.3027],[-9.3342,54.3183],[-9.2684,54.3039],[-9.261,54.2997],[-9.2528,54.281],[-9.2477,54.2766],[-9.2196,54.2806],[-9.2176,54.2835],[-9.211,54.2756],[-9.2095,54.2676],[-9.2176,54.2556],[-9.2176,54.2487],[-9.1959,54.2425],[-9.1959,54.2351],[-9.2151,54.2271],[-9.2104,54.2178],[-9.162,54.192],[-9.1493,54.1806],[-9.1412,54.1654],[-9.1412,54.1457],[-9.135,54.1457],[-9.1289,54.1931],[-9.135,54.2077],[-9.1125,54.2133],[-9.0902,54.2266],[-9.073,54.2468],[-9.0661,54.2729],[-9.0513,54.2895],[-9.0175,54.2919],[-8.9569,54.2835],[-8.939,54.29],[-8.8718,54.2651],[-8.8566,54.263],[-8.8074,54.263],[-8.7856,54.2668],[-8.7651,54.2766],[-8.7375,54.2641],[-8.6764,54.2713],[-8.6483,54.263],[-8.6333,54.2324],[-8.6051,54.2257],[-8.5727,54.2003],[-8.5593,54.2066],[-8.5439,54.2086],[-8.5112,54.2077],[-8.5112,54.2145],[-8.5592,54.2277],[-8.5721,54.2465],[-8.5873,54.2523],[-8.621,54.2556],[-8.621,54.263],[-8.6027,54.2797],[-8.5937,54.2835],[-8.5582,54.2752],[-8.5408,54.2844],[-8.4703,54.2766],[-8.486,54.2886],[-8.5041,54.2972],[-8.5233,54.3022],[-8.5627,54.303],[-8.5698,54.3057],[-8.5727,54.3139],[-8.5672,54.3242],[-8.5548,54.3215],[-8.5317,54.3102],[-8.5117,54.3174],[-8.5192,54.3267],[-8.5405,54.3347],[-8.5621,54.3381],[-8.6614,54.338],[-8.6668,54.3412],[-8.6683,54.3518],[-8.6639,54.3593],[-8.6418,54.3704],[-8.6129,54.3755],[-8.4966,54.4235],[-8.4741,54.43],[-8.4667,54.475],[-8.4592,54.4719],[-8.4491,54.4548],[-8.4438,54.4534],[-8.443,54.4473],[-8.3842,54.4682],[-8.2873,54.4794],[-8.2421,54.4977],[-8.2102,54.5019],[-8.2102,54.5094],[-8.2433,54.5102],[-8.258,54.5142],[-8.271,54.5237],[-8.2164,54.5504],[-8.2189,54.5698],[-8.1725,54.5945],[-8.1754,54.6193],[-8.1501,54.6071],[-8.1376,54.6056],[-8.1208,54.6466],[-8.1277,54.6528],[-8.1468,54.6421],[-8.1667,54.6361],[-8.2349,54.6294],[-8.2713,54.612],[-8.2921,54.6056],[-8.2921,54.6118],[-8.2817,54.6206],[-8.2803,54.6296],[-8.2873,54.6368],[-8.3017,54.6398],[-8.3168,54.6354],[-8.3424,54.6162],[-8.3678,54.6086],[-8.428,54.5717],[-8.4566,54.5646],[-8.4566,54.5708],[-8.4323,54.5878],[-8.4171,54.5952],[-8.3982,54.5981],[-8.3848,54.6057],[-8.3877,54.6199],[-8.4001,54.6286],[-8.415,54.6193],[-8.4219,54.6193],[-8.4187,54.6413],[-8.4316,54.6413],[-8.4483,54.6276],[-8.4615,54.6029],[-8.4818,54.616],[-8.4862,54.623],[-8.4862,54.6313],[-8.4941,54.633],[-8.5175,54.6261],[-8.5535,54.6226],[-8.564,54.6088],[-8.5969,54.6193],[-8.6726,54.6195],[-8.69,54.6261],[-8.682,54.6358],[-8.6914,54.6413],[-8.7742,54.6599],[-8.7918,54.6596],[-8.7781,54.6739],[-8.7781,54.6801],[-8.7911,54.6849],[-8.7978,54.692],[-8.7955,54.6984],[-8.7552,54.7058],[-8.7474,54.7131],[-8.7446,54.7251],[-8.7333,54.7326],[-8.6621,54.7626],[-8.6366,54.7685],[-8.5362,54.7669],[-8.4837,54.7568],[-8.4566,54.7564],[-8.4566,54.7626],[-8.5266,54.7728],[-8.5454,54.7838],[-8.5299,54.7881],[-8.4849,54.7894],[-8.4734,54.7868],[-8.4447,54.7631],[-8.4267,54.7572],[-8.4082,54.7626],[-8.4613,54.7935],[-8.4989,54.8012],[-8.535,54.8165],[-8.5584,54.8179],[-8.5544,54.8275],[-8.5249,54.8315],[-8.4907,54.852],[-8.471,54.8405],[-8.4491,54.8394],[-8.402,54.8445],[-8.3463,54.8317],[-8.3257,54.8315],[-8.3257,54.8383],[-8.3654,54.8454],[-8.3813,54.8559],[-8.3808,54.8725],[-8.3667,54.8811],[-8.3274,54.877],[-8.3127,54.8793],[-8.3258,54.8858],[-8.337,54.9036],[-8.3505,54.9073],[-8.374,54.9073],[-8.3782,54.9028],[-8.3808,54.8862],[-8.4093,54.887],[-8.4326,54.9016],[-8.4508,54.9221],[-8.4634,54.9408],[-8.4504,54.9463],[-8.4184,54.9346],[-8.3913,54.9387],[-8.3666,54.9482],[-8.3961,54.9553],[-8.4186,54.9681],[-8.4566,54.9954],[-8.4566,55.0029],[-8.4377,55.0098],[-8.4264,55.0086],[-8.415,55.0029],[-8.402,55.0165],[-8.4082,55.0165],[-8.4032,55.0307],[-8.374,55.0364],[-8.3545,55.0605],[-8.3474,55.0643],[-8.3379,55.0584],[-8.3351,55.0351],[-8.3257,55.0302],[-8.32,55.0343],[-8.3136,55.0527],[-8.3052,55.0581],[-8.3204,55.1049],[-8.316,55.1127],[-8.3044,55.1192],[-8.2884,55.1501],[-8.2785,55.1605],[-8.263,55.1611],[-8.2065,55.1469],[-8.1413,55.1605],[-8.1596,55.1387],[-8.1617,55.1295],[-8.1565,55.1245],[-8.1447,55.1302],[-8.1149,55.1547],[-8.0543,55.1769],[-8.0348,55.181],[-8.021,55.1888],[-7.9996,55.2196],[-7.9768,55.2219],[-7.9502,55.2103],[-7.9586,55.1992],[-8.0041,55.181],[-8.0041,55.1741],[-7.962,55.1872],[-7.949,55.1798],[-7.934,55.1807],[-7.9086,55.1884],[-7.8949,55.1741],[-7.8988,55.1564],[-7.8601,55.1679],[-7.8651,55.1581],[-7.8729,55.1516],[-7.8949,55.1469],[-7.8949,55.1401],[-7.8564,55.139],[-7.8465,55.1469],[-7.8347,55.165],[-7.8376,55.1758],[-7.8601,55.1946],[-7.8661,55.2149],[-7.8502,55.2272],[-7.824,55.2386],[-7.7987,55.2561],[-7.7912,55.2487],[-7.8157,55.1946],[-7.7987,55.181],[-7.7898,55.1809],[-7.7799,55.1874],[-7.7707,55.1884],[-7.7366,55.1767],[-7.7176,55.1666],[-7.6956,55.1332],[-7.7025,55.0991],[-7.6682,55.1472],[-7.6888,55.1847],[-7.6951,55.2075],[-7.7036,55.2185],[-7.7161,55.2219],[-7.7239,55.2146],[-7.722,55.2003],[-7.7093,55.1741],[-7.7231,55.1757],[-7.7502,55.1946],[-7.7797,55.1997],[-7.7917,55.206],[-7.7882,55.2186],[-7.7609,55.2504],[-7.7609,55.2561],[-7.7251,55.2527],[-7.7093,55.2561],[-7.6735,55.2739],[-7.6609,55.2766],[-7.644,55.2728],[-7.6114,55.2414],[-7.6199,55.2049],[-7.6145,55.196],[-7.5727,55.181],[-7.5723,55.1692],[-7.5641,55.1557],[-7.5525,55.1447],[-7.5278,55.1326],[-7.5258,55.1162],[-7.5316,55.0997],[-7.5414,55.0922],[-7.5564,55.0897],[-7.5864,55.0711],[-7.641,55.0507],[-7.641,55.0439],[-7.5812,55.0504],[-7.5618,55.0445],[-7.5727,55.0234],[-7.6342,54.9954],[-7.6676,54.9682],[-7.6814,54.9612],[-7.6814,54.9544],[-7.6615,54.958],[-7.6434,54.9653],[-7.5485,55.0185],[-7.538,55.0199],[-7.5294,55.0307],[-7.4691,55.0439],[-7.4562,55.0561],[-7.45,55.0723],[-7.4544,55.0862],[-7.4775,55.0964],[-7.4629,55.1195],[-7.4629,55.1435],[-7.47,55.1452],[-7.5101,55.181],[-7.5414,55.1981],[-7.5495,55.2154],[-7.5494,55.2252],[-7.5271,55.2368],[-7.5162,55.2541],[-7.5136,55.2744],[-7.5243,55.2903],[-7.4786,55.2839],[-7.4629,55.2903],[-7.4691,55.3039],[-7.428,55.2866],[-7.4059,55.2869],[-7.3678,55.3106],[-7.3475,55.3143],[-7.3275,55.3085],[-7.3121,55.2903],[-7.34,55.2903],[-7.3209,55.2822],[-7.2988,55.2763],[-7.2766,55.2758],[-7.2567,55.284],[-7.3207,55.3133],[-7.3507,55.3352],[-7.353,55.3585],[-7.3795,55.3677],[-7.4002,55.3803],[-7.3844,55.3864],[-7.3663,55.384],[-7.3325,55.3728],[-7.2473,55.3572],[-7.2089,55.3451],[-7.1954,55.3386],[-7.1442,55.2936],[-7.1291,55.2858],[-7.0793,55.2727],[-7.0419,55.2689],[-6.9965,55.2577],[-6.9757,55.2487],[-6.9535,55.2543],[-6.9396,55.2391],[-6.9428,55.2186],[-6.9726,55.2083],[-7.0006,55.2051],[-7.0341,55.1968],[-7.0657,55.185],[-7.0998,55.1655],[-7.1595,55.1508],[-7.1728,55.1435],[-7.2166,55.1083],[-7.2323,55.0919],[-7.2567,55.0507],[-7.241,55.0503],[-7.1954,55.0581],[-7.1775,55.057],[-7.1339,55.0439],[-7.0995,55.041],[-7.0651,55.0439],[-7.0537,55.0487],[-7.0319,55.0649],[-7.0172,55.0711],[-7.0178,55.084],[-7.0099,55.1022],[-6.998,55.1186],[-6.9749,55.1354],[-6.9687,55.1807],[-6.9626,55.1946],[-6.9467,55.1954],[-6.9036,55.1787],[-6.8838,55.1741],[-6.7545,55.1778],[-6.6405,55.2083],[-6.5713,55.2112],[-6.5198,55.2407],[-6.4981,55.2471],[-6.4759,55.2487],[-6.44,55.236],[-6.4159,55.2319],[-6.3782,55.2462],[-6.3529,55.2426],[-6.2558,55.2109],[-6.2398,55.2083],[-6.16,55.2219],[-6.1208,55.2178],[-6.101,55.2124],[-6.0472,55.1785],[-6.0371,55.1679],[-6.0406,55.112],[-6.0474,55.0956],[-6.0621,55.0741],[-6.0544,55.0651],[-6.0035,55.0632],[-5.9757,55.053],[-5.9683,55.0439],[-5.9702,55.0258],[-5.9883,54.9887],[-5.9862,54.9818],[-5.9571,54.9789],[-5.9303,54.9709],[-5.9066,54.958],[-5.8863,54.9408],[-5.8693,54.9104],[-5.8392,54.893],[-5.821,54.8751],[-5.814,54.8628],[-5.8005,54.8207],[-5.7456,54.8046],[-5.7218,54.7838],[-5.7156,54.7838],[-5.7338,54.8052],[-5.7976,54.8445],[-5.7817,54.8617],[-5.7516,54.8569],[-5.7206,54.841],[-5.702,54.8247],[-5.6898,54.7931],[-5.6926,54.7652],[-5.7069,54.743],[-5.7293,54.7285],[-5.8454,54.7012],[-5.8715,54.6873],[-5.8907,54.6723],[-5.9272,54.633],[-5.9152,54.6282],[-5.9074,54.6056],[-5.8949,54.6048],[-5.839,54.6497],[-5.748,54.6804],[-5.7166,54.6699],[-5.6947,54.6687],[-5.5747,54.6801],[-5.5567,54.6628],[-5.5366,54.6575],[-5.5301,54.633],[-5.5144,54.5979],[-5.5026,54.5835],[-5.4857,54.5777],[-5.4789,54.5695],[-5.4686,54.5163],[-5.4308,54.4852],[-5.4376,54.4757],[-5.4338,54.461],[-5.4581,54.4374],[-5.4643,54.4252],[-5.4574,54.4087],[-5.4612,54.3921],[-5.484,54.3776],[-5.4891,54.3696],[-5.4748,54.3586],[-5.4896,54.3537],[-5.502,54.3397],[-5.5158,54.3381],[-5.5277,54.3453],[-5.5471,54.3791],[-5.559,54.3826],[-5.5695,54.3915],[-5.5766,54.4028],[-5.5784,54.4138],[-5.5717,54.4256],[-5.5487,54.4428],[-5.5437,54.4578],[-5.5474,54.4891],[-5.558,54.5119],[-5.5753,54.529],[-5.6449,54.5678],[-5.6719,54.5768],[-5.702,54.5777],[-5.702,54.5708],[-5.6947,54.5611],[-5.6974,54.5512],[-5.7156,54.5367],[-5.7015,54.5363],[-5.6741,54.5237],[-5.637,54.522],[-5.6256,54.5163],[-5.6639,54.5102],[-5.6703,54.5057],[-5.64,54.4958],[-5.6448,54.4837],[-5.6446,54.4721],[-5.6385,54.4636],[-5.6256,54.461],[-5.6331,54.4473],[-5.6256,54.4411],[-5.6536,54.389],[-5.6614,54.3796],[-5.6979,54.3623],[-5.7089,54.3518],[-5.6683,54.3607],[-5.6221,54.3767],[-5.5797,54.3837],[-5.5505,54.3654],[-5.5407,54.3273],[-5.553,54.2985],[-5.5795,54.2757],[-5.6126,54.2556],[-5.6331,54.2556],[-5.64,54.2351],[-5.6558,54.2297],[-5.6634,54.2309],[-5.6667,54.2388],[-5.6788,54.2462],[-5.7369,54.2491],[-5.7794,54.2465],[-5.862,54.2305],[-5.868,54.2185],[-5.8658,54.1805],[-5.8685,54.1613],[-5.8832,54.1208],[-5.8938,54.1047],[-5.912,54.0913],[-5.9538,54.0787],[-5.9847,54.0593],[-6.0405,54.0364],[-6.0954,54.0364],[-6.1129,54.0439],[-6.1129,54.0501],[-6.085,54.057],[-6.1743,54.0743],[-6.1859,54.0927],[-6.2637,54.1047],[-6.2699,54.0979],[-6.207,54.0617],[-6.1843,54.0538],[-6.1638,54.0364],[-6.1425,54.0352],[-6.1265,54.0302],[-6.1073,54.0136],[-6.111,54.0013],[-6.1435,53.9784],[-6.1608,53.9744],[-6.1855,53.9797],[-6.2228,53.9954],[-6.237,53.9938],[-6.307,54.0119],[-6.3599,54.016],[-6.3599,54.0085],[-6.3478,54.0036],[-6.3663,53.981],[-6.373,53.9644],[-6.379,53.9169],[-6.373,53.8993],[-6.3508,53.8814],[-6.3173,53.8711],[-6.2432,53.8651],[-6.2432,53.8577],[-6.254,53.8399],[-6.255,53.8222],[-6.245,53.8069],[-6.2228,53.7963],[-6.2433,53.7825],[-6.2484,53.7558],[-6.2413,53.6856],[-6.2364,53.6708],[-6.2228,53.6461],[-6.1871,53.6301],[-6.1698,53.6057],[-6.0924,53.5771],[-6.0845,53.568],[-6.0773,53.5546],[-6.0749,53.5397],[-6.0815,53.5259],[-6.0985,53.5097]]],[[[-3.3115,56.3565],[-3.294,56.3528],[-3.2515,56.3529],[-3.2306,56.356],[-3.1884,56.3702],[-3.1496,56.3756],[-2.9503,56.4319],[-2.9307,56.4481],[-2.9091,56.4557],[-2.885,56.458],[-2.8501,56.442],[-2.8148,56.4404],[-2.8028,56.428],[-2.8009,56.4089],[-2.8083,56.3911],[-2.8216,56.3762],[-2.8376,56.3659],[-2.813,56.3659],[-2.8092,56.3629],[-2.8028,56.3454],[-2.7753,56.3394],[-2.7686,56.3323],[-2.6772,56.3284],[-2.6553,56.3222],[-2.5768,56.2839],[-2.5768,56.2778],[-2.6301,56.2485],[-2.6483,56.2287],[-2.672,56.2224],[-2.7202,56.2163],[-2.7836,56.192],[-2.8061,56.1884],[-2.8307,56.1907],[-2.8921,56.2089],[-2.9401,56.2094],[-2.9643,56.2056],[-2.9824,56.1891],[-3.0356,56.1679],[-3.0911,56.1323],[-3.1276,56.1229],[-3.1383,56.1122],[-3.1523,56.0785],[-3.1636,56.0639],[-3.1784,56.0581],[-3.2484,56.056],[-3.3427,56.0272],[-3.3818,56.0234],[-3.421,56.0249],[-3.5826,56.0517],[-3.6715,56.0508],[-3.71,56.0581],[-3.7454,56.0722],[-3.8031,56.1071],[-3.817,56.1123],[-3.8375,56.1126],[-3.8375,56.1064],[-3.7777,56.0828],[-3.7692,56.0751],[-3.7609,56.0725],[-3.7214,56.0307],[-3.6866,56.0307],[-3.6683,56.0128],[-3.6562,56.0102],[-3.5997,56.0172],[-3.5774,56.017],[-3.4054,55.9897],[-3.3583,55.9897],[-3.331,55.9941],[-3.3035,55.9776],[-3.1218,55.9693],[-3.0907,55.9482],[-3.0782,55.9468],[-3.0157,55.9505],[-2.9399,55.9693],[-2.9167,55.9806],[-2.8829,56.0085],[-2.858,56.0102],[-2.871,56.0307],[-2.8232,56.0598],[-2.8028,56.0648],[-2.6351,56.0581],[-2.616,56.0532],[-2.5876,56.031],[-2.5694,56.0245],[-2.5836,56.0028],[-2.5696,55.9999],[-2.5441,56.0027],[-2.529,55.9966],[-2.5079,56.0102],[-2.4525,55.9853],[-2.4144,55.9783],[-2.3509,55.9482],[-2.3078,55.935],[-2.138,55.9146],[-2.1326,55.9064],[-2.1288,55.8898],[-2.0995,55.8818],[-2.0802,55.8694],[-2.0097,55.7908],[-1.8778,55.6949],[-1.8531,55.6593],[-1.8315,55.6507],[-1.8165,55.6329],[-1.8071,55.6345],[-1.7926,55.6466],[-1.7814,55.6457],[-1.7686,55.6419],[-1.7565,55.6336],[-1.7477,55.6192],[-1.768,55.6192],[-1.768,55.613],[-1.756,55.6089],[-1.7209,55.6146],[-1.6991,55.613],[-1.6308,55.5851],[-1.6308,55.5783],[-1.6363,55.5717],[-1.6347,55.5644],[-1.6172,55.5503],[-1.6308,55.5441],[-1.6308,55.5373],[-1.6029,55.5236],[-1.6029,55.5168],[-1.6113,55.508],[-1.5893,55.4957],[-1.585,55.4837],[-1.5814,55.4167],[-1.5893,55.3765],[-1.5833,55.3547],[-1.5586,55.3289],[-1.5558,55.3113],[-1.5701,55.2862],[-1.5682,55.2796],[-1.5565,55.255],[-1.521,55.2294],[-1.5292,55.2163],[-1.5143,55.2048],[-1.508,55.1946],[-1.5108,55.1848],[-1.5221,55.1675],[-1.5179,55.1571],[-1.496,55.1346],[-1.4925,55.113],[-1.4801,55.0854],[-1.4596,55.0786],[-1.4383,55.0423],[-1.4292,55.0333],[-1.4129,55.0003],[-1.3702,54.9755],[-1.3627,54.9648],[-1.3629,54.9259],[-1.3603,54.9171],[-1.3531,54.9135],[-1.3558,54.9043],[-1.2968,54.7799],[-1.2755,54.7484],[-1.2405,54.7217],[-1.1722,54.7012],[-1.1722,54.6938],[-1.1926,54.6938],[-1.1925,54.6893],[-1.1788,54.6647],[-1.1647,54.6528],[-1.1825,54.6392],[-1.2063,54.633],[-1.2037,54.6257],[-1.1988,54.6216],[-1.1821,54.6193],[-1.177,54.6268],[-1.1722,54.6261],[-1.1654,54.6187],[-1.1647,54.6118],[-1.1527,54.6132],[-1.1467,54.6185],[-1.1381,54.6466],[-1.1206,54.633],[-1.1036,54.6247],[-1.0421,54.6171],[-0.9935,54.5981],[-0.7879,54.5608],[-0.563,54.4774],[-0.5347,54.461],[-0.5229,54.4471],[-0.5236,54.4302],[-0.5204,54.4201],[-0.51,54.4116],[-0.4628,54.389],[-0.4477,54.3732],[-0.4306,54.3493],[-0.4184,54.324],[-0.418,54.3039],[-0.4145,54.2973],[-0.4012,54.2856],[-0.3907,54.2835],[-0.3976,54.2692],[-0.3705,54.2477],[-0.3628,54.2425],[-0.322,54.2361],[-0.3001,54.2247],[-0.2771,54.2178],[-0.2696,54.2077],[-0.2604,54.177],[-0.2339,54.1605],[-0.1114,54.1316],[-0.0755,54.1121],[-0.1639,54.0834],[-0.1947,54.0623],[-0.2195,54.0228],[-0.1974,53.9948],[-0.1687,53.9293],[-0.1511,53.8993],[0.1335,53.6426],[0.1493,53.6096],[0.1369,53.5771],[0.1312,53.5734],[0.1096,53.5629],[0.1314,53.5937],[0.136,53.6107],[0.1202,53.6181],[0.0995,53.6223],[0.0562,53.6413],[0.0345,53.6461],[0.0148,53.6433],[-0.0239,53.6289],[-0.045,53.6256],[-0.0923,53.631],[-0.13,53.6461],[-0.2253,53.7199],[-0.2604,53.7354],[-0.3052,53.7397],[-0.4311,53.7143],[-0.5105,53.7143],[-0.5444,53.7095],[-0.5792,53.728],[-0.637,53.732],[-0.6584,53.728],[-0.7265,53.7006],[-0.7086,53.6957],[-0.6925,53.687],[-0.6775,53.7028],[-0.6498,53.7106],[-0.6195,53.7119],[-0.5962,53.7081],[-0.5299,53.6777],[-0.514,53.6813],[-0.4863,53.6945],[-0.3072,53.7143],[-0.2794,53.7071],[-0.1886,53.6204],[-0.144,53.6066],[-0.1132,53.5846],[-0.0959,53.5771],[-0.0466,53.5704],[0.0001,53.5353],[0.096,53.4883],[0.1519,53.4758],[0.1678,53.4645],[0.1758,53.4377],[0.2195,53.4195],[0.2119,53.4127],[0.2293,53.4048],[0.2449,53.3909],[0.2561,53.3751],[0.2604,53.3615],[0.3421,53.2263],[0.3562,53.1885],[0.3566,53.1457],[0.3358,53.0935],[0.3298,53.0865],[0.2988,53.0812],[0.2825,53.0749],[0.193,53.0201],[0.1608,53.009],[0.0821,52.9387],[0.0612,52.925],[0.0221,52.9126],[0.0086,52.8986],[0.0103,52.8865],[0.0407,52.8851],[0.0925,52.8925],[0.1056,52.8893],[0.1335,52.8752],[0.1709,52.8621],[0.2224,52.8137],[0.2468,52.7957],[0.2645,52.8037],[0.2857,52.8056],[0.3255,52.8032],[0.3418,52.7974],[0.3699,52.773],[0.3845,52.7684],[0.3792,52.7908],[0.4386,52.8407],[0.444,52.8651],[0.4723,52.9164],[0.4857,52.9335],[0.5203,52.9553],[0.5696,52.9693],[0.6234,52.9757],[0.6719,52.9744],[0.6644,52.9819],[0.6847,52.9864],[0.7505,52.9744],[0.8357,52.9744],[0.8755,52.9682],[0.9211,52.9547],[0.9684,52.9475],[1.0139,52.9602],[0.9915,52.9675],[0.9661,52.9676],[0.9661,52.9744],[1.2747,52.9292],[1.396,52.8914],[1.6442,52.7758],[1.6734,52.7557],[1.697,52.731],[1.7158,52.6837],[1.7341,52.6546],[1.7472,52.6252],[1.7407,52.6039],[1.7468,52.5885],[1.7476,52.5328],[1.7712,52.4859],[1.7671,52.477],[1.7544,52.4674],[1.7293,52.4156],[1.7279,52.3963],[1.6836,52.3245],[1.6519,52.2891],[1.6305,52.2705],[1.6283,52.2448],[1.6309,52.1998],[1.6255,52.1804],[1.6074,52.1459],[1.6035,52.1278],[1.5892,52.1008],[1.5876,52.087],[1.5823,52.0815],[1.5037,52.061],[1.4868,52.049],[1.472,52.0562],[1.4639,52.0351],[1.4248,52.0019],[1.3548,51.954],[1.3435,51.9429],[1.3323,51.9401],[1.2644,51.9944],[1.2349,52.0003],[1.1852,52.0251],[1.1579,52.0285],[1.1579,52.0217],[1.2144,51.9914],[1.2708,51.9815],[1.2752,51.977],[1.2744,51.9609],[1.271,51.9564],[1.2507,51.9596],[1.2057,51.9534],[1.1932,51.9555],[1.1653,51.967],[1.1431,51.9661],[1.0691,51.9534],[1.0955,51.9457],[1.2621,51.9392],[1.282,51.9466],[1.2785,51.9279],[1.1996,51.8777],[1.2279,51.8674],[1.2644,51.864],[1.2866,51.8817],[1.2883,51.8606],[1.2764,51.8448],[1.2192,51.8118],[1.1678,51.7902],[1.1354,51.7817],[1.0654,51.7753],[1.0466,51.777],[1.0373,51.7822],[1.0213,51.8026],[0.9888,51.8303],[0.9798,51.8436],[0.9771,51.8246],[0.9621,51.8138],[0.9251,51.8026],[0.887,51.7821],[0.8835,51.7647],[0.8737,51.7473],[0.862,51.7456],[0.8357,51.7337],[0.7918,51.7412],[0.7671,51.7394],[0.6986,51.72],[0.7493,51.7085],[0.7608,51.6927],[0.7891,51.7102],[0.853,51.7189],[0.8836,51.7269],[0.9124,51.7415],[0.93,51.7436],[0.9456,51.7337],[0.9474,51.7252],[0.9382,51.7064],[0.9518,51.6784],[0.9417,51.673],[0.938,51.6645],[0.9382,51.6413],[0.9347,51.6359],[0.9115,51.6238],[0.9385,51.625],[0.9518,51.617],[0.9245,51.5883],[0.8733,51.5595],[0.8163,51.5372],[0.7713,51.5283],[0.6921,51.5363],[0.6506,51.5358],[0.6441,51.5351],[0.6234,51.522],[0.5823,51.5165],[0.5689,51.5084],[0.5527,51.518],[0.5254,51.5169],[0.4561,51.5056],[0.4417,51.477],[0.4285,51.4671],[0.3845,51.4531],[0.4484,51.4599],[0.4568,51.4631],[0.4696,51.4804],[0.5348,51.4917],[0.6948,51.477],[0.7095,51.4705],[0.7219,51.4563],[0.7232,51.4467],[0.7131,51.4412],[0.6924,51.4395],[0.641,51.4442],[0.6094,51.4251],[0.5728,51.4196],[0.5545,51.4122],[0.5765,51.3936],[0.5859,51.3911],[0.6719,51.3911],[0.7129,51.3842],[0.7004,51.4098],[0.7053,51.4195],[0.7264,51.419],[0.7284,51.4062],[0.7393,51.3879],[0.7534,51.3715],[0.7644,51.3644],[0.9772,51.3492],[1.1009,51.3732],[1.4238,51.3921],[1.4483,51.3829],[1.4356,51.3437],[1.4186,51.3297],[1.383,51.3298],[1.3776,51.3262],[1.3806,51.3048],[1.4043,51.2614],[1.4131,51.2217],[1.4048,51.1835],[1.3845,51.1517],[1.3572,51.131],[1.2904,51.1165],[1.263,51.1033],[1.23,51.1037],[1.2181,51.101],[1.1921,51.0826],[1.1722,51.0774],[1.1067,51.0764],[1.0872,51.073],[1.0669,51.0644],[1.0276,51.0417],[0.9665,50.9827],[0.9691,50.9569],[0.9798,50.9182],[0.9452,50.9094],[0.8023,50.9392],[0.7625,50.9309],[0.6644,50.8703],[0.6242,50.8587],[0.4075,50.8293],[0.3652,50.819],[0.3423,50.7952],[0.3081,50.781],[0.271,50.7474],[0.2339,50.747],[0.1683,50.7598],[0.1221,50.7608],[0.0956,50.7751],[0.077,50.779],[0.0345,50.781],[-0.1732,50.829],[-0.2061,50.831],[-0.2331,50.8219],[-0.2697,50.8313],[-0.3976,50.8021],[-0.569,50.8021],[-0.7327,50.7673],[-0.7582,50.7771],[-0.7676,50.7747],[-0.7731,50.766],[-0.7663,50.7471],[-0.771,50.7369],[-0.7899,50.73],[-0.8128,50.7348],[-0.9041,50.7719],[-0.9115,50.7778],[-0.9059,50.788],[-0.8925,50.7946],[-0.8636,50.8021],[-0.8636,50.8083],[-0.9047,50.8293],[-0.9217,50.8216],[-0.9289,50.8228],[-0.919,50.8362],[-0.9392,50.8432],[-0.9708,50.847],[-1.0019,50.8471],[-1.0207,50.8437],[-1.0336,50.8259],[-1.0426,50.8019],[-1.0562,50.783],[-1.0828,50.781],[-1.103,50.7955],[-1.0936,50.8129],[-1.0753,50.83],[-1.0692,50.8437],[-1.0873,50.8498],[-1.1647,50.8437],[-1.1297,50.8251],[-1.1238,50.8188],[-1.1212,50.7994],[-1.1249,50.7887],[-1.1381,50.781],[-1.1511,50.7814],[-1.1856,50.7924],[-1.1993,50.8079],[-1.2315,50.8189],[-1.2552,50.8319],[-1.3014,50.8437],[-1.3389,50.8727],[-1.4664,50.9182],[-1.4664,50.9119],[-1.438,50.9013],[-1.4256,50.9001],[-1.3231,50.8258],[-1.3143,50.8122],[-1.3173,50.8002],[-1.3398,50.7952],[-1.4187,50.7884],[-1.4049,50.781],[-1.4049,50.7747],[-1.4505,50.7694],[-1.4762,50.7634],[-1.4875,50.7577],[-1.5247,50.7611],[-1.5612,50.719],[-1.5807,50.7226],[-1.6021,50.7318],[-1.6706,50.7401],[-1.693,50.7399],[-1.7717,50.7201],[-1.8351,50.7277],[-1.8574,50.727],[-1.8964,50.7163],[-1.94,50.6908],[-1.9493,50.7133],[-1.9877,50.7201],[-2.022,50.7201],[-2.0338,50.7371],[-2.039,50.7399],[-2.0481,50.7348],[-2.0827,50.699],[-2.0577,50.7028],[-2.0356,50.7133],[-2.0141,50.6888],[-2.0025,50.6813],[-1.9528,50.6766],[-1.9459,50.6689],[-1.953,50.6518],[-1.9325,50.6444],[-1.9673,50.6171],[-1.9652,50.6022],[-1.9837,50.5966],[-2.0652,50.5955],[-2.0822,50.5978],[-2.1573,50.6205],[-2.3426,50.6338],[-2.3771,50.6475],[-2.3983,50.6456],[-2.4359,50.6375],[-2.4476,50.6279],[-2.4601,50.6065],[-2.4656,50.5852],[-2.4565,50.5755],[-2.4312,50.5703],[-2.4287,50.5576],[-2.4534,50.5277],[-2.4595,50.5277],[-2.4604,50.5655],[-2.4835,50.5904],[-2.6929,50.6928],[-2.8648,50.7338],[-2.8873,50.7344],[-2.9628,50.7233],[-2.9982,50.7082],[-3.0218,50.7065],[-3.0597,50.7133],[-3.0714,50.711],[-3.1255,50.6853],[-3.1665,50.6928],[-3.2598,50.6745],[-3.2956,50.6375],[-3.3682,50.6171],[-3.4075,50.6213],[-3.421,50.6295],[-3.4333,50.6444],[-3.4464,50.6683],[-3.4586,50.6776],[-3.4644,50.6785],[-3.4678,50.6764],[-3.4678,50.667],[-3.4553,50.6579],[-3.442,50.6235],[-3.4333,50.6103],[-3.4673,50.5856],[-3.4818,50.5685],[-3.4949,50.5482],[-3.506,50.5208],[-3.505,50.5012],[-3.4875,50.4594],[-3.5321,50.4548],[-3.5494,50.4465],[-3.5563,50.4321],[-3.5493,50.4156],[-3.532,50.4102],[-3.4875,50.4116],[-3.4875,50.4048],[-3.4983,50.3837],[-3.515,50.38],[-3.5201,50.3748],[-3.5269,50.3498],[-3.5389,50.3444],[-3.5545,50.3476],[-3.5705,50.3564],[-3.5778,50.3341],[-3.5991,50.3258],[-3.6216,50.3219],[-3.632,50.3123],[-3.6476,50.2746],[-3.6533,50.251],[-3.6456,50.226],[-3.6606,50.221],[-3.718,50.2124],[-3.7742,50.223],[-3.789,50.2124],[-3.8263,50.2342],[-3.8842,50.2805],[-3.9499,50.319],[-3.961,50.3223],[-4.0056,50.3092],[-4.0329,50.2949],[-4.0544,50.3004],[-4.0702,50.3092],[-4.064,50.3223],[-4.086,50.3262],[-4.1083,50.3366],[-4.1187,50.3519],[-4.105,50.3707],[-4.1527,50.3707],[-4.1655,50.3764],[-4.1715,50.3828],[-4.1915,50.4176],[-4.1839,50.4317],[-4.1595,50.4594],[-4.1794,50.4531],[-4.1896,50.4537],[-4.2006,50.4594],[-4.2047,50.4487],[-4.2124,50.4415],[-4.2225,50.438],[-4.2347,50.4383],[-4.2347,50.4321],[-4.2202,50.4258],[-4.2161,50.4157],[-4.2197,50.4051],[-4.2285,50.3974],[-4.2414,50.3947],[-4.2899,50.3974],[-4.273,50.3819],[-4.2162,50.3878],[-4.1938,50.3769],[-4.2285,50.3707],[-4.2285,50.3638],[-4.2006,50.3638],[-4.208,50.3564],[-4.18,50.3564],[-4.18,50.3502],[-4.1913,50.3476],[-4.198,50.3422],[-4.1991,50.3354],[-4.1938,50.3284],[-4.1938,50.3223],[-4.215,50.3231],[-4.2351,50.3496],[-4.2523,50.3564],[-4.3377,50.3707],[-4.3837,50.3675],[-4.4562,50.3382],[-4.4954,50.3284],[-4.6598,50.3223],[-4.6627,50.3178],[-4.6735,50.3154],[-4.6872,50.3427],[-4.6943,50.3435],[-4.7113,50.3359],[-4.7521,50.3303],[-4.7633,50.3221],[-4.7554,50.3092],[-4.7554,50.3017],[-4.7799,50.2843],[-4.7834,50.2779],[-4.7765,50.2608],[-4.7902,50.2366],[-4.8002,50.2296],[-4.8497,50.2346],[-4.8687,50.2294],[-4.8873,50.215],[-4.9048,50.2084],[-4.9473,50.1994],[-4.9607,50.1905],[-5.0024,50.1441],[-5.0146,50.1566],[-5.0204,50.192],[-5.0332,50.1994],[-5.053,50.1958],[-5.0519,50.1755],[-5.0646,50.1646],[-5.0646,50.1584],[-5.0434,50.1441],[-5.0585,50.1427],[-5.0803,50.1327],[-5.081,50.1172],[-5.085,50.1099],[-5.126,50.0963],[-5.1061,50.0951],[-5.0919,50.0895],[-5.0708,50.0895],[-5.0649,50.0718],[-5.0565,50.0606],[-5.0695,50.0422],[-5.0981,50.0144],[-5.1274,50.0154],[-5.1396,50.0144],[-5.1465,50.0106],[-5.1761,49.9879],[-5.1912,49.9591],[-5.2104,49.9667],[-5.2452,49.9931],[-5.253,50.0126],[-5.2527,50.0278],[-5.2884,50.0677],[-5.3044,50.0803],[-5.324,50.0895],[-5.3842,50.108],[-5.4247,50.1127],[-5.4748,50.1304],[-5.4957,50.1296],[-5.5218,50.1237],[-5.5409,50.1135],[-5.5406,50.0998],[-5.5347,50.0823],[-5.5456,50.0689],[-5.5635,50.0596],[-5.6195,50.0462],[-5.6674,50.0429],[-5.7051,50.0523],[-5.7156,50.0827],[-5.6988,50.0854],[-5.6945,50.0895],[-5.6944,50.0958],[-5.702,50.1032],[-5.7092,50.1326],[-5.6846,50.1615],[-5.6474,50.1721],[-5.5836,50.1959],[-5.5494,50.2035],[-5.511,50.2195],[-5.4891,50.2198],[-5.4581,50.2008],[-5.438,50.1943],[-5.4174,50.2025],[-5.4029,50.2174],[-5.3929,50.2366],[-5.3876,50.2403],[-5.3519,50.2403],[-5.3148,50.2536],[-5.2003,50.3308],[-5.1636,50.3472],[-5.1499,50.3502],[-5.1465,50.3553],[-5.1457,50.3669],[-5.1537,50.3995],[-5.1424,50.4045],[-5.1197,50.4048],[-5.0503,50.4287],[-5.0387,50.4479],[-5.0298,50.4868],[-5.0253,50.5242],[-5.0156,50.538],[-4.9956,50.5482],[-4.9752,50.5482],[-4.9548,50.5612],[-4.9473,50.5624],[-4.9415,50.557],[-4.9371,50.5453],[-4.9336,50.5202],[-4.9205,50.5277],[-4.9024,50.5206],[-4.861,50.5192],[-4.8448,50.5141],[-4.8558,50.5274],[-4.9062,50.542],[-4.9219,50.5549],[-4.9152,50.5725],[-4.9205,50.5892],[-4.8957,50.5859],[-4.8212,50.5892],[-4.7925,50.5952],[-4.7766,50.6098],[-4.765,50.628],[-4.7493,50.6444],[-4.7554,50.6594],[-4.7519,50.6701],[-4.7419,50.6749],[-4.7281,50.6723],[-4.6573,50.7111],[-4.6456,50.7235],[-4.6378,50.7412],[-4.619,50.7548],[-4.5773,50.7747],[-4.5501,50.8096],[-4.5549,50.8978],[-4.5438,50.9392],[-4.5227,50.9727],[-4.5304,50.9947],[-4.5313,51.0087],[-4.5264,51.015],[-4.4373,51.015],[-4.3957,51.0007],[-4.3377,50.9966],[-4.3173,51.0007],[-4.3023,51.0075],[-4.2347,51.0553],[-4.2185,51.0725],[-4.208,51.0764],[-4.2319,51.1267],[-4.2558,51.1515],[-4.2148,51.1515],[-4.2084,51.1623],[-4.2098,51.1728],[-4.2173,51.1814],[-4.2285,51.1862],[-4.2285,51.1925],[-4.1523,51.2116],[-3.9695,51.2224],[-3.9132,51.2334],[-3.8409,51.2334],[-3.819,51.2361],[-3.7871,51.2468],[-3.7692,51.2477],[-3.6398,51.2264],[-3.5593,51.2281],[-3.4342,51.2098],[-3.4044,51.192],[-3.385,51.1862],[-3.2707,51.1894],[-3.1989,51.2036],[-3.1627,51.2067],[-3.0968,51.2045],[-3.0575,51.2082],[-3.0293,51.2204],[-3.0218,51.2136],[-3.0356,51.1993],[-3.0218,51.1925],[-3.0048,51.2131],[-2.9996,51.2332],[-3.0082,51.2545],[-3.0076,51.292],[-3.0106,51.311],[-3.0218,51.3228],[-3.0024,51.3191],[-2.9922,51.3219],[-2.9884,51.3311],[-2.9878,51.3467],[-2.966,51.3649],[-2.9596,51.3743],[-2.9747,51.3842],[-2.953,51.3985],[-2.921,51.3944],[-2.8842,51.417],[-2.8164,51.4736],[-2.7986,51.4826],[-2.7809,51.4891],[-2.7376,51.4941],[-2.7164,51.4996],[-2.6962,51.5126],[-2.6078,51.6074],[-2.5804,51.6186],[-2.5745,51.6357],[-2.5564,51.6592],[-2.4992,51.6968],[-2.465,51.7259],[-2.4049,51.7412],[-2.3885,51.7504],[-2.3808,51.7619],[-2.3834,51.7733],[-2.3981,51.7821],[-2.4024,51.7636],[-2.4204,51.7531],[-2.4821,51.7429],[-2.5221,51.7064],[-2.5817,51.6817],[-2.6938,51.5962],[-2.7131,51.5866],[-2.7605,51.5798],[-2.8164,51.5556],[-2.8587,51.5461],[-2.9433,51.5425],[-2.9563,51.5457],[-2.9747,51.563],[-2.984,51.5585],[-3.0157,51.5316],[-3.1056,51.4972],[-3.1317,51.4804],[-3.1454,51.4599],[-3.1727,51.4531],[-3.1601,51.4318],[-3.1671,51.4105],[-3.1848,51.3976],[-3.2189,51.4028],[-3.2894,51.3842],[-3.5392,51.3985],[-3.5574,51.4051],[-3.6047,51.4457],[-3.6632,51.4762],[-3.677,51.477],[-3.6954,51.4715],[-3.7179,51.4786],[-3.7376,51.4909],[-3.748,51.5009],[-3.7494,51.5054],[-3.7419,51.5084],[-3.7589,51.5468],[-3.7701,51.5633],[-3.7822,51.5766],[-3.817,51.5965],[-3.8327,51.6155],[-3.8416,51.6215],[-3.8549,51.6238],[-3.9624,51.6156],[-3.99,51.6065],[-3.9988,51.6003],[-3.9999,51.5909],[-3.9746,51.563],[-4.0162,51.563],[-4.0208,51.5559],[-4.0265,51.554],[-4.032,51.5631],[-4.0465,51.5684],[-4.0531,51.5692],[-4.0702,51.5556],[-4.0873,51.5619],[-4.1217,51.566],[-4.1322,51.563],[-4.1664,51.5425],[-4.1968,51.5494],[-4.2006,51.5388],[-4.2134,51.5391],[-4.2725,51.5548],[-4.2899,51.5556],[-4.2974,51.5692],[-4.2783,51.5782],[-4.2808,51.5888],[-4.2897,51.6015],[-4.2899,51.617],[-4.2558,51.6238],[-4.2347,51.645],[-4.2285,51.6374],[-4.2347,51.6374],[-4.2347,51.6313],[-4.221,51.6238],[-4.1901,51.6303],[-4.139,51.6323],[-4.0913,51.6399],[-4.0702,51.6623],[-4.0705,51.676],[-4.0754,51.6778],[-4.0954,51.6651],[-4.1068,51.6643],[-4.1464,51.6671],[-4.2006,51.6859],[-4.215,51.6797],[-4.2937,51.6723],[-4.3153,51.6775],[-4.3424,51.6909],[-4.3664,51.7085],[-4.3793,51.7269],[-4.338,51.7233],[-4.32,51.7248],[-4.3105,51.7337],[-4.3472,51.7358],[-4.3625,51.7429],[-4.3718,51.7548],[-4.358,51.7731],[-4.3582,51.7821],[-4.3651,51.789],[-4.3715,51.786],[-4.393,51.7637],[-4.3992,51.7616],[-4.4093,51.7632],[-4.4265,51.7753],[-4.4458,51.7733],[-4.4493,51.7663],[-4.4414,51.7568],[-4.4265,51.7473],[-4.4608,51.7358],[-4.4989,51.7348],[-4.5742,51.7412],[-4.6454,51.7321],[-4.6782,51.7174],[-4.6803,51.6927],[-4.6916,51.6899],[-4.694,51.6784],[-4.7123,51.6501],[-4.7349,51.6592],[-4.7592,51.645],[-4.8483,51.6463],[-4.8635,51.6441],[-4.879,51.6374],[-4.9048,51.6138],[-4.9237,51.6086],[-4.932,51.599],[-4.941,51.5965],[-4.9565,51.6028],[-5.0216,51.616],[-5.0458,51.6269],[-5.0366,51.6374],[-5.0512,51.6569],[-5.1005,51.6647],[-5.1197,51.6784],[-5.1134,51.6853],[-5.0366,51.6784],[-5.0434,51.6927],[-5.0287,51.6929],[-4.9882,51.6859],[-4.941,51.7001],[-4.8926,51.7064],[-4.8683,51.7168],[-4.8581,51.7183],[-4.8448,51.7138],[-4.8448,51.72],[-4.8734,51.7377],[-4.879,51.762],[-4.8625,51.7824],[-4.8243,51.7883],[-4.8243,51.7957],[-4.865,51.7833],[-4.9213,51.78],[-4.9336,51.7753],[-4.9172,51.7753],[-4.9052,51.7712],[-4.9005,51.7621],[-4.9062,51.7473],[-4.8921,51.7394],[-4.8957,51.7282],[-4.9106,51.7182],[-4.9882,51.7069],[-5.1492,51.7181],[-5.1669,51.7138],[-5.157,51.6976],[-5.1686,51.6889],[-5.1829,51.6893],[-5.1807,51.7064],[-5.2301,51.73],[-5.2495,51.7337],[-5.2139,51.7357],[-5.1768,51.7597],[-5.126,51.7685],[-5.1103,51.7785],[-5.1071,51.7881],[-5.1134,51.8288],[-5.1175,51.8437],[-5.1259,51.856],[-5.1396,51.864],[-5.1465,51.8572],[-5.1644,51.8668],[-5.2038,51.8702],[-5.2216,51.8777],[-5.2358,51.871],[-5.3109,51.864],[-5.2974,51.8702],[-5.2974,51.8777],[-5.3026,51.8852],[-5.2905,51.892],[-5.2905,51.8981],[-5.2983,51.911],[-5.2889,51.9169],[-5.2528,51.9186],[-5.2342,51.923],[-5.2042,51.9423],[-5.1912,51.9466],[-5.1604,51.9494],[-5.1195,51.9589],[-5.088,51.976],[-5.085,52.0019],[-5.0708,52.0019],[-5.0708,52.008],[-5.0828,52.0145],[-5.0812,52.0212],[-5.0702,52.0264],[-5.0266,52.0274],[-4.9617,52.0075],[-4.9425,52.0075],[-4.9137,52.0148],[-4.9205,52.0285],[-4.8414,52.0148],[-4.8323,52.019],[-4.838,52.049],[-4.8304,52.0529],[-4.797,52.0565],[-4.7776,52.0649],[-4.7387,52.1008],[-4.7203,52.1133],[-4.7065,52.1135],[-4.6735,52.0974],[-4.6757,52.1269],[-4.6375,52.1385],[-4.5138,52.1357],[-4.5023,52.1384],[-4.4843,52.1563],[-4.4547,52.1621],[-4.4348,52.1704],[-4.3856,52.2034],[-4.3712,52.2093],[-4.3158,52.2163],[-4.1971,52.2793],[-4.1391,52.3302],[-4.1096,52.3653],[-4.0963,52.3879],[-4.0874,52.4301],[-4.079,52.453],[-4.0565,52.4879],[-4.064,52.5092],[-4.0626,52.521],[-4.0565,52.5294],[-4.0485,52.5305],[-4.0162,52.522],[-3.9988,52.5259],[-3.9473,52.5493],[-3.9473,52.5567],[-3.9745,52.5565],[-4.0531,52.5424],[-4.0685,52.5501],[-4.1141,52.5886],[-4.1255,52.6039],[-4.1222,52.6287],[-4.1059,52.6535],[-4.0848,52.6727],[-4.0635,52.6831],[-4.0565,52.7007],[-4.0011,52.7241],[-3.9883,52.7343],[-4.0147,52.7323],[-4.032,52.7239],[-4.0488,52.7216],[-4.1252,52.7783],[-4.149,52.8121],[-4.1462,52.8202],[-4.1289,52.8236],[-4.1173,52.8308],[-4.1198,52.8463],[-4.1322,52.8683],[-4.1299,52.8892],[-4.064,52.9192],[-4.0776,52.9267],[-4.1005,52.9141],[-4.1106,52.9157],[-4.1186,52.9267],[-4.1444,52.9148],[-4.1716,52.9135],[-4.2285,52.9192],[-4.3007,52.9056],[-4.3373,52.892],[-4.4066,52.8925],[-4.4462,52.8759],[-4.4817,52.8509],[-4.4755,52.8441],[-4.4914,52.8382],[-4.501,52.8268],[-4.5013,52.8139],[-4.4891,52.8032],[-4.5165,52.7895],[-4.5286,52.7905],[-4.5425,52.8007],[-4.5946,52.8168],[-4.6065,52.8151],[-4.6263,52.8032],[-4.6486,52.7996],[-4.7045,52.8032],[-4.7193,52.7975],[-4.7332,52.7875],[-4.7474,52.7834],[-4.7628,52.7895],[-4.7525,52.7988],[-4.7515,52.8032],[-4.7554,52.8093],[-4.7349,52.8305],[-4.5961,52.9284],[-4.524,52.9442],[-4.4434,52.9822],[-4.4237,53.0026],[-4.3582,53.0285],[-4.35,53.0415],[-4.3457,53.0595],[-4.3409,53.1127],[-4.3343,53.1168],[-4.3276,53.1147],[-4.3207,53.1015],[-4.3122,53.1094],[-4.3036,53.1253],[-4.2635,53.1545],[-4.2345,53.164],[-4.2213,53.175],[-4.2006,53.201],[-4.178,53.2176],[-4.1515,53.2281],[-4.1222,53.2335],[-4.0907,53.2352],[-4.0669,53.2291],[-4.0323,53.2407],[-4.0089,53.2445],[-3.9746,53.2618],[-3.8653,53.2891],[-3.8313,53.2891],[-3.8414,53.3074],[-3.8708,53.3256],[-3.8784,53.3376],[-3.8406,53.3328],[-3.823,53.3266],[-3.8101,53.3171],[-3.7905,53.3234],[-3.7689,53.3192],[-3.7482,53.3078],[-3.7319,53.2929],[-3.7163,53.2869],[-3.6022,53.2889],[-3.5623,53.2944],[-3.3721,53.3509],[-3.3303,53.3518],[-3.2924,53.3405],[-3.2713,53.3306],[-3.2508,53.3126],[-3.1222,53.2623],[-3.0878,53.2347],[-3.0845,53.2386],[-3.0845,53.2755],[-3.1112,53.3028],[-3.1354,53.3338],[-3.1715,53.3623],[-3.1852,53.3773],[-3.1864,53.3928],[-3.1755,53.4027],[-3.1573,53.4088],[-3.0942,53.4174],[-3.0583,53.4348],[-3.0356,53.4337],[-3.0122,53.4167],[-2.953,53.3239],[-2.9351,53.3095],[-2.9106,53.2963],[-2.8815,53.2884],[-2.8506,53.2891],[-2.845,53.3001],[-2.8376,53.3028],[-2.8061,53.2966],[-2.7755,53.2999],[-2.7481,53.3096],[-2.7537,53.3225],[-2.7509,53.3316],[-2.7432,53.3385],[-2.7345,53.3444],[-2.7174,53.3427],[-2.6998,53.3518],[-2.7141,53.3524],[-2.7644,53.3452],[-2.7754,53.341],[-2.7824,53.3264],[-2.7998,53.321],[-2.8437,53.3239],[-2.8865,53.3336],[-2.925,53.35],[-2.9569,53.3706],[-2.9808,53.3928],[-3.0966,53.5443],[-3.1019,53.5581],[-3.0995,53.572],[-3.0876,53.5877],[-3.0218,53.6528],[-2.9687,53.694],[-2.9604,53.6976],[-2.9517,53.7081],[-2.9114,53.725],[-2.899,53.7354],[-2.9849,53.7361],[-3.0215,53.7458],[-3.0492,53.7695],[-3.0564,53.803],[-3.0449,53.8785],[-3.0566,53.9062],[-3.0407,53.9235],[-3.0176,53.932],[-2.9257,53.9527],[-2.9093,53.9538],[-2.8885,53.946],[-2.882,53.9565],[-2.858,53.9676],[-2.8693,53.9788],[-2.8345,53.9998],[-2.8301,54.016],[-2.8649,54.0043],[-2.8955,54.0023],[-2.9161,54.0266],[-2.9182,54.0343],[-2.8921,54.0501],[-2.8727,54.0716],[-2.8589,54.081],[-2.8268,54.0888],[-2.8152,54.0988],[-2.796,54.1252],[-2.8128,54.1399],[-2.8509,54.1846],[-2.8542,54.1941],[-2.8329,54.199],[-2.8103,54.2119],[-2.7952,54.2295],[-2.796,54.2487],[-2.8028,54.2487],[-2.8066,54.2337],[-2.8209,54.2217],[-2.9047,54.1876],[-2.9204,54.1621],[-2.9392,54.1551],[-2.9842,54.1531],[-2.9977,54.1596],[-3.0113,54.1741],[-3.0173,54.1901],[-3.0082,54.2003],[-3.0154,54.2119],[-3.0245,54.2216],[-3.0358,54.226],[-3.0492,54.2221],[-3.0447,54.2083],[-3.061,54.1619],[-3.0907,54.1395],[-3.1179,54.1088],[-3.1453,54.1],[-3.1475,54.0887],[-3.1454,54.0638],[-3.1898,54.0979],[-3.2196,54.1008],[-3.241,54.1121],[-3.2325,54.1447],[-3.2331,54.1592],[-3.2484,54.1668],[-3.2484,54.1737],[-3.2152,54.1798],[-3.2068,54.2089],[-3.2074,54.263],[-3.2231,54.2576],[-3.2314,54.2472],[-3.241,54.2221],[-3.2322,54.2025],[-3.2471,54.1979],[-3.2701,54.1991],[-3.3068,54.1919],[-3.3285,54.2047],[-3.3645,54.2425],[-3.4074,54.2777],[-3.4129,54.2938],[-3.4041,54.3185],[-3.4134,54.343],[-3.4402,54.3518],[-3.4743,54.3935],[-3.4977,54.4058],[-3.5919,54.4831],[-3.6132,54.4916],[-3.6237,54.5061],[-3.6342,54.5129],[-3.6116,54.5299],[-3.5903,54.5646],[-3.5638,54.6428],[-3.5092,54.7217],[-3.4681,54.7353],[-3.4396,54.7615],[-3.431,54.7805],[-3.4402,54.7974],[-3.4075,54.856],[-3.3879,54.8834],[-3.3645,54.8998],[-3.345,54.9025],[-3.3227,54.8899],[-3.3065,54.8862],[-3.2957,54.8869],[-3.2546,54.8998],[-3.3173,54.9203],[-3.2765,54.9434],[-3.2136,54.9544],[-3.201,54.9522],[-3.1802,54.9408],[-3.1228,54.9327],[-3.0395,54.9472],[-3.0218,54.9544],[-3.0907,54.9544],[-3.0907,54.9612],[-3.0715,54.9631],[-3.0409,54.9725],[-3.0218,54.9681],[-3.0218,54.9755],[-3.0463,54.9821],[-3.1354,54.9681],[-3.4538,54.9818],[-3.501,54.9925],[-3.5153,54.9892],[-3.5092,54.9818],[-3.526,54.9771],[-3.5419,54.9807],[-3.5705,54.9954],[-3.5836,54.9681],[-3.5757,54.9573],[-3.5688,54.916],[-3.5705,54.8998],[-3.5817,54.8836],[-3.5984,54.878],[-3.6918,54.8832],[-3.7176,54.8808],[-3.7392,54.8598],[-3.8101,54.8663],[-3.8033,54.8589],[-3.8124,54.8552],[-3.8198,54.8559],[-3.8313,54.8663],[-3.82,54.8786],[-3.8101,54.8725],[-3.8116,54.88],[-3.817,54.8862],[-3.8288,54.875],[-3.8443,54.8663],[-3.8375,54.852],[-3.8579,54.8445],[-3.8238,54.8247],[-3.8857,54.8065],[-3.9642,54.7719],[-4.0117,54.7682],[-4.0429,54.7695],[-4.0429,54.7769],[-4.0558,54.7825],[-4.0497,54.79],[-4.0517,54.8],[-4.0477,54.8131],[-4.05,54.8232],[-4.0636,54.8268],[-4.064,54.8315],[-4.0786,54.8241],[-4.0901,54.8098],[-4.0935,54.7927],[-4.0839,54.7769],[-4.123,54.773],[-4.1739,54.7923],[-4.2091,54.8262],[-4.2006,54.8663],[-4.2154,54.861],[-4.2397,54.843],[-4.2558,54.8383],[-4.2707,54.8394],[-4.3569,54.8655],[-4.3656,54.8725],[-4.3799,54.8979],[-4.3868,54.9048],[-4.4029,54.9073],[-4.4168,54.8928],[-4.4265,54.8695],[-4.4172,54.8459],[-4.4029,54.8247],[-4.3724,54.8218],[-4.3596,54.8166],[-4.3476,54.8073],[-4.3445,54.7945],[-4.3581,54.771],[-4.3439,54.7564],[-4.3565,54.7419],[-4.3481,54.702],[-4.3547,54.6938],[-4.3719,54.6823],[-4.3824,54.6801],[-4.4265,54.6876],[-4.4612,54.7012],[-4.4967,54.7006],[-4.5056,54.7047],[-4.5636,54.7564],[-4.5967,54.7753],[-4.7145,54.8179],[-4.7596,54.8253],[-4.7811,54.8331],[-4.7996,54.8613],[-4.821,54.8666],[-4.8591,54.8663],[-4.883,54.8601],[-4.9258,54.8374],[-4.9496,54.8158],[-4.9548,54.8048],[-4.9479,54.7773],[-4.9403,54.767],[-4.9302,54.7626],[-4.896,54.7045],[-4.8673,54.6901],[-4.8721,54.6492],[-4.8591,54.633],[-4.9441,54.6528],[-4.9537,54.6597],[-4.9599,54.6755],[-4.959,54.692],[-4.9473,54.7012],[-4.9589,54.7141],[-4.9591,54.7209],[-4.9547,54.7285],[-4.9734,54.7297],[-4.9882,54.7353],[-5.0033,54.7713],[-5.0332,54.7824],[-5.1282,54.8489],[-5.1571,54.8791],[-5.1755,54.9146],[-5.1807,54.9544],[-5.1776,54.9905],[-5.1708,55.0087],[-5.1567,55.0165],[-5.1246,55.0168],[-5.1197,55.0199],[-5.1151,55.0316],[-5.1052,55.0262],[-5.0695,54.986],[-5.0646,54.9755],[-5.0653,54.9403],[-5.0609,54.9311],[-5.031,54.9113],[-5.0131,54.9096],[-4.9956,54.9203],[-4.9882,54.9277],[-4.9882,54.9346],[-5.0241,54.9764],[-5.047,55.0151],[-5.0503,55.0268],[-5.0476,55.0557],[-5.019,55.1022],[-5.0162,55.1226],[-5.0078,55.1412],[-4.9883,55.1527],[-4.9473,55.1679],[-4.8824,55.2186],[-4.8673,55.2225],[-4.8648,55.2414],[-4.838,55.284],[-4.8398,55.3156],[-4.838,55.325],[-4.8325,55.3311],[-4.7731,55.3694],[-4.7588,55.4023],[-4.7493,55.4138],[-4.717,55.4305],[-4.6505,55.4485],[-4.6263,55.4684],[-4.6178,55.4956],[-4.6268,55.5197],[-4.6508,55.5371],[-4.6872,55.5441],[-4.6662,55.5622],[-4.6711,55.5844],[-4.6927,55.6052],[-4.722,55.6192],[-4.7765,55.6329],[-4.8087,55.6336],[-4.8181,55.6372],[-4.8106,55.6466],[-4.8106,55.654],[-4.8686,55.6756],[-4.901,55.6923],[-4.9205,55.7086],[-4.8763,55.7353],[-4.8611,55.7567],[-4.8653,55.7905],[-4.8827,55.8214],[-4.8926,55.8929],[-4.8865,55.9197],[-4.8721,55.9372],[-4.8494,55.9482],[-4.7994,55.9579],[-4.7858,55.957],[-4.7223,55.9401],[-4.7054,55.9385],[-4.694,55.9414],[-4.6725,55.9338],[-4.506,55.9191],[-4.4817,55.9283],[-4.63,55.9463],[-4.6735,55.9619],[-4.7245,55.9984],[-4.765,56.0071],[-4.7834,56.0176],[-4.8106,56.0438],[-4.8243,56.0785],[-4.8392,56.0806],[-4.8443,56.073],[-4.8437,56.063],[-4.8376,56.0506],[-4.7902,56.0102],[-4.7789,55.9921],[-4.7853,55.984],[-4.8036,55.9821],[-4.828,55.9823],[-4.8516,55.988],[-4.8623,56.0021],[-4.8654,56.0202],[-4.8654,56.0667],[-4.8263,56.1242],[-4.7554,56.1884],[-4.7509,56.2027],[-4.7555,56.2065],[-4.7799,56.1915],[-4.8373,56.1244],[-4.8517,56.1126],[-4.8731,56.112],[-4.8806,56.1199],[-4.879,56.1505],[-4.8832,56.164],[-4.8935,56.1743],[-4.9071,56.1771],[-4.9205,56.1679],[-4.9091,56.15],[-4.8953,56.1147],[-4.8862,56.0804],[-4.8891,56.0648],[-4.9019,56.0619],[-4.9044,56.0543],[-4.898,56.0012],[-4.8926,55.9897],[-4.9064,55.9857],[-4.9547,55.9966],[-4.9547,55.9897],[-4.9289,55.9811],[-4.9184,55.9733],[-4.9137,55.9619],[-4.9174,55.9475],[-4.9473,55.9208],[-4.9592,55.8901],[-4.9831,55.871],[-5.0264,55.8737],[-5.0425,55.8848],[-5.0568,55.9103],[-5.0708,55.9587],[-5.1108,55.989],[-5.116,56.0017],[-5.1236,56.0099],[-5.1396,56.0028],[-5.1238,55.9863],[-5.0857,55.9319],[-5.0782,55.911],[-5.0865,55.9013],[-5.1056,55.905],[-5.1715,55.9355],[-5.1807,55.9484],[-5.1807,55.9693],[-5.1908,55.9617],[-5.1996,55.9486],[-5.2126,55.9171],[-5.2421,55.8929],[-5.2181,55.8647],[-5.2011,55.8315],[-5.2194,55.8314],[-5.2632,55.8458],[-5.2967,55.8527],[-5.3071,55.8604],[-5.3134,55.8854],[-5.3348,55.8967],[-5.3383,55.9038],[-5.3383,55.9314],[-5.324,55.9587],[-5.3383,55.9966],[-5.3136,56.0124],[-5.2045,56.1195],[-5.1465,56.1331],[-5.1046,56.1515],[-5.095,56.1574],[-5.0594,56.2031],[-5.0434,56.2163],[-5.0133,56.2276],[-4.975,56.237],[-4.9401,56.2514],[-4.9205,56.2778],[-4.9381,56.271],[-4.9751,56.248],[-4.9919,56.243],[-5.0327,56.2412],[-5.0495,56.237],[-5.0646,56.2293],[-5.0994,56.182],[-5.1089,56.1747],[-5.2281,56.1292],[-5.3109,56.0581],[-5.3457,56.0512],[-5.3453,56.0461],[-5.3564,56.0198],[-5.3594,56.0207],[-5.3686,56.0094],[-5.3903,56.0057],[-5.4338,56.0102],[-5.4371,56.03],[-5.4444,56.0276],[-5.4479,56.0223],[-5.455,55.9556],[-5.4308,55.9482],[-5.4208,55.9283],[-5.4125,55.8996],[-5.4004,55.8929],[-5.4004,55.8867],[-5.4072,55.8867],[-5.4072,55.8799],[-5.3929,55.8737],[-5.4072,55.8663],[-5.3518,55.8324],[-5.3268,55.8086],[-5.3178,55.783],[-5.3246,55.7692],[-5.3385,55.7626],[-5.3724,55.7564],[-5.3876,55.7503],[-5.4335,55.721],[-5.454,55.7006],[-5.4612,55.6881],[-5.4686,55.654],[-5.4901,55.6446],[-5.4823,55.6329],[-5.4839,55.6101],[-5.4748,55.6039],[-5.4626,55.602],[-5.455,55.5919],[-5.4611,55.5788],[-5.4888,55.5691],[-5.4823,55.5503],[-5.5096,55.5168],[-5.511,55.4844],[-5.5233,55.4827],[-5.5455,55.4492],[-5.5615,55.4355],[-5.5846,55.4274],[-5.5846,55.4212],[-5.5621,55.4199],[-5.5437,55.4069],[-5.5267,55.3803],[-5.515,55.3737],[-5.5251,55.3586],[-5.5744,55.322],[-5.6163,55.3066],[-5.64,55.3039],[-5.6809,55.3113],[-5.714,55.2991],[-5.7545,55.2973],[-5.7723,55.3013],[-5.7829,55.3135],[-5.7947,55.3564],[-5.7967,55.3791],[-5.7914,55.3986],[-5.7634,55.4121],[-5.7254,55.4376],[-5.7156,55.4479],[-5.7152,55.4689],[-5.7219,55.5139],[-5.7078,55.5434],[-5.7218,55.5646],[-5.7181,55.5758],[-5.6945,55.6055],[-5.6733,55.6406],[-5.6694,55.6607],[-5.6809,55.6745],[-5.6265,55.7006],[-5.6132,55.7258],[-5.5812,55.7576],[-5.5392,55.7709],[-5.5046,55.7894],[-5.4735,55.8157],[-5.455,55.8458],[-5.5517,55.7836],[-5.5994,55.7642],[-5.6126,55.7639],[-5.6058,55.7768],[-5.6467,55.7875],[-5.6604,55.7973],[-5.668,55.811],[-5.669,55.8378],[-5.6741,55.8458],[-5.632,55.8818],[-5.6194,55.9031],[-5.571,55.9345],[-5.5935,55.928],[-5.6276,55.9053],[-5.6538,55.8976],[-5.6717,55.8869],[-5.6809,55.8867],[-5.688,55.8934],[-5.6964,55.916],[-5.5868,56.012],[-5.5784,56.0245],[-5.5827,56.029],[-5.571,56.0375],[-5.5839,56.0407],[-5.6256,56.0245],[-5.6317,56.0059],[-5.6749,55.9777],[-5.6741,55.9556],[-5.6908,55.9376],[-5.6945,55.9345],[-5.7045,55.9368],[-5.7075,55.9426],[-5.6964,55.9822],[-5.6599,56.0233],[-5.5846,56.0847],[-5.5775,56.097],[-5.5646,56.0981],[-5.5395,56.0869],[-5.5316,56.0863],[-5.5301,56.0922],[-5.5347,56.0985],[-5.5505,56.1064],[-5.5587,56.1308],[-5.5225,56.1658],[-5.5096,56.1884],[-5.5399,56.1834],[-5.5827,56.1506],[-5.6058,56.14],[-5.5994,56.1606],[-5.5864,56.1811],[-5.5505,56.2163],[-5.5594,56.2296],[-5.5472,56.2402],[-5.4947,56.2531],[-5.4928,56.2604],[-5.4993,56.2676],[-5.5127,56.2709],[-5.5543,56.2635],[-5.5823,56.2488],[-5.5922,56.2498],[-5.5981,56.2586],[-5.5956,56.2699],[-5.5846,56.2908],[-5.5726,56.3281],[-5.5627,56.3411],[-5.5437,56.3529],[-5.5252,56.3466],[-5.4982,56.3483],[-5.4481,56.3597],[-5.4481,56.3659],[-5.4722,56.3649],[-5.5154,56.3568],[-5.5375,56.3597],[-5.5096,56.4006],[-5.478,56.4129],[-5.4823,56.4211],[-5.457,56.4409],[-5.4236,56.45],[-5.3229,56.455],[-5.2421,56.4422],[-5.2087,56.4468],[-5.1819,56.4597],[-5.1185,56.5078],[-5.0857,56.5488],[-5.0646,56.5651],[-5.0865,56.5585],[-5.1106,56.5259],[-5.126,56.5105],[-5.1669,56.4901],[-5.2011,56.4621],[-5.2438,56.4592],[-5.3502,56.473],[-5.3781,56.459],[-5.3943,56.4655],[-5.4106,56.5036],[-5.4241,56.5001],[-5.4359,56.4912],[-5.455,56.4695],[-5.4686,56.4757],[-5.4333,56.5236],[-5.4276,56.5378],[-5.4038,56.5246],[-5.3793,56.5192],[-5.3567,56.5197],[-5.3383,56.5242],[-5.2905,56.5447],[-5.265,56.5512],[-5.2526,56.5563],[-5.2421,56.5651],[-5.2756,56.5536],[-5.3109,56.5521],[-5.3603,56.5322],[-5.3724,56.5303],[-5.3843,56.5334],[-5.4005,56.5436],[-5.4139,56.5447],[-5.4109,56.5521],[-5.3966,56.5617],[-5.3866,56.5788],[-5.3607,56.6063],[-5.3109,56.6336],[-5.2985,56.6464],[-5.3178,56.6539],[-5.3178,56.6613],[-5.2868,56.675],[-5.2482,56.6741],[-5.2189,56.6887],[-5.1964,56.6887],[-5.1533,56.6812],[-5.1326,56.6845],[-5.0934,56.699],[-5.0128,56.7093],[-4.9956,56.716],[-5.1606,56.6959],[-5.2383,56.7166],[-5.2385,56.7226],[-5.2284,56.7365],[-5.1547,56.7823],[-5.1197,56.8184],[-5.1791,56.7893],[-5.1918,56.7746],[-5.2023,56.7691],[-5.2335,56.7607],[-5.2421,56.7365],[-5.2552,56.7216],[-5.2685,56.7131],[-5.3098,56.7065],[-5.3192,56.6975],[-5.3402,56.6931],[-5.3594,56.675],[-5.3881,56.6552],[-5.4344,56.6429],[-5.4487,56.6246],[-5.4826,56.6133],[-5.5334,56.5729],[-5.5996,56.529],[-5.6741,56.4969],[-5.683,56.5006],[-5.6947,56.5139],[-5.7408,56.5233],[-5.7703,56.5378],[-5.7552,56.554],[-5.7491,56.572],[-5.7567,56.572],[-5.7939,56.5433],[-5.8544,56.5505],[-6.0034,56.6187],[-6.0098,56.6265],[-6.0082,56.6423],[-5.998,56.6499],[-5.9835,56.6528],[-5.9336,56.6547],[-5.899,56.6508],[-5.8669,56.6415],[-5.8392,56.6265],[-5.8317,56.634],[-5.8656,56.6514],[-5.8658,56.6613],[-5.76,56.7008],[-5.7355,56.7023],[-5.6726,56.6841],[-5.6474,56.6812],[-5.5941,56.6833],[-5.5648,56.6876],[-5.5437,56.6955],[-5.6365,56.6887],[-5.6586,56.6907],[-5.7089,56.7086],[-5.75,56.7145],[-5.859,56.6812],[-5.8968,56.6751],[-5.9203,56.678],[-5.9556,56.6887],[-6.0249,56.6857],[-6.0986,56.697],[-6.1239,56.6956],[-6.1617,56.6782],[-6.1866,56.6811],[-6.2096,56.6885],[-6.2228,56.6955],[-6.2325,56.7065],[-6.2364,56.7191],[-6.2345,56.7286],[-6.2228,56.7272],[-6.2153,56.7296],[-6.1935,56.7485],[-6.1805,56.7546],[-6.027,56.7637],[-5.9652,56.7849],[-5.9482,56.7825],[-5.9136,56.7637],[-5.8522,56.747],[-5.8581,56.7685],[-5.8684,56.7759],[-5.8863,56.7774],[-5.8863,56.7849],[-5.8618,56.7851],[-5.8392,56.7774],[-5.8246,56.7876],[-5.8021,56.7918],[-5.7567,56.7849],[-5.8317,56.8054],[-5.8508,56.818],[-5.8512,56.8289],[-5.8375,56.8366],[-5.7339,56.8448],[-5.6927,56.8549],[-5.6604,56.873],[-5.6736,56.8765],[-5.692,56.8753],[-5.7085,56.8706],[-5.7244,56.8538],[-5.7445,56.8542],[-5.7839,56.8599],[-5.7754,56.8699],[-5.7355,56.8941],[-5.7806,56.8987],[-5.8749,56.8872],[-5.9211,56.8941],[-5.8522,56.9003],[-5.8522,56.9077],[-5.8801,56.922],[-5.8625,56.9337],[-5.8317,56.9971],[-5.8141,57.0095],[-5.786,57.0206],[-5.7552,57.0266],[-5.7293,57.0238],[-5.6883,56.9897],[-5.6586,56.9795],[-5.6256,56.9766],[-5.5713,56.9838],[-5.5233,56.9971],[-5.5233,57.004],[-5.5713,56.9933],[-5.5846,56.9971],[-5.6071,56.9885],[-5.6288,56.9919],[-5.6855,57.0096],[-5.68,57.0362],[-5.702,57.0449],[-5.7423,57.0381],[-5.7802,57.0517],[-5.7911,57.0593],[-5.7762,57.0758],[-5.7156,57.1201],[-5.6737,57.119],[-5.6459,57.1295],[-5.6208,57.1241],[-5.5583,57.1004],[-5.4598,57.0998],[-5.4474,57.1102],[-5.4004,57.1064],[-5.4004,57.1138],[-5.42,57.1207],[-5.5406,57.1064],[-5.5846,57.1337],[-5.6684,57.1477],[-5.6809,57.1579],[-5.6738,57.175],[-5.6256,57.2163],[-5.6442,57.2332],[-5.6201,57.2521],[-5.5782,57.2668],[-5.5437,57.2709],[-5.5116,57.2576],[-5.4801,57.237],[-5.4463,57.223],[-5.4072,57.2299],[-5.4072,57.2367],[-5.4488,57.2421],[-5.4581,57.2466],[-5.4729,57.2612],[-5.5019,57.2777],[-5.4889,57.2924],[-5.4648,57.3066],[-5.4407,57.3118],[-5.4407,57.3193],[-5.465,57.3249],[-5.4818,57.3167],[-5.4943,57.3044],[-5.5062,57.2982],[-5.5784,57.2777],[-5.5994,57.2792],[-5.657,57.2913],[-5.7001,57.2836],[-5.7206,57.2845],[-5.7293,57.2982],[-5.702,57.3323],[-5.6544,57.3539],[-5.6365,57.3398],[-5.6132,57.342],[-5.5013,57.371],[-5.4567,57.3935],[-5.4481,57.4217],[-5.4651,57.4239],[-5.4921,57.4088],[-5.5375,57.3739],[-5.5635,57.3631],[-5.64,57.3739],[-5.6156,57.3825],[-5.6071,57.3891],[-5.6196,57.4167],[-5.64,57.408],[-5.7072,57.3598],[-5.7324,57.3528],[-5.7846,57.3486],[-5.8078,57.3549],[-5.8249,57.3944],[-5.8174,57.3952],[-5.8112,57.4012],[-5.8249,57.4155],[-5.8253,57.4289],[-5.8219,57.4355],[-5.8112,57.4422],[-5.859,57.4527],[-5.8612,57.4634],[-5.8705,57.4808],[-5.8727,57.4937],[-5.8522,57.5241],[-5.8515,57.5511],[-5.8471,57.5589],[-5.8317,57.5588],[-5.8392,57.5793],[-5.8214,57.5832],[-5.8036,57.5814],[-5.7864,57.5752],[-5.7326,57.5452],[-5.7156,57.5384],[-5.707,57.5423],[-5.6898,57.5279],[-5.64,57.5111],[-5.6536,57.5316],[-5.5815,57.5384],[-5.5168,57.5349],[-5.5127,57.5415],[-5.5431,57.5554],[-5.5884,57.561],[-5.6327,57.5577],[-5.6604,57.5446],[-5.6945,57.5663],[-5.6809,57.5793],[-5.7142,57.5827],[-5.7317,57.5983],[-5.7443,57.618],[-5.7628,57.634],[-5.8059,57.6426],[-5.8112,57.6551],[-5.8054,57.6672],[-5.785,57.6795],[-5.7908,57.6885],[-5.7908,57.696],[-5.7536,57.7075],[-5.7345,57.708],[-5.705,57.6901],[-5.6925,57.6911],[-5.682,57.6987],[-5.6741,57.7097],[-5.6852,57.7114],[-5.7089,57.7296],[-5.7205,57.7334],[-5.8038,57.7438],[-5.807,57.7546],[-5.8013,57.8004],[-5.8099,57.8206],[-5.8112,57.8332],[-5.8074,57.8439],[-5.7895,57.862],[-5.7511,57.8734],[-5.7248,57.8735],[-5.6986,57.8691],[-5.6741,57.8605],[-5.6779,57.8469],[-5.6748,57.8271],[-5.6604,57.7922],[-5.6505,57.7818],[-5.6374,57.7742],[-5.6221,57.7702],[-5.6058,57.7705],[-5.6179,57.7802],[-5.6256,57.7922],[-5.6033,57.7911],[-5.5846,57.7848],[-5.5912,57.8044],[-5.5853,57.8314],[-5.599,57.8469],[-5.6376,57.8664],[-5.6504,57.8778],[-5.64,57.8878],[-5.6477,57.889],[-5.6536,57.8947],[-5.6126,57.9288],[-5.5873,57.9151],[-5.5505,57.9151],[-5.5563,57.8878],[-5.5279,57.8676],[-5.487,57.8559],[-5.455,57.8537],[-5.4612,57.8605],[-5.449,57.8691],[-5.4371,57.8977],[-5.4276,57.9083],[-5.4149,57.9081],[-5.3695,57.8975],[-5.3275,57.8733],[-5.2939,57.862],[-5.2216,57.8469],[-5.2475,57.867],[-5.2768,57.8742],[-5.3207,57.8985],[-5.3929,57.9182],[-5.3973,57.9289],[-5.3929,57.9356],[-5.3865,57.9364],[-5.3717,57.9311],[-5.3662,57.9431],[-5.3472,57.9367],[-5.3192,57.9147],[-5.2974,57.9083],[-5.2563,57.9151],[-5.1988,57.8978],[-5.1623,57.8785],[-5.12,57.868],[-5.0911,57.8403],[-5.0708,57.8332],[-5.0834,57.8476],[-5.0972,57.8709],[-5.1973,57.9179],[-5.2216,57.9213],[-5.2216,57.9288],[-5.2019,57.9287],[-5.194,57.936],[-5.1955,57.9477],[-5.2045,57.9602],[-5.2167,57.9659],[-5.2489,57.9694],[-5.2632,57.9765],[-5.2926,57.9806],[-5.3213,58.0],[-3.8587,58.0],[-3.8856,57.9914],[-3.9173,57.9875],[-3.991,57.9604],[-4.0014,57.9461],[-4.0019,57.9356],[-4.0231,57.9431],[-4.0162,57.9493],[-4.0558,57.955],[-4.0844,57.9642],[-4.0891,57.9602],[-4.0863,57.9519],[-4.0776,57.9431],[-4.0627,57.937],[-4.0315,57.9362],[-4.0162,57.9322],[-3.9883,57.9083],[-4.0089,57.8896],[-4.0138,57.8793],[-4.0093,57.8679],[-4.0702,57.8742],[-4.105,57.8537],[-4.1329,57.8542],[-4.1904,57.8701],[-4.2182,57.8742],[-4.2989,57.8628],[-4.321,57.871],[-4.3532,57.8952],[-4.3723,57.9045],[-4.3924,57.9083],[-4.3396,57.8657],[-4.3077,57.8515],[-4.2694,57.8469],[-4.2291,57.8572],[-4.2082,57.8592],[-4.1735,57.839],[-4.1497,57.8298],[-4.1335,57.8301],[-4.1391,57.8469],[-4.0751,57.8232],[-4.0399,57.8182],[-3.9835,57.8424],[-3.9515,57.8383],[-3.9337,57.8257],[-3.9473,57.8127],[-3.9148,57.8077],[-3.8777,57.8167],[-3.8419,57.8349],[-3.7985,57.8665],[-3.786,57.8654],[-3.7794,57.8557],[-3.7822,57.8394],[-3.79,57.8307],[-3.926,57.7348],[-3.9488,57.7249],[-3.9883,57.696],[-4.008,57.6938],[-4.0237,57.6978],[-4.0286,57.7077],[-4.0162,57.7233],[-4.043,57.7373],[-4.078,57.7303],[-4.1553,57.6926],[-4.1686,57.6894],[-4.194,57.6885],[-4.2593,57.6787],[-4.2948,57.6802],[-4.3088,57.6549],[-4.3382,57.6451],[-4.4032,57.6095],[-4.4203,57.593],[-4.4285,57.5775],[-4.3799,57.5893],[-4.3511,57.6074],[-4.3287,57.6263],[-4.2831,57.6414],[-4.2445,57.663],[-4.2019,57.675],[-4.1822,57.6728],[-4.169,57.6638],[-4.1187,57.6577],[-4.0968,57.6581],[-4.0681,57.6723],[-4.0246,57.6872],[-4.0093,57.6885],[-4.0045,57.676],[-4.0253,57.6552],[-4.0542,57.6357],[-4.0834,57.6234],[-4.1186,57.593],[-4.105,57.5793],[-4.1514,57.5768],[-4.1706,57.5707],[-4.1875,57.5588],[-4.1781,57.5495],[-4.1849,57.5482],[-4.208,57.5521],[-4.2626,57.5521],[-4.2626,57.5446],[-4.234,57.5451],[-4.208,57.5384],[-4.2263,57.5154],[-4.2489,57.4975],[-4.1948,57.4916],[-4.1739,57.4975],[-4.1493,57.5179],[-4.1162,57.5218],[-4.083,57.5444],[-4.035,57.5569],[-4.0465,57.5679],[-4.0839,57.5861],[-4.056,57.5852],[-3.9643,57.593],[-3.8683,57.5879],[-3.8375,57.593],[-3.6848,57.6544],[-3.6252,57.6619],[-3.6326,57.6509],[-3.6456,57.6414],[-3.6325,57.6356],[-3.591,57.6414],[-3.6116,57.6681],[-3.5748,57.6611],[-3.5358,57.6619],[-3.5054,57.6787],[-3.496,57.6914],[-3.5017,57.7028],[-3.4919,57.7131],[-3.4607,57.7097],[-3.4092,57.7233],[-3.2847,57.7204],[-3.2101,57.694],[-3.0787,57.6694],[-3.0349,57.6686],[-2.9945,57.6755],[-2.9327,57.6996],[-2.9161,57.7028],[-2.758,57.7028],[-2.7512,57.7006],[-2.7411,57.6909],[-2.7311,57.6885],[-2.7035,57.6947],[-2.6929,57.6885],[-2.6589,57.6975],[-2.5734,57.6815],[-2.542,57.6824],[-2.5261,57.6686],[-2.5181,57.6701],[-2.5111,57.6778],[-2.498,57.6824],[-2.4801,57.6812],[-2.4329,57.6681],[-2.4255,57.6757],[-2.3981,57.6681],[-2.3605,57.6824],[-2.329,57.6741],[-2.3134,57.6899],[-2.2956,57.696],[-2.2743,57.6938],[-2.2301,57.6791],[-2.21,57.6755],[-2.1841,57.6785],[-2.1243,57.7028],[-2.1081,57.705],[-1.9977,57.7028],[-1.9908,57.6904],[-1.9735,57.6755],[-1.9613,57.6747],[-1.9447,57.6826],[-1.9325,57.6824],[-1.9142,57.6647],[-1.8295,57.6135],[-1.8205,57.5963],[-1.8114,57.5605],[-1.796,57.5446],[-1.8,57.5259],[-1.7895,57.5148],[-1.7611,57.4975],[-1.7754,57.4965],[-1.7821,57.489],[-1.7812,57.4804],[-1.7593,57.4736],[-1.7659,57.4674],[-1.7892,57.4564],[-1.8301,57.4262],[-1.8475,57.4081],[-1.85,57.3944],[-1.9545,57.3411],[-1.9803,57.3193],[-2.0447,57.2265],[-2.0685,57.1746],[-2.0741,57.1542],[-2.0714,57.1356],[-2.0524,57.1274],[-2.0493,57.1188],[-2.0658,57.0998],[-2.1562,57.0207],[-2.1869,56.9847],[-2.2001,56.9487],[-2.1863,56.9267],[-2.1864,56.9145],[-2.2097,56.8958],[-2.2199,56.8726],[-2.2346,56.8614],[-2.269,56.8463],[-2.3198,56.8016],[-2.3361,56.7908],[-2.3918,56.7712],[-2.4264,56.7513],[-2.4407,56.7348],[-2.4516,56.691],[-2.4774,56.6687],[-2.4875,56.6539],[-2.4806,56.6265],[-2.4862,56.6196],[-2.5041,56.6088],[-2.5146,56.5915],[-2.53,56.5808],[-2.6238,56.5434],[-2.6409,56.5224],[-2.6998,56.5036],[-2.7087,56.496],[-2.7277,56.4695],[-2.7373,56.467],[-2.7648,56.4757],[-3.0606,56.4517],[-3.0993,56.4419],[-3.1339,56.4269],[-3.2382,56.3677],[-3.2802,56.3579],[-3.3235,56.3659],[-3.3115,56.3565]]],[[[50.2566,44.986],[50.2771,45.0715],[50.2889,45.0784],[50.3298,45.0799],[50.3439,45.086],[50.3484,45.0849],[50.3537,45.0731],[50.3444,45.0523],[50.3263,45.0331],[50.3332,44.9946],[50.3246,44.9732],[50.3045,44.9594],[50.2815,44.9555],[50.2644,44.9638],[50.2566,44.986]]],[[[24.5789,38.1093],[24.5799,38.0842],[24.5945,38.0624],[24.5862,38.0483],[24.5755,38.0045],[24.5667,37.9879],[24.5521,37.9782],[24.5093,37.9626],[24.488,37.96],[24.4769,37.9625],[24.471,37.9805],[24.4478,38.0106],[24.4297,38.0212],[24.4031,38.0119],[24.3864,37.9965],[24.4021,37.9879],[24.4021,37.9805],[24.3869,37.9704],[24.3718,37.9719],[24.3386,37.9967],[24.327,38.0153],[24.3138,38.0292],[24.314,38.0351],[24.327,38.0425],[24.3148,38.0649],[24.3057,38.0718],[24.2922,38.0699],[24.2863,38.0862],[24.2693,38.0954],[24.2487,38.0969],[24.2315,38.0903],[24.2178,38.0969],[24.2039,38.0903],[24.2048,38.0968],[24.2108,38.0978],[24.2108,38.1245],[24.2028,38.1301],[24.186,38.1274],[24.183,38.135],[24.1872,38.1422],[24.2059,38.1569],[24.2108,38.166],[24.2088,38.1786],[24.194,38.1921],[24.1853,38.218],[24.1727,38.2265],[24.157,38.2296],[24.1426,38.227],[24.1488,38.2132],[24.1262,38.2175],[24.1311,38.2358],[24.1486,38.2566],[24.1631,38.2678],[24.1535,38.2813],[24.1455,38.2809],[24.1284,38.2678],[24.1257,38.2561],[24.1094,38.2563],[24.1089,38.2607],[24.1148,38.2678],[24.1148,38.2753],[24.1009,38.2753],[24.1216,38.3095],[24.0794,38.3254],[24.0254,38.3305],[24.0597,38.3413],[24.0669,38.351],[24.0591,38.3601],[24.0571,38.369],[24.0594,38.3777],[24.0422,38.4015],[24.0389,38.3954],[23.9808,38.3989],[23.9124,38.392],[23.8438,38.4057],[23.794,38.3985],[23.779,38.3989],[23.71,38.4125],[23.6633,38.4042],[23.6492,38.4057],[23.6385,38.4155],[23.6144,38.4609],[23.6074,38.4538],[23.594,38.4534],[23.604,38.4684],[23.6358,38.5009],[23.6281,38.5149],[23.6281,38.5224],[23.6355,38.5224],[23.6355,38.5286],[23.6141,38.5579],[23.5999,38.5714],[23.5838,38.577],[23.54,38.5823],[23.5188,38.5887],[23.5051,38.5974],[23.4977,38.631],[23.4673,38.6523],[23.4531,38.658],[23.446,38.6767],[23.4065,38.6981],[23.3816,38.7073],[23.3534,38.7314],[23.3377,38.739],[23.323,38.7625],[23.3001,38.7722],[23.2023,38.8299],[23.1681,38.8445],[23.1436,38.8507],[23.0691,38.8466],[23.0558,38.8544],[23.0364,38.8745],[22.9694,38.8891],[22.9564,38.8854],[22.9564,38.878],[22.9839,38.8735],[22.992,38.8647],[22.9907,38.8507],[22.9818,38.845],[22.9655,38.841],[22.8558,38.833],[22.833,38.8227],[22.8338,38.8454],[22.8374,38.8545],[22.8748,38.8749],[22.9075,38.8823],[22.9528,38.9016],[22.9829,38.9077],[23.0357,38.9264],[23.0459,38.9468],[23.078,38.9505],[23.0868,38.9543],[23.0973,38.9721],[23.0944,38.9879],[23.1091,38.9918],[23.1275,39.0058],[23.138,39.009],[23.1997,39.009],[23.2207,39.0147],[23.273,39.0388],[23.2991,39.0425],[23.3093,39.0382],[23.3298,39.022],[23.3578,39.0168],[23.3716,39.0103],[23.3816,39.0015],[23.3744,38.9825],[23.3846,38.9675],[23.4046,38.9578],[23.4256,38.9543],[23.4256,38.9443],[23.4422,38.8983],[23.45,38.8854],[23.4507,38.8746],[23.4623,38.8559],[23.4805,38.8381],[23.5247,38.8232],[23.5679,38.7939],[23.594,38.7893],[23.5913,38.7742],[23.594,38.7702],[23.6076,38.7756],[23.62,38.7655],[23.6484,38.7612],[23.6623,38.7551],[23.6727,38.7604],[23.6834,38.7551],[23.7026,38.7651],[23.7227,38.7619],[23.7385,38.7494],[23.7448,38.7312],[23.7536,38.7192],[23.7737,38.7082],[23.813,38.6937],[23.8576,38.6825],[23.9059,38.6794],[23.9478,38.6694],[23.9666,38.6701],[23.9842,38.6862],[24.0057,38.678],[24.0731,38.6794],[24.1365,38.6618],[24.1556,38.6527],[24.1349,38.6439],[24.1262,38.6352],[24.1216,38.6247],[24.1211,38.6081],[24.1265,38.5986],[24.2161,38.5395],[24.2315,38.5224],[24.2066,38.5068],[24.1882,38.4741],[24.1843,38.4396],[24.2039,38.4187],[24.2039,38.4125],[24.1851,38.4076],[24.1882,38.3988],[24.2108,38.3777],[24.2149,38.3364],[24.2383,38.3132],[24.2404,38.3033],[24.2525,38.2924],[24.2526,38.2656],[24.2578,38.259],[24.2451,38.2412],[24.2525,38.228],[24.2653,38.2163],[24.2922,38.2002],[24.327,38.1859],[24.3376,38.1628],[24.3444,38.1592],[24.3926,38.164],[24.4207,38.1474],[24.4606,38.144],[24.4778,38.1387],[24.4969,38.1463],[24.5877,38.1592],[24.5789,38.1093]]],[[[26.6123,39.0493],[26.61,39.0229],[26.5974,39.0119],[26.5676,39.022],[26.5514,39.015],[26.5394,39.0194],[26.5193,39.0363],[26.5266,39.0425],[26.5176,39.0475],[26.5161,39.0526],[26.5266,39.0834],[26.5151,39.091],[26.5059,39.1092],[26.4893,39.1137],[26.4549,39.1114],[26.437,39.1035],[26.453,39.0864],[26.492,39.0629],[26.5288,39.0211],[26.5471,39.009],[26.5471,39.0015],[26.5437,38.9974],[26.5471,38.9879],[26.4893,38.9726],[26.4242,38.9674],[26.3752,38.9789],[26.3394,38.9829],[26.2764,39.0106],[26.2171,39.0207],[26.1657,39.0224],[26.1553,39.025],[26.1463,39.0321],[26.1156,39.0667],[26.1043,39.0747],[26.0879,39.0772],[26.0879,39.0834],[26.1092,39.0927],[26.1219,39.0909],[26.1602,39.0977],[26.1807,39.1213],[26.1914,39.1276],[26.2256,39.1318],[26.2523,39.1523],[26.2935,39.1772],[26.2902,39.1868],[26.28,39.1964],[26.2698,39.2008],[26.2256,39.2076],[26.1873,39.2021],[26.1734,39.195],[26.1602,39.1833],[26.1453,39.1557],[26.1424,39.1557],[26.0974,39.1057],[26.0828,39.0952],[26.064,39.0909],[26.043,39.0932],[25.9583,39.1177],[25.9199,39.1371],[25.8889,39.1447],[25.8543,39.1721],[25.8346,39.1796],[25.8346,39.1871],[25.846,39.1904],[25.8552,39.2213],[25.8421,39.228],[25.8535,39.2364],[25.8587,39.2592],[25.8831,39.269],[25.9172,39.2969],[25.9241,39.2969],[25.9364,39.2766],[25.9689,39.2786],[26.0062,39.2863],[26.0332,39.2827],[26.0469,39.3032],[26.0537,39.2895],[26.0606,39.2895],[26.0731,39.3032],[26.094,39.3105],[26.1364,39.3162],[26.1628,39.3236],[26.1725,39.3354],[26.1709,39.3532],[26.1636,39.3789],[26.343,39.383],[26.3622,39.3789],[26.3547,39.3565],[26.3734,39.3469],[26.4002,39.3413],[26.4175,39.3305],[26.3796,39.2827],[26.3822,39.2771],[26.4242,39.2451],[26.4663,39.2292],[26.5047,39.185],[26.5397,39.166],[26.5266,39.1591],[26.5308,39.1506],[26.5471,39.1353],[26.5505,39.1192],[26.5676,39.1182],[26.5663,39.098],[26.5794,39.0753],[26.5979,39.0569],[26.6123,39.0493]]],[[[30.0757,45.7924],[30.126,45.8115],[29.9081,45.6664],[29.8075,45.6143],[29.731,45.5914],[29.7813,45.6107],[29.8014,45.6219],[29.8148,45.6411],[29.8567,45.6491],[29.8727,45.6583],[29.9016,45.6805],[30.0757,45.7924]]],[[[53.4685,39.5849],[53.4919,39.598],[53.5038,39.5861],[53.5086,39.5855],[53.513,39.5912],[53.5193,39.5639],[53.5397,39.5396],[53.5344,39.5277],[53.522,39.5161],[53.5062,39.5086],[53.4919,39.5086],[53.4866,39.5163],[53.4629,39.5738],[53.4685,39.5849]]],[[[50.6001,40.3037],[50.5876,40.3006],[50.5728,40.31],[50.563,40.3249],[50.5653,40.3378],[50.5783,40.33],[50.5967,40.3375],[50.6069,40.3378],[50.6213,40.3261],[50.6257,40.3104],[50.6189,40.3],[50.6001,40.3037]]],[[[50.3884,40.4017],[50.3537,40.3999],[50.3587,40.4242],[50.326,40.4581],[50.3264,40.4819],[50.3386,40.4769],[50.3537,40.4807],[50.3605,40.4744],[50.3628,40.4536],[50.385,40.434],[50.3953,40.4204],[50.3963,40.4085],[50.3884,40.4017]]]]},"properties":{}},{"type":"Feature","geometry":{"type":"MultiPolygon","coordinates":[[[[34.0285,27.502],[34.0384,27.4666],[34.0513,27.4548],[34.0513,27.4486],[34.0311,27.4515],[34.0071,27.4761],[33.9761,27.4874],[33.9563,27.5044],[33.9338,27.4947],[33.9245,27.5014],[33.9136,27.5237],[33.9192,27.5302],[33.9331,27.5364],[33.9641,27.5341],[33.9939,27.5143],[34.0285,27.502]]],[[[7.5742,4.4879],[7.5845,4.4846],[7.57,4.4594],[7.5526,4.4556],[7.5144,4.4571],[7.499,4.4545],[7.4492,4.4366],[7.4318,4.4348],[7.3582,4.4393],[7.3428,4.4471],[7.3369,4.4602],[7.3462,4.4782],[7.4046,4.498],[7.4519,4.4755],[7.4696,4.4714],[7.5238,4.4824],[7.5742,4.4879]]],[[[-15.9717,11.1299],[-15.9745,11.1162],[-15.9843,11.1013],[-16.0055,11.0758],[-16.0171,11.0687],[-16.0314,11.1086],[-16.0325,11.1215],[-16.0221,11.1388],[-16.045,11.1387],[-16.0561,11.1486],[-16.057,11.1636],[-16.0489,11.1791],[-16.0345,11.1905],[-15.9812,11.2071],[-15.9749,11.1854],[-15.9717,11.1299]]],[[[-15.8312,11.303],[-15.8258,11.2927],[-15.8365,11.2555],[-15.8376,11.214],[-15.8465,11.201],[-15.8713,11.2003],[-15.8961,11.2182],[-15.8965,11.2487],[-15.8808,11.2806],[-15.8571,11.3027],[-15.8312,11.303]]],[[[-16.2385,11.2153],[-16.2828,11.2307],[-16.2779,11.2524],[-16.2711,11.2592],[-16.2611,11.2617],[-16.2625,11.2786],[-16.2487,11.2944],[-16.2293,11.3041],[-16.214,11.3027],[-16.2065,11.3101],[-16.1975,11.2984],[-16.1588,11.2965],[-16.1515,11.2762],[-16.1513,11.2555],[-16.1728,11.2446],[-16.1773,11.2352],[-16.173,11.2208],[-16.2385,11.2153]]],[[[-16.2759,11.447],[-16.3021,11.4535],[-16.2554,11.4827],[-16.248,11.4982],[-16.2367,11.508],[-16.211,11.5154],[-16.1831,11.5185],[-16.1655,11.5156],[-16.1606,11.5056],[-16.1642,11.4961],[-16.1997,11.4604],[-16.214,11.4404],[-16.2549,11.4473],[-16.2759,11.447]]],[[[-16.2755,11.4955],[-16.292,11.4931],[-16.3138,11.4805],[-16.3368,11.5019],[-16.3915,11.5019],[-16.4085,11.4892],[-16.4194,11.4882],[-16.412,11.5019],[-16.4183,11.5144],[-16.412,11.5224],[-16.4263,11.5292],[-16.3891,11.5477],[-16.3479,11.5485],[-16.31,11.5535],[-16.2828,11.5838],[-16.2773,11.5819],[-16.2754,11.577],[-16.2679,11.5769],[-16.248,11.5838],[-16.2426,11.5778],[-16.2413,11.5702],[-16.2445,11.5522],[-16.2686,11.5156],[-16.2755,11.4955]]],[[[26.9607,35.4296],[27.012,35.4377],[27.0134,35.4313],[26.9997,35.4245],[27.0071,35.3978],[26.9588,35.3903],[26.9277,35.3719],[26.9058,35.3666],[26.8884,35.3527],[26.8767,35.3494],[26.8643,35.3536],[26.8484,35.3724],[26.8901,35.4072],[26.9002,35.4245],[26.9246,35.4177],[26.9607,35.4296]]],[[[27.3875,36.4208],[27.3996,36.4101],[27.4207,36.4086],[27.4385,36.4182],[27.4447,36.4045],[27.4282,36.3852],[27.4159,36.3803],[27.4043,36.3834],[27.3993,36.3787],[27.3901,36.3834],[27.3779,36.382],[27.3648,36.3934],[27.3574,36.4102],[27.3628,36.425],[27.3496,36.4312],[27.3381,36.4284],[27.3218,36.4114],[27.315,36.4114],[27.3093,36.4202],[27.2969,36.4276],[27.2944,36.4355],[27.2952,36.4556],[27.3006,36.4735],[27.3102,36.4577],[27.325,36.4619],[27.3558,36.4796],[27.3685,36.4724],[27.3817,36.4442],[27.3968,36.4387],[27.3875,36.4208]]],[[[23.5711,37.3583],[23.5477,37.3498],[23.5233,37.3466],[23.5051,37.3498],[23.5088,37.3299],[23.4968,37.32],[23.4536,37.3164],[23.3965,37.3032],[23.3743,37.3027],[23.3743,37.3095],[23.4636,37.3573],[23.4876,37.3635],[23.5326,37.3639],[23.553,37.3709],[23.5872,37.3709],[23.5711,37.3583]]],[[[23.5632,37.7683],[23.5449,37.7451],[23.5462,37.7335],[23.5321,37.7253],[23.5301,37.7029],[23.5256,37.6925],[23.4841,37.6789],[23.4714,37.6882],[23.4574,37.6925],[23.4574,37.6993],[23.469,37.705],[23.4683,37.7145],[23.4593,37.7233],[23.4344,37.7336],[23.4271,37.7477],[23.4245,37.7618],[23.4256,37.7682],[23.5462,37.7744],[23.5632,37.7683]]],[[[8.3063,39.1608],[8.312,39.1203],[8.3058,39.1046],[8.29,39.0988],[8.2694,39.1002],[8.2547,39.1071],[8.2573,39.1244],[8.2327,39.1441],[8.2246,39.157],[8.23,39.1728],[8.2453,39.181],[8.3058,39.1933],[8.3063,39.1608]]],[[[27.6734,40.6564],[27.7024,40.653],[27.7278,40.6426],[27.7327,40.6252],[27.7142,40.6147],[27.6576,40.6054],[27.6245,40.5831],[27.6047,40.5768],[27.5518,40.5911],[27.536,40.602],[27.5389,40.6234],[27.5264,40.6391],[27.531,40.6501],[27.5459,40.6603],[27.5515,40.6577],[27.5545,40.6469],[27.6052,40.6633],[27.6314,40.6635],[27.6576,40.6531],[27.6734,40.6564]]],[[[16.2412,43.072],[16.2498,43.0794],[16.2534,43.0779],[16.2549,43.0685],[16.2521,43.0624],[16.2103,43.0333],[16.1213,43.0134],[16.0872,43.0115],[16.0632,43.0174],[16.0845,43.0259],[16.0871,43.0414],[16.0791,43.0533],[16.0632,43.0515],[16.0488,43.0652],[16.0925,43.0827],[16.1302,43.0884],[16.1702,43.0877],[16.1997,43.0794],[16.1929,43.072],[16.2158,43.0792],[16.2282,43.0787],[16.2412,43.072]]],[[[16.376,43.3334],[16.3486,43.3387],[16.2817,43.3694],[16.2323,43.3845],[16.207,43.3873],[16.2064,43.3918],[16.2132,43.3941],[16.2034,43.4],[16.2005,43.407],[16.2056,43.4129],[16.2201,43.4152],[16.277,43.4119],[16.2982,43.4036],[16.3027,43.3873],[16.3298,43.3897],[16.3486,43.3783],[16.3667,43.3612],[16.3914,43.3464],[16.376,43.3334]]],[[[14.5266,44.5037],[14.5344,44.4841],[14.512,44.4822],[14.485,44.5006],[14.4519,44.5319],[14.4382,44.5386],[14.4382,44.5455],[14.4661,44.5386],[14.438,44.5646],[14.4226,44.5739],[14.4041,44.5797],[14.397,44.5692],[14.3866,44.5656],[14.363,44.5734],[14.363,44.5797],[14.3699,44.5797],[14.3648,44.5872],[14.3826,44.6033],[14.376,44.623],[14.3494,44.6553],[14.3371,44.6997],[14.3358,44.7168],[14.3811,44.6986],[14.3975,44.6856],[14.3904,44.6622],[14.3996,44.6375],[14.4041,44.6103],[14.41,44.601],[14.4456,44.566],[14.5266,44.5037]]],[[[-1.2863,46.1601],[-1.3361,46.1672],[-1.4329,46.2108],[-1.4889,46.2034],[-1.5043,46.2077],[-1.5558,46.2456],[-1.5558,46.2518],[-1.4981,46.2619],[-1.4801,46.2592],[-1.4679,46.2499],[-1.4674,46.244],[-1.4739,46.2381],[-1.508,46.2456],[-1.4905,46.2244],[-1.4642,46.2249],[-1.4111,46.2381],[-1.4111,46.2313],[-1.4254,46.2313],[-1.4254,46.2238],[-1.4088,46.2182],[-1.3081,46.2069],[-1.2847,46.1964],[-1.2657,46.181],[-1.2541,46.1624],[-1.2814,46.1562],[-1.2863,46.1601]]],[[[-2.1898,46.9772],[-2.1558,46.9649],[-2.1448,46.9575],[-2.1377,46.9232],[-2.1426,46.9099],[-2.1591,46.9165],[-2.1737,46.9392],[-2.1948,46.9619],[-2.2202,46.9739],[-2.2473,46.9643],[-2.2632,46.9798],[-2.2787,47.0181],[-2.2956,47.0332],[-2.2386,47.0353],[-2.2204,47.0332],[-2.2,47.0244],[-2.1974,47.013],[-2.2013,46.9997],[-2.2001,46.9854],[-2.1898,46.9772]]],[[[-3.1027,47.3273],[-3.0727,47.3283],[-3.0628,47.3206],[-3.067,47.3019],[-3.0936,47.2966],[-3.1717,47.3016],[-3.2235,47.3122],[-3.241,47.3206],[-3.2376,47.3364],[-3.2621,47.3832],[-3.2496,47.3952],[-3.243,47.3953],[-3.2341,47.3896],[-3.1765,47.3715],[-3.1516,47.3581],[-3.1147,47.3315],[-3.1027,47.3273]]],[[[0.9325,51.3977],[0.9421,51.383],[0.9364,51.371],[0.9115,51.3644],[0.7948,51.3706],[0.7751,51.3753],[0.7576,51.3864],[0.7339,51.4122],[0.7468,51.4396],[0.7539,51.4457],[0.7669,51.4479],[0.8908,51.421],[0.9115,51.4122],[0.9325,51.3977]]],[[[-5.019,55.7453],[-5.0113,55.7377],[-5.0094,55.7293],[-5.0162,55.7228],[-5.0288,55.7233],[-5.0385,55.7319],[-5.0503,55.7495],[-5.1156,55.7844],[-5.126,55.801],[-5.1376,55.829],[-5.1396,55.842],[-5.1742,55.8554],[-5.1807,55.8628],[-5.2008,55.8955],[-5.1995,55.9111],[-5.1669,55.9208],[-5.136,55.906],[-5.1055,55.8867],[-5.0809,55.8796],[-5.0752,55.8569],[-5.0503,55.8458],[-5.0381,55.8324],[-5.0218,55.8056],[-5.0115,55.7745],[-5.0128,55.7684],[-5.0298,55.7495],[-5.019,55.7453]]],[[[-7.2653,57.4787],[-7.2711,57.4763],[-7.2625,57.4721],[-7.2363,57.4763],[-7.2021,57.4626],[-7.2084,57.4564],[-7.222,57.4609],[-7.2447,57.4497],[-7.2636,57.449],[-7.2582,57.4391],[-7.2497,57.4352],[-7.212,57.4322],[-7.2041,57.4254],[-7.2054,57.4186],[-7.2921,57.4047],[-7.3183,57.408],[-7.3961,57.434],[-7.4076,57.4456],[-7.4027,57.4643],[-7.3893,57.4799],[-7.3696,57.4893],[-7.3462,57.4899],[-7.3221,57.4829],[-7.3098,57.4841],[-7.2984,57.4899],[-7.2845,57.4829],[-7.2636,57.4831],[-7.2653,57.4787]]],[[[-6.0754,57.355],[-6.0771,57.3718],[-6.0691,57.4361],[-6.0616,57.4527],[-6.0455,57.4606],[-6.0167,57.4626],[-6.0167,57.4694],[-6.0371,57.4899],[-6.0259,57.4962],[-6.0159,57.4968],[-5.9956,57.4899],[-5.9956,57.4975],[-6.0098,57.5111],[-5.9933,57.507],[-5.9825,57.4975],[-5.9867,57.4822],[-6.0176,57.4182],[-6.0167,57.3876],[-5.9951,57.3637],[-5.9895,57.3473],[-6.0548,57.3264],[-6.0719,57.3323],[-6.0644,57.3466],[-6.0754,57.355]]],[[[32.9994,46.0353],[33.0451,46.0379],[33.0575,46.0252],[33.04,46.0122],[32.6194,46.06],[32.6314,46.0662],[32.6393,46.06],[32.7832,46.0463],[32.8521,46.0563],[32.8817,46.0554],[32.9136,46.0388],[32.9548,46.0517],[32.9787,46.0533],[32.9994,46.0353]]],[[[52.3194,12.1883],[52.3747,12.2006],[52.3895,12.1973],[52.3947,12.1873],[52.3815,12.1825],[52.3711,12.1716],[52.3789,12.1657],[52.3885,12.1489],[52.36,12.1539],[52.3306,12.1462],[52.2847,12.1545],[52.2402,12.1569],[52.2244,12.1803],[52.2118,12.1809],[52.1799,12.1728],[52.1624,12.1974],[52.157,12.1962],[52.1367,12.2045],[52.1123,12.1986],[52.1018,12.207],[52.0685,12.222],[52.0641,12.2355],[52.0941,12.2418],[52.1184,12.2415],[52.1478,12.2349],[52.1789,12.2139],[52.2004,12.2064],[52.2892,12.2008],[52.3194,12.1883]]],[[[56.0582,17.5458],[56.0679,17.5322],[56.0811,17.5236],[56.0956,17.5189],[56.0638,17.4996],[56.0469,17.4934],[56.0311,17.4909],[55.9868,17.4929],[55.9728,17.4984],[55.9642,17.5199],[55.9906,17.5354],[56.0553,17.5598],[56.0582,17.5458]]],[[[54.1808,24.2451],[54.1341,24.2604],[54.1126,24.2717],[54.1016,24.2978],[54.1152,24.3185],[54.137,24.3269],[54.1883,24.2775],[54.1988,24.2531],[54.1908,24.2272],[54.1808,24.2451]]],[[[54.0369,26.4884],[53.9554,26.4926],[53.9231,26.5065],[53.9028,26.5362],[53.9129,26.5502],[53.9276,26.5601],[53.9455,26.5651],[54.0188,26.5556],[54.0331,26.5504],[54.0365,26.5268],[54.0505,26.5178],[54.0524,26.5058],[54.048,26.4938],[54.0369,26.4884]]],[[[53.2991,26.7907],[53.2798,26.7907],[53.2228,26.7995],[53.2053,26.8062],[53.1898,26.8152],[53.1494,26.8479],[53.1533,26.8522],[53.1781,26.8569],[53.2625,26.8336],[53.3374,26.8287],[53.3607,26.8205],[53.382,26.8031],[53.3675,26.7996],[53.3291,26.8026],[53.3171,26.8],[53.2991,26.7907]]],[[[49.5851,27.3443],[49.6888,27.3177],[49.6704,27.3114],[49.6238,27.3244],[49.6073,27.3225],[49.5918,27.3168],[49.5654,27.2978],[49.5575,27.3055],[49.5518,27.304],[49.5381,27.3115],[49.5381,27.3177],[49.5514,27.3228],[49.554,27.3283],[49.5415,27.3419],[49.5313,27.3462],[49.4876,27.3341],[49.4749,27.3223],[49.4562,27.2904],[49.4536,27.3164],[49.4722,27.342],[49.5012,27.3605],[49.5313,27.3655],[49.5425,27.3637],[49.5851,27.3443]]],[[[48.3539,29.4574],[48.3732,29.4431],[48.389,29.4249],[48.3995,29.3976],[48.3974,29.3875],[48.373,29.3939],[48.3359,29.4206],[48.3169,29.427],[48.2904,29.4306],[48.2692,29.4297],[48.27,29.456],[48.2811,29.4711],[48.2985,29.4731],[48.3539,29.4574]]],[[[26.8718,37.1341],[26.8869,37.1166],[26.8869,37.1057],[26.8616,37.0973],[26.8499,37.0985],[26.8376,37.1047],[26.8376,37.1121],[26.8486,37.1179],[26.8523,37.1246],[26.843,37.1251],[26.8298,37.1187],[26.8172,37.1199],[26.8104,37.1294],[26.8169,37.1466],[26.7951,37.1555],[26.7762,37.1697],[26.7727,37.1827],[26.7842,37.1915],[26.798,37.1906],[26.801,37.1926],[26.8003,37.1993],[26.8083,37.2003],[26.8172,37.1948],[26.8498,37.1873],[26.8529,37.1818],[26.8441,37.162],[26.8643,37.1533],[26.8718,37.1341]]],[[[47.8386,44.0006],[47.867,43.9914],[47.8669,43.9838],[47.763,43.9284],[47.7463,43.9269],[47.6841,43.9395],[47.6802,43.9514],[47.6558,43.9432],[47.6428,43.9444],[47.633,43.9525],[47.6282,43.9626],[47.6374,43.9814],[47.6657,43.9963],[47.7806,43.9945],[47.8386,44.0006]]],[[[49.8384,46.2859],[49.8413,46.2628],[49.8215,46.2175],[49.8047,46.2105],[49.7819,46.2242],[49.7669,46.2478],[49.721,46.3381],[49.72,46.3568],[49.75,46.3575],[49.7922,46.3391],[49.8117,46.3265],[49.8224,46.314],[49.8384,46.2859]]]]},"properties":{}},{"type":"Feature","geometry":{"type":"MultiPolygon","coordinates":[[[[7.4627,1.6745],[7.4348,1.6589],[7.4287,1.6479],[7.4435,1.6455],[7.4567,1.6383],[7.4618,1.6308],[7.4382,1.6239],[7.4344,1.6152],[7.4356,1.5926],[7.4305,1.5727],[7.4255,1.5627],[7.4058,1.5565],[7.4021,1.5507],[7.4014,1.5312],[7.3941,1.5454],[7.381,1.538],[7.3722,1.5541],[7.3438,1.5599],[7.3325,1.5653],[7.3301,1.6147],[7.3394,1.6131],[7.356,1.62],[7.364,1.6294],[7.3665,1.6581],[7.3718,1.6772],[7.3853,1.6923],[7.403,1.6998],[7.4487,1.6932],[7.4597,1.6883],[7.4627,1.6745]]],[[[7.3197,4.4965],[7.3325,4.4919],[7.3205,4.481],[7.3143,4.4691],[7.3078,4.4245],[7.2848,4.4062],[7.2707,4.4004],[7.1817,4.382],[7.1477,4.3851],[7.138,4.397],[7.1477,4.4159],[7.1797,4.4498],[7.2022,4.4844],[7.2214,4.5067],[7.2295,4.5328],[7.2432,4.5244],[7.2586,4.4975],[7.2742,4.4919],[7.3197,4.4965]]],[[[-16.0631,11.1183],[-16.0631,11.1108],[-16.0533,11.0915],[-16.0622,11.0584],[-16.0557,11.0495],[-16.0762,11.0361],[-16.1116,11.0366],[-16.132,11.029],[-16.1366,11.0458],[-16.132,11.0637],[-16.1383,11.0637],[-16.1513,11.0425],[-16.145,11.029],[-16.1576,11.0327],[-16.1655,11.0425],[-16.1885,11.0396],[-16.2131,11.0556],[-16.2347,11.0806],[-16.248,11.1047],[-16.2186,11.1296],[-16.2016,11.1356],[-16.1867,11.132],[-16.2065,11.1251],[-16.1997,11.1108],[-16.1908,11.1196],[-16.1794,11.1247],[-16.1697,11.1323],[-16.1619,11.1662],[-16.1443,11.1758],[-16.1383,11.1866],[-16.1177,11.1729],[-16.1151,11.1975],[-16.1,11.2082],[-16.08,11.2062],[-16.0566,11.1852],[-16.0694,11.1627],[-16.0677,11.1479],[-16.0489,11.1183],[-16.0631,11.1183]]],[[[-15.6615,11.2846],[-15.6565,11.2517],[-15.6584,11.2338],[-15.6634,11.2299],[-15.6788,11.2541],[-15.6932,11.2555],[-15.6932,11.248],[-15.6857,11.248],[-15.6857,11.2412],[-15.6986,11.2209],[-15.7062,11.2145],[-15.7145,11.2249],[-15.7268,11.2208],[-15.7213,11.2102],[-15.7203,11.1956],[-15.7268,11.1661],[-15.7342,11.1791],[-15.754,11.1791],[-15.7638,11.1679],[-15.7733,11.1731],[-15.78,11.1866],[-15.782,11.2003],[-15.7635,11.2145],[-15.7595,11.2219],[-15.7751,11.2275],[-15.7751,11.2338],[-15.754,11.2555],[-15.754,11.2759],[-15.7367,11.2755],[-15.7235,11.299],[-15.6995,11.3058],[-15.6584,11.3027],[-15.6615,11.2846]]],[[[-16.0191,11.5288],[-16.0013,11.569],[-15.9911,11.577],[-15.9749,11.5834],[-15.9523,11.6068],[-15.9396,11.6049],[-15.9384,11.5891],[-15.9309,11.5787],[-15.9224,11.578],[-15.9184,11.5913],[-15.9061,11.5784],[-15.9093,11.5517],[-15.898,11.5429],[-15.9104,11.5227],[-15.9134,11.4984],[-15.9088,11.4739],[-15.898,11.4535],[-15.9178,11.4466],[-15.9437,11.4321],[-15.9657,11.4267],[-15.9738,11.4473],[-15.9812,11.4473],[-15.9874,11.433],[-16.0011,11.4473],[-16.0069,11.4363],[-16.0159,11.4283],[-16.0352,11.42],[-16.0448,11.4331],[-16.0792,11.457],[-16.0836,11.4678],[-16.0489,11.4882],[-16.0263,11.5123],[-16.0221,11.5122],[-16.0191,11.5288]]],[[[-16.1481,11.8773],[-16.0933,11.8712],[-16.0799,11.8732],[-16.0352,11.893],[-16.0391,11.897],[-16.037,11.8992],[-15.9949,11.8991],[-15.9856,11.8874],[-15.9891,11.8615],[-16.0147,11.824],[-16.0294,11.7692],[-16.0414,11.7551],[-16.0517,11.7622],[-16.0836,11.7551],[-16.0963,11.7629],[-16.1212,11.7998],[-16.1328,11.8055],[-16.1548,11.8078],[-16.1588,11.8203],[-16.1611,11.8612],[-16.1655,11.8712],[-16.1481,11.8773]]],[[[-16.3584,19.8532],[-16.3459,19.8684],[-16.3368,19.8557],[-16.3671,19.7211],[-16.3923,19.6584],[-16.4325,19.6013],[-16.453,19.6292],[-16.4502,19.6565],[-16.464,19.6846],[-16.4571,19.7034],[-16.4263,19.749],[-16.4263,19.7869],[-16.4182,19.8056],[-16.4054,19.8211],[-16.3909,19.8261],[-16.3778,19.8135],[-16.3584,19.8532]]],[[[-17.9141,27.8496],[-17.8965,27.8403],[-17.884,27.8276],[-17.8793,27.8145],[-17.8851,27.7979],[-17.9264,27.7428],[-17.9269,27.7244],[-17.9302,27.7187],[-17.9451,27.7108],[-17.9503,27.6995],[-17.9652,27.687],[-17.9713,27.6544],[-17.9795,27.6425],[-17.9941,27.6422],[-18.0158,27.6535],[-18.0398,27.6813],[-18.0531,27.6912],[-18.1269,27.7003],[-18.1466,27.7086],[-18.1604,27.7224],[-18.1672,27.7576],[-18.1405,27.7688],[-18.0978,27.7654],[-18.0568,27.7565],[-18.042,27.7652],[-18.0032,27.7988],[-17.9954,27.8081],[-17.9941,27.8188],[-17.9899,27.8237],[-17.9686,27.8322],[-17.9339,27.852],[-17.9141,27.8496]]],[[[-17.2592,28.2177],[-17.2127,28.2054],[-17.1161,28.1462],[-17.1043,28.123],[-17.0984,28.1008],[-17.1139,28.081],[-17.185,28.0316],[-17.2327,28.0191],[-17.2579,28.0246],[-17.3101,28.0535],[-17.3432,28.0977],[-17.3434,28.1334],[-17.3388,28.171],[-17.3097,28.2071],[-17.2592,28.2177]]],[[[-13.4779,29.2663],[-13.492,29.2427],[-13.5171,29.2263],[-13.5412,29.2294],[-13.5412,29.2368],[-13.5257,29.2512],[-13.5179,29.2735],[-13.5082,29.2895],[-13.4867,29.2846],[-13.4779,29.2663]]],[[[10.9915,33.8417],[11.0485,33.8148],[11.0603,33.8007],[10.994,33.7497],[10.971,33.7387],[10.9567,33.6977],[10.9505,33.6977],[10.9567,33.7325],[10.9411,33.7282],[10.9285,33.6966],[10.8937,33.6582],[10.8878,33.6401],[10.8711,33.6543],[10.8707,33.6718],[10.8769,33.6882],[10.859,33.7111],[10.8421,33.718],[10.8262,33.7298],[10.8089,33.7343],[10.7903,33.7186],[10.7819,33.7037],[10.7634,33.7002],[10.7402,33.7155],[10.7338,33.7307],[10.7278,33.7582],[10.7283,33.7846],[10.7476,33.8127],[10.7355,33.8538],[10.736,33.8848],[10.773,33.8963],[10.8543,33.8817],[10.8978,33.8793],[10.9299,33.8963],[10.9597,33.8661],[10.9915,33.8417]]],[[[27.2332,35.5041],[27.2373,35.4934],[27.2324,35.4722],[27.2068,35.4775],[27.1809,35.4689],[27.1616,35.4501],[27.1567,35.4245],[27.1642,35.4321],[27.1711,35.4313],[27.1659,35.4233],[27.1481,35.4089],[27.1362,35.404],[27.1431,35.4204],[27.1353,35.4262],[27.1089,35.4313],[27.093,35.4518],[27.0942,35.4616],[27.1089,35.4661],[27.1089,35.4722],[27.1021,35.4722],[27.1021,35.4791],[27.1188,35.4827],[27.1198,35.4931],[27.1089,35.5207],[27.1138,35.551],[27.1089,35.5617],[27.0749,35.5802],[27.0679,35.5889],[27.0693,35.6022],[27.0857,35.6263],[27.1154,35.6422],[27.1279,35.6933],[27.1541,35.718],[27.1618,35.7469],[27.1624,35.7773],[27.1567,35.8012],[27.1711,35.8087],[27.1777,35.8087],[27.1777,35.8012],[27.1846,35.8012],[27.2051,35.8223],[27.221,35.8293],[27.2324,35.8223],[27.2289,35.809],[27.215,35.79],[27.2119,35.7773],[27.2119,35.7534],[27.2188,35.7261],[27.1898,35.6974],[27.1803,35.6729],[27.161,35.6513],[27.1565,35.6188],[27.1585,35.612],[27.1846,35.5958],[27.2088,35.56],[27.2209,35.551],[27.2051,35.5344],[27.2038,35.5272],[27.2332,35.5041]]],[[[14.5632,35.87],[14.5671,35.8456],[14.5618,35.8298],[14.548,35.836],[14.5325,35.822],[14.5275,35.8135],[14.5275,35.8012],[14.5071,35.8087],[14.4727,35.8114],[14.4245,35.8237],[14.3815,35.843],[14.3599,35.8697],[14.3457,35.8759],[14.3426,35.8807],[14.3426,35.9117],[14.3382,35.947],[14.3325,35.9628],[14.322,35.9731],[14.3475,35.9887],[14.3773,35.9936],[14.3773,35.9862],[14.3623,35.9824],[14.3494,35.9731],[14.4285,35.9657],[14.4451,35.9604],[14.4787,35.937],[14.5078,35.9285],[14.5129,35.9208],[14.5139,35.9008],[14.548,35.89],[14.5632,35.87]]],[[[23.0769,36.2707],[23.0944,36.2543],[23.1039,36.2372],[23.0978,36.233],[23.0829,36.2325],[23.0663,36.2264],[23.0584,36.2165],[23.0545,36.2034],[23.052,36.1448],[23.0322,36.1445],[23.0144,36.1483],[23.0025,36.1466],[22.9907,36.137],[22.9876,36.1516],[22.9772,36.1579],[22.9496,36.165],[22.95,36.1763],[22.9292,36.178],[22.9087,36.206],[22.9173,36.2622],[22.9162,36.2851],[22.8997,36.3282],[22.9016,36.3383],[22.9326,36.3813],[22.9446,36.3894],[22.9564,36.3834],[22.9963,36.3242],[23.0117,36.3083],[23.0769,36.2707]]],[[[26.3933,36.6365],[26.4305,36.6187],[26.4595,36.5967],[26.466,36.5827],[26.4549,36.5768],[26.4447,36.5895],[26.4297,36.5786],[26.4159,36.5749],[26.3867,36.5759],[26.3733,36.5724],[26.363,36.5637],[26.3486,36.5411],[26.3495,36.5156],[26.3416,36.5093],[26.3177,36.5076],[26.301,36.5133],[26.2822,36.5399],[26.266,36.5479],[26.2734,36.5616],[26.2643,36.5733],[26.2615,36.5876],[26.2664,36.5959],[26.2803,36.5895],[26.2948,36.5966],[26.3416,36.569],[26.3508,36.5727],[26.366,36.5895],[26.3939,36.5857],[26.4038,36.5895],[26.3903,36.5954],[26.3849,36.6048],[26.3894,36.6162],[26.3787,36.6192],[26.3622,36.6305],[26.3622,36.6379],[26.3933,36.6365]]],[[[24.5127,36.764],[24.5334,36.768],[24.5461,36.754],[24.5432,36.7431],[24.5461,36.6888],[24.5376,36.6814],[24.4846,36.6652],[24.3646,36.663],[24.327,36.6509],[24.3229,36.6654],[24.3313,36.6872],[24.327,36.6994],[24.3407,36.7124],[24.327,36.7199],[24.3367,36.7278],[24.3447,36.7457],[24.3543,36.754],[24.3655,36.743],[24.3816,36.7335],[24.3954,36.7359],[24.4072,36.7073],[24.4265,36.6994],[24.4607,36.6994],[24.4714,36.7043],[24.4685,36.7152],[24.4592,36.7267],[24.4505,36.7335],[24.4369,36.7275],[24.4271,36.7338],[24.4089,36.754],[24.4089,36.7608],[24.4203,36.7711],[24.4505,36.7534],[24.4744,36.7471],[24.5127,36.764]]],[[[27.2915,36.8918],[27.341,36.8819],[27.3558,36.8632],[27.3234,36.8487],[27.2142,36.8239],[27.1908,36.8123],[27.1299,36.7608],[27.1091,36.7583],[27.0832,36.7612],[27.0601,36.7674],[27.0475,36.7751],[26.992,36.7536],[26.9758,36.7408],[26.986,36.7199],[26.9717,36.7163],[26.9657,36.7056],[26.9666,36.6917],[26.9729,36.6789],[26.9553,36.6817],[26.9373,36.6928],[26.9234,36.7062],[26.9177,36.7161],[26.9203,36.7512],[26.9263,36.7656],[26.9377,36.7608],[26.9588,36.7813],[26.986,36.7676],[27.0075,36.7878],[27.0208,36.8086],[27.0612,36.8393],[27.1642,36.8912],[27.2809,36.9079],[27.2915,36.8918]]],[[[26.0191,36.9251],[26.0542,36.9036],[26.0742,36.898],[26.0747,36.8933],[26.0674,36.8912],[26.0501,36.897],[26.016,36.8895],[26.0059,36.8912],[25.991,36.8791],[25.9214,36.8411],[25.8936,36.8035],[25.8796,36.795],[25.7987,36.7728],[25.7555,36.77],[25.739,36.795],[25.7533,36.7888],[25.7608,36.7991],[25.7741,36.8071],[25.7889,36.8092],[25.8005,36.8017],[25.8074,36.8017],[25.823,36.8087],[25.8455,36.8086],[25.8631,36.8359],[25.8516,36.8311],[25.8455,36.8366],[25.8455,36.8496],[25.8566,36.8511],[25.9719,36.898],[25.9719,36.9042],[25.9507,36.9116],[25.9507,36.9184],[25.9784,36.925],[25.9902,36.9307],[25.9984,36.9389],[26.0059,36.9389],[26.0191,36.9251]]],[[[25.2688,37.0461],[25.2448,37.0146],[25.2044,36.989],[25.1885,36.9853],[25.1528,36.9868],[25.1034,37.0129],[25.103,37.0243],[25.113,37.0627],[25.1253,37.0745],[25.1563,37.0898],[25.1424,37.0949],[25.1358,37.0938],[25.1501,37.1105],[25.1786,37.1295],[25.2098,37.144],[25.2388,37.1518],[25.224,37.1343],[25.2319,37.1275],[25.2593,37.124],[25.273,37.1376],[25.2661,37.1518],[25.2933,37.1518],[25.2881,37.1365],[25.263,37.0898],[25.2629,37.0756],[25.2798,37.0693],[25.2798,37.0625],[25.2661,37.0625],[25.2661,37.055],[25.2798,37.055],[25.2798,37.0488],[25.2688,37.0461]]],[[[25.5337,37.2007],[25.5746,37.1785],[25.5863,37.1606],[25.5925,37.1425],[25.5951,37.0997],[25.5808,37.0178],[25.5525,36.9689],[25.5261,36.9594],[25.4914,36.9321],[25.4611,36.9245],[25.4499,36.9184],[25.4476,36.9248],[25.4368,36.9321],[25.4324,36.9393],[25.4231,36.9669],[25.4167,36.9731],[25.3889,36.9868],[25.3941,36.9981],[25.3807,37.0187],[25.3821,37.0351],[25.367,37.0596],[25.3555,37.0714],[25.3418,37.0767],[25.3418,37.083],[25.3524,37.0891],[25.3617,37.083],[25.3718,37.0891],[25.4094,37.124],[25.4746,37.1618],[25.4951,37.1891],[25.5221,37.1932],[25.5337,37.2007]]],[[[25.3826,37.4197],[25.307,37.4119],[25.3093,37.4362],[25.3213,37.4392],[25.3264,37.4629],[25.3224,37.471],[25.307,37.4727],[25.3127,37.4882],[25.3377,37.4996],[25.348,37.5081],[25.3773,37.4674],[25.3821,37.4697],[25.3856,37.4899],[25.3954,37.494],[25.4268,37.487],[25.4436,37.475],[25.4629,37.47],[25.4656,37.4634],[25.4573,37.446],[25.4426,37.4409],[25.4236,37.4411],[25.4077,37.4368],[25.4026,37.4182],[25.3826,37.4197]]],[[[25.0806,37.5869],[25.047,37.6174],[24.9979,37.6379],[24.9844,37.658],[24.9815,37.6702],[24.9849,37.6789],[24.9979,37.6819],[25.0532,37.6789],[25.0674,37.6726],[25.0674,37.6652],[25.0599,37.6652],[25.0599,37.6584],[25.0775,37.6549],[25.0879,37.6447],[25.1038,37.6538],[25.1227,37.6517],[25.1398,37.6427],[25.1494,37.631],[25.1648,37.6458],[25.1926,37.6413],[25.2456,37.6242],[25.2388,37.6174],[25.2473,37.6149],[25.2528,37.6087],[25.2593,37.59],[25.2347,37.5629],[25.2273,37.5374],[25.216,37.5329],[25.1699,37.5386],[25.1421,37.5527],[25.1255,37.5559],[25.1156,37.5601],[25.1033,37.5784],[25.0806,37.5869]]],[[[24.4025,37.6557],[24.3958,37.6247],[24.313,37.5382],[24.2935,37.5257],[24.2754,37.5317],[24.28,37.5958],[24.2781,37.6229],[24.2893,37.6453],[24.3057,37.6608],[24.3206,37.6584],[24.3338,37.6726],[24.3206,37.6726],[24.3206,37.6789],[24.3397,37.6863],[24.348,37.6849],[24.3543,37.6789],[24.3611,37.6789],[24.3617,37.685],[24.3748,37.6863],[24.4025,37.6557]]],[[[26.3446,37.6595],[26.3191,37.6343],[26.2306,37.5714],[26.2139,37.5651],[26.1279,37.5558],[26.1082,37.5491],[26.0783,37.5276],[26.0579,37.5192],[26.0298,37.5218],[25.9907,37.5132],[25.9763,37.516],[25.9719,37.5355],[25.9797,37.5487],[26.0124,37.575],[26.0264,37.6008],[26.042,37.617],[26.0742,37.6379],[26.099,37.6391],[26.1564,37.6328],[26.1773,37.6379],[26.1974,37.6323],[26.2272,37.6396],[26.2542,37.652],[26.2808,37.6754],[26.3136,37.6832],[26.3622,37.6863],[26.3446,37.6595]]],[[[27.0588,37.7338],[27.0653,37.7291],[27.0666,37.7183],[27.0612,37.7067],[27.037,37.7129],[27.0008,37.7066],[26.91,37.678],[26.8898,37.6652],[26.8788,37.6489],[26.8609,37.6434],[26.7974,37.6447],[26.7874,37.6472],[26.7771,37.6689],[26.7609,37.6897],[26.751,37.6967],[26.7273,37.7016],[26.7165,37.7114],[26.7083,37.7136],[26.6572,37.7049],[26.6409,37.6994],[26.6284,37.6907],[26.6229,37.6789],[26.6155,37.6789],[26.6155,37.6863],[26.6092,37.6863],[26.5984,37.6772],[26.5895,37.6871],[26.5835,37.7042],[26.5803,37.7408],[26.584,37.7523],[26.595,37.7614],[26.6439,37.7724],[26.6496,37.7852],[26.6581,37.7928],[26.7718,37.8141],[26.8064,37.8145],[26.8421,37.8091],[26.8818,37.7854],[26.9167,37.7778],[26.9553,37.7569],[26.9661,37.7477],[26.9699,37.7588],[26.9451,37.7887],[26.9736,37.7845],[26.9934,37.7961],[26.994,37.784],[27.021,37.7772],[27.0679,37.7744],[27.0339,37.7614],[27.0322,37.7532],[27.0475,37.7272],[27.0588,37.7338]]],[[[20.918,37.7653],[20.9868,37.7299],[20.9963,37.6993],[20.9831,37.7123],[20.9544,37.7239],[20.9209,37.7317],[20.8939,37.7335],[20.8792,37.7282],[20.8633,37.7106],[20.8435,37.7016],[20.8438,37.6899],[20.853,37.6726],[20.8513,37.6594],[20.8469,37.6533],[20.8151,37.6515],[20.7772,37.6863],[20.7278,37.7185],[20.7044,37.7383],[20.7022,37.7545],[20.6804,37.77],[20.6424,37.8111],[20.6195,37.8228],[20.6265,37.8344],[20.6221,37.8513],[20.6277,37.8576],[20.6195,37.8644],[20.66,37.9105],[20.6857,37.9296],[20.709,37.9252],[20.7098,37.9196],[20.7341,37.8819],[20.742,37.8623],[20.7772,37.8433],[20.8088,37.8496],[20.8501,37.8364],[20.886,37.814],[20.918,37.7653]]],[[[24.9944,37.7541],[24.9855,37.736],[24.9575,37.7067],[24.9637,37.6863],[24.9575,37.6863],[24.9497,37.6961],[24.916,37.7198],[24.8921,37.7682],[24.8652,37.7738],[24.8442,37.7924],[24.8281,37.8173],[24.8166,37.8239],[24.8,37.816],[24.7942,37.8438],[24.7757,37.8623],[24.7539,37.8764],[24.7385,37.8918],[24.7317,37.8918],[24.7246,37.8819],[24.7162,37.8791],[24.7122,37.8843],[24.718,37.8986],[24.6955,37.9246],[24.6838,37.9327],[24.6956,37.9355],[24.6965,37.9403],[24.6901,37.9563],[24.6936,37.9658],[24.7019,37.9726],[24.757,37.9966],[24.7791,38.0002],[24.7937,37.9941],[24.7947,37.9771],[24.8208,37.9704],[24.8301,37.9631],[24.8346,37.9558],[24.8304,37.9477],[24.8376,37.9255],[24.8408,37.919],[24.8484,37.9149],[24.875,37.906],[24.9539,37.906],[24.9637,37.8968],[24.9592,37.8764],[24.9434,37.8433],[24.9849,37.816],[24.9712,37.8091],[24.972,37.7964],[24.9583,37.7812],[24.9575,37.7744],[24.9644,37.7687],[24.9805,37.774],[24.9917,37.7682],[24.9944,37.7541]]],[[[1.5657,38.6915],[1.5824,38.6749],[1.5814,38.6531],[1.5575,38.6488],[1.5234,38.6494],[1.4581,38.6813],[1.429,38.6649],[1.4128,38.6464],[1.397,38.6386],[1.383,38.6421],[1.3876,38.6624],[1.3835,38.67],[1.3835,38.6804],[1.3933,38.6963],[1.3937,38.7042],[1.3828,38.7116],[1.401,38.7303],[1.408,38.7245],[1.4181,38.7279],[1.4279,38.7394],[1.4313,38.7549],[1.4354,38.7554],[1.4375,38.7493],[1.4861,38.6946],[1.5264,38.6778],[1.5657,38.6915]]],[[[20.5855,38.6179],[20.5513,38.5695],[20.5446,38.5695],[20.5449,38.5947],[20.5623,38.6912],[20.5812,38.7244],[20.5855,38.7446],[20.6025,38.7817],[20.6122,38.7858],[20.6333,38.8166],[20.6453,38.8282],[20.6639,38.841],[20.6863,38.8501],[20.6902,38.8414],[20.7022,38.837],[20.7178,38.8227],[20.7229,38.7932],[20.7293,38.7817],[20.7239,38.77],[20.7293,38.7446],[20.7289,38.7306],[20.697,38.6898],[20.6987,38.6828],[20.7061,38.6804],[20.7225,38.7073],[20.7207,38.6384],[20.716,38.627],[20.7095,38.6257],[20.7022,38.6384],[20.6953,38.6384],[20.7022,38.6179],[20.6878,38.6247],[20.6817,38.6042],[20.6648,38.6109],[20.6489,38.6086],[20.6409,38.6006],[20.6476,38.59],[20.6476,38.5838],[20.6309,38.5883],[20.6292,38.5949],[20.6333,38.6042],[20.6136,38.607],[20.6023,38.6268],[20.5855,38.6179]]],[[[24.6633,38.8266],[24.683,38.8005],[24.6829,38.7842],[24.6703,38.7817],[24.6575,38.7692],[24.6502,38.7682],[24.6423,38.7756],[24.6354,38.7756],[24.6253,38.7692],[24.6138,38.7731],[24.6045,38.7825],[24.6008,38.7927],[24.5819,38.7873],[24.57,38.7781],[24.5667,38.7625],[24.5324,38.7961],[24.574,38.8098],[24.5638,38.8386],[24.557,38.8457],[24.5461,38.837],[24.5404,38.837],[24.537,38.8482],[24.5283,38.8515],[24.5051,38.8445],[24.5052,38.855],[24.4826,38.8628],[24.4778,38.878],[24.471,38.8712],[24.4634,38.8803],[24.4546,38.8848],[24.4455,38.8843],[24.4362,38.878],[24.4348,38.8881],[24.4388,38.8971],[24.4622,38.911],[24.4624,38.9222],[24.4573,38.9401],[24.4611,38.9677],[24.4712,38.9769],[24.4915,38.981],[24.5607,38.9442],[24.574,38.9326],[24.5759,38.9229],[24.5725,38.8985],[24.5786,38.8756],[24.6426,38.8417],[24.6633,38.8266]]],[[[1.6008,39.0824],[1.6069,39.0624],[1.6231,39.0292],[1.6065,39.0284],[1.5933,39.0202],[1.5846,39.0074],[1.5814,38.9919],[1.5762,38.9858],[1.5412,38.9678],[1.5098,38.9302],[1.4695,38.9103],[1.4587,38.9001],[1.445,38.9132],[1.4286,38.8966],[1.4147,38.8906],[1.4041,38.8568],[1.4031,38.8323],[1.3707,38.8318],[1.3609,38.8519],[1.3435,38.8624],[1.3289,38.8579],[1.3078,38.8579],[1.3003,38.8705],[1.2835,38.8746],[1.2666,38.8703],[1.2599,38.8579],[1.2282,38.8746],[1.2166,38.8851],[1.2122,38.9032],[1.2243,38.9274],[1.2275,38.942],[1.2184,38.9541],[1.2368,38.9652],[1.2482,38.9664],[1.2599,38.9609],[1.2769,38.968],[1.301,38.9678],[1.2922,39.0099],[1.2928,39.0333],[1.3045,39.0434],[1.3176,39.0476],[1.3325,39.0572],[1.3568,39.0776],[1.363,39.0776],[1.3722,39.0714],[1.3919,39.0833],[1.4033,39.0776],[1.4232,39.0906],[1.4507,39.1018],[1.4787,39.1077],[1.4995,39.1049],[1.5086,39.1144],[1.5227,39.1189],[1.5371,39.118],[1.5604,39.1058],[1.5897,39.1028],[1.606,39.0913],[1.6008,39.0824]]],[[[20.0969,39.4228],[20.1057,39.3925],[20.1177,39.378],[20.1179,39.371],[20.1057,39.3647],[20.0969,39.3706],[20.072,39.3763],[20.0488,39.3896],[20.0324,39.395],[19.9993,39.3994],[19.9548,39.4261],[19.9118,39.4303],[19.9075,39.435],[19.9149,39.4339],[19.9217,39.4378],[19.9275,39.4472],[19.8797,39.4608],[19.8789,39.4532],[19.8656,39.4686],[19.8477,39.5097],[19.8408,39.552],[19.8289,39.5723],[19.8098,39.5891],[19.7485,39.62],[19.7189,39.6731],[19.6897,39.6741],[19.6813,39.68],[19.6743,39.6935],[19.677,39.7167],[19.6717,39.7241],[19.6532,39.7147],[19.6536,39.7304],[19.6502,39.7418],[19.6416,39.748],[19.6265,39.7482],[19.6623,39.7845],[19.6675,39.7935],[19.7697,39.7981],[19.7991,39.8028],[19.8518,39.8245],[19.8656,39.821],[19.8928,39.8034],[19.929,39.7921],[19.9343,39.7829],[19.9412,39.7829],[19.9412,39.7904],[19.948,39.7904],[19.9463,39.7592],[19.9338,39.7412],[19.9129,39.7305],[19.8516,39.7105],[19.8416,39.7042],[19.8359,39.6925],[19.8391,39.6799],[19.8477,39.67],[19.8587,39.6662],[19.8587,39.6588],[19.845,39.6588],[19.845,39.6527],[19.9038,39.6291],[19.9275,39.6253],[19.9235,39.6035],[19.9172,39.5989],[19.9002,39.6042],[19.9119,39.5834],[19.9325,39.4787],[19.9365,39.473],[19.9614,39.463],[20.0027,39.454],[20.0237,39.4414],[20.0327,39.4393],[20.0505,39.4403],[20.0741,39.449],[20.0819,39.4473],[20.0969,39.4228]]],[[[25.4499,40.0362],[25.4368,40.0225],[25.4368,40.0163],[25.4427,40.015],[25.4499,39.9884],[25.4016,39.9638],[25.3856,39.9444],[25.3889,39.9195],[25.3641,39.9172],[25.348,39.9064],[25.3685,39.899],[25.3416,39.8839],[25.3403,39.8742],[25.3555,39.8655],[25.3428,39.8546],[25.3484,39.8437],[25.3685,39.8245],[25.3699,39.8171],[25.3555,39.8102],[25.3528,39.7933],[25.349,39.7877],[25.3322,39.7961],[25.2953,39.8077],[25.2936,39.8265],[25.2903,39.8308],[25.2731,39.8357],[25.2566,39.8559],[25.2388,39.8581],[25.2617,39.8704],[25.2743,39.8801],[25.2798,39.8891],[25.2752,39.9036],[25.264,39.9133],[25.2507,39.9185],[25.2388,39.9195],[25.1971,39.8928],[25.2139,39.8918],[25.2251,39.8854],[25.2073,39.8831],[25.1942,39.8736],[25.1773,39.845],[25.1909,39.8519],[25.2022,39.841],[25.2145,39.8247],[25.221,39.81],[25.2145,39.8034],[25.1751,39.807],[25.1432,39.8171],[25.1699,39.8485],[25.1649,39.8591],[25.1538,39.8558],[25.1358,39.8376],[25.1289,39.8376],[25.1284,39.8454],[25.1221,39.8581],[25.047,39.8376],[25.054,39.8491],[25.0674,39.8581],[25.047,39.8655],[25.047,39.8786],[25.0599,39.8854],[25.0599,39.8928],[25.0532,39.8928],[25.0532,39.899],[25.0674,39.9064],[25.0599,39.9064],[25.0682,39.9208],[25.064,39.9295],[25.047,39.9475],[25.0454,39.9847],[25.0334,39.9884],[25.0334,39.9953],[25.0686,39.9969],[25.1323,40.0089],[25.1423,40.0068],[25.1563,39.9953],[25.2251,40.0089],[25.2473,40.0024],[25.261,39.9909],[25.2871,39.9611],[25.2852,39.9534],[25.307,39.96],[25.348,39.9816],[25.348,39.9903],[25.3693,40.0142],[25.3821,40.0225],[25.4129,40.0225],[25.4499,40.0362]]],[[[26.0122,40.1461],[25.9678,40.1308],[25.9004,40.1227],[25.8563,40.1079],[25.766,40.0972],[25.7453,40.0983],[25.7212,40.1048],[25.7044,40.1153],[25.6633,40.1262],[25.6633,40.1324],[25.6862,40.1608],[25.719,40.1872],[25.759,40.2067],[25.8269,40.2166],[25.926,40.2428],[25.9382,40.2416],[25.9579,40.2231],[25.9719,40.2211],[25.9673,40.1933],[25.9675,40.1806],[25.9719,40.1728],[25.9631,40.1571],[25.9729,40.1532],[25.991,40.1575],[26.0059,40.1666],[26.0122,40.1666],[26.0122,40.1461]]],[[[25.6953,40.4327],[25.6826,40.4231],[25.5891,40.3981],[25.5671,40.3999],[25.5326,40.415],[25.4663,40.4558],[25.452,40.4687],[25.4435,40.4819],[25.4617,40.4816],[25.5204,40.5077],[25.5466,40.5153],[25.5759,40.5147],[25.6565,40.4962],[25.6719,40.4875],[25.6886,40.475],[25.6975,40.461],[25.6907,40.4477],[25.6953,40.4327]]],[[[24.7655,40.7343],[24.7593,40.7234],[24.7666,40.7115],[24.7864,40.7078],[24.7864,40.6879],[24.7693,40.6834],[24.7658,40.6697],[24.7726,40.6395],[24.7824,40.6202],[24.7801,40.6122],[24.7732,40.6115],[24.7557,40.6199],[24.7445,40.6085],[24.6818,40.595],[24.6575,40.5774],[24.6423,40.5706],[24.6306,40.5871],[24.615,40.5986],[24.6008,40.5986],[24.6008,40.6122],[24.5868,40.622],[24.5526,40.6304],[24.5308,40.6309],[24.5168,40.6391],[24.512,40.6668],[24.5183,40.6927],[24.5334,40.7182],[24.5667,40.7556],[24.6423,40.8039],[24.6746,40.7917],[24.7153,40.788],[24.7317,40.7835],[24.7438,40.7593],[24.7754,40.7488],[24.7864,40.7351],[24.7655,40.7343]]],[[[10.4434,42.8454],[10.4312,42.8279],[10.4307,42.8161],[10.4367,42.8044],[10.43,42.7876],[10.4203,42.7764],[10.3888,42.7635],[10.408,42.7573],[10.4251,42.7408],[10.4307,42.7221],[10.4155,42.7089],[10.411,42.718],[10.3932,42.7182],[10.3814,42.7226],[10.3643,42.7498],[10.3379,42.7648],[10.325,42.7648],[10.3137,42.743],[10.3045,42.7598],[10.2654,42.7446],[10.2454,42.7573],[10.24,42.7419],[10.2352,42.7359],[10.2297,42.7354],[10.1472,42.7373],[10.1248,42.7431],[10.1068,42.7574],[10.1014,42.784],[10.1117,42.8013],[10.133,42.8119],[10.1795,42.8188],[10.2244,42.8044],[10.2659,42.8044],[10.2643,42.8105],[10.259,42.8119],[10.2721,42.8188],[10.2721,42.8273],[10.3268,42.8262],[10.3221,42.8117],[10.3328,42.806],[10.3473,42.8059],[10.3547,42.8082],[10.3581,42.8175],[10.3814,42.8324],[10.3921,42.858],[10.3999,42.8688],[10.4124,42.8734],[10.422,42.8708],[10.4385,42.8555],[10.4434,42.8454]]],[[[17.1487,42.9526],[17.2002,42.9218],[17.1934,42.9143],[17.1743,42.922],[17.1074,42.9143],[17.0153,42.9286],[16.9729,42.9267],[16.8987,42.9058],[16.8514,42.9007],[16.7398,42.9172],[16.6914,42.9282],[16.6729,42.9267],[16.6726,42.9218],[16.6554,42.9263],[16.6384,42.9348],[16.7068,42.9621],[16.7068,42.9695],[16.6317,42.9826],[16.6527,42.9924],[16.7205,42.9901],[16.7686,42.9722],[16.8241,42.9621],[16.8787,42.9621],[16.9155,42.9745],[17.0321,42.9826],[17.1111,42.9643],[17.1318,42.9695],[17.1487,42.9526]]],[[[16.6702,43.1255],[16.5598,43.143],[16.4754,43.1665],[16.4452,43.1708],[16.4273,43.1799],[16.3716,43.1955],[16.3804,43.202],[16.3914,43.2023],[16.404,43.1972],[16.4153,43.1985],[16.4398,43.2098],[16.4461,43.2023],[16.4603,43.216],[16.4603,43.2098],[16.4964,43.2181],[16.5549,43.1879],[16.5833,43.1887],[16.5559,43.2098],[16.5293,43.2216],[16.5205,43.229],[16.5628,43.229],[16.5833,43.216],[16.6038,43.2235],[16.6164,43.2235],[16.6595,43.216],[16.6807,43.1948],[16.6931,43.1887],[16.6936,43.184],[16.6863,43.1818],[16.7058,43.1708],[16.7277,43.1646],[16.7512,43.1619],[16.8482,43.1623],[16.8644,43.1689],[16.8784,43.1588],[16.8967,43.1548],[16.9588,43.1524],[17.0186,43.1409],[17.1099,43.1438],[17.1553,43.1403],[17.1934,43.1273],[16.6702,43.1255]]],[[[16.4219,43.3176],[16.4058,43.3327],[16.4194,43.3252],[16.4263,43.3252],[16.4268,43.3315],[16.4398,43.3327],[16.4343,43.3399],[16.4349,43.3464],[16.4417,43.3512],[16.4535,43.3532],[16.4263,43.3941],[16.447,43.3948],[16.4939,43.3823],[16.6877,43.377],[16.8098,43.3532],[16.8098,43.3464],[16.7962,43.3464],[16.8163,43.3402],[16.8242,43.341],[16.8303,43.3464],[16.8582,43.3252],[16.8851,43.322],[16.8923,43.3122],[16.8796,43.2939],[16.8723,43.288],[16.8644,43.2917],[16.8462,43.2734],[16.8132,43.2678],[16.6283,43.2637],[16.564,43.2701],[16.5007,43.2842],[16.4219,43.3176]]],[[[15.2168,43.9128],[15.2202,43.9012],[15.1955,43.8952],[15.1455,43.9239],[15.1333,43.9212],[15.1445,43.9081],[15.1755,43.8909],[15.1834,43.8869],[15.1968,43.8864],[15.1991,43.8776],[15.1945,43.8726],[15.1724,43.8875],[15.1213,43.9126],[15.0669,43.9695],[15.0428,43.9904],[15.0031,44.0523],[14.9831,44.0663],[14.9551,44.0756],[14.8701,44.1408],[14.863,44.161],[14.8496,44.1756],[14.8633,44.1756],[14.8828,44.1592],[14.9391,44.1271],[14.9544,44.1032],[14.9938,44.0878],[15.0073,44.093],[15.0005,44.0794],[15.0144,44.0779],[15.0227,44.0722],[15.0319,44.0364],[15.0414,44.0264],[15.0882,43.9897],[15.0991,43.9851],[15.1138,43.9838],[15.1445,43.9497],[15.2168,43.9128]]],[[[14.8659,44.5664],[14.7615,44.6586],[14.7437,44.6805],[14.7337,44.7032],[14.7412,44.7016],[14.78,44.6695],[14.8452,44.6005],[14.8838,44.5797],[14.8801,44.6092],[14.9041,44.61],[14.9382,44.5941],[14.9663,44.5734],[14.9891,44.5466],[15.0039,44.5361],[15.0412,44.5275],[15.0755,44.4841],[15.0559,44.4862],[15.0282,44.5032],[15.0073,44.5045],[15.0142,44.5187],[14.9729,44.5361],[14.9286,44.5523],[14.9111,44.5523],[14.9111,44.5455],[14.966,44.5239],[15.048,44.4394],[15.0967,44.4152],[15.065,44.4379],[15.051,44.4553],[15.0415,44.4766],[15.0833,44.4619],[15.1766,44.3913],[15.1991,44.381],[15.2544,44.34],[15.2351,44.3362],[15.1873,44.3598],[15.165,44.3674],[15.165,44.3605],[15.1829,44.3579],[15.2158,44.3381],[15.2271,44.3264],[15.2066,44.3264],[15.2109,44.3173],[15.2202,44.3127],[15.1546,44.331],[15.1309,44.3326],[15.1309,44.3264],[15.1724,44.3053],[15.1724,44.2991],[15.1493,44.3032],[15.1288,44.312],[15.1112,44.3246],[15.0967,44.34],[15.0967,44.3463],[15.1104,44.3463],[15.1104,44.3537],[15.0972,44.3613],[15.0892,44.3742],[15.1069,44.3752],[15.1172,44.3872],[15.083,44.4015],[15.0578,44.3942],[15.049,44.3947],[15.0383,44.4033],[15.0208,44.43],[14.9588,44.4667],[14.9497,44.4681],[14.8975,44.4909],[14.8975,44.4971],[14.9186,44.5045],[14.8776,44.5513],[14.877,44.5598],[14.8659,44.5664]]],[[[14.7405,44.7705],[14.7541,44.7578],[14.7409,44.7644],[14.7249,44.7676],[14.6995,44.7652],[14.6579,44.7988],[14.6829,44.7988],[14.7057,44.7925],[14.6995,44.8131],[14.72,44.7988],[14.7268,44.7988],[14.7058,44.8268],[14.6921,44.8335],[14.6858,44.8472],[14.7268,44.8403],[14.72,44.8546],[14.739,44.8534],[14.7533,44.8459],[14.7561,44.8357],[14.7405,44.8266],[14.7405,44.8205],[14.7874,44.7893],[14.8224,44.7714],[14.8512,44.7373],[14.8591,44.7174],[14.8496,44.7032],[14.8215,44.7206],[14.773,44.7603],[14.7405,44.7783],[14.7405,44.7705]]],[[[14.5081,44.6533],[14.5086,44.6453],[14.515,44.6422],[14.5275,44.6479],[14.5344,44.6343],[14.5134,44.6188],[14.473,44.6203],[14.4279,44.6566],[14.3945,44.7076],[14.3972,44.7516],[14.3836,44.7578],[14.3745,44.7539],[14.3682,44.7611],[14.3643,44.7744],[14.3616,44.816],[14.3566,44.8198],[14.346,44.8205],[14.3298,44.8339],[14.3141,44.8938],[14.2942,44.9086],[14.3015,44.9223],[14.2925,44.9403],[14.3015,44.9434],[14.3252,44.9365],[14.3503,44.9129],[14.3596,44.9086],[14.3874,44.909],[14.3932,44.9148],[14.3972,44.9291],[14.389,44.9503],[14.3903,44.9604],[14.4041,44.9495],[14.4114,44.9564],[14.3914,44.9694],[14.3767,44.9869],[14.3408,45.0556],[14.2874,45.1011],[14.2785,45.1133],[14.2777,45.128],[14.2886,45.1488],[14.2996,45.1623],[14.3136,45.1724],[14.3319,45.1758],[14.3562,45.1693],[14.3641,45.1576],[14.3605,45.1176],[14.363,45.0936],[14.3877,45.039],[14.4177,44.998],[14.4308,44.9903],[14.4661,44.9837],[14.4735,44.9714],[14.471,44.9539],[14.4626,44.936],[14.4519,44.9223],[14.4592,44.9154],[14.45,44.898],[14.4485,44.8837],[14.4519,44.8509],[14.4649,44.8214],[14.4666,44.8048],[14.4519,44.7988],[14.4729,44.7652],[14.4739,44.7545],[14.4676,44.7421],[14.4661,44.7298],[14.4722,44.708],[14.5139,44.6622],[14.5081,44.6533]]],[[[14.7064,44.9467],[14.6579,44.97],[14.6289,44.9782],[14.6245,44.9855],[14.6238,45.0014],[14.6263,45.0373],[14.6209,45.0456],[14.6033,45.039],[14.6033,45.0322],[14.617,45.0246],[14.5907,45.0233],[14.5105,45.0322],[14.4854,45.038],[14.4601,45.0524],[14.4387,45.0705],[14.4251,45.0873],[14.4416,45.0998],[14.4627,45.101],[14.4665,45.1053],[14.4671,45.1241],[14.4763,45.1284],[14.514,45.1291],[14.5301,45.1348],[14.5213,45.1488],[14.5396,45.1704],[14.5418,45.1789],[14.5359,45.1942],[14.5369,45.2017],[14.548,45.2103],[14.5498,45.2214],[14.5488,45.2302],[14.5438,45.2357],[14.5344,45.2375],[14.5488,45.2487],[14.5633,45.2497],[14.5959,45.2375],[14.5822,45.2375],[14.584,45.2302],[14.6107,45.1981],[14.6238,45.1755],[14.5974,45.1664],[14.6126,45.1592],[14.6437,45.1568],[14.6653,45.1618],[14.6709,45.1435],[14.6589,45.1083],[14.6653,45.0873],[14.6781,45.0775],[14.696,45.0734],[14.7405,45.0731],[14.74,45.0443],[14.7998,45.0052],[14.815,44.9775],[14.7847,44.9693],[14.7722,44.9713],[14.7609,44.9775],[14.7472,44.97],[14.7472,44.9638],[14.7608,44.9551],[14.7568,44.9487],[14.7234,44.9433],[14.7064,44.9467]]],[[[-1.2244,45.935],[-1.1852,45.916],[-1.1777,45.9069],[-1.1761,45.8987],[-1.1842,45.8564],[-1.1946,45.8301],[-1.2092,45.8142],[-1.2269,45.8198],[-1.2412,45.8546],[-1.2604,45.8818],[-1.319,45.9281],[-1.3402,45.9387],[-1.3617,45.9567],[-1.3783,45.976],[-1.3717,45.9953],[-1.4049,46.0532],[-1.3739,46.0502],[-1.3399,46.0378],[-1.3087,46.0202],[-1.2851,46.0017],[-1.2738,45.9976],[-1.2476,46.0018],[-1.2336,45.9917],[-1.2296,45.9792],[-1.2305,45.9582],[-1.2194,45.9508],[-1.2194,45.9439],[-1.2244,45.935]]],[[[-2.0679,49.2507],[-2.0207,49.2353],[-2.022,49.2255],[-2.0083,49.2125],[-2.017,49.2072],[-2.021,49.2008],[-2.0245,49.1713],[-2.0492,49.1783],[-2.08,49.1787],[-2.097,49.1837],[-2.1202,49.1992],[-2.1379,49.2056],[-2.1448,49.2056],[-2.1529,49.1999],[-2.1687,49.1783],[-2.2001,49.192],[-2.2234,49.1847],[-2.2336,49.1845],[-2.2265,49.206],[-2.242,49.248],[-2.2411,49.2602],[-2.2294,49.263],[-2.1963,49.2534],[-2.1827,49.2541],[-2.1517,49.267],[-2.1438,49.2619],[-2.1107,49.2534],[-2.1039,49.2582],[-2.0827,49.2602],[-2.0679,49.2507]]],[[[-1.0623,50.6928],[-1.0623,50.6853],[-1.067,50.6852],[-1.0753,50.6785],[-1.1287,50.6664],[-1.1622,50.646],[-1.1647,50.6409],[-1.165,50.6082],[-1.1684,50.6035],[-1.2792,50.5825],[-1.3155,50.5892],[-1.446,50.6481],[-1.4528,50.6543],[-1.486,50.6693],[-1.4974,50.6723],[-1.5351,50.6694],[-1.5695,50.658],[-1.5453,50.6861],[-1.5059,50.7077],[-1.4187,50.7338],[-1.4254,50.7201],[-1.4009,50.722],[-1.3776,50.7342],[-1.3435,50.7611],[-1.3185,50.7722],[-1.2958,50.7732],[-1.1443,50.7338],[-1.1091,50.7329],[-1.097,50.727],[-1.097,50.7133],[-1.0828,50.7133],[-1.0623,50.6928]]],[[[4.0784,51.6786],[4.0973,51.6702],[4.0994,51.6541],[4.089,51.644],[4.0549,51.6326],[3.978,51.6233],[3.9603,51.6238],[3.9231,51.6325],[3.9015,51.642],[3.8856,51.6684],[3.8698,51.6761],[3.8306,51.6859],[3.8093,51.6995],[3.7959,51.7001],[3.7654,51.6784],[3.7206,51.6768],[3.7,51.6806],[3.6867,51.6927],[3.6895,51.725],[3.7258,51.7397],[3.8142,51.7482],[3.8306,51.7473],[3.8438,51.7428],[3.9396,51.7412],[3.9618,51.7381],[3.978,51.7303],[4.0366,51.6859],[4.0784,51.6786]]],[[[4.8926,53.1048],[4.9131,53.1048],[4.8931,53.0761],[4.8652,53.0502],[4.8181,53.0268],[4.7957,53.0003],[4.762,52.9943],[4.7268,53.0031],[4.7077,53.0285],[4.7139,53.0546],[4.7337,53.0842],[4.7585,53.1085],[4.8057,53.133],[4.8293,53.163],[4.8543,53.1877],[4.8858,53.1867],[4.8898,53.1809],[4.8914,53.171],[4.8858,53.1662],[4.8999,53.1523],[4.9102,53.1346],[4.9099,53.1188],[4.8926,53.111],[4.8926,53.1048]]],[[[-9.9518,53.9578],[-9.9307,53.9591],[-9.9227,53.9538],[-9.9227,53.9471],[-9.9307,53.9393],[-9.9374,53.9235],[-9.9402,53.906],[-9.9364,53.8925],[-9.958,53.8806],[-9.9768,53.8869],[-10.0183,53.9129],[-10.0555,53.9137],[-10.0598,53.9235],[-10.0546,53.9495],[-10.0558,53.9588],[-10.0666,53.9676],[-10.0872,53.9714],[-10.1628,53.9614],[-10.1902,53.9635],[-10.2395,53.9747],[-10.2659,53.975],[-10.2659,53.9818],[-10.2185,53.986],[-10.2015,53.9962],[-10.1896,54.016],[-10.1736,54.0084],[-10.1561,54.016],[-10.1344,54.0003],[-10.1089,54.0046],[-10.0632,54.0228],[-9.9759,54.0211],[-9.9569,54.016],[-9.9364,53.9892],[-9.9569,53.9892],[-9.9547,53.9733],[-9.9636,53.9614],[-9.9636,53.9538],[-9.9518,53.9578]]],[[[-4.6208,54.0696],[-4.6313,54.0706],[-4.6564,54.0638],[-4.671,54.067],[-4.6897,54.0815],[-4.7045,54.0849],[-4.726,54.079],[-4.7662,54.0592],[-4.7902,54.0638],[-4.7902,54.0712],[-4.7697,54.0775],[-4.7709,54.0968],[-4.7372,54.1249],[-4.7281,54.1426],[-4.7277,54.1726],[-4.7238,54.1855],[-4.7145,54.2003],[-4.7103,54.2206],[-4.6881,54.2238],[-4.664,54.2335],[-4.5984,54.2766],[-4.5546,54.3392],[-4.531,54.3661],[-4.4954,54.3859],[-4.442,54.4044],[-4.4044,54.4097],[-4.3678,54.419],[-4.3513,54.4138],[-4.3776,54.3619],[-4.3756,54.3483],[-4.3582,54.3176],[-4.3247,54.3102],[-4.3132,54.2956],[-4.3119,54.2872],[-4.3267,54.2803],[-4.3408,54.263],[-4.3483,54.2595],[-4.3656,54.2351],[-4.3992,54.2221],[-4.3908,54.1947],[-4.4126,54.1801],[-4.4469,54.1691],[-4.4755,54.1531],[-4.4746,54.1408],[-4.5293,54.1191],[-4.5498,54.1007],[-4.5909,54.0911],[-4.5989,54.0839],[-4.6121,54.057],[-4.6208,54.0696]]],[[[11.3142,54.4138],[11.1885,54.4262],[11.1702,54.4201],[11.179,54.4142],[11.1388,54.4127],[11.1126,54.4152],[11.1013,54.4235],[11.1033,54.4438],[11.0986,54.4516],[11.0581,54.4553],[11.0474,54.4533],[11.0399,54.4473],[11.0325,54.4473],[11.0257,54.4588],[11.0085,54.4547],[11.0057,54.4685],[11.0337,54.5089],[11.0729,54.5312],[11.1213,54.536],[11.2066,54.5145],[11.2321,54.5017],[11.3142,54.4138]]],[[[8.3545,54.9127],[8.3884,54.8942],[8.4365,54.8873],[8.6545,54.8936],[8.6294,54.8821],[8.5044,54.8862],[8.4612,54.8688],[8.4461,54.8663],[8.3771,54.8663],[8.3706,54.8682],[8.362,54.8769],[8.3439,54.8791],[8.3071,54.8654],[8.302,54.8626],[8.2993,54.8553],[8.2979,54.8356],[8.2949,54.8315],[8.2984,54.7769],[8.2957,54.7591],[8.2907,54.7453],[8.2844,54.7424],[8.2778,54.7564],[8.277,54.7828],[8.2886,54.8913],[8.298,54.9125],[8.3737,55.035],[8.4158,55.0653],[8.4634,55.0507],[8.4024,55.0488],[8.3945,55.0439],[8.4222,55.0422],[8.4304,55.03],[8.4216,55.0163],[8.3809,55.0031],[8.362,54.9868],[8.3516,54.9667],[8.3604,54.9482],[8.3545,54.9127]]],[[[10.0259,54.9598],[10.0651,54.8908],[10.0645,54.881],[10.022,54.8793],[9.968,54.8595],[9.9536,54.8626],[9.9372,54.8709],[9.8911,54.8793],[9.8743,54.8862],[9.8743,54.893],[9.9009,54.9007],[9.9915,54.8725],[9.9915,54.8793],[9.9437,54.9036],[9.8983,54.913],[9.8779,54.9113],[9.8538,54.8998],[9.8147,54.9011],[9.7809,54.9168],[9.7612,54.9431],[9.7644,54.9755],[9.7581,54.9755],[9.7581,54.9818],[9.7803,54.9728],[9.8274,54.9455],[9.8475,54.9482],[9.8328,54.9652],[9.8421,54.9703],[9.7937,54.9922],[9.7868,55.0001],[9.7991,55.0097],[9.7991,55.0165],[9.7206,55.0123],[9.6742,55.0211],[9.6688,55.0302],[9.6724,55.0347],[9.6913,55.0428],[9.6966,55.0507],[9.6455,55.0449],[9.6284,55.0507],[9.6284,55.0581],[9.7166,55.0822],[9.752,55.0854],[9.7935,55.0808],[9.853,55.0401],[9.8848,55.0302],[9.929,55.0262],[9.9609,55.015],[9.9866,54.9977],[10.0259,54.9598]]],[[[10.862,55.0721],[10.8955,55.1215],[10.9343,55.1597],[10.9567,55.1537],[10.9089,55.0302],[10.8899,54.9974],[10.8377,54.9372],[10.7411,54.7524],[10.7313,54.7401],[10.7175,54.7358],[10.6939,54.7353],[10.6819,54.7448],[10.6564,54.8037],[10.6321,54.8234],[10.6011,54.8383],[10.6409,54.8432],[10.6693,54.8663],[10.6786,54.883],[10.6844,54.8878],[10.6989,54.8812],[10.7245,54.8862],[10.7178,54.9073],[10.7004,54.9016],[10.683,54.9073],[10.697,54.9313],[10.7183,54.9492],[10.7741,54.9866],[10.7982,54.9966],[10.855,55.0439],[10.862,55.0721]]],[[[15.1514,55.1332],[15.1377,55.1195],[15.1477,55.0956],[15.1447,55.0871],[15.1128,55.0546],[15.1066,55.0447],[15.1132,55.0183],[15.0727,54.9916],[15.0237,54.9993],[14.9829,55.001],[14.9273,55.0137],[14.8586,55.0382],[14.7808,55.0511],[14.6996,55.0892],[14.6842,55.1013],[14.697,55.1227],[14.7057,55.2257],[14.7092,55.2358],[14.7371,55.2667],[14.7521,55.2988],[14.7609,55.3093],[14.7746,55.3039],[14.815,55.2704],[14.8514,55.2482],[14.9268,55.2158],[14.9544,55.2193],[14.9734,55.2161],[14.9898,55.196],[15.0005,55.1884],[15.0845,55.1546],[15.1316,55.1455],[15.1514,55.1332]]],[[[-5.093,55.5004],[-5.0911,55.4873],[-5.0808,55.4717],[-5.0782,55.4553],[-5.092,55.4461],[-5.1178,55.4398],[-5.1636,55.4349],[-5.2174,55.438],[-5.2631,55.4472],[-5.3047,55.4621],[-5.3457,55.4827],[-5.3462,55.496],[-5.3594,55.5305],[-5.3594,55.5373],[-5.3457,55.5503],[-5.3704,55.5703],[-5.3891,55.5902],[-5.3979,55.6142],[-5.3929,55.6466],[-5.3794,55.6681],[-5.3552,55.6896],[-5.3243,55.705],[-5.2905,55.7086],[-5.2974,55.7228],[-5.2632,55.7228],[-5.1983,55.7043],[-5.1807,55.6949],[-5.16,55.6762],[-5.146,55.655],[-5.126,55.6055],[-5.1374,55.592],[-5.0942,55.5666],[-5.0919,55.5441],[-5.1252,55.5369],[-5.1197,55.5236],[-5.0708,55.5093],[-5.093,55.5004]]],[[[-6.0304,55.7291],[-6.0323,55.7064],[-6.0235,55.6881],[-6.0235,55.6819],[-6.0457,55.6743],[-6.0583,55.6601],[-6.0644,55.6676],[-6.0824,55.6521],[-6.1055,55.6402],[-6.1319,55.6318],[-6.16,55.6267],[-6.2025,55.6306],[-6.2153,55.6267],[-6.2228,55.6055],[-6.227,55.6018],[-6.2619,55.5838],[-6.2873,55.5784],[-6.3112,55.5832],[-6.3252,55.6055],[-6.3192,55.6282],[-6.2975,55.6425],[-6.2432,55.6601],[-6.2648,55.6955],[-6.2771,55.704],[-6.3252,55.7154],[-6.321,55.7335],[-6.2955,55.7519],[-6.25,55.7768],[-6.2718,55.783],[-6.3004,55.7858],[-6.3287,55.7831],[-6.349,55.7734],[-6.3866,55.7223],[-6.4186,55.7096],[-6.463,55.6745],[-6.491,55.6718],[-6.5035,55.6813],[-6.5024,55.6977],[-6.4897,55.7154],[-6.5039,55.7228],[-6.4932,55.7392],[-6.4486,55.7768],[-6.4822,55.7905],[-6.4608,55.8032],[-6.4567,55.8126],[-6.4528,55.8409],[-6.4452,55.8488],[-6.4091,55.8636],[-6.3545,55.8774],[-6.3314,55.89],[-6.3183,55.8867],[-6.3259,55.8804],[-6.3382,55.852],[-6.3382,55.8458],[-6.3307,55.8278],[-6.3232,55.8205],[-6.3109,55.8184],[-6.3184,55.8449],[-6.297,55.8672],[-6.2648,55.8854],[-6.2291,55.8973],[-6.2043,55.9166],[-6.1622,55.9285],[-6.1401,55.9414],[-6.1301,55.9394],[-6.1202,55.9294],[-6.116,55.8868],[-6.1024,55.8312],[-6.0992,55.801],[-6.0931,55.7917],[-6.0791,55.7815],[-6.0498,55.7663],[-6.0583,55.7427],[-6.0466,55.7335],[-6.0304,55.7291]]],[[[10.5731,55.8789],[10.5811,55.8945],[10.5803,55.9115],[10.5669,55.9283],[10.5283,55.9406],[10.5154,55.9512],[10.5186,55.9761],[10.5288,55.9892],[10.544,55.998],[10.5568,55.9958],[10.5642,55.9538],[10.5803,55.9365],[10.6028,55.9252],[10.6283,55.9208],[10.6194,55.911],[10.6154,55.9003],[10.6164,55.8898],[10.6214,55.8799],[10.6387,55.8661],[10.6506,55.8701],[10.6663,55.8867],[10.6693,55.88],[10.655,55.8654],[10.6283,55.8458],[10.6233,55.8277],[10.6244,55.7943],[10.6146,55.7768],[10.5822,55.7598],[10.5471,55.7652],[10.5203,55.7886],[10.5116,55.8253],[10.5173,55.8455],[10.5277,55.8539],[10.5594,55.8663],[10.5731,55.8789]]],[[[-5.7465,56.1418],[-5.7159,56.1531],[-5.6945,56.1474],[-5.688,56.1241],[-5.6893,56.1118],[-5.7402,56.0765],[-5.7802,56.0207],[-5.8645,55.9267],[-5.8863,55.8867],[-5.8968,55.8889],[-5.9215,55.8713],[-5.9381,55.8663],[-5.9454,55.8586],[-5.9621,55.8048],[-5.9875,55.7946],[-6.0266,55.7961],[-6.0624,55.8095],[-6.0781,55.8349],[-6.0869,55.883],[-6.085,55.9003],[-6.0752,55.916],[-6.0431,55.928],[-5.9974,55.9517],[-5.9191,55.9604],[-5.8863,55.9761],[-5.9807,55.9699],[-5.9956,55.986],[-5.9833,56.0089],[-5.9552,56.0347],[-5.9244,56.056],[-5.904,56.0648],[-5.8737,56.0701],[-5.7465,56.1418]]],[[[11.1699,57.3327],[11.1901,57.3255],[11.1973,57.3134],[11.1965,57.3028],[11.1891,57.2943],[11.1432,57.3014],[11.0666,57.2913],[11.0827,57.2839],[11.0942,57.269],[11.0911,57.2528],[11.0672,57.2384],[11.0535,57.2262],[11.0451,57.2127],[11.0288,57.2019],[10.9979,57.1979],[10.978,57.2067],[10.9518,57.2337],[10.9165,57.2374],[10.8888,57.2453],[10.855,57.2646],[10.855,57.2709],[10.8884,57.2749],[10.9466,57.3046],[11.0101,57.3099],[11.0277,57.3207],[11.1019,57.3204],[11.1423,57.3323],[11.1699,57.3327]]],[[[-7.2438,57.3255],[-7.2118,57.3049],[-7.1954,57.3056],[-7.2003,57.291],[-7.2332,57.2743],[-7.2567,57.2367],[-7.2761,57.2318],[-7.353,57.2429],[-7.353,57.2367],[-7.2888,57.2259],[-7.2711,57.2163],[-7.2622,57.2009],[-7.2577,57.1798],[-7.2599,57.1598],[-7.2711,57.1479],[-7.2884,57.154],[-7.3076,57.1558],[-7.3462,57.1548],[-7.3462,57.1479],[-7.2773,57.1479],[-7.26,57.14],[-7.236,57.1212],[-7.2159,57.1201],[-7.2159,57.1138],[-7.2391,57.1005],[-7.3217,57.1099],[-7.353,57.0996],[-7.382,57.1184],[-7.3907,57.1291],[-7.4167,57.1816],[-7.4204,57.1977],[-7.4144,57.2094],[-7.4144,57.2163],[-7.4315,57.2294],[-7.4554,57.2367],[-7.435,57.2519],[-7.4219,57.2709],[-7.4149,57.2901],[-7.41,57.296],[-7.3971,57.2982],[-7.3897,57.312],[-7.4015,57.3424],[-7.4281,57.3876],[-7.4084,57.3956],[-7.353,57.408],[-7.2636,57.3739],[-7.2791,57.3699],[-7.2984,57.3739],[-7.2984,57.3671],[-7.2764,57.3647],[-7.2449,57.3485],[-7.2226,57.3466],[-7.2226,57.3398],[-7.2504,57.3319],[-7.3316,57.3609],[-7.3711,57.3876],[-7.394,57.3808],[-7.3757,57.3681],[-7.3705,57.3551],[-7.322,57.3466],[-7.3053,57.3323],[-7.2903,57.3283],[-7.2438,57.3255]]],[[[-7.1294,57.6529],[-7.0926,57.6521],[-7.0741,57.6464],[-7.0651,57.634],[-7.0992,57.6073],[-7.1131,57.6087],[-7.1308,57.6235],[-7.1711,57.6414],[-7.2159,57.6414],[-7.2159,57.634],[-7.1973,57.6313],[-7.1962,57.6272],[-7.2021,57.6209],[-7.2021,57.6135],[-7.1732,57.6147],[-7.1644,57.6099],[-7.1612,57.5964],[-7.1543,57.5873],[-7.1381,57.587],[-7.106,57.593],[-7.1256,57.5711],[-7.15,57.5617],[-7.2084,57.5588],[-7.2363,57.5521],[-7.2433,57.5561],[-7.2567,57.5725],[-7.2699,57.5705],[-7.3121,57.5521],[-7.3121,57.5446],[-7.2401,57.5446],[-7.1813,57.5539],[-7.1442,57.5485],[-7.1377,57.5451],[-7.1339,57.5384],[-7.1575,57.5111],[-7.2198,57.5108],[-7.2363,57.5036],[-7.2525,57.5103],[-7.2875,57.5088],[-7.3053,57.5111],[-7.3185,57.517],[-7.3381,57.5397],[-7.3462,57.5446],[-7.3183,57.5521],[-7.3512,57.5537],[-7.4116,57.5751],[-7.4424,57.5793],[-7.4559,57.5684],[-7.4709,57.5672],[-7.4994,57.575],[-7.5448,57.593],[-7.5448,57.5998],[-7.5222,57.6084],[-7.4766,57.6619],[-7.4553,57.6555],[-7.3871,57.6619],[-7.3871,57.6551],[-7.4144,57.6483],[-7.3966,57.6353],[-7.3669,57.6514],[-7.3354,57.6761],[-7.3121,57.6885],[-7.3121,57.6824],[-7.3229,57.6748],[-7.3325,57.6619],[-7.2779,57.6496],[-7.2567,57.6483],[-7.2567,57.6551],[-7.2773,57.6619],[-7.256,57.6669],[-7.2091,57.686],[-7.1817,57.6885],[-7.1692,57.6792],[-7.1654,57.6699],[-7.1715,57.6615],[-7.1891,57.6551],[-7.1728,57.6496],[-7.1426,57.6581],[-7.1294,57.6529]]],[[[32.0708,46.1824],[32.1663,46.1494],[32.1439,46.1527],[32.1018,46.1667],[31.7372,46.2208],[31.5803,46.2628],[31.549,46.2824],[31.522,46.3132],[31.5051,46.3549],[31.5044,46.3734],[31.522,46.3685],[31.5384,46.3258],[31.5544,46.2963],[31.578,46.2756],[31.6182,46.2592],[32.0708,46.1824]]],[[[53.0403,39.081],[53.0576,39.0944],[53.0817,39.0977],[53.0879,39.0881],[53.0879,39.0834],[53.0588,39.0671],[53.054,39.0268],[53.0794,38.8635],[53.1021,38.7817],[53.098,38.7692],[53.1021,38.7551],[53.0947,38.7551],[53.0921,38.7788],[53.063,38.8647],[53.0402,38.9067],[53.0379,38.9702],[53.0264,39.0394],[53.03,39.0613],[53.0403,39.081]]],[[[50.1431,44.8179],[50.1115,44.8204],[50.0794,44.8335],[50.064,44.8441],[50.052,44.8813],[50.0418,44.8949],[50.0042,44.9223],[49.9861,44.9468],[49.9862,44.968],[50.0418,45.0575],[50.052,45.0656],[50.0676,45.0715],[50.1135,45.0799],[50.1122,45.0625],[50.0536,45.0388],[50.0384,45.0147],[50.0352,45.0009],[50.021,44.9758],[50.0178,44.9602],[50.0212,44.944],[50.03,44.9309],[50.0428,44.9245],[50.0583,44.9291],[50.062,44.8799],[50.0734,44.8618],[50.1076,44.8518],[50.1265,44.8406],[50.1414,44.8403],[50.174,44.8584],[50.1892,44.8615],[50.1703,44.8301],[50.1431,44.8179]]],[[[53.6395,24.1605],[53.6282,24.1642],[53.6278,24.1719],[53.6433,24.1863],[53.6561,24.1934],[53.6912,24.2067],[53.7228,24.2299],[53.7389,24.2347],[53.7703,24.2272],[53.7771,24.2299],[53.801,24.2477],[53.8396,24.2643],[53.8482,24.2751],[53.8535,24.2627],[53.8482,24.2546],[53.863,24.2347],[53.8923,24.2178],[53.9266,24.2114],[53.9546,24.201],[53.9649,24.1726],[53.951,24.1497],[53.9204,24.1398],[53.8846,24.1412],[53.855,24.1522],[53.8571,24.1614],[53.8494,24.1742],[53.8374,24.1774],[53.827,24.1584],[53.8345,24.1522],[53.8073,24.136],[53.7747,24.1301],[53.7415,24.1335],[53.6843,24.1567],[53.6395,24.1605]]],[[[53.3087,24.2786],[53.2945,24.2797],[53.276,24.2887],[53.2661,24.2738],[53.2138,24.2809],[53.1865,24.2759],[53.1841,24.2812],[53.1877,24.2943],[53.1943,24.303],[53.2318,24.2956],[53.2419,24.2978],[53.2676,24.3083],[53.2781,24.3161],[53.3296,24.3361],[53.3383,24.3361],[53.3481,24.3202],[53.3578,24.3152],[53.3667,24.3192],[53.3677,24.3409],[53.3616,24.3508],[53.3991,24.4014],[53.4168,24.4128],[53.4236,24.3918],[53.447,24.3798],[53.4404,24.3413],[53.4276,24.3288],[53.3698,24.3012],[53.3458,24.2983],[53.3316,24.2885],[53.3315,24.2775],[53.3228,24.2627],[53.3087,24.2786]]],[[[50.5947,26.1603],[50.6049,26.1747],[50.6199,26.1855],[50.6328,26.1468],[50.6457,26.1457],[50.6355,26.1344],[50.6349,26.1157],[50.6148,26.1112],[50.6206,26.053],[50.6184,25.9647],[50.6035,25.8546],[50.5945,25.8327],[50.5653,25.7895],[50.5472,25.8529],[50.5314,25.8852],[50.5114,25.913],[50.4678,25.9576],[50.4605,25.9853],[50.48,26.0189],[50.4909,26.048],[50.4852,26.0856],[50.47,26.1226],[50.453,26.1496],[50.4489,26.1616],[50.4496,26.178],[50.4612,26.2252],[50.4685,26.2369],[50.4815,26.2426],[50.5164,26.2397],[50.5454,26.2277],[50.5867,26.2425],[50.5933,26.2386],[50.5974,26.2255],[50.6091,26.2083],[50.6035,26.1977],[50.5941,26.1953],[50.5656,26.1989],[50.5516,26.1942],[50.5947,26.1603]]],[[[-16.4696,19.73],[-16.4715,19.6997],[-16.4842,19.6777],[-16.4919,19.6841],[-16.4969,19.7055],[-16.4911,19.7251],[-16.4772,19.7315],[-16.4696,19.73]]],[[[36.9583,25.419],[36.9614,25.4145],[36.9354,25.4],[36.9248,25.3891],[36.9148,25.3709],[36.8998,25.361],[36.8787,25.3737],[36.7987,25.4474],[36.7951,25.4533],[36.7951,25.457],[36.7991,25.4587],[36.7972,25.4645],[36.7761,25.4892],[36.7765,25.4964],[36.7871,25.4941],[36.7969,25.4866],[36.8237,25.4599],[36.8771,25.437],[36.9064,25.4316],[36.9157,25.4267],[36.9203,25.4196],[36.8994,25.4189],[36.8963,25.406],[36.9043,25.3941],[36.9163,25.3969],[36.9421,25.4184],[36.9583,25.419]]],[[[36.7806,25.5044],[36.7713,25.5071],[36.766,25.5142],[36.7654,25.5242],[36.7425,25.5292],[36.7399,25.5327],[36.744,25.5314],[36.7429,25.5359],[36.7344,25.5466],[36.7192,25.5557],[36.7013,25.5547],[36.6812,25.5441],[36.6814,25.5535],[36.6913,25.5672],[36.7068,25.5712],[36.7256,25.5652],[36.7751,25.5354],[36.7858,25.516],[36.839,25.4899],[36.8745,25.4633],[36.8833,25.4543],[36.8779,25.4477],[36.8792,25.4433],[36.8451,25.4644],[36.8348,25.4667],[36.8255,25.4841],[36.8162,25.4883],[36.8097,25.4858],[36.8006,25.4885],[36.7806,25.5044]]],[[[36.6831,25.5723],[36.676,25.5548],[36.6677,25.5498],[36.5677,25.5985],[36.5461,25.6032],[36.5394,25.5892],[36.5295,25.5938],[36.4977,25.624],[36.4915,25.6451],[36.4997,25.6625],[36.5353,25.6981],[36.5436,25.7029],[36.5453,25.6965],[36.5394,25.685],[36.5226,25.6622],[36.5239,25.6529],[36.531,25.6446],[36.5379,25.6398],[36.5488,25.6378],[36.554,25.6313],[36.5703,25.6245],[36.6094,25.5915],[36.6311,25.5924],[36.638,25.5746],[36.6471,25.5709],[36.6559,25.5718],[36.6548,25.5781],[36.6594,25.5821],[36.6677,25.581],[36.6831,25.5723]]]]},"properties":{}},{"type":"Feature","geometry":{"type":"MultiPolygon","coordinates":[[[[33.9551,26.79],[33.9756,26.79],[33.9955,26.7517],[34.0029,26.7316],[34.0036,26.7082],[33.9896,26.7203],[33.9551,26.79]]],[[[73.6463,10.0847],[73.6371,10.0626],[73.6326,10.0573],[73.6333,10.0779],[73.6439,10.0945],[73.6463,10.0847]]],[[[73.6622,10.1445],[73.6579,10.1391],[73.6546,10.1415],[73.6556,10.1448],[73.6622,10.1445]]],[[[72.6498,10.5668],[72.6275,10.5548],[72.6486,10.574],[72.6506,10.5726],[72.6498,10.5668]]],[[[72.5488,10.7793],[72.5412,10.7729],[72.5425,10.7779],[72.5488,10.7793]]],[[[73.6714,10.8297],[73.6844,10.8275],[73.6729,10.8247],[73.6714,10.8297]]],[[[72.75,11.1191],[72.745,11.1095],[72.7395,11.1088],[72.7395,11.114],[72.75,11.1191]]],[[[73.0132,11.5022],[73.0056,11.4796],[73.0044,11.4965],[73.0071,11.5013],[73.0132,11.5022]]],[[[72.7161,11.6941],[72.7053,11.6873],[72.7009,11.6864],[72.7051,11.6923],[72.7161,11.6941]]],[[[-15.6653,11.4945],[-15.658,11.4877],[-15.6516,11.4882],[-15.6584,11.4739],[-15.6527,11.4661],[-15.6576,11.458],[-15.6796,11.4404],[-15.6857,11.4535],[-15.6932,11.4535],[-15.7047,11.4427],[-15.7209,11.4427],[-15.7351,11.4499],[-15.7404,11.4604],[-15.7355,11.4694],[-15.7137,11.4678],[-15.7005,11.4834],[-15.6932,11.5019],[-15.6857,11.4945],[-15.6653,11.5087],[-15.6603,11.5047],[-15.6653,11.4945]]],[[[33.406,31.1845],[33.433,31.1721],[33.4759,31.1418],[33.4544,31.1547],[33.2987,31.2128],[33.2698,31.2168],[33.3011,31.2159],[33.3525,31.1949],[33.406,31.1845]]],[[[33.1047,31.2403],[33.2625,31.2236],[33.2561,31.2193],[33.2435,31.2193],[33.1531,31.2318],[33.119,31.2236],[33.1025,31.2268],[33.0764,31.2187],[32.9559,31.1632],[32.9347,31.1479],[32.9465,31.1633],[33.0148,31.1967],[33.0669,31.2174],[33.0786,31.2271],[33.1047,31.2403]]],[[[-16.487,32.4917],[-16.5368,32.558],[-16.5423,32.5805],[-16.5253,32.5672],[-16.5067,32.5442],[-16.4921,32.5172],[-16.487,32.4917]]],[[[-16.34,33.0572],[-16.3643,33.0344],[-16.3783,33.032],[-16.3983,33.0398],[-16.3983,33.0466],[-16.3799,33.0513],[-16.3741,33.0582],[-16.3617,33.0903],[-16.3413,33.1059],[-16.3171,33.1108],[-16.2959,33.1013],[-16.2891,33.1087],[-16.2898,33.0794],[-16.286,33.0675],[-16.2754,33.0602],[-16.3257,33.0658],[-16.34,33.0572]]],[[[10.9641,34.6567],[10.9872,34.6718],[11.1013,34.671],[11.1108,34.6595],[11.0557,34.621],[11.0365,34.6243],[10.9641,34.6567]]],[[[24.1223,34.8465],[24.1214,34.8361],[24.1257,34.8269],[24.1353,34.8218],[24.1353,34.815],[24.1086,34.8166],[24.0861,34.8263],[24.0464,34.8491],[24.0464,34.8553],[24.0579,34.8554],[24.0669,34.8585],[24.0806,34.869],[24.0931,34.8695],[24.1284,34.8627],[24.1284,34.8553],[24.1223,34.8465]]],[[[23.2959,35.886],[23.3158,35.8795],[23.3307,35.8649],[23.3333,35.8292],[23.3264,35.8292],[23.3206,35.8385],[23.2957,35.8596],[23.2809,35.8825],[23.2717,35.9042],[23.2761,35.9047],[23.278,35.8974],[23.2959,35.886]]],[[[25.7495,36.3877],[25.7678,36.4016],[25.803,36.3896],[25.8355,36.3662],[25.8552,36.3636],[25.8469,36.3503],[25.8381,36.3518],[25.8176,36.3636],[25.7769,36.3538],[25.7464,36.358],[25.7368,36.3662],[25.7302,36.3801],[25.7495,36.3877]]],[[[24.9479,36.6243],[24.9637,36.6025],[24.9637,36.5963],[24.938,36.5977],[24.9229,36.6023],[24.8955,36.6243],[24.8498,36.6469],[24.8408,36.6652],[24.8682,36.6652],[24.9479,36.6243]]],[[[25.1858,36.7191],[25.1831,36.7164],[25.1834,36.7062],[25.1296,36.6603],[25.0931,36.6366],[25.0674,36.6379],[25.1047,36.6994],[25.1165,36.7026],[25.1364,36.7167],[25.1463,36.7199],[25.1858,36.7191]]],[[[21.78,36.7475],[21.7816,36.7364],[21.7778,36.6994],[21.7681,36.7081],[21.7642,36.7199],[21.7505,36.7124],[21.7595,36.7519],[21.7642,36.754],[21.78,36.7475]]],[[[24.6563,36.7829],[24.6658,36.7746],[24.6677,36.764],[24.6594,36.7506],[24.6448,36.7473],[24.6297,36.7576],[24.6082,36.7813],[24.6218,36.795],[24.6438,36.793],[24.6423,36.7888],[24.6563,36.7829]]],[[[21.697,36.7758],[21.7009,36.7911],[21.7095,36.8017],[21.7228,36.7946],[21.7293,36.795],[21.7293,36.7888],[21.7163,36.7813],[21.7166,36.7709],[21.6958,36.7404],[21.697,36.7758]]],[[[24.6082,36.8291],[24.5728,36.7819],[24.5564,36.7803],[24.5398,36.7845],[24.5324,36.7919],[24.5296,36.8037],[24.5212,36.8174],[24.5261,36.8291],[24.5342,36.8361],[24.5618,36.8456],[24.5859,36.8365],[24.6008,36.8428],[24.603,36.8369],[24.6082,36.8359],[24.6082,36.8291]]],[[[25.4303,36.8441],[25.447,36.8574],[25.471,36.8707],[25.4784,36.8707],[25.471,36.8632],[25.4785,36.86],[25.4778,36.8352],[25.4579,36.8249],[25.4344,36.8227],[25.4231,36.8325],[25.4303,36.8441]]],[[[25.6146,36.8937],[25.6497,36.9116],[25.6844,36.8912],[25.674,36.8795],[25.6546,36.8789],[25.6087,36.8837],[25.6146,36.8937]]],[[[-7.904,36.9748],[-7.884,36.9809],[-7.8601,37.0004],[-7.8533,36.9868],[-7.8785,36.9709],[-7.9039,36.9659],[-7.9314,36.9665],[-7.9557,36.9731],[-7.9557,36.9805],[-7.904,36.9748]]],[[[25.0667,36.9551],[25.047,36.9692],[25.0305,36.989],[25.0259,37.0079],[25.0355,37.0219],[25.0532,37.0344],[25.0728,37.0422],[25.0879,37.042],[25.0696,36.9896],[25.0599,36.9731],[25.0811,36.9526],[25.0667,36.9551]]],[[[25.8074,37.1034],[25.8005,37.0959],[25.7805,37.124],[25.7974,37.1232],[25.8346,37.1376],[25.8284,37.124],[25.8421,37.1103],[25.8368,37.1024],[25.8291,37.0973],[25.8191,37.0969],[25.8074,37.1034]]],[[[23.1284,37.2884],[23.1585,37.2714],[23.1647,37.2538],[23.1624,37.2442],[23.152,37.24],[23.131,37.2437],[23.0944,37.2747],[23.1014,37.281],[23.1185,37.2878],[23.1284,37.2884]]],[[[23.4818,37.5565],[23.492,37.5391],[23.5116,37.529],[23.5256,37.528],[23.5256,37.5218],[23.5064,37.5128],[23.4812,37.5096],[23.4559,37.5125],[23.4363,37.5218],[23.4363,37.528],[23.4646,37.5338],[23.4754,37.5408],[23.4773,37.5559],[23.4818,37.5565]]],[[[-0.7419,37.7255],[-0.7401,37.7025],[-0.7265,37.6652],[-0.7469,37.6838],[-0.7545,37.7744],[-0.7494,37.7749],[-0.7327,37.7477],[-0.7419,37.7255]]],[[[12.287,37.9385],[12.3142,37.9464],[12.3368,37.9331],[12.3688,37.9252],[12.3577,37.914],[12.3421,37.9132],[12.3142,37.9252],[12.2997,37.9193],[12.2878,37.9215],[12.2787,37.9292],[12.2732,37.9395],[12.287,37.9385]]],[[[14.9663,38.4187],[14.9824,38.4124],[14.9937,38.403],[15.0073,38.3777],[14.9868,38.3641],[14.9483,38.3964],[14.9453,38.4123],[14.9588,38.4329],[14.9663,38.4329],[14.9663,38.4187]]],[[[14.8994,38.4817],[14.9006,38.4987],[14.9097,38.5153],[14.9248,38.5224],[14.9579,38.522],[14.9661,38.5163],[14.9588,38.5019],[14.9793,38.4875],[14.9793,38.4814],[14.9526,38.4814],[14.9579,38.4695],[14.9663,38.4609],[14.9663,38.4534],[14.9487,38.4509],[14.9216,38.4688],[14.9077,38.4739],[14.8994,38.4817]]],[[[14.8617,38.5393],[14.824,38.5518],[14.7938,38.5716],[14.815,38.5838],[14.8514,38.5849],[14.867,38.5811],[14.877,38.5695],[14.8689,38.5605],[14.8617,38.5393]]],[[[20.9411,38.6042],[20.9094,38.5629],[20.9076,38.549],[20.8939,38.549],[20.8939,38.5565],[20.9321,38.603],[20.9411,38.6042]]],[[[25.5889,38.6117],[25.6223,38.5838],[25.6228,38.5791],[25.6149,38.577],[25.605,38.5353],[25.5715,38.5412],[25.5608,38.5353],[25.5574,38.5446],[25.5619,38.5569],[25.5608,38.5633],[25.5232,38.5974],[25.5261,38.6042],[25.533,38.6069],[25.5466,38.5974],[25.5601,38.6093],[25.5679,38.61],[25.5746,38.6042],[25.5808,38.6042],[25.5808,38.6117],[25.5889,38.6117]]],[[[23.4363,39.1461],[23.4043,39.1491],[23.3953,39.1461],[23.3987,39.1636],[23.4295,39.1762],[23.4338,39.187],[23.4447,39.1985],[23.4705,39.2138],[23.5038,39.1943],[23.5129,39.1785],[23.5051,39.1591],[23.489,39.1688],[23.4751,39.1578],[23.4605,39.1318],[23.4529,39.1334],[23.4363,39.1461]]],[[[20.1404,39.2417],[20.1901,39.2026],[20.2019,39.1796],[20.1687,39.1828],[20.1587,39.1892],[20.1281,39.2231],[20.1253,39.236],[20.1404,39.2417]]],[[[25.0474,39.5454],[25.0404,39.5206],[24.9917,39.467],[24.9849,39.467],[24.9736,39.5146],[24.9766,39.5377],[24.9979,39.5502],[24.9945,39.5582],[24.9968,39.562],[25.0032,39.5632],[25.0122,39.5639],[25.0474,39.5454]]],[[[26.0772,39.8447],[26.083,39.8349],[26.0817,39.8],[26.075,39.7849],[26.0591,39.7861],[26.0265,39.8034],[25.9971,39.8142],[25.9837,39.8221],[25.978,39.8342],[25.986,39.8422],[26.0042,39.8452],[26.0511,39.8441],[26.0606,39.8376],[26.0772,39.8447]]],[[[10.9135,42.3752],[10.9273,42.3533],[10.9296,42.3406],[10.9398,42.3307],[10.9233,42.3187],[10.9089,42.3253],[10.8717,42.3541],[10.8618,42.3663],[10.8764,42.3744],[10.8758,42.3868],[10.883,42.3922],[10.9135,42.3752]]],[[[9.4821,42.6201],[9.4768,42.6191],[9.4566,42.6474],[9.4821,42.6201]]],[[[16.9211,42.7772],[16.9339,42.7709],[16.9364,42.7555],[16.9247,42.7414],[16.9054,42.7318],[16.8849,42.7294],[16.8822,42.7364],[16.8582,42.743],[16.8477,42.7336],[16.8343,42.7309],[16.8208,42.7361],[16.8098,42.7498],[16.8223,42.7551],[16.8241,42.7641],[16.8189,42.7694],[16.8098,42.7635],[16.803,42.7635],[16.8102,42.7753],[16.8281,42.781],[16.8582,42.784],[16.9211,42.7772]]],[[[9.8418,43.0634],[9.8548,43.0443],[9.8421,43.025],[9.823,43.0085],[9.8015,43.0078],[9.7846,43.0284],[9.8069,43.0664],[9.8258,43.0746],[9.8418,43.0634]]],[[[15.7404,43.6275],[15.6813,43.6403],[15.672,43.6374],[15.6631,43.6457],[15.6038,43.6747],[15.6113,43.6821],[15.6196,43.6754],[15.6502,43.673],[15.6789,43.648],[15.7404,43.6275]]],[[[15.2664,43.857],[15.3425,43.8118],[15.3674,43.7901],[15.3957,43.7724],[15.3089,43.8056],[15.2884,43.8255],[15.2479,43.849],[15.2334,43.8622],[15.2278,43.8745],[15.2407,43.8808],[15.2612,43.8671],[15.2664,43.857]]],[[[14.8504,44.1522],[14.8638,44.1481],[14.8692,44.1405],[14.8561,44.1369],[14.8352,44.1417],[14.8198,44.153],[14.8224,44.1687],[14.8274,44.1579],[14.8355,44.151],[14.8428,44.1483],[14.8504,44.1522]]],[[[12.3718,45.4249],[12.3892,45.4335],[12.4075,45.4307],[12.4309,45.4157],[12.4048,45.4223],[12.3762,45.4226],[12.3215,45.348],[12.32,45.3542],[12.3279,45.3723],[12.3521,45.4055],[12.3718,45.4249]]],[[[-2.2982,46.7202],[-2.2797,46.7103],[-2.269,46.6974],[-2.2914,46.7036],[-2.3714,46.7043],[-2.3829,46.7226],[-2.3752,46.7316],[-2.3568,46.7338],[-2.3372,46.7316],[-2.2982,46.7202]]],[[[-5.069,48.4851],[-5.043,48.472],[-5.0366,48.4726],[-5.0366,48.4652],[-5.088,48.4472],[-5.1055,48.4446],[-5.1055,48.4515],[-5.0919,48.4515],[-5.0978,48.4613],[-5.1074,48.4634],[-5.1328,48.4583],[-5.1328,48.4652],[-5.0918,48.4808],[-5.069,48.4851]]],[[[-0.9599,50.8021],[-0.9388,50.7884],[-0.9388,50.781],[-1.0207,50.7884],[-1.0207,50.7952],[-0.9987,50.801],[-0.9726,50.8298],[-0.9599,50.8293],[-0.9503,50.8238],[-0.9478,50.8178],[-0.9599,50.8083],[-0.9599,50.8021]]],[[[-9.6383,53.251],[-9.6583,53.2327],[-9.6924,53.2264],[-9.7104,53.2386],[-9.7201,53.2661],[-9.7104,53.2755],[-9.6989,53.2807],[-9.6715,53.2807],[-9.6383,53.251]]],[[[-4.5727,53.2665],[-4.5585,53.2528],[-4.5636,53.2419],[-4.5719,53.2395],[-4.6024,53.2531],[-4.6326,53.2829],[-4.6767,53.2851],[-4.694,53.3028],[-4.694,53.3096],[-4.6673,53.3239],[-4.6557,53.3198],[-4.6263,53.3209],[-4.5904,53.2976],[-4.5809,53.2855],[-4.5727,53.2665]]],[[[6.4551,53.5581],[6.5101,53.5436],[6.502,53.5425],[6.4964,53.5362],[6.4607,53.5434],[6.443,53.55],[6.4412,53.5566],[6.4551,53.5581]]],[[[6.9108,53.6837],[7.047,53.6942],[7.0855,53.687],[6.8738,53.6728],[6.9108,53.6837]]],[[[7.179,53.7241],[7.2329,53.7294],[7.3462,53.728],[7.3467,53.7232],[7.2957,53.711],[7.1736,53.7014],[7.1331,53.7081],[7.179,53.7241]]],[[[7.3831,53.7348],[7.4035,53.7367],[7.4226,53.7342],[7.4356,53.728],[7.4324,53.7241],[7.4212,53.7211],[7.3812,53.7285],[7.3665,53.728],[7.3831,53.7348]]],[[[8.1327,53.734],[8.1524,53.7392],[8.1748,53.737],[8.196,53.728],[8.1717,53.7256],[8.1509,53.7143],[8.1307,53.7185],[8.1201,53.7143],[8.1201,53.7211],[8.1327,53.734]]],[[[7.6066,53.7626],[7.6267,53.7553],[7.6272,53.7509],[7.5477,53.7504],[7.5139,53.7455],[7.5112,53.728],[7.4819,53.7271],[7.473,53.7319],[7.4696,53.7453],[7.4746,53.7568],[7.487,53.7614],[7.6066,53.7626]]],[[[7.6863,53.781],[7.7283,53.7866],[7.8128,53.7831],[7.8128,53.7764],[7.7986,53.7764],[7.7482,53.7609],[7.7195,53.7599],[7.695,53.7695],[7.6771,53.7578],[7.6686,53.7579],[7.6609,53.7621],[7.6863,53.781]]],[[[7.8545,53.7846],[7.8589,53.7909],[7.8976,53.7963],[7.929,53.7925],[7.9556,53.7829],[7.8753,53.7884],[7.8738,53.7764],[7.8545,53.7846]]],[[[11.3904,54.0046],[11.4266,54.0229],[11.468,54.031],[11.4979,54.0228],[11.4683,53.9707],[11.4577,53.9614],[11.4453,53.9611],[11.4445,53.9681],[11.4514,53.9855],[11.447,53.9971],[11.4387,53.9973],[11.4333,53.9888],[11.4378,53.975],[11.4231,53.9677],[11.4071,53.9682],[11.3757,53.9818],[11.3904,54.0046]]],[[[11.5286,54.0775],[11.5339,54.0849],[11.6019,54.1042],[11.6159,54.1121],[11.599,54.098],[11.5527,54.0731],[11.5396,54.057],[11.5339,54.057],[11.5286,54.0775]]],[[[8.9585,54.5224],[8.9569,54.5094],[8.9385,54.4991],[8.9113,54.4755],[8.888,54.4685],[8.8445,54.4665],[8.8239,54.4709],[8.8128,54.4821],[8.8237,54.4855],[8.8255,54.4912],[8.8128,54.5019],[8.8445,54.5197],[8.8796,54.5291],[8.9192,54.5305],[8.9631,54.5237],[8.9585,54.5224]]],[[[13.1189,54.5864],[13.1131,54.5701],[13.1122,54.5507],[13.1025,54.5299],[13.0811,54.5172],[13.075,54.5094],[13.0696,54.4897],[13.0682,54.4685],[13.0614,54.4685],[13.0642,54.5051],[13.0956,54.5708],[13.1023,54.5961],[13.1096,54.6031],[13.126,54.6056],[13.1511,54.6049],[13.1572,54.5991],[13.1571,54.588],[13.1497,54.5914],[13.1497,54.5777],[13.1434,54.5777],[13.1434,54.5981],[13.1189,54.5864]]],[[[8.3823,54.6391],[8.4014,54.633],[8.3877,54.6261],[8.3537,54.619],[8.3303,54.6314],[8.2915,54.6671],[8.3205,54.6987],[8.3384,54.7102],[8.3604,54.7148],[8.3607,54.71],[8.3324,54.6938],[8.3823,54.6391]]],[[[-8.5249,55.0097],[-8.4966,55.0007],[-8.4882,54.9918],[-8.484,54.9755],[-8.5274,54.9675],[-8.5493,54.9684],[-8.5658,54.9755],[-8.5627,54.9864],[-8.5658,54.9954],[-8.5454,55.0029],[-8.5522,55.0097],[-8.5435,55.0153],[-8.5364,55.0166],[-8.5249,55.0097]]],[[[-6.1848,55.3068],[-6.1743,55.3039],[-6.1719,55.2932],[-6.1781,55.2806],[-6.1948,55.2629],[-6.1918,55.2794],[-6.188,55.284],[-6.2111,55.2953],[-6.2836,55.2971],[-6.2496,55.3103],[-6.1848,55.3068]]],[[[8.4517,55.3397],[8.4253,55.3555],[8.4024,55.38],[8.3709,55.4274],[8.3643,55.449],[8.3744,55.4633],[8.4082,55.4684],[8.412,55.4387],[8.4286,55.4335],[8.4489,55.4355],[8.4634,55.4274],[8.4631,55.4157],[8.4502,55.3934],[8.4675,55.3537],[8.4764,55.3454],[8.4517,55.3397]]],[[[-6.1982,56.1063],[-6.1826,56.1026],[-6.1743,56.1064],[-6.1818,56.1195],[-6.1494,56.1249],[-6.138,56.1247],[-6.1334,56.1126],[-6.1656,56.0815],[-6.1772,56.0615],[-6.1743,56.0438],[-6.1943,56.0353],[-6.2217,56.0308],[-6.2492,56.0313],[-6.2699,56.0375],[-6.2543,56.0446],[-6.2327,56.0816],[-6.1982,56.1063]]],[[[-5.6809,56.1946],[-5.6737,56.1789],[-5.6942,56.1686],[-5.7491,56.1611],[-5.7384,56.1775],[-5.7222,56.1871],[-5.6883,56.2021],[-5.6809,56.1946]]],[[[-5.6331,56.2635],[-5.618,56.2581],[-5.6126,56.2635],[-5.6106,56.2494],[-5.6282,56.2205],[-5.6374,56.1893],[-5.6476,56.1954],[-5.6667,56.2225],[-5.6564,56.232],[-5.6453,56.2559],[-5.6331,56.2635]]],[[[-5.6208,56.3242],[-5.5979,56.3218],[-5.5846,56.3256],[-5.5904,56.3136],[-5.6053,56.2969],[-5.599,56.2839],[-5.6217,56.2761],[-5.6403,56.2828],[-5.6467,56.2988],[-5.6331,56.3188],[-5.6208,56.3242]]],[[[-5.558,56.4143],[-5.5124,56.4154],[-5.5028,56.4211],[-5.5181,56.4039],[-5.5362,56.3922],[-5.558,56.3865],[-5.5846,56.387],[-5.574,56.4029],[-5.558,56.4143]]],[[[-6.2125,56.4678],[-6.2375,56.47],[-6.2637,56.4832],[-6.2421,56.4996],[-6.2153,56.5036],[-6.1706,56.4811],[-6.16,56.4695],[-6.2125,56.4678]]],[[[11.5095,56.7102],[11.5208,56.7154],[11.6061,56.7204],[11.6494,56.7296],[11.6494,56.7222],[11.618,56.7113],[11.5811,56.6812],[11.5642,56.6774],[11.5437,56.6787],[11.5246,56.6847],[11.5122,56.6955],[11.5095,56.7102]]],[[[8.8127,56.7346],[8.7713,56.716],[8.7661,56.6987],[8.6864,56.6866],[8.6584,56.6781],[8.6484,56.6811],[8.6218,56.7139],[8.5863,56.7365],[8.5559,56.7438],[8.5249,56.7373],[8.5147,56.7382],[8.5181,56.7501],[8.5228,56.7551],[8.5487,56.7637],[8.5532,56.7681],[8.5453,56.7911],[8.573,56.8026],[8.6438,56.8081],[8.6688,56.8258],[8.6438,56.8259],[8.6211,56.832],[8.6267,56.8415],[8.6467,56.8564],[8.6551,56.8668],[8.6519,56.866],[8.6498,56.8743],[8.6484,56.8907],[8.6516,56.8942],[8.6751,56.8941],[8.7038,56.9001],[8.7625,56.9054],[8.7918,56.9145],[8.8136,56.9103],[8.8338,56.9248],[8.8674,56.963],[8.8904,56.9548],[8.9163,56.9791],[8.9289,56.9766],[8.9114,56.9561],[8.9085,56.9487],[8.9227,56.922],[8.9004,56.8748],[8.888,56.8668],[8.8877,56.8787],[8.8827,56.8864],[8.8674,56.8941],[8.8396,56.8798],[8.8364,56.8693],[8.847,56.8531],[8.8552,56.8198],[8.8639,56.8095],[8.8811,56.8054],[8.8684,56.7981],[8.8533,56.7978],[8.8674,56.7911],[8.8542,56.7799],[8.8391,56.7573],[8.8127,56.7346]]],[[[-6.6064,57.0517],[-6.5563,57.0701],[-6.5375,57.0728],[-6.5259,57.0671],[-6.5015,57.0637],[-6.4897,57.0586],[-6.5159,57.0507],[-6.5482,57.0476],[-6.6064,57.0517]]],[[[-5.9849,57.2904],[-6.0078,57.3036],[-6.0139,57.3175],[-5.99,57.3255],[-5.9557,57.3216],[-5.9294,57.3072],[-5.9254,57.2917],[-5.9586,57.2845],[-5.9849,57.2904]]],[[[-5.9837,57.5224],[-5.99,57.5329],[-5.9873,57.5463],[-5.9757,57.5588],[-5.9825,57.5663],[-5.9687,57.5766],[-5.9619,57.5773],[-5.9552,57.5725],[-5.968,57.5339],[-5.9683,57.5179],[-5.9837,57.5224]]],[[[-7.1802,57.7347],[-7.1612,57.737],[-7.152,57.7263],[-7.17,57.7152],[-7.199,57.708],[-7.2226,57.7097],[-7.1802,57.7347]]],[[[-8.6053,57.8264],[-8.5691,57.8237],[-8.5522,57.8189],[-8.569,57.8076],[-8.5909,57.8048],[-8.6107,57.8127],[-8.621,57.8332],[-8.6053,57.8264]]],[[[-7.0481,57.8908],[-7.0552,57.8842],[-7.0793,57.8803],[-7.0768,57.8907],[-7.0793,57.8947],[-7.0377,57.9163],[-7.0155,57.9219],[-6.9974,57.9151],[-6.9971,57.8935],[-7.0092,57.8896],[-7.0446,57.9021],[-7.0481,57.8908]]],[[[11.7334,58.0],[11.7194,57.9922],[11.7102,57.9929],[11.7068,57.9995],[11.7334,58.0]]],[[[11.6677,57.9904],[11.6594,57.9633],[11.6506,57.9554],[11.6394,57.9514],[11.6189,57.9543],[11.5947,57.9356],[11.5811,57.9359],[11.5601,57.9493],[11.5337,57.9507],[11.5278,57.9543],[11.5227,57.975],[11.5125,57.9926],[11.5153,58.0],[11.6748,58.0],[11.6677,57.9904]]],[[[79.7308,9.5002],[79.7147,9.4851],[79.6895,9.4836],[79.666,9.4913],[79.6558,9.5039],[79.6558,9.5449],[79.6587,9.5554],[79.6653,9.554],[79.6763,9.535],[79.6935,9.5296],[79.7141,9.5281],[79.7192,9.5244],[79.7308,9.5002]]],[[[73.0955,0.228],[73.1043,0.2196],[73.1029,0.2134],[73.0989,0.2164],[73.0955,0.228]]],[[[73.2174,0.2377],[73.2109,0.2322],[73.209,0.24],[73.2174,0.2377]]],[[[73.0368,0.2697],[73.0404,0.2595],[73.0404,0.2593],[73.0361,0.2609],[73.0368,0.2697]]],[[[73.3696,0.28],[73.3711,0.286],[73.3791,0.2852],[73.3696,0.28]]],[[[72.981,0.3036],[72.9881,0.3019],[72.986,0.2996],[72.981,0.3036]]],[[[73.5134,0.3877],[73.5086,0.3807],[73.5086,0.3806],[73.5066,0.3878],[73.5134,0.3877]]],[[[72.9584,0.4031],[72.9611,0.3943],[72.9612,0.394],[72.9578,0.3968],[72.9584,0.4031]]],[[[72.9406,0.4873],[72.937,0.4936],[72.9409,0.4963],[72.9406,0.4873]]],[[[73.492,0.5078],[73.4946,0.499],[73.4898,0.5026],[73.492,0.5078]]],[[[73.3879,0.6418],[73.3867,0.6354],[73.3848,0.6356],[73.3843,0.6403],[73.3879,0.6418]]],[[[73.3731,0.7631],[73.3718,0.7566],[73.37,0.757],[73.3688,0.7604],[73.3731,0.7631]]],[[[73.3539,0.8476],[73.3529,0.8415],[73.3511,0.8406],[73.3498,0.8441],[73.3539,0.8476]]],[[[72.8316,3.5104],[72.8351,3.5054],[72.8311,3.5036],[72.828,3.5054],[72.8316,3.5104]]],[[[72.7938,3.5168],[72.7952,3.5146],[72.7988,3.5119],[72.7912,3.5109],[72.7938,3.5168]]],[[[72.9118,3.5417],[72.9199,3.5522],[72.9284,3.5519],[72.9118,3.5417]]],[[[72.9419,3.6188],[72.9456,3.6137],[72.9385,3.6137],[72.9419,3.6188]]],[[[72.6926,3.7268],[72.6974,3.7188],[72.6946,3.715],[72.6897,3.718],[72.6926,3.7268]]],[[[73.4771,3.942],[73.47,3.9351],[73.4675,3.9337],[73.4692,3.937],[73.4771,3.942]]],[[[72.7031,4.0033],[72.7066,3.9979],[72.7046,3.9964],[72.6994,3.9982],[72.7031,4.0033]]],[[[73.5083,4.0933],[73.5023,4.1008],[73.5081,4.1036],[73.5083,4.0933]]],[[[72.9706,4.2658],[72.9756,4.2624],[72.9758,4.2604],[72.9725,4.2604],[72.9706,4.2658]]],[[[73.7028,4.4347],[73.6976,4.4315],[73.6974,4.4314],[73.7028,4.4347]]],[[[73.7026,4.4529],[73.6999,4.4492],[73.7,4.4516],[73.7026,4.4529]]],[[[73.3773,4.4653],[73.3739,4.467],[73.3767,4.4744],[73.3773,4.4653]]],[[[73.405,4.6348],[73.4053,4.6284],[73.403,4.6274],[73.4012,4.6298],[73.405,4.6348]]],[[[73.4905,4.7233],[73.4907,4.7167],[73.4885,4.716],[73.4867,4.7182],[73.4905,4.7233]]],[[[72.9697,4.8807],[72.9727,4.8944],[72.9793,4.8955],[72.9697,4.8807]]],[[[72.9229,4.8991],[72.9209,4.8979],[72.9175,4.8986],[72.9229,4.8991]]],[[[73.4365,4.9699],[73.4412,4.9749],[73.4473,4.9713],[73.4365,4.9699]]],[[[72.9094,5.0308],[72.9102,5.0327],[72.9129,5.0341],[72.9094,5.0308]]],[[[72.9277,5.0365],[72.9271,5.0339],[72.9243,5.033],[72.9277,5.0365]]],[[[73.0448,5.1218],[73.0435,5.1188],[73.0413,5.1184],[73.0448,5.1218]]],[[[73.0492,5.1332],[73.0514,5.1267],[73.0476,5.1264],[73.0453,5.1289],[73.0492,5.1332]]],[[[73.0913,5.1614],[73.0879,5.158],[73.0877,5.1579],[73.0913,5.1614]]],[[[73.1042,5.1729],[73.1069,5.1718],[73.1105,5.1703],[73.1071,5.171],[73.1042,5.1729]]],[[[72.8601,5.2379],[72.8592,5.2355],[72.8566,5.2344],[72.8601,5.2379]]],[[[73.1318,5.2425],[73.1284,5.2412],[73.1318,5.2446],[73.1318,5.2425]]],[[[73.4998,5.2469],[73.4972,5.245],[73.4938,5.246],[73.4998,5.2469]]],[[[73.5936,5.2827],[73.5776,5.2746],[73.57,5.2768],[73.5936,5.2827]]],[[[73.1126,5.2984],[73.1092,5.2952],[73.1092,5.2967],[73.1126,5.2984]]],[[[73.4644,5.3069],[73.4671,5.3083],[73.4701,5.3077],[73.4644,5.3069]]],[[[73.6296,5.3328],[73.6272,5.3311],[73.6233,5.3319],[73.6296,5.3328]]],[[[73.6465,5.3432],[73.6401,5.3422],[73.6399,5.3422],[73.6434,5.3439],[73.6465,5.3432]]],[[[72.9524,5.3501],[72.9496,5.3493],[72.9531,5.3528],[72.9524,5.3501]]],[[[73.3976,5.362],[73.4006,5.3577],[73.4012,5.3561],[73.3962,5.3571],[73.3976,5.362]]],[[[73.3177,5.3658],[73.3301,5.3668],[73.3289,5.3642],[73.3193,5.3629],[73.3177,5.3658]]],[[[73.3449,5.4268],[73.3475,5.4288],[73.3508,5.4277],[73.3449,5.4268]]],[[[73.5349,5.4499],[73.5313,5.4504],[73.5374,5.4514],[73.5349,5.4499]]],[[[73.363,5.4631],[73.3631,5.4594],[73.3607,5.4578],[73.363,5.4631]]],[[[72.943,5.4675],[72.9403,5.4621],[72.9382,5.4615],[72.937,5.4656],[72.943,5.4675]]],[[[73.0159,5.4929],[73.013,5.4875],[73.011,5.4868],[73.0098,5.4909],[73.0159,5.4929]]],[[[73.4593,5.5417],[73.4563,5.5427],[73.4624,5.5436],[73.4593,5.5417]]],[[[73.0056,5.7133],[73.0023,5.7071],[72.9998,5.707],[72.9988,5.712],[73.0056,5.7133]]],[[[72.9494,6.3497],[72.9539,6.3456],[72.9531,6.3435],[72.9485,6.3444],[72.9494,6.3497]]],[[[72.8926,6.4521],[72.8972,6.4479],[72.8963,6.4458],[72.8909,6.4482],[72.8926,6.4521]]],[[[72.1726,10.83],[72.179,10.8487],[72.2,10.8781],[72.2,10.8644],[72.1727,10.8092],[72.1726,10.83]]],[[[53.2681,12.1288],[53.2869,12.1273],[53.3082,12.1184],[53.3103,12.1114],[53.2631,12.1149],[53.2483,12.1213],[53.2681,12.1288]]],[[[53.0684,12.1749],[53.0829,12.1648],[53.0871,12.1486],[53.0864,12.1343],[53.0718,12.1303],[53.0566,12.1283],[53.0268,12.1397],[53.0067,12.1566],[52.9853,12.1627],[52.9887,12.1722],[53.004,12.1769],[53.0171,12.1756],[53.0385,12.1803],[53.0531,12.1749],[53.0684,12.1749]]],[[[43.4422,12.6672],[43.449,12.653],[43.4474,12.6387],[43.4358,12.6321],[43.4289,12.6347],[43.4114,12.6527],[43.3998,12.6498],[43.3928,12.6531],[43.3901,12.6663],[43.4064,12.673],[43.429,12.6738],[43.4422,12.6672]]],[[[55.8324,17.5004],[55.8371,17.5101],[55.863,17.5189],[55.8908,17.5045],[55.8758,17.4959],[55.8457,17.4961],[55.8362,17.4909],[55.8324,17.5004]]],[[[37.2653,20.855],[37.2791,20.8456],[37.2835,20.8327],[37.2718,20.7661],[37.2645,20.75],[37.2544,20.7498],[37.2442,20.7727],[37.2434,20.804],[37.2508,20.8347],[37.2653,20.855]]],[[[67.3904,24.0493],[67.4133,24.0488],[67.458,24.0627],[67.4853,24.0485],[67.4652,24.0406],[67.4539,24.0134],[67.4269,24.0075],[67.4094,24.0135],[67.3934,24.0281],[67.3815,24.0462],[67.3755,24.0627],[67.3904,24.0493]]],[[[54.5332,26.3068],[54.5474,26.2904],[54.5264,26.2519],[54.521,26.251],[54.4976,26.2597],[54.4922,26.2656],[54.4885,26.2887],[54.4881,26.298],[54.4922,26.3096],[54.4984,26.3174],[54.5068,26.3212],[54.5164,26.3194],[54.5332,26.3068]]],[[[56.3268,26.8611],[56.3412,26.8793],[56.3665,26.8898],[56.4041,26.8931],[56.4092,26.8623],[56.3792,26.8387],[56.341,26.8276],[56.3223,26.8344],[56.3268,26.8611]]],[[[56.473,27.106],[56.5046,27.0889],[56.5085,27.0744],[56.5047,27.0617],[56.4953,27.0523],[56.4818,27.0463],[56.4662,27.0439],[56.4346,27.0548],[56.4369,27.08],[56.4554,27.1028],[56.473,27.106]]],[[[50.295,29.2752],[50.3347,29.2587],[50.3301,29.2414],[50.333,29.224],[50.3264,29.2089],[50.3165,29.2076],[50.3066,29.2154],[50.2833,29.2689],[50.295,29.2752]]],[[[48.0724,29.9987],[48.0584,29.9835],[48.0311,29.971],[48.0237,29.9699],[48.0108,29.9805],[48.0093,29.9869],[48.0231,29.9952],[48.0436,30.019],[48.0547,30.0245],[48.0938,30.0293],[48.1092,30.028],[48.1061,30.0176],[48.0724,29.9987]]],[[[73.3652,1.791],[73.3758,1.7886],[73.3682,1.7829],[73.3652,1.791]]],[[[73.4003,1.8061],[73.4021,1.7956],[73.3944,1.7947],[73.3948,1.7988],[73.4003,1.8061]]],[[[73.4636,1.8263],[73.4567,1.8204],[73.4541,1.8205],[73.4526,1.8268],[73.4636,1.8263]]],[[[73.5181,1.8427],[73.4992,1.8277],[73.4981,1.8288],[73.5023,1.8349],[73.5181,1.8427]]],[[[73.5363,1.8697],[73.533,1.8616],[73.5324,1.8601],[73.5315,1.8635],[73.5363,1.8697]]],[[[73.2437,1.8887],[73.244,1.8941],[73.2517,1.8924],[73.2437,1.8887]]],[[[73.5488,1.9114],[73.5409,1.8924],[73.5531,1.9324],[73.5488,1.9114]]],[[[73.5498,1.9657],[73.5477,1.9683],[73.5501,1.9764],[73.5498,1.9657]]],[[[73.3172,1.9914],[73.3233,1.9865],[73.3184,1.9831],[73.3154,1.9851],[73.3172,1.9914]]],[[[73.543,2.0222],[73.5403,2.0225],[73.5442,2.0266],[73.543,2.0222]]],[[[73.387,2.0286],[73.3862,2.0303],[73.387,2.033],[73.387,2.0286]]],[[[73.5514,2.0726],[73.5513,2.0781],[73.5557,2.0825],[73.5514,2.0726]]],[[[73.5854,2.1096],[73.5804,2.1058],[73.5618,2.0947],[73.5676,2.1099],[73.5854,2.1096]]],[[[73.0437,2.1664],[73.0398,2.1646],[73.0383,2.1645],[73.0437,2.1664]]],[[[73.1039,2.1865],[73.1023,2.181],[73.0995,2.182],[73.0998,2.1855],[73.1039,2.1865]]],[[[73.1155,2.1997],[73.1209,2.1918],[73.115,2.1918],[73.1155,2.1997]]],[[[72.9463,2.2724],[72.9431,2.273],[72.9484,2.2749],[72.9463,2.2724]]],[[[72.927,2.3161],[72.9225,2.3196],[72.9261,2.3275],[72.927,2.3161]]],[[[73.344,2.348],[73.3436,2.3442],[73.3421,2.3421],[73.344,2.348]]],[[[73.3543,2.4372],[73.3662,2.4115],[73.367,2.398],[73.3626,2.3849],[73.3543,2.4372]]],[[[73.3152,2.4941],[73.3115,2.4993],[73.3148,2.5058],[73.3152,2.4941]]],[[[73.1438,2.5504],[73.141,2.5504],[73.1455,2.5533],[73.1438,2.5504]]],[[[72.9001,2.6822],[72.9064,2.6797],[72.9045,2.6757],[72.9006,2.6776],[72.9001,2.6822]]],[[[72.8737,2.6837],[72.867,2.689],[72.8726,2.6942],[72.8737,2.6837]]],[[[73.0322,2.745],[73.028,2.7382],[73.0223,2.7417],[73.0322,2.745]]],[[[73.3535,2.7783],[73.3535,2.7719],[73.3514,2.7707],[73.3485,2.7754],[73.3535,2.7783]]],[[[73.3906,2.7754],[73.3919,2.7815],[73.3993,2.7857],[73.3906,2.7754]]],[[[73.5486,2.8927],[73.551,2.8906],[73.5491,2.8881],[73.5486,2.8927]]],[[[73.3604,2.9039],[73.3628,2.8984],[73.3573,2.8998],[73.3604,2.9039]]],[[[73.0149,2.9474],[73.009,2.9464],[73.0085,2.9533],[73.0149,2.9474]]],[[[73.5642,2.9546],[73.562,2.9461],[73.5618,2.9504],[73.5642,2.9546]]],[[[73.5859,2.9615],[73.5775,2.9512],[73.5785,2.9573],[73.5859,2.9615]]],[[[72.8701,2.9691],[72.8677,2.9609],[72.8651,2.9582],[72.8649,2.9609],[72.8701,2.9691]]],[[[72.9016,3.0838],[72.906,3.0804],[72.9045,3.0774],[72.8999,3.0768],[72.9016,3.0838]]],[[[73.6126,3.103],[73.6084,3.1004],[73.613,3.1068],[73.6126,3.103]]],[[[72.978,3.1101],[72.9818,3.105],[72.9782,3.1027],[72.9751,3.1042],[72.978,3.1101]]],[[[73.0422,3.2055],[73.0469,3.2021],[73.0407,3.1985],[73.0422,3.2055]]],[[[73.0318,3.2529],[73.0357,3.2478],[73.032,3.2456],[73.029,3.2469],[73.0318,3.2529]]],[[[72.8333,3.3125],[72.8377,3.3091],[72.8361,3.306],[72.8314,3.3056],[72.8333,3.3125]]],[[[73.5164,3.3612],[73.5188,3.3591],[73.5192,3.3564],[73.5164,3.3612]]],[[[73.7477,3.451],[73.7531,3.4464],[73.7532,3.4464],[73.7485,3.4482],[73.7477,3.451]]],[[[73.5085,3.4966],[73.5061,3.4977],[73.5059,3.5012],[73.5085,3.4966]]],[[[72.9524,3.7338],[72.9558,3.7287],[72.949,3.7286],[72.9524,3.7338]]],[[[72.9458,3.7721],[72.9494,3.767],[72.9424,3.767],[72.9458,3.7721]]],[[[72.9446,3.8369],[72.9481,3.8317],[72.9412,3.8317],[72.9446,3.8369]]],[[[73.4373,3.8466],[73.4334,3.8427],[73.4323,3.8417],[73.4325,3.8468],[73.4373,3.8466]]],[[[73.4435,3.9206],[73.443,3.9188],[73.4382,3.9164],[73.4435,3.9206]]],[[[73.3449,3.9446],[73.3415,3.942],[73.3415,3.9431],[73.3449,3.9446]]],[[[73.4226,4.1184],[73.4214,4.1164],[73.419,4.1157],[73.4226,4.1184]]],[[[72.9586,4.2625],[72.9544,4.2615],[72.9452,4.2663],[72.9586,4.2625]]],[[[73.5959,4.3423],[73.5925,4.3402],[73.5891,4.3406],[73.5959,4.3423]]],[[[73.6115,4.3629],[73.6118,4.3565],[73.6095,4.3556],[73.6077,4.3581],[73.6115,4.3629]]],[[[73.6379,4.3704],[73.6371,4.364],[73.6336,4.3647],[73.6317,4.3685],[73.6379,4.3704]]],[[[73.668,4.3935],[73.6683,4.3869],[73.6662,4.3859],[73.6643,4.3883],[73.668,4.3935]]],[[[72.9561,4.4221],[72.9471,4.4231],[72.9434,4.4316],[72.957,4.4383],[72.9561,4.4221]]],[[[73.5536,4.6203],[73.5539,4.6139],[73.5516,4.613],[73.5498,4.6154],[73.5536,4.6203]]],[[[73.6296,5.4185],[73.6367,5.4029],[73.6325,5.3861],[73.6278,5.4133],[73.6296,5.4185]]],[[[73.0055,5.4631],[73.0026,5.4576],[73.001,5.4562],[72.999,5.4611],[73.0055,5.4631]]],[[[72.884,5.4941],[72.8811,5.4885],[72.8792,5.4879],[72.8777,5.4921],[72.884,5.4941]]],[[[73.019,5.6177],[73.0161,5.6123],[73.014,5.6116],[73.0129,5.6157],[73.019,5.6177]]],[[[73.0147,5.677],[73.0119,5.6715],[73.0098,5.6708],[73.0086,5.675],[73.0147,5.677]]],[[[73.3928,5.7377],[73.3807,5.7146],[73.3796,5.7152],[73.3928,5.7377]]],[[[72.9859,5.7656],[72.9828,5.7625],[72.9868,5.7707],[72.9859,5.7656]]],[[[73.3823,5.7947],[73.3845,5.7869],[73.3807,5.7841],[73.3768,5.7873],[73.3823,5.7947]]],[[[72.9751,5.8046],[72.971,5.8105],[72.9766,5.8136],[72.9751,5.8046]]],[[[73.4338,5.8309],[73.4431,5.8413],[73.4498,5.8407],[73.4338,5.8309]]],[[[72.9637,5.864],[72.9665,5.8502],[72.9619,5.8567],[72.9637,5.864]]],[[[73.429,5.9112],[73.4285,5.9044],[73.4263,5.9033],[73.4232,5.9069],[73.429,5.9112]]],[[[72.9302,5.9569],[72.9258,5.9633],[72.9317,5.9691],[72.9302,5.9569]]],[[[73.3953,5.9578],[73.3845,5.9647],[73.3898,5.9703],[73.3953,5.9578]]],[[[72.9156,5.9813],[72.9129,5.9763],[72.9098,5.9779],[72.9097,5.9821],[72.9156,5.9813]]],[[[73.2507,6.0834],[73.249,6.0795],[73.2455,6.0798],[73.2507,6.0834]]],[[[73.252,6.1112],[73.2472,6.108],[73.2468,6.1077],[73.2489,6.1102],[73.252,6.1112]]],[[[73.2205,6.1321],[73.219,6.1293],[73.2152,6.1286],[73.2205,6.1321]]],[[[73.2702,6.1568],[73.2673,6.1509],[73.2651,6.1506],[73.2654,6.1536],[73.2702,6.1568]]],[[[73.2189,6.1723],[73.214,6.1688],[73.2158,6.1712],[73.2189,6.1723]]],[[[73.2681,6.1787],[73.266,6.185],[73.2708,6.1894],[73.2681,6.1787]]],[[[73.034,6.2222],[73.0291,6.219],[73.029,6.2188],[73.0304,6.221],[73.034,6.2222]]],[[[73.2417,6.2397],[73.2439,6.2316],[73.2402,6.2289],[73.2363,6.2321],[73.2417,6.2397]]],[[[73.1261,6.284],[73.1229,6.2834],[73.1284,6.2869],[73.1261,6.284]]],[[[73.2152,6.2947],[73.2131,6.2892],[73.2088,6.2864],[73.2093,6.2869],[73.2152,6.2947]]],[[[73.0833,6.3086],[73.0814,6.3056],[73.0781,6.3051],[73.0833,6.3086]]],[[[73.1971,6.3273],[73.2019,6.3222],[73.201,6.3183],[73.1942,6.3216],[73.1971,6.3273]]],[[[73.1242,6.3323],[73.1196,6.3292],[73.1193,6.3289],[73.1209,6.331],[73.1242,6.3323]]],[[[73.1873,6.3508],[73.1821,6.3463],[73.1802,6.3471],[73.181,6.3498],[73.1873,6.3508]]],[[[73.0205,6.369],[73.0249,6.3648],[73.0242,6.3627],[73.0193,6.3636],[73.0205,6.369]]],[[[72.6908,6.4116],[72.6872,6.4074],[72.6859,6.4065],[72.6859,6.4116],[72.6908,6.4116]]],[[[72.9028,6.4402],[72.9075,6.4359],[72.9066,6.4338],[72.9011,6.4363],[72.9028,6.4402]]],[[[73.0462,6.4363],[73.0431,6.4337],[73.0488,6.4413],[73.0462,6.4363]]],[[[72.9621,6.559],[72.958,6.5543],[72.9558,6.5553],[72.9568,6.56],[72.9621,6.559]]],[[[72.924,6.5653],[72.9287,6.5611],[72.9277,6.5589],[72.9231,6.5599],[72.924,6.5653]]],[[[73.0299,6.5822],[73.0304,6.5761],[73.0282,6.5752],[73.0256,6.5793],[73.0299,6.5822]]],[[[73.0448,6.6219],[73.0407,6.6172],[73.0384,6.6182],[73.0394,6.6229],[73.0448,6.6219]]],[[[73.0618,6.661],[73.0623,6.6669],[73.0695,6.668],[73.0618,6.661]]],[[[73.106,6.7099],[73.1004,6.6998],[73.0959,6.6984],[73.0993,6.7089],[73.106,6.7099]]],[[[73.0366,6.7597],[73.0369,6.7535],[73.0347,6.7526],[73.032,6.7566],[73.0366,6.7597]]],[[[72.9185,6.764],[72.9143,6.7592],[72.9123,6.7602],[72.9133,6.7649],[72.9185,6.764]]],[[[73.1642,6.7871],[73.1665,6.7803],[73.1528,6.7492],[73.1448,6.7355],[73.1317,6.725],[73.136,6.7412],[73.1525,6.7682],[73.1595,6.7865],[73.1642,6.7871]]],[[[73.1973,6.8281],[73.1838,6.8212],[73.1808,6.8234],[73.1817,6.8305],[73.1973,6.8281]]],[[[72.9957,6.8415],[72.9915,6.8367],[72.9894,6.8376],[72.9902,6.8424],[72.9957,6.8415]]],[[[73.1444,6.8434],[73.1403,6.8387],[73.138,6.8397],[73.139,6.8444],[73.1444,6.8434]]],[[[72.9761,6.8529],[72.9763,6.8467],[72.9741,6.8459],[72.9715,6.8498],[72.9761,6.8529]]],[[[73.0981,6.8521],[73.094,6.8476],[73.0918,6.8483],[73.0929,6.8531],[73.0981,6.8521]]],[[[72.9647,6.8607],[72.9606,6.856],[72.9583,6.857],[72.9592,6.8616],[72.9647,6.8607]]],[[[73.1062,6.8967],[73.1066,6.8904],[73.1043,6.8896],[73.1017,6.8935],[73.1062,6.8967]]],[[[73.214,6.9186],[73.2088,6.8911],[73.2039,6.885],[73.2019,6.9022],[73.2092,6.9183],[73.214,6.9186]]],[[[72.926,6.9574],[72.9263,6.9538],[72.9246,6.9517],[72.926,6.9574]]],[[[73.1947,6.9512],[73.1919,6.9516],[73.1919,6.9676],[73.1985,6.9713],[73.1947,6.9512]]],[[[72.8919,6.9877],[72.8905,6.9854],[72.8919,6.991],[72.8919,6.9877]]],[[[72.9797,7.0275],[72.9815,7.014],[72.9773,7.019],[72.9797,7.0275]]],[[[72.95,7.0564],[72.9485,7.0508],[72.9478,7.0539],[72.95,7.0564]]],[[[72.9129,7.0926],[72.9119,7.0832],[72.9066,7.091],[72.9129,7.0926]]],[[[72.8838,7.1072],[72.8845,7.1037],[72.8825,7.1016],[72.8838,7.1072]]],[[[54.2573,24.2877],[54.2393,24.2812],[54.2222,24.2845],[54.2051,24.3029],[54.1831,24.315],[54.1795,24.3214],[54.1846,24.3371],[54.1919,24.3462],[54.2038,24.3537],[54.218,24.358],[54.2324,24.3576],[54.2511,24.3266],[54.2734,24.3029],[54.2573,24.2877]]],[[[-16.0231,30.0323],[-16.023,30.0292],[-16.0273,30.0296],[-16.028,30.0336],[-16.0231,30.0323]]],[[[-15.8555,30.1469],[-15.855,30.1396],[-15.8598,30.1333],[-15.8747,30.1379],[-15.8734,30.1435],[-15.8644,30.1525],[-15.8555,30.1469]]],[[[12.867,35.8723],[12.874,35.8664],[12.8767,35.8559],[12.8726,35.8523],[12.8569,35.8523],[12.8459,35.8627],[12.847,35.8683],[12.867,35.8723]]],[[[23.8843,36.8436],[23.889,36.8343],[23.8843,36.8323],[23.877,36.8365],[23.8767,36.8437],[23.8843,36.8436]]],[[[23.4642,36.9171],[23.4673,36.9064],[23.4639,36.904],[23.4578,36.9064],[23.4497,36.9291],[23.4561,36.9278],[23.4642,36.9171]]],[[[14.3428,38.5473],[14.3572,38.5512],[14.3609,38.539],[14.3464,38.5351],[14.3428,38.5473]]],[[[14.576,38.5766],[14.5855,38.5574],[14.5736,38.5565],[14.5516,38.5616],[14.5437,38.5745],[14.5425,38.5869],[14.564,38.5845],[14.576,38.5766]]],[[[13.1857,38.7175],[13.1974,38.7083],[13.1768,38.693],[13.1652,38.6911],[13.1535,38.6948],[13.1531,38.7023],[13.1579,38.7099],[13.1693,38.7173],[13.1857,38.7175]]],[[[15.2186,38.812],[15.2393,38.804],[15.2375,38.796],[15.2246,38.7768],[15.2175,38.773],[15.2061,38.7752],[15.187,38.789],[15.187,38.7927],[15.2036,38.8016],[15.2121,38.8105],[15.2186,38.812]]],[[[13.4242,40.8002],[13.432,40.8015],[13.4269,40.7908],[13.4147,40.7859],[13.4242,40.8002]]],[[[-2.3564,49.4404],[-2.3544,49.4278],[-2.3735,49.4116],[-2.3781,49.4127],[-2.3731,49.4243],[-2.3755,49.4355],[-2.3638,49.4468],[-2.3564,49.4404]]],[[[-2.1703,49.7287],[-2.1703,49.7232],[-2.1879,49.7106],[-2.2008,49.7057],[-2.2169,49.703],[-2.2262,49.7078],[-2.2185,49.7187],[-2.2047,49.7241],[-2.1786,49.7309],[-2.1703,49.7287]]],[[[-6.2988,49.9355],[-6.2842,49.9228],[-6.2875,49.914],[-6.2973,49.9096],[-6.3092,49.9136],[-6.3074,49.9274],[-6.2988,49.9355]]],[[[-6.328,49.9566],[-6.3265,49.9492],[-6.3325,49.9417],[-6.3412,49.9448],[-6.3481,49.9562],[-6.3489,49.9643],[-6.328,49.9566]]],[[[-4.664,51.1771],[-4.6635,51.1649],[-4.6705,51.1601],[-4.6785,51.1671],[-4.6798,51.1806],[-4.6764,51.1931],[-4.6712,51.1951],[-4.664,51.1771]]],[[[-9.8072,51.6403],[-9.7993,51.6368],[-9.8074,51.6297],[-9.8922,51.6113],[-9.9179,51.6194],[-9.9155,51.6291],[-9.901,51.6367],[-9.8817,51.6411],[-9.8072,51.6403]]],[[[-10.3016,51.9248],[-10.2977,51.9184],[-10.3046,51.9107],[-10.3616,51.892],[-10.3962,51.8898],[-10.4058,51.8841],[-10.426,51.8823],[-10.429,51.8898],[-10.412,51.9041],[-10.3517,51.9311],[-10.3016,51.9248]]],[[[-9.6715,53.1092],[-9.6409,53.1015],[-9.6424,53.0938],[-9.6605,53.0906],[-9.7787,53.1235],[-9.8114,53.1376],[-9.8012,53.1465],[-9.7775,53.1468],[-9.7522,53.1354],[-9.7157,53.1383],[-9.6967,53.1365],[-9.6711,53.1305],[-9.6634,53.1232],[-9.6722,53.1159],[-9.6715,53.1092]]],[[[8.6989,54.5586],[8.7009,54.5478],[8.6929,54.5233],[8.6698,54.5019],[8.6413,54.4924],[8.6188,54.4926],[8.6061,54.4992],[8.5959,54.5137],[8.6021,54.5298],[8.6201,54.5379],[8.6989,54.5586]]],[[[15.6834,56.1175],[15.7269,56.1184],[15.7258,56.113],[15.7144,56.107],[15.7009,56.1057],[15.6985,56.1005],[15.7036,56.0807],[15.6968,56.0743],[15.6833,56.0754],[15.6511,56.09],[15.6423,56.1046],[15.655,56.1195],[15.6691,56.1239],[15.6834,56.1175]]],[[[-13.6886,57.5963],[-13.6904,57.5978],[-13.6877,57.5972],[-13.6886,57.5963]]],[[[23.2707,57.8078],[23.2751,57.7987],[23.2702,57.7856],[23.2503,57.7844],[23.2295,57.7917],[23.2178,57.8009],[23.2243,57.8237],[23.2396,57.8226],[23.2707,57.8078]]],[[[-16.3096,19.7308],[-16.3016,19.7226],[-16.3134,19.7047],[-16.3422,19.6764],[-16.3587,19.6479],[-16.3945,19.5999],[-16.3977,19.5999],[-16.3927,19.6171],[-16.3586,19.6774],[-16.3209,19.7285],[-16.3096,19.7308]]],[[[-16.4507,20.6125],[-16.4464,20.6073],[-16.4481,20.5745],[-16.4542,20.5711],[-16.4673,20.5762],[-16.4742,20.5942],[-16.4691,20.6091],[-16.4593,20.6147],[-16.4507,20.6125]]],[[[54.3353,24.364],[54.3361,24.3503],[54.3255,24.3213],[54.3089,24.3139],[54.2791,24.3644],[54.2972,24.3629],[54.3114,24.3553],[54.3099,24.3652],[54.2952,24.3752],[54.292,24.3845],[54.3049,24.3859],[54.3353,24.364]]],[[[52.3326,24.5254],[52.3392,24.5016],[52.3262,24.4806],[52.3142,24.4757],[52.2997,24.4829],[52.2832,24.497],[52.2823,24.5104],[52.2986,24.5333],[52.3097,24.5395],[52.3326,24.5254]]],[[[37.0269,25.4196],[37.0423,25.4074],[37.0281,25.4093],[37.0272,25.4052],[37.0313,25.3987],[37.0233,25.3998],[37.0036,25.4115],[36.9985,25.4224],[37.0003,25.4292],[36.9783,25.4269],[36.9714,25.4353],[36.9666,25.449],[36.9575,25.449],[36.9465,25.4419],[36.9443,25.4488],[36.9518,25.4675],[36.9614,25.4778],[36.9875,25.476],[36.9993,25.4694],[37.009,25.4499],[37.0154,25.4506],[37.0176,25.4577],[37.0217,25.4528],[37.0269,25.4196]]],[[[36.8399,25.5358],[36.827,25.5472],[36.8289,25.5613],[36.8413,25.57],[36.8556,25.5683],[36.8665,25.5575],[36.8661,25.5459],[36.8494,25.533],[36.8399,25.5358]]],[[[36.9007,25.5493],[36.8982,25.5954],[36.9046,25.6032],[36.9144,25.6066],[36.923,25.6029],[36.9284,25.5838],[36.9258,25.5766],[36.915,25.5806],[36.9165,25.5714],[36.9159,25.568],[36.9136,25.5692],[36.9276,25.5285],[36.9232,25.5194],[36.912,25.535],[36.9054,25.5391],[36.9007,25.5493]]],[[[54.5516,25.9177],[54.5532,25.8998],[54.5432,25.8931],[54.5137,25.9027],[54.5098,25.9138],[54.5466,25.9265],[54.5516,25.9177]]],[[[55.902,26.6689],[55.904,26.6452],[55.8897,26.6238],[55.8693,26.613],[55.8532,26.621],[55.8555,26.6441],[55.8683,26.6664],[55.8845,26.6777],[55.8943,26.6794],[55.902,26.6689]]],[[[53.6512,26.6838],[53.6592,26.6689],[53.6463,26.6572],[53.6287,26.6593],[53.6112,26.6673],[53.6012,26.6796],[53.6092,26.6905],[53.6292,26.6911],[53.6512,26.6838]]],[[[34.7322,27.9189],[34.7047,27.9084],[34.681,27.9152],[34.6618,27.9302],[34.6818,27.9587],[34.7319,27.9571],[34.7322,27.9189]]],[[[12.6213,35.5082],[12.6239,35.5016],[12.6213,35.4923],[12.6111,35.4892],[12.5261,35.5167],[12.5339,35.5216],[12.5557,35.5212],[12.6128,35.5153],[12.6237,35.5119],[12.6213,35.5082]]],[[[27.6165,36.2426],[27.6187,36.2281],[27.6101,36.2165],[27.5829,36.2126],[27.5505,36.2159],[27.5315,36.2117],[27.5189,36.2169],[27.5174,36.2309],[27.5265,36.2401],[27.5657,36.2449],[27.6165,36.2426]]],[[[27.1947,36.6069],[27.2061,36.5871],[27.198,36.5683],[27.1746,36.5605],[27.1614,36.5604],[27.1401,36.5632],[27.1297,36.5695],[27.1261,36.5801],[27.1372,36.6001],[27.1668,36.6151],[27.1858,36.6157],[27.1947,36.6069]]],[[[26.6037,37.3494],[26.6061,37.3395],[26.6008,37.3373],[26.5887,37.3448],[26.5724,37.3472],[26.5637,37.3417],[26.5584,37.3297],[26.5488,37.3266],[26.5652,37.3084],[26.5677,37.2746],[26.5573,37.2712],[26.5464,37.2772],[26.5448,37.2884],[26.5327,37.2917],[26.5286,37.3007],[26.5388,37.3381],[26.5337,37.3607],[26.5364,37.3727],[26.5686,37.3744],[26.5903,37.3644],[26.6037,37.3494]]],[[[24.7378,37.6079],[24.7412,37.5957],[24.7181,37.5936],[24.6724,37.6005],[24.6597,37.6069],[24.694,37.6152],[24.7161,37.631],[24.7329,37.6321],[24.7411,37.6259],[24.7378,37.6079]]],[[[12.0779,37.9601],[12.0793,37.9503],[12.0648,37.9508],[12.0476,37.9608],[12.0304,37.9844],[12.036,37.991],[12.0536,37.9924],[12.0645,37.9862],[12.0779,37.9601]]],[[[20.9517,38.6492],[20.9529,38.6389],[20.9417,38.6274],[20.8981,38.606],[20.8787,38.5844],[20.8706,38.5825],[20.8674,38.5922],[20.8701,38.6035],[20.8884,38.629],[20.9038,38.6428],[20.9452,38.6525],[20.9517,38.6492]]],[[[20.805,38.6657],[20.8019,38.6567],[20.7886,38.6447],[20.7629,38.6391],[20.7596,38.6274],[20.8001,38.5954],[20.7871,38.5998],[20.7517,38.626],[20.737,38.6522],[20.7464,38.6635],[20.762,38.6661],[20.7831,38.675],[20.7927,38.6686],[20.7998,38.6688],[20.7988,38.6657],[20.805,38.6657]]],[[[-9.0353,38.8706],[-9.0346,38.8642],[-9.0414,38.8492],[-9.0546,38.833],[-9.0732,38.8182],[-9.0797,38.8201],[-9.0614,38.8522],[-9.0353,38.8706]]],[[[2.9823,39.1392],[2.9622,39.1161],[2.9309,39.1182],[2.9136,39.152],[2.9404,39.1719],[2.9806,39.1856],[2.9854,39.1662],[2.9823,39.1392]]],[[[24.0813,39.3524],[24.0947,39.3455],[24.094,39.33],[24.0819,39.3048],[24.0632,39.297],[24.0537,39.3052],[24.0547,39.3122],[24.0594,39.3144],[24.0457,39.3233],[24.0415,39.3305],[24.0449,39.3415],[24.0586,39.3613],[24.0671,39.363],[24.0698,39.3457],[24.0813,39.3524]]],[[[27.6531,40.4604],[27.657,40.4575],[27.6566,40.4494],[27.6457,40.4478],[27.6315,40.4538],[27.5964,40.458],[27.582,40.4655],[27.5799,40.4765],[27.5908,40.4839],[27.6073,40.5054],[27.6405,40.4941],[27.6421,40.4873],[27.6367,40.4783],[27.6351,40.4668],[27.6452,40.4599],[27.6531,40.4604]]],[[[9.4748,41.2361],[9.4793,41.2169],[9.471,41.1896],[9.4749,41.1793],[9.4704,41.1721],[9.4644,41.1727],[9.4487,41.1855],[9.4417,41.1831],[9.437,41.1859],[9.4478,41.2051],[9.4435,41.2115],[9.4465,41.2204],[9.46,41.2424],[9.4748,41.2361]]],[[[9.429,41.2294],[9.4353,41.217],[9.3953,41.2106],[9.377,41.2133],[9.3731,41.2299],[9.3919,41.2407],[9.398,41.256],[9.4142,41.2624],[9.4219,41.2609],[9.4274,41.2541],[9.4305,41.2463],[9.429,41.2294]]],[[[10.3064,42.3515],[10.3159,42.3408],[10.3132,42.3239],[10.2944,42.328],[10.297,42.3449],[10.3064,42.3515]]],[[[10.0843,42.6147],[10.0979,42.5839],[10.0954,42.577],[10.0858,42.5725],[10.0586,42.576],[10.0503,42.5819],[10.0526,42.589],[10.0628,42.592],[10.0726,42.6004],[10.0794,42.6139],[10.0843,42.6147]]],[[[6.2419,43.0256],[6.251,43.0173],[6.2522,43.0026],[6.2025,42.9871],[6.1662,42.9997],[6.1647,43.0051],[6.1751,43.009],[6.203,43.008],[6.215,43.0147],[6.2334,43.0156],[6.235,43.0224],[6.2419,43.0256]]],[[[16.3103,43.5078],[16.3753,43.4902],[16.3708,43.4843],[16.3333,43.4814],[16.282,43.4879],[16.2464,43.4814],[16.2306,43.4832],[16.2114,43.4901],[16.2118,43.4956],[16.2189,43.4977],[16.2435,43.4949],[16.2522,43.4999],[16.2481,43.5083],[16.2644,43.5129],[16.3103,43.5078]]],[[[14.7598,44.2921],[14.7917,44.2725],[14.7897,44.2669],[14.766,44.265],[14.7599,44.2598],[14.7485,44.2617],[14.7381,44.2721],[14.7396,44.2802],[14.7497,44.2802],[14.7532,44.2835],[14.7532,44.291],[14.7598,44.2921]]],[[[14.6436,44.3258],[14.6614,44.3087],[14.6574,44.3052],[14.6408,44.3118],[14.5989,44.3391],[14.5951,44.3471],[14.6436,44.3258]]],[[[14.8057,44.3678],[14.8112,44.35],[14.801,44.3431],[14.7852,44.3469],[14.7562,44.364],[14.7578,44.3723],[14.7682,44.3842],[14.7634,44.4154],[14.7829,44.4189],[14.7948,44.4145],[14.8032,44.4055],[14.805,44.3957],[14.7967,44.3813],[14.8057,44.3678]]],[[[14.2658,44.6795],[14.2804,44.6776],[14.28,44.6678],[14.2742,44.6617],[14.2573,44.6567],[14.2567,44.637],[14.2712,44.6125],[14.264,44.6116],[14.2398,44.6199],[14.2326,44.626],[14.2356,44.6422],[14.2442,44.6614],[14.2658,44.6795]]],[[[50.7368,44.8959],[50.7608,44.8649],[50.7395,44.8684],[50.6978,44.8579],[50.6936,44.8642],[50.7019,44.8745],[50.7019,44.8806],[50.6919,44.8831],[50.6887,44.8891],[50.6932,44.8991],[50.6865,44.9117],[50.6408,44.9333],[50.6262,44.9511],[50.6279,44.967],[50.6358,44.9674],[50.6433,44.9529],[50.6595,44.939],[50.678,44.9356],[50.6926,44.9406],[50.708,44.9544],[50.7137,44.9538],[50.7207,44.9416],[50.728,44.9406],[50.7346,44.9299],[50.7368,44.8959]]],[[[12.3472,45.4588],[12.3638,45.4497],[12.3621,45.4381],[12.3373,45.4274],[12.3206,45.4298],[12.3166,45.4431],[12.3298,45.4588],[12.3472,45.4588]]],[[[7.8992,54.1782],[7.8977,54.1823],[7.8799,54.1939],[7.8945,54.1946],[7.9006,54.1907],[7.9041,54.1804],[7.8992,54.1782]]],[[[7.9299,54.1953],[7.9334,54.1899],[7.9177,54.187],[7.9124,54.1923],[7.9299,54.1953]]],[[[52.0166,24.2576],[52.0254,24.2457],[52.0229,24.2388],[52.0248,24.2348],[52.0179,24.2204],[52.0079,24.2108],[51.9943,24.2192],[51.9986,24.2263],[51.9986,24.237],[52.0047,24.2528],[52.0166,24.2576]]],[[[51.7354,24.5995],[51.7395,24.5907],[51.7302,24.5652],[51.7251,24.569],[51.724,24.5826],[51.7265,24.5887],[51.7227,24.587],[51.7222,24.5945],[51.7184,24.5935],[51.7188,24.5878],[51.7128,24.5926],[51.7117,24.6022],[51.7197,24.6077],[51.7241,24.6074],[51.7354,24.5995]]],[[[53.0794,24.891],[53.0831,24.8739],[53.0794,24.8535],[53.0632,24.8733],[53.0582,24.8863],[53.0608,24.8935],[53.0794,24.891]]],[[[54.2311,25.2435],[54.2398,25.2086],[54.227,25.2142],[54.2143,25.2142],[54.1979,25.232],[54.2111,25.2494],[54.2311,25.2435]]],[[[-4.801,54.0579],[-4.8122,54.0404],[-4.8166,54.0437],[-4.8238,54.0427],[-4.8306,54.0496],[-4.8278,54.0548],[-4.8104,54.0598],[-4.801,54.0579]]]]},"properties":{}},{"type":"Feature","geometry":{"type":"MultiPolygon","coordinates":[[[[34.5852,27.9551],[34.6205,27.9278],[34.6205,27.9204],[34.5822,27.9179],[34.5472,27.9197],[34.5181,27.9304],[34.4963,27.9551],[34.4978,27.9687],[34.4944,27.9882],[34.4895,27.996],[34.4944,28.0018],[34.4963,27.996],[34.5049,28.0099],[34.5173,28.0165],[34.5348,28.0082],[34.5442,27.996],[34.5182,27.9914],[34.5068,27.9862],[34.5032,27.9756],[34.5119,27.9675],[34.5288,27.9659],[34.5706,27.9741],[34.5749,27.9721],[34.5852,27.9551]]],[[[-15.927,11.1859],[-15.9117,11.1663],[-15.9016,11.1423],[-15.8948,11.0989],[-15.8808,11.0822],[-15.8776,11.0736],[-15.8827,11.0606],[-15.8946,11.0543],[-15.9083,11.0534],[-15.9184,11.0562],[-15.9264,11.0514],[-15.9632,11.0562],[-15.9782,11.0481],[-15.9814,11.0609],[-15.9779,11.069],[-15.96,11.0726],[-15.9259,11.0904],[-15.9305,11.1016],[-15.9418,11.1054],[-15.9519,11.0999],[-15.9533,11.0836],[-15.9669,11.0978],[-15.9535,11.1245],[-15.9533,11.1518],[-15.9586,11.1743],[-15.9571,11.1872],[-15.9464,11.2003],[-15.927,11.1859]]],[[[-15.4739,11.6186],[-15.4849,11.6071],[-15.4878,11.5947],[-15.4726,11.5734],[-15.4717,11.5661],[-15.4908,11.5634],[-15.5034,11.5652],[-15.5121,11.5715],[-15.5213,11.5702],[-15.5423,11.5497],[-15.5697,11.5497],[-15.5697,11.5429],[-15.5484,11.5351],[-15.5522,11.5195],[-15.5663,11.5105],[-15.5758,11.5224],[-15.5871,11.5194],[-15.6169,11.5258],[-15.6217,11.5224],[-15.6303,11.529],[-15.633,11.5382],[-15.6074,11.5501],[-15.5983,11.5652],[-15.5857,11.5775],[-15.5622,11.577],[-15.5603,11.5922],[-15.5287,11.6248],[-15.5118,11.6204],[-15.4735,11.6323],[-15.4739,11.6186]]],[[[11.2748,34.7704],[11.3048,34.7423],[11.297,34.7287],[11.1997,34.6947],[11.1491,34.6693],[11.1307,34.6633],[11.1223,34.6804],[11.1527,34.7069],[11.1706,34.7286],[11.173,34.758],[11.1809,34.7618],[11.1831,34.7522],[11.1982,34.744],[11.2221,34.7476],[11.2243,34.7701],[11.2175,34.7816],[11.2253,34.7952],[11.2371,34.8042],[11.2543,34.8258],[11.2708,34.8179],[11.2995,34.8142],[11.3042,34.8053],[11.2781,34.7977],[11.2682,34.7853],[11.2658,34.7734],[11.2748,34.7704]]],[[[14.2826,36.0679],[14.3148,36.0511],[14.3342,36.0344],[14.322,36.0272],[14.3045,36.0266],[14.26,36.0135],[14.2209,36.0192],[14.1849,36.0346],[14.188,36.0454],[14.1836,36.0648],[14.2566,36.0756],[14.2826,36.0679]]],[[[25.418,36.4704],[25.4524,36.4503],[25.4792,36.4244],[25.4914,36.3977],[25.4893,36.3778],[25.48,36.3579],[25.4651,36.3424],[25.4466,36.3363],[25.4264,36.338],[25.3799,36.3489],[25.3617,36.3568],[25.3734,36.3616],[25.4094,36.3636],[25.4192,36.3701],[25.4287,36.3854],[25.4368,36.3909],[25.4253,36.4272],[25.4163,36.4325],[25.4219,36.4511],[25.4071,36.458],[25.3685,36.4666],[25.3685,36.4735],[25.3821,36.4796],[25.418,36.4704]]],[[[27.8706,36.5778],[27.8767,36.5616],[27.863,36.5554],[27.8721,36.5504],[27.8767,36.5411],[27.843,36.5279],[27.8283,36.528],[27.8283,36.5342],[27.8494,36.5479],[27.8059,36.5601],[27.7925,36.567],[27.8079,36.5759],[27.76,36.5759],[27.787,36.6063],[27.7879,36.6168],[27.8015,36.6243],[27.8015,36.6168],[27.8181,36.634],[27.842,36.6447],[27.861,36.6467],[27.863,36.6379],[27.8352,36.6311],[27.8223,36.6238],[27.8153,36.61],[27.8286,36.613],[27.8357,36.6025],[27.8699,36.6243],[27.8767,36.6168],[27.863,36.6025],[27.8699,36.6067],[27.8732,36.6055],[27.8706,36.5778]]],[[[25.273,36.7199],[25.2798,36.7267],[25.2518,36.7267],[25.2624,36.7497],[25.265,36.7622],[25.2627,36.7676],[25.307,36.795],[25.3362,36.7577],[25.348,36.7471],[25.3994,36.728],[25.4094,36.7124],[25.397,36.7105],[25.3901,36.7037],[25.3895,36.6942],[25.3952,36.6851],[25.3952,36.6789],[25.3732,36.6537],[25.3379,36.6683],[25.273,36.7199]]],[[[12.0376,36.8066],[12.0515,36.7904],[12.0535,36.7676],[12.0306,36.7414],[11.9961,36.7449],[11.9612,36.7652],[11.9373,36.7888],[11.925,36.812],[11.9222,36.8284],[11.9513,36.8428],[11.9673,36.8312],[11.9873,36.8242],[11.9929,36.8254],[11.9995,36.8359],[12.0376,36.8066]]],[[[24.7044,37.0351],[24.7516,36.9858],[24.7658,36.9492],[24.7485,36.9394],[24.7106,36.9042],[24.6789,36.9515],[24.6692,36.9785],[24.6765,36.9936],[24.6765,37.0004],[24.6659,37.0075],[24.6541,37.0243],[24.6423,37.0277],[24.6441,37.0356],[24.6497,37.042],[24.6434,37.0429],[24.6423,37.0488],[24.6559,37.0488],[24.6893,37.0292],[24.6975,37.0351],[24.7044,37.0351]]],[[[26.9203,36.9588],[26.9314,36.9669],[26.9253,36.9817],[26.9299,36.994],[26.9539,37.0279],[26.9519,37.0351],[26.9436,37.0407],[26.9246,37.0351],[26.9172,37.0417],[26.9035,37.0625],[26.8856,37.0756],[26.8898,37.0898],[26.9016,37.0773],[26.986,37.0488],[26.986,37.042],[26.9729,37.042],[26.9822,37.0288],[27.0059,37.0162],[27.0071,37.0004],[27.0154,37.0087],[27.0239,37.0127],[27.0325,37.0124],[27.0413,37.0079],[27.0443,36.9962],[27.0369,36.9785],[27.0413,36.9669],[27.0339,36.9526],[27.0413,36.9526],[27.0413,36.9594],[27.0475,36.9594],[27.0404,36.9451],[27.0236,36.945],[26.9934,36.9526],[26.9883,36.9467],[26.9834,36.9295],[26.9761,36.9259],[26.9519,36.9316],[26.9451,36.9259],[26.9299,36.9428],[26.9212,36.9471],[26.9116,36.9458],[26.9203,36.9588]]],[[[24.4362,37.1854],[24.4683,37.2021],[24.4856,37.2061],[24.4983,37.1997],[24.5051,37.1997],[24.5149,37.206],[24.5205,37.2039],[24.5261,37.1997],[24.5321,37.1856],[24.5347,37.1677],[24.5324,37.1301],[24.5261,37.1444],[24.5188,37.1444],[24.5189,37.1321],[24.5153,37.1229],[24.4983,37.1103],[24.491,37.1223],[24.4983,37.124],[24.481,37.1297],[24.4641,37.124],[24.4595,37.1372],[24.4505,37.1301],[24.4421,37.1345],[24.4344,37.1342],[24.4225,37.124],[24.4191,37.1356],[24.4305,37.1444],[24.4235,37.1498],[24.423,37.1547],[24.4362,37.1649],[24.4328,37.1723],[24.4347,37.1755],[24.4437,37.1785],[24.4362,37.1854]]],[[[24.3748,37.4385],[24.4362,37.487],[24.4437,37.487],[24.4437,37.4727],[24.4305,37.446],[24.4694,37.4275],[24.4827,37.4124],[24.4778,37.3908],[24.4634,37.3945],[24.4528,37.3834],[24.4437,37.3498],[24.4118,37.324],[24.389,37.3139],[24.3679,37.3095],[24.3767,37.345],[24.3856,37.3612],[24.4021,37.3709],[24.4021,37.3771],[24.3884,37.3846],[24.3884,37.3908],[24.3968,37.4015],[24.3948,37.4118],[24.3845,37.4168],[24.3679,37.4119],[24.3748,37.4385]]],[[[24.9434,37.4355],[24.9592,37.4249],[24.9637,37.4182],[24.9662,37.4078],[24.964,37.4018],[24.8818,37.3635],[24.8822,37.3804],[24.8887,37.3908],[24.8887,37.3983],[24.8613,37.3983],[24.8682,37.4147],[24.8818,37.4256],[24.8682,37.4318],[24.8867,37.4353],[24.8981,37.4487],[24.9027,37.4658],[24.9024,37.4802],[24.8954,37.5104],[24.9297,37.5081],[24.9481,37.4856],[24.9575,37.4597],[24.9549,37.4526],[24.9453,37.4433],[24.9434,37.4355]]],[[[23.4021,37.906],[23.4021,37.9122],[23.4089,37.9219],[23.4229,37.933],[23.4395,37.9396],[23.4685,37.932],[23.4817,37.9417],[23.4977,37.9669],[23.4856,37.9663],[23.4605,37.9525],[23.4331,37.9602],[23.422,37.96],[23.4574,37.9736],[23.4295,37.9879],[23.4515,37.9883],[23.4705,37.9805],[23.4749,37.9894],[23.4705,37.9941],[23.4782,37.9988],[23.4953,38.0019],[23.5182,37.9991],[23.5305,37.9946],[23.5369,37.988],[23.5319,37.9805],[23.5327,37.9751],[23.5349,37.9682],[23.5471,37.9589],[23.5462,37.9525],[23.5735,37.9525],[23.5393,37.9395],[23.5435,37.9289],[23.5217,37.914],[23.5182,37.8986],[23.512,37.8986],[23.5013,37.9061],[23.4815,37.8897],[23.4671,37.8842],[23.4214,37.893],[23.4084,37.8986],[23.4021,37.906]]],[[[20.728,38.3892],[20.7575,38.3715],[20.7376,38.3715],[20.7437,38.3444],[20.75,38.3347],[20.7637,38.3305],[20.7637,38.3231],[20.7194,38.3156],[20.7058,38.3183],[20.6878,38.3367],[20.6953,38.3436],[20.6673,38.3715],[20.6476,38.4057],[20.6401,38.4466],[20.6213,38.4584],[20.6145,38.4671],[20.6195,38.4814],[20.6355,38.473],[20.6442,38.4787],[20.6545,38.5019],[20.6719,38.4975],[20.6741,38.485],[20.6611,38.4609],[20.6782,38.4619],[20.709,38.4466],[20.6952,38.4087],[20.6748,38.3777],[20.6924,38.3713],[20.7158,38.3715],[20.7158,38.3777],[20.7022,38.3852],[20.7225,38.3852],[20.7158,38.392],[20.728,38.3892]]],[[[8.458,39.0681],[8.4699,39.0657],[8.4792,39.0722],[8.4839,39.0698],[8.464,39.0565],[8.4593,39.0498],[8.4634,39.0425],[8.4539,39.0281],[8.437,38.9672],[8.4325,38.9628],[8.4219,38.9605],[8.4098,38.9618],[8.4014,38.981],[8.3649,39.0295],[8.3493,39.0622],[8.3535,39.0909],[8.346,39.0909],[8.346,39.0977],[8.3604,39.1182],[8.3859,39.105],[8.4177,39.1066],[8.4446,39.1027],[8.458,39.0681]]],[[[23.6592,39.123],[23.6278,39.1473],[23.6213,39.1557],[23.6174,39.1691],[23.5872,39.2076],[23.6013,39.2138],[23.6022,39.2086],[23.6144,39.2076],[23.638,39.1876],[23.6655,39.1697],[23.6966,39.1553],[23.7305,39.1461],[23.7267,39.1315],[23.7727,39.1293],[23.7927,39.1244],[23.7927,39.1182],[23.7603,39.0906],[23.7412,39.0803],[23.7168,39.0772],[23.6926,39.0889],[23.666,39.0928],[23.6581,39.0977],[23.6585,39.1043],[23.6697,39.1114],[23.6697,39.1182],[23.6592,39.123]]],[[[23.9216,39.1904],[23.8958,39.1618],[23.8645,39.144],[23.8335,39.1461],[23.8731,39.1802],[23.8893,39.2175],[23.9398,39.2798],[23.957,39.2895],[23.9502,39.2752],[23.9722,39.2719],[23.967,39.2512],[23.95,39.229],[23.9365,39.2213],[23.9216,39.1904]]],[[[13.9348,40.7056],[13.9198,40.7045],[13.8901,40.6942],[13.8491,40.7153],[13.8615,40.744],[13.8701,40.7487],[13.8628,40.7624],[13.8831,40.7624],[13.9463,40.7452],[13.9658,40.7351],[13.9624,40.7231],[13.9658,40.7153],[13.9447,40.7016],[13.9348,40.7056]]],[[[8.2511,41.0438],[8.251,41.0161],[8.2464,40.9936],[8.2096,40.9958],[8.2217,41.0144],[8.2232,41.0336],[8.2289,41.0417],[8.2608,41.0646],[8.2756,41.0698],[8.2778,41.1057],[8.3021,41.105],[8.3133,41.1186],[8.3262,41.1261],[8.328,41.1125],[8.342,41.0978],[8.3447,41.0862],[8.3413,41.0741],[8.3324,41.0646],[8.2748,41.0573],[8.2511,41.0438]]],[[[17.6794,42.7299],[17.7305,42.7134],[17.7489,42.6946],[17.3859,42.7709],[17.3738,42.76],[17.3538,42.7667],[17.3237,42.7908],[17.3738,42.8026],[17.3923,42.8017],[17.3716,42.7908],[17.3933,42.7912],[17.4124,42.784],[17.4199,42.7908],[17.4369,42.7826],[17.486,42.7822],[17.5237,42.7648],[17.5745,42.7575],[17.5975,42.7498],[17.5907,42.743],[17.6482,42.7385],[17.6589,42.743],[17.6794,42.7299]]],[[[15.2971,43.9781],[15.2612,44.0111],[15.2803,44.0108],[15.2964,44.0056],[15.3499,43.9763],[15.384,43.9702],[15.3916,43.9422],[15.4188,43.9291],[15.4268,43.9221],[15.4427,43.8991],[15.4461,43.8875],[15.4071,43.8961],[15.3977,43.9081],[15.3587,43.9194],[15.3499,43.9291],[15.3568,43.9354],[15.3255,43.9484],[15.3096,43.9584],[15.2971,43.9781]]],[[[15.2419,44.0278],[15.2233,44.0503],[15.2066,44.0452],[15.1991,44.0588],[15.1891,44.0478],[15.1218,44.0922],[15.0871,44.1237],[15.0687,44.134],[15.0755,44.1408],[15.0625,44.1619],[15.2258,44.0662],[15.2471,44.0467],[15.2544,44.0179],[15.2419,44.0278]]],[[[-2.5802,49.4936],[-2.5182,49.5155],[-2.5017,49.5067],[-2.5058,49.498],[-2.5221,49.48],[-2.5328,49.4389],[-2.542,49.4309],[-2.5521,49.4267],[-2.5731,49.4309],[-2.6693,49.4309],[-2.6735,49.4335],[-2.663,49.4438],[-2.6518,49.4452],[-2.6566,49.4594],[-2.6503,49.4637],[-2.6246,49.4657],[-2.5802,49.4936]]],[[[4.9212,53.2537],[4.9865,53.29],[5.0545,53.3138],[5.1048,53.3096],[5.1048,53.3028],[5.0781,53.3028],[5.0365,53.2918],[4.9575,53.2456],[4.9357,53.226],[4.9102,53.2125],[4.8789,53.2209],[4.9212,53.2537]]],[[[5.437,53.4365],[5.5853,53.4536],[5.562,53.4343],[5.5337,53.4284],[5.4754,53.4269],[5.4817,53.4127],[5.4686,53.4085],[5.427,53.4064],[5.3825,53.3947],[5.3469,53.3892],[5.2083,53.3527],[5.1799,53.3531],[5.1677,53.3682],[5.1789,53.3854],[5.2324,53.3967],[5.2502,53.4064],[5.273,53.4061],[5.4072,53.4226],[5.437,53.4365]]],[[[5.9138,53.4739],[5.9546,53.4611],[5.8556,53.4474],[5.7528,53.4474],[5.679,53.4301],[5.6536,53.4337],[5.6361,53.4487],[5.6419,53.4634],[5.6589,53.4719],[5.674,53.4679],[5.9138,53.4739]]],[[[6.3108,53.5141],[6.3387,53.5089],[6.3387,53.502],[6.325,53.502],[6.1532,53.4688],[6.1333,53.4536],[6.1275,53.4599],[6.1271,53.4631],[6.1333,53.4679],[6.1228,53.4816],[6.148,53.4949],[6.2118,53.5089],[6.3108,53.5141]]],[[[6.7756,53.6025],[6.7224,53.5908],[6.7224,53.5846],[6.7422,53.5784],[6.7565,53.5629],[6.7261,53.5771],[6.6951,53.5703],[6.6771,53.5756],[6.6633,53.5873],[6.6595,53.5991],[6.6712,53.6044],[6.7473,53.6184],[6.7847,53.6201],[6.7981,53.6044],[6.7756,53.6025]]],[[[8.5532,54.7545],[8.5759,54.7464],[8.5938,54.7285],[8.5938,54.7217],[8.5855,54.7136],[8.5741,54.6944],[8.5658,54.6876],[8.5352,54.6862],[8.5112,54.6938],[8.4852,54.6881],[8.4528,54.6938],[8.3945,54.7148],[8.4142,54.7358],[8.4368,54.7485],[8.4641,54.7548],[8.5532,54.7545]]],[[[10.4502,54.8998],[10.4857,54.8837],[10.4992,54.8746],[10.4987,54.8589],[10.5186,54.852],[10.4401,54.8415],[10.4186,54.8278],[10.4063,54.8247],[10.3835,54.8308],[10.2114,54.9394],[10.1952,54.9619],[10.1892,54.9775],[10.2039,54.9681],[10.2887,54.9407],[10.3137,54.9277],[10.3496,54.8967],[10.3643,54.893],[10.3914,54.8955],[10.3958,54.9035],[10.3888,54.9203],[10.4031,54.9084],[10.4152,54.8785],[10.426,54.8725],[10.4609,54.8745],[10.4636,54.8825],[10.4502,54.8998]]],[[[12.5047,55.0198],[12.5376,55.0024],[12.5537,54.9681],[12.5518,54.9572],[12.5427,54.9512],[12.5028,54.9482],[12.3846,54.9631],[12.3484,54.96],[12.314,54.9509],[12.28,54.9346],[12.2268,54.8926],[12.2078,54.8862],[12.1787,54.889],[12.115,54.9073],[12.115,54.9135],[12.1292,54.9135],[12.1247,54.9237],[12.1289,54.9316],[12.1491,54.9408],[12.1292,54.9544],[12.1514,54.9689],[12.1644,54.9726],[12.177,54.9681],[12.1843,54.9755],[12.177,54.9892],[12.1931,54.9883],[12.2322,54.9755],[12.2869,54.9892],[12.2815,54.9991],[12.2813,55.0071],[12.2857,55.0131],[12.2942,55.0165],[12.2942,55.0234],[12.2616,55.0368],[12.2527,55.0439],[12.2476,55.0539],[12.251,55.0607],[12.262,55.0643],[12.28,55.0643],[12.3018,55.0421],[12.3353,55.0333],[12.4172,55.0302],[12.5047,55.0198]]],[[[12.6084,55.7011],[12.6746,55.6013],[12.6394,55.5783],[12.6057,55.5693],[12.578,55.554],[12.5563,55.5505],[12.5348,55.5693],[12.5205,55.5967],[12.5202,55.6192],[12.531,55.6319],[12.5674,55.654],[12.5951,55.6914],[12.6084,55.7011]]],[[[-6.7672,56.5486],[-6.7419,56.5478],[-6.7292,56.5303],[-6.7433,56.5178],[-6.8038,56.5136],[-6.8056,56.4969],[-6.8255,56.4873],[-6.8693,56.4796],[-6.8875,56.4621],[-6.8816,56.4443],[-6.9025,56.4438],[-6.9652,56.4599],[-6.9899,56.5036],[-6.9681,56.5105],[-6.9005,56.5167],[-6.8781,56.5213],[-6.8411,56.5347],[-6.7672,56.5486]]],[[[-6.4525,56.6884],[-6.4825,56.6479],[-6.4972,56.6343],[-6.5143,56.6274],[-6.5273,56.6265],[-6.5641,56.5987],[-6.6163,56.5752],[-6.633,56.572],[-6.6689,56.5778],[-6.6779,56.5583],[-6.6868,56.5638],[-6.7019,56.5856],[-6.6745,56.5884],[-6.6481,56.6029],[-6.5914,56.6518],[-6.5592,56.6653],[-6.5356,56.6708],[-6.5058,56.6854],[-6.4623,56.6912],[-6.4525,56.6884]]],[[[-7.394,57.0102],[-7.382,56.9875],[-7.3735,56.9829],[-7.4024,56.9834],[-7.411,56.9797],[-7.4272,56.9686],[-7.4424,56.963],[-7.4368,56.9537],[-7.4453,56.9471],[-7.4766,56.9419],[-7.5414,56.9487],[-7.5568,56.9531],[-7.5562,56.9626],[-7.5449,56.9723],[-7.5165,56.9812],[-7.5116,56.9916],[-7.514,57.0029],[-7.5243,57.0102],[-7.4999,57.0201],[-7.4757,57.023],[-7.4571,57.0316],[-7.4492,57.0586],[-7.4144,57.0449],[-7.435,57.0238],[-7.4028,57.0146],[-7.394,57.0102]]],[[[-6.2729,57.0402],[-6.251,57.0266],[-6.2699,57.0176],[-6.2699,57.0102],[-6.2432,57.0102],[-6.2567,56.9738],[-6.276,56.9531],[-6.3036,56.944],[-6.3419,56.9419],[-6.3598,56.9473],[-6.3761,56.9712],[-6.4054,56.9805],[-6.4368,56.9985],[-6.4555,57.004],[-6.3953,57.0419],[-6.3642,57.0557],[-6.3252,57.0586],[-6.2729,57.0402]]],[[[19.3057,57.9764],[19.3211,57.9727],[19.3386,57.9636],[19.3259,57.9567],[19.3106,57.9567],[19.2961,57.9437],[19.2479,57.9525],[19.2258,57.9462],[19.2053,57.9351],[19.162,57.926],[19.1399,57.9083],[19.1607,57.8961],[19.1629,57.8892],[19.1603,57.8803],[19.1311,57.8522],[19.1296,57.8469],[19.1135,57.8484],[19.0845,57.8594],[19.0716,57.8679],[19.0368,57.9052],[19.0396,57.917],[19.0679,57.9394],[19.0866,57.9685],[19.0983,57.9765],[19.1146,57.9797],[19.1486,57.9791],[19.1634,57.9871],[19.2058,57.9835],[19.2224,57.9902],[19.2267,57.9737],[19.2401,57.9706],[19.273,57.9765],[19.3057,57.9764]]],[[[73.0818,8.3158],[73.084,8.3085],[73.0661,8.2705],[73.0567,8.26],[73.0447,8.2524],[73.0327,8.2495],[73.0241,8.2554],[73.0225,8.2744],[73.0293,8.2744],[73.0293,8.26],[73.0484,8.2676],[73.0632,8.2795],[73.073,8.2954],[73.0772,8.3153],[73.0818,8.3158]]],[[[79.703,9.08],[79.698,9.0896],[79.7012,9.0992],[79.7141,9.1036],[79.7588,9.1036],[79.799,9.0933],[79.8416,9.0772],[79.8823,9.0538],[79.9164,9.021],[79.9001,9.0244],[79.8713,9.0386],[79.8543,9.0415],[79.9007,8.9891],[79.9097,8.9732],[79.8858,8.9762],[79.8701,8.9882],[79.8594,9.0012],[79.841,9.0126],[79.7998,9.049],[79.759,9.067],[79.703,9.08]]],[[[79.8804,9.6286],[79.8649,9.6515],[79.8407,9.6994],[79.8517,9.7165],[79.8543,9.7385],[79.8605,9.7563],[79.8823,9.7609],[79.8941,9.7574],[79.895,9.749],[79.8884,9.7236],[79.8904,9.6983],[79.8947,9.6882],[79.9028,9.6789],[79.9264,9.6789],[79.9297,9.676],[79.9336,9.6547],[79.9734,9.6338],[79.9779,9.6243],[79.971,9.6173],[79.9578,9.6172],[79.9265,9.6295],[79.9085,9.619],[79.8958,9.6175],[79.8804,9.6286]]],[[[72.7892,11.2617],[72.7959,11.2617],[72.7956,11.2572],[72.7891,11.248],[72.7849,11.2164],[72.7754,11.1866],[72.7704,11.2036],[72.7742,11.2229],[72.7892,11.2617]]],[[[42.7617,13.7722],[42.7826,13.7799],[42.7949,13.7699],[42.7918,13.7507],[42.7615,13.7193],[42.7541,13.6979],[42.7439,13.6884],[42.6885,13.6638],[42.6858,13.6785],[42.6935,13.6992],[42.7192,13.7426],[42.7617,13.7722]]],[[[42.7676,14.0715],[42.7957,14.0372],[42.8018,14.0231],[42.8016,14.0123],[42.7881,13.9753],[42.7886,13.9267],[42.7817,13.92],[42.7541,13.9207],[42.7676,13.9487],[42.7215,13.9694],[42.7007,13.9879],[42.6919,14.0132],[42.7009,14.0283],[42.721,14.046],[42.744,14.0601],[42.7603,14.0647],[42.7676,14.0715]]],[[[52.5872,24.3605],[52.6111,24.3732],[52.6345,24.3666],[52.6454,24.3507],[52.6509,24.3249],[52.6488,24.3095],[52.6272,24.2836],[52.5922,24.2534],[52.5791,24.2663],[52.5561,24.3069],[52.5582,24.3268],[52.5872,24.3605]]],[[[54.3348,24.4532],[54.3348,24.469],[54.3753,24.5036],[54.3894,24.5227],[54.3963,24.5227],[54.3894,24.5016],[54.3967,24.4835],[54.4143,24.4706],[54.4514,24.4532],[54.4697,24.4365],[54.4706,24.425],[54.4567,24.4208],[54.4304,24.4252],[54.3348,24.4532]]],[[[73.5529,4.2368],[73.5493,4.2123],[73.5382,4.1833],[73.5266,4.1713],[73.5109,4.1621],[73.4869,4.1641],[73.4312,4.1846],[73.4321,4.19],[73.512,4.1863],[73.5205,4.1911],[73.5333,4.231],[73.5462,4.243],[73.5529,4.2368]]],[[[42.6104,15.4294],[42.6072,15.4229],[42.6115,15.4213],[42.612,15.4166],[42.6081,15.4104],[42.5847,15.3966],[42.5816,15.3916],[42.5925,15.3895],[42.6185,15.4001],[42.6282,15.3987],[42.6281,15.3865],[42.6135,15.3347],[42.6155,15.3264],[42.6084,15.314],[42.6152,15.314],[42.6141,15.3081],[42.5939,15.2787],[42.5822,15.2682],[42.5684,15.2689],[42.5574,15.2776],[42.5457,15.2944],[42.5459,15.317],[42.5562,15.3415],[42.5589,15.393],[42.571,15.4101],[42.5934,15.4307],[42.6019,15.4463],[42.6239,15.4573],[42.631,15.4543],[42.636,15.4455],[42.6104,15.4294]]],[[[40.0806,16.0342],[40.0774,16.019],[40.1096,15.9951],[40.1145,15.9859],[40.0967,15.981],[40.0674,15.9905],[40.043,16.0034],[40.0,16.0078],[39.99,16.0177],[39.9902,16.0342],[39.9982,16.0496],[40.0159,16.0561],[40.0383,16.0579],[40.0472,16.0635],[40.0414,16.0921],[40.0432,16.1031],[40.0505,16.1072],[40.083,16.084],[40.111,16.074],[40.1188,16.062],[40.112,16.0529],[40.0954,16.0473],[40.0806,16.0342]]],[[[36.5427,25.7393],[36.54,25.7605],[36.5425,25.8019],[36.5584,25.8364],[36.5837,25.8579],[36.5908,25.8605],[36.5775,25.8486],[36.5666,25.833],[36.5584,25.8158],[36.5554,25.7963],[36.5641,25.7788],[36.5833,25.7623],[36.5978,25.7584],[36.5855,25.7255],[36.5884,25.7143],[36.596,25.7089],[36.6111,25.7095],[36.6056,25.7011],[36.5956,25.6966],[36.583,25.6987],[36.5518,25.7198],[36.5427,25.7393]]],[[[52.6873,45.475],[52.7026,45.4255],[52.7025,45.4052],[52.6771,45.397],[52.6279,45.4102],[52.5886,45.4328],[52.5613,45.4565],[52.552,45.4783],[52.5663,45.4936],[52.5935,45.509],[52.5979,45.5168],[52.595,45.5235],[52.5999,45.5275],[52.6355,45.5256],[52.655,45.5214],[52.673,45.5039],[52.6873,45.475]]],[[[47.9971,45.5205],[47.9968,45.4479],[47.9907,45.4487],[47.9598,45.4758],[47.9439,45.4996],[47.928,45.534],[47.9177,45.5701],[47.9146,45.623],[47.9175,45.6328],[47.9375,45.6362],[47.957,45.6505],[47.9621,45.6398],[47.9597,45.6241],[47.978,45.5834],[47.9827,45.5501],[47.9971,45.5205]]],[[[55.0487,25.8858],[55.0544,25.8646],[55.0465,25.8584],[55.0326,25.8546],[55.023,25.8629],[55.0184,25.8596],[55.019,25.8657],[55.0121,25.8816],[55.0437,25.8929],[55.0487,25.8858]]]]},"properties":{}},{"type":"Feature","geometry":{"type":"MultiPolygon","coordinates":[[[[6.7039,0.3918],[6.7271,0.3669],[6.7461,0.3381],[6.7565,0.3109],[6.7605,0.2683],[6.7485,0.2307],[6.7031,0.1804],[6.6746,0.1334],[6.6533,0.1246],[6.66,0.1073],[6.6336,0.0986],[6.6162,0.0781],[6.5784,0.0781],[6.5677,0.0421],[6.5573,0.0283],[6.5442,0.0439],[6.537,0.0264],[6.5266,0.0241],[6.5164,0.0336],[6.5101,0.0514],[6.5166,0.07],[6.5137,0.0883],[6.5027,0.0986],[6.4673,0.2125],[6.4617,0.2222],[6.4681,0.2398],[6.4709,0.2679],[6.4902,0.291],[6.4978,0.3127],[6.5331,0.3481],[6.5783,0.3646],[6.6095,0.3904],[6.6419,0.4108],[6.6814,0.4071],[6.7039,0.3918]]],[[[8.9492,3.7179],[8.9592,3.7008],[8.9631,3.6797],[8.9616,3.6605],[8.9512,3.6274],[8.9431,3.6142],[8.907,3.5821],[8.8967,3.5544],[8.8607,3.5118],[8.8407,3.4581],[8.8234,3.4444],[8.8187,3.4209],[8.8136,3.4122],[8.7849,3.3951],[8.7814,3.379],[8.7809,3.3329],[8.7747,3.3166],[8.7297,3.2648],[8.6862,3.1973],[8.6537,3.2136],[8.6484,3.22],[8.6421,3.2174],[8.6276,3.2226],[8.5999,3.238],[8.5697,3.2304],[8.5596,3.2306],[8.5277,3.2488],[8.4694,3.258],[8.4502,3.2729],[8.4377,3.3131],[8.422,3.3393],[8.4292,3.3596],[8.4354,3.4019],[8.4421,3.4213],[8.4553,3.4465],[8.4739,3.4631],[8.4976,3.4565],[8.5103,3.4638],[8.5628,3.4565],[8.5796,3.4633],[8.5851,3.4793],[8.5823,3.4977],[8.5733,3.5118],[8.6014,3.5297],[8.6152,3.5431],[8.6211,3.5559],[8.6279,3.6483],[8.641,3.6835],[8.6672,3.7263],[8.7024,3.7609],[8.7434,3.7724],[8.7372,3.7582],[8.7819,3.751],[8.7918,3.7582],[8.8143,3.7513],[8.8467,3.7464],[8.8806,3.7473],[8.9085,3.7582],[8.9146,3.7521],[8.9227,3.7507],[8.9492,3.7179]]],[[[-12.5044,7.561],[-12.5054,7.5495],[-12.4991,7.5202],[-12.5018,7.5024],[-12.5264,7.4656],[-12.5275,7.4497],[-12.5189,7.4166],[-12.5196,7.4041],[-12.5323,7.3925],[-12.5497,7.3896],[-12.5658,7.3957],[-12.5749,7.4103],[-12.5544,7.4103],[-12.5856,7.4599],[-12.6055,7.4787],[-12.7318,7.5113],[-12.7644,7.528],[-12.8492,7.5407],[-12.9516,7.568],[-12.9516,7.5754],[-12.9143,7.5844],[-12.9103,7.5981],[-12.8981,7.6107],[-12.8833,7.6164],[-12.8448,7.6225],[-12.7357,7.6225],[-12.6811,7.6347],[-12.6214,7.6397],[-12.6007,7.6382],[-12.5811,7.6301],[-12.5959,7.6127],[-12.586,7.6076],[-12.5475,7.609],[-12.5297,7.6038],[-12.5154,7.5949],[-12.493,7.568],[-12.5044,7.561]]],[[[-15.3916,28.0302],[-15.3676,28.0158],[-15.3636,28.0097],[-15.3767,27.9575],[-15.3636,27.9415],[-15.3636,27.9346],[-15.3746,27.9299],[-15.3819,27.9212],[-15.3916,27.8998],[-15.376,27.8676],[-15.3778,27.8523],[-15.407,27.8383],[-15.453,27.7912],[-15.5397,27.7656],[-15.566,27.7394],[-15.578,27.7344],[-15.6072,27.7503],[-15.6505,27.7531],[-15.6857,27.7633],[-15.7397,27.8043],[-15.7519,27.8214],[-15.7728,27.832],[-15.786,27.8442],[-15.8151,27.9013],[-15.8212,27.9218],[-15.8161,27.9415],[-15.8218,27.9683],[-15.8206,27.9841],[-15.8161,27.996],[-15.807,28.005],[-15.7677,28.024],[-15.7498,28.036],[-15.7252,28.0569],[-15.7084,28.0819],[-15.7137,28.1059],[-15.7021,28.1151],[-15.6981,28.133],[-15.7001,28.1529],[-15.7062,28.1674],[-15.6844,28.1676],[-15.6653,28.1605],[-15.6508,28.1639],[-15.597,28.1475],[-15.5213,28.1475],[-15.4587,28.1342],[-15.435,28.1409],[-15.4387,28.1749],[-15.4093,28.1798],[-15.4053,28.1779],[-15.3999,28.165],[-15.4001,28.1572],[-15.4086,28.1538],[-15.4156,28.1415],[-15.4149,28.1145],[-15.4086,28.0749],[-15.3996,28.0427],[-15.3916,28.0302]]],[[[-16.441,28.1328],[-16.5215,28.0576],[-16.5458,28.024],[-16.5797,28.0303],[-16.6763,27.9971],[-16.6927,27.9998],[-16.7036,28.0137],[-16.7041,28.035],[-16.7211,28.0445],[-16.7279,28.0786],[-16.7806,28.1279],[-16.7954,28.1653],[-16.8371,28.209],[-16.8472,28.2625],[-16.8734,28.3052],[-16.9066,28.3352],[-16.9161,28.355],[-16.8919,28.3687],[-16.8374,28.3911],[-16.8178,28.3836],[-16.7942,28.3691],[-16.7701,28.3663],[-16.6642,28.4007],[-16.6444,28.3964],[-16.5846,28.4011],[-16.5645,28.4153],[-16.5071,28.4241],[-16.4204,28.4906],[-16.4143,28.4992],[-16.4083,28.5198],[-16.3634,28.543],[-16.3411,28.5466],[-16.3227,28.5535],[-16.3164,28.5721],[-16.3002,28.5666],[-16.2027,28.564],[-16.1413,28.5834],[-16.1177,28.5721],[-16.1271,28.5438],[-16.1574,28.5245],[-16.2314,28.4884],[-16.248,28.4611],[-16.2961,28.4178],[-16.3239,28.3975],[-16.3416,28.3913],[-16.3555,28.3811],[-16.3658,28.3625],[-16.3661,28.3414],[-16.3581,28.3146],[-16.3613,28.3044],[-16.38,28.2883],[-16.3868,28.265],[-16.4192,28.2114],[-16.428,28.1677],[-16.4277,28.1497],[-16.441,28.1328]]],[[[-13.9354,28.7495],[-13.8987,28.7539],[-13.8646,28.7442],[-13.8355,28.7155],[-13.8244,28.6818],[-13.8212,28.6367],[-13.8287,28.5516],[-13.8566,28.479],[-13.8566,28.4349],[-13.8429,28.4069],[-13.8478,28.3974],[-13.8696,28.3769],[-13.8752,28.3491],[-13.8921,28.3282],[-13.9113,28.2772],[-13.9337,28.2442],[-13.9668,28.228],[-14.0726,28.2128],[-14.1186,28.2005],[-14.152,28.18],[-14.1916,28.1708],[-14.2122,28.1605],[-14.3013,28.0679],[-14.3432,28.0507],[-14.369,28.0508],[-14.4083,28.067],[-14.4286,28.0712],[-14.4949,28.0678],[-14.5071,28.0712],[-14.4993,28.0866],[-14.4969,28.1025],[-14.4897,28.1043],[-14.4556,28.0991],[-14.436,28.1005],[-14.3989,28.1112],[-14.3412,28.1345],[-14.2701,28.176],[-14.2244,28.2186],[-14.2135,28.2349],[-14.2074,28.2544],[-14.2019,28.3039],[-14.1932,28.3218],[-14.1713,28.3524],[-14.1409,28.4349],[-14.1279,28.4436],[-14.0983,28.4866],[-14.0756,28.5361],[-14.0361,28.5874],[-14.0246,28.6371],[-14.0101,28.6675],[-14.0053,28.7036],[-13.9999,28.7167],[-13.9895,28.7269],[-13.9726,28.7359],[-13.9354,28.7495]]],[[[-17.7578,28.7987],[-17.7506,28.7748],[-17.7414,28.7579],[-17.7219,28.749],[-17.721,28.7306],[-17.7511,28.7],[-17.7653,28.6775],[-17.7456,28.6219],[-17.7599,28.5768],[-17.7833,28.5486],[-17.8309,28.4554],[-17.8371,28.4554],[-17.8429,28.465],[-17.8651,28.4754],[-17.8722,28.4944],[-17.8797,28.5437],[-17.9193,28.5963],[-17.9248,28.6183],[-17.9631,28.6715],[-17.9761,28.7282],[-17.9923,28.7386],[-18.0022,28.7496],[-17.9968,28.7801],[-17.9707,28.8132],[-17.9364,28.8403],[-17.9111,28.8556],[-17.8905,28.8439],[-17.8417,28.8354],[-17.8014,28.8493],[-17.7815,28.8423],[-17.7558,28.8185],[-17.7578,28.7987]]],[[[-13.4654,29.2433],[-13.4466,29.233],[-13.4178,29.2089],[-13.4388,29.159],[-13.4587,29.1474],[-13.4624,29.1321],[-13.4519,29.086],[-13.4656,29.0581],[-13.4656,29.0239],[-13.482,28.9995],[-13.5105,28.9775],[-13.543,28.9617],[-13.59,28.9514],[-13.6076,28.9326],[-13.6198,28.9284],[-13.7093,28.9147],[-13.7361,28.8965],[-13.7572,28.8703],[-13.7746,28.8396],[-13.7809,28.8396],[-13.7915,28.8535],[-13.8121,28.8591],[-13.8597,28.8594],[-13.8673,28.8649],[-13.8763,28.8888],[-13.873,28.8942],[-13.8619,28.8974],[-13.8534,28.905],[-13.8429,28.9215],[-13.8321,29.0004],[-13.7985,29.0481],[-13.7809,29.0649],[-13.7506,29.0806],[-13.6902,29.0909],[-13.6368,29.1269],[-13.6024,29.1343],[-13.5512,29.1342],[-13.5372,29.1383],[-13.5261,29.1503],[-13.514,29.1748],[-13.4955,29.2251],[-13.483,29.2399],[-13.4654,29.2433]]],[[[-16.8064,32.6568],[-16.8478,32.644],[-16.8959,32.6416],[-16.9768,32.6472],[-17.143,32.7056],[-17.1807,32.726],[-17.2145,32.7506],[-17.2412,32.7791],[-17.2499,32.7965],[-17.2521,32.8145],[-17.2464,32.8286],[-17.225,32.8393],[-17.2003,32.8685],[-17.1849,32.8742],[-17.1661,32.8685],[-17.1319,32.8391],[-17.0939,32.8277],[-17.068,32.8142],[-17.0412,32.8122],[-17.0143,32.817],[-16.98,32.8332],[-16.9197,32.8412],[-16.9031,32.8363],[-16.7975,32.7746],[-16.7475,32.7708],[-16.7301,32.7668],[-16.7136,32.7586],[-16.693,32.7667],[-16.6727,32.7586],[-16.7379,32.7381],[-16.75,32.7306],[-16.7822,32.6961],[-16.8064,32.6568]]],[[[28.2258,36.418],[28.2363,36.373],[28.2158,36.3636],[28.2112,36.3577],[28.2051,36.3227],[28.1755,36.2904],[28.1709,36.278],[28.1685,36.2498],[28.1634,36.2377],[28.1484,36.2261],[28.1305,36.1855],[28.1033,36.1855],[28.0952,36.1679],[28.0858,36.165],[28.0617,36.1165],[28.0788,36.1074],[28.0964,36.1035],[28.0899,36.0883],[28.0759,36.0756],[28.0896,36.0551],[28.0376,36.0684],[28.0169,36.069],[27.9934,36.062],[27.9484,36.039],[27.9323,36.0253],[27.8923,35.9719],[27.8635,35.941],[27.8274,35.9138],[27.7804,35.89],[27.7327,35.9151],[27.7123,35.9527],[27.7254,35.9672],[27.7541,36.0372],[27.76,36.062],[27.7571,36.0844],[27.7468,36.0962],[27.7332,36.1046],[27.7088,36.1271],[27.7073,36.132],[27.7136,36.1398],[27.7123,36.1445],[27.7029,36.1505],[27.6909,36.1495],[27.6843,36.1581],[27.7007,36.1634],[27.7395,36.1855],[27.7634,36.1922],[27.772,36.1978],[27.7674,36.206],[27.7761,36.2116],[27.7804,36.2326],[27.8032,36.2702],[27.8079,36.2742],[27.8374,36.281],[27.8997,36.3402],[27.9592,36.3568],[28.1184,36.4277],[28.1839,36.4245],[28.2139,36.4555],[28.2224,36.456],[28.2398,36.4387],[28.2398,36.4325],[28.2258,36.418]]],[[[20.7184,38.0663],[20.6817,38.0978],[20.653,38.1112],[20.6146,38.1198],[20.5807,38.1155],[20.565,38.0903],[20.5464,38.102],[20.5098,38.1108],[20.4961,38.1245],[20.4893,38.1592],[20.4729,38.1821],[20.4688,38.1928],[20.4812,38.1901],[20.4979,38.1769],[20.5098,38.1723],[20.5098,38.1797],[20.4938,38.1917],[20.457,38.2612],[20.4453,38.2762],[20.4351,38.2788],[20.4279,38.2617],[20.4282,38.2456],[20.436,38.2125],[20.4347,38.1928],[20.4253,38.1753],[20.3984,38.163],[20.3862,38.1518],[20.3801,38.1518],[20.374,38.169],[20.3454,38.1821],[20.339,38.2002],[20.3569,38.2286],[20.3516,38.2459],[20.3538,38.2532],[20.3796,38.274],[20.3921,38.3001],[20.3982,38.3327],[20.3999,38.3641],[20.4067,38.3436],[20.4136,38.3436],[20.4273,38.3633],[20.4351,38.3562],[20.4426,38.3377],[20.4551,38.3231],[20.4632,38.3315],[20.4705,38.3151],[20.479,38.3095],[20.489,38.3127],[20.5065,38.3272],[20.5298,38.3375],[20.5387,38.3541],[20.5396,38.3742],[20.5309,38.392],[20.5513,38.3852],[20.5378,38.4261],[20.5436,38.4592],[20.5378,38.4677],[20.5378,38.4739],[20.5718,38.4739],[20.6258,38.3518],[20.6261,38.3284],[20.5991,38.3026],[20.6305,38.258],[20.6429,38.2534],[20.6817,38.2821],[20.6748,38.2678],[20.6935,38.2646],[20.709,38.227],[20.7513,38.1968],[20.7622,38.1704],[20.7977,38.1313],[20.805,38.1158],[20.8078,38.0996],[20.8047,38.083],[20.7947,38.0661],[20.7637,38.0699],[20.7336,38.0624],[20.7184,38.0663]]],[[[26.1509,38.5304],[26.1444,38.4929],[26.1219,38.4875],[26.1297,38.4785],[26.1424,38.4739],[26.1364,38.4677],[26.1541,38.4673],[26.1546,38.4609],[26.1424,38.4466],[26.1393,38.4189],[26.1499,38.3436],[26.1636,38.3026],[26.1371,38.2996],[26.1135,38.2842],[26.1022,38.2617],[26.1121,38.2375],[26.1121,38.2226],[26.0881,38.2126],[26.04,38.2002],[26.0321,38.1897],[26.0259,38.1671],[26.0197,38.1592],[26.0098,38.1567],[25.9749,38.166],[25.9646,38.1719],[25.9424,38.195],[25.9341,38.1955],[25.9245,38.2031],[25.9149,38.215],[25.9104,38.227],[25.8898,38.2206],[25.8898,38.248],[25.8733,38.2397],[25.8661,38.2457],[25.8675,38.2597],[25.8762,38.2753],[25.8859,38.2819],[25.9172,38.289],[25.9343,38.3026],[25.9644,38.3026],[25.9709,38.3144],[25.9756,38.3372],[25.9922,38.3436],[25.987,38.3548],[25.989,38.3793],[25.9854,38.392],[25.9834,38.387],[25.978,38.3852],[25.9675,38.3985],[25.9507,38.4057],[25.9563,38.4145],[25.9556,38.4282],[25.9439,38.4534],[25.9319,38.4632],[25.8898,38.4739],[25.8753,38.4835],[25.8433,38.5153],[25.8346,38.5286],[25.8328,38.5441],[25.8452,38.5659],[25.8489,38.5804],[25.9954,38.6042],[26.0159,38.602],[26.064,38.59],[26.0663,38.5832],[26.1082,38.5428],[26.1154,38.5552],[26.1219,38.5565],[26.1213,38.5623],[26.1157,38.5633],[26.1307,38.5672],[26.1436,38.5644],[26.1546,38.556],[26.1636,38.5428],[26.1509,38.5304]]],[[[3.3831,39.7779],[3.4398,39.752],[3.4744,39.7497],[3.4685,39.7393],[3.4744,39.7155],[3.4614,39.7001],[3.4675,39.6876],[3.4539,39.6597],[3.4432,39.6458],[3.4131,39.6351],[3.4019,39.6232],[3.3987,39.6077],[3.406,39.592],[3.3654,39.5631],[3.3233,39.5239],[3.2918,39.4758],[3.2825,39.4201],[3.2688,39.4276],[3.2526,39.3862],[3.221,39.3599],[3.1294,39.3157],[3.091,39.2901],[3.0791,39.2769],[3.0608,39.2691],[3.0293,39.3046],[3.0013,39.3177],[2.9914,39.3473],[2.9588,39.3632],[2.9382,39.3644],[2.9126,39.3587],[2.8255,39.3636],[2.7866,39.3759],[2.7617,39.4002],[2.7512,39.4548],[2.7366,39.4621],[2.7395,39.4783],[2.7549,39.5026],[2.7435,39.5234],[2.7151,39.5435],[2.6817,39.5587],[2.6553,39.5647],[2.6335,39.5593],[2.5691,39.5315],[2.5557,39.52],[2.5449,39.493],[2.5202,39.4728],[2.4927,39.4702],[2.4717,39.4979],[2.469,39.5059],[2.4722,39.5122],[2.4806,39.5162],[2.4539,39.5374],[2.4382,39.5252],[2.4312,39.5277],[2.426,39.5374],[2.3919,39.5237],[2.3821,39.5292],[2.3737,39.5472],[2.3556,39.5587],[2.3508,39.5765],[2.3517,39.5967],[2.3577,39.6119],[2.4294,39.6467],[2.4505,39.6503],[2.4683,39.6594],[2.5176,39.7001],[2.5324,39.7064],[2.5697,39.7131],[2.6177,39.7497],[2.6314,39.7701],[2.6519,39.7701],[2.7106,39.8185],[2.7474,39.8316],[2.7848,39.8567],[2.8032,39.8616],[2.8132,39.8726],[2.8436,39.8726],[2.8731,39.8835],[2.9333,39.9145],[2.9641,39.921],[3.0203,39.9252],[3.0757,39.9361],[3.1795,39.9688],[3.1931,39.9551],[3.2013,39.9605],[3.2142,39.9551],[3.1409,39.9281],[3.1155,39.9088],[3.0969,39.9135],[3.0947,39.8812],[3.1302,39.8764],[3.2068,39.893],[3.2068,39.8868],[3.1968,39.8812],[3.1965,39.8671],[3.1872,39.8544],[3.1652,39.8459],[3.1336,39.8395],[3.1263,39.8319],[3.1248,39.8111],[3.1365,39.7888],[3.1626,39.7691],[3.1948,39.755],[3.2239,39.7497],[3.2925,39.7497],[3.3099,39.7551],[3.3403,39.779],[3.3545,39.7844],[3.3831,39.7779]]],[[[4.3073,39.9105],[4.3288,39.8834],[4.3371,39.8672],[4.3303,39.8672],[4.3198,39.8792],[4.3029,39.8876],[4.3001,39.8218],[4.2481,39.8165],[4.1772,39.8433],[4.0151,39.9258],[3.9814,39.9361],[3.9413,39.9368],[3.8693,39.9255],[3.8307,39.9361],[3.8391,39.9756],[3.8505,39.9839],[3.8129,40.0012],[3.8034,40.0132],[3.8032,40.0181],[3.8095,40.0354],[3.8219,40.0476],[3.8915,40.0596],[3.9155,40.052],[4.0119,40.0596],[4.052,40.0582],[4.0776,40.0643],[4.1051,40.0794],[4.1078,40.0676],[4.1391,40.0459],[4.1349,40.0357],[4.1354,40.0282],[4.1423,40.0248],[4.1559,40.0347],[4.1658,40.0459],[4.1638,40.0606],[4.1705,40.0646],[4.1765,40.0592],[4.1726,40.0459],[4.1786,40.0388],[4.2067,40.0248],[4.2272,40.0049],[4.2546,39.9975],[4.2649,39.9864],[4.2734,39.97],[4.2724,39.9553],[4.2546,39.9497],[4.2701,39.9438],[4.298,39.942],[4.3073,39.9105]]],[[[-4.0981,53.3096],[-4.055,53.3085],[-4.0429,53.3028],[-4.0634,53.2893],[-4.0981,53.2501],[-4.122,53.2419],[-4.1467,53.2391],[-4.172,53.2314],[-4.1955,53.2203],[-4.2204,53.2015],[-4.222,53.1821],[-4.2294,53.1822],[-4.2646,53.1669],[-4.2801,53.155],[-4.3439,53.1321],[-4.3667,53.1314],[-4.3924,53.1383],[-4.4066,53.1306],[-4.4128,53.1321],[-4.4143,53.1378],[-4.412,53.1556],[-4.3904,53.1731],[-4.3851,53.1824],[-4.3957,53.1867],[-4.4109,53.1822],[-4.4329,53.1629],[-4.4476,53.1594],[-4.4486,53.1625],[-4.4817,53.1799],[-4.4954,53.1799],[-4.4951,53.1965],[-4.4996,53.2112],[-4.5199,53.2228],[-4.5531,53.2619],[-4.571,53.2755],[-4.571,53.2829],[-4.5653,53.293],[-4.5587,53.3633],[-4.5609,53.3778],[-4.571,53.3928],[-4.5535,53.4006],[-4.4254,53.4267],[-4.3247,53.4195],[-4.2767,53.401],[-4.2669,53.369],[-4.2347,53.3581],[-4.2352,53.3401],[-4.2148,53.3239],[-4.2032,53.2985],[-4.1906,53.2966],[-4.1425,53.3028],[-4.122,53.3171],[-4.0981,53.3096]]],[[[13.7249,54.3636],[13.742,54.3505],[13.7664,54.3449],[13.7401,54.3298],[13.7302,54.3168],[13.7232,54.2784],[13.6909,54.2835],[13.7119,54.2866],[13.716,54.2933],[13.7119,54.3039],[13.6795,54.294],[13.6511,54.2972],[13.6511,54.3039],[13.6882,54.3133],[13.7036,54.3205],[13.7119,54.3319],[13.6599,54.3298],[13.6367,54.3255],[13.617,54.3176],[13.6721,54.3403],[13.6909,54.3449],[13.6909,54.3518],[13.6501,54.3524],[13.6268,54.3391],[13.5993,54.3518],[13.4997,54.3449],[13.4289,54.3109],[13.4061,54.2852],[13.3816,54.2822],[13.3596,54.2755],[13.3557,54.2487],[13.3694,54.2556],[13.3696,54.2606],[13.3631,54.263],[13.4109,54.2679],[13.4177,54.2661],[13.4251,54.2432],[13.423,54.2327],[13.4072,54.2282],[13.347,54.2375],[13.3115,54.2511],[13.3195,54.2564],[13.3352,54.2835],[13.3206,54.2784],[13.3079,54.2692],[13.3147,54.263],[13.2842,54.2628],[13.2679,54.2565],[13.2424,54.2692],[13.2101,54.2758],[13.1992,54.2844],[13.2048,54.2972],[13.1903,54.2998],[13.1497,54.2903],[13.1428,54.298],[13.1489,54.3048],[13.1623,54.3077],[13.1775,54.3039],[13.1775,54.3102],[13.1155,54.3381],[13.1292,54.3596],[13.1489,54.3773],[13.1743,54.384],[13.2048,54.3723],[13.2117,54.3791],[13.2233,54.3725],[13.2372,54.374],[13.2669,54.3859],[13.2511,54.3869],[13.2393,54.3936],[13.2344,54.4034],[13.239,54.4201],[13.2254,54.4208],[13.2116,54.4311],[13.2014,54.4337],[13.157,54.4268],[13.1818,54.453],[13.2595,54.4685],[13.2595,54.4753],[13.2731,54.4821],[13.2332,54.4931],[13.2254,54.5019],[13.2337,54.5092],[13.2328,54.5163],[13.1854,54.5083],[13.166,54.5191],[13.1589,54.5407],[13.1434,54.5429],[13.1664,54.5494],[13.2429,54.556],[13.2595,54.5538],[13.2649,54.5478],[13.2883,54.5399],[13.2979,54.5197],[13.3055,54.5234],[13.3093,54.5348],[13.301,54.5504],[13.3337,54.5731],[13.3694,54.5852],[13.3582,54.5648],[13.3421,54.5504],[13.3539,54.5499],[13.3631,54.5429],[13.3489,54.5237],[13.3748,54.5256],[13.3838,54.5319],[13.3898,54.5429],[13.3631,54.5504],[13.3631,54.5572],[13.3767,54.5646],[13.4173,54.5246],[13.4109,54.5094],[13.4307,54.4927],[13.4556,54.4875],[13.5071,54.4883],[13.4997,54.4958],[13.5093,54.509],[13.5208,54.5163],[13.5208,54.5237],[13.5075,54.5447],[13.4997,54.5504],[13.4997,54.5572],[13.5208,54.5646],[13.5208,54.5708],[13.5083,54.5704],[13.4866,54.5572],[13.4414,54.5572],[13.4238,54.5745],[13.3993,54.5796],[13.3692,54.6121],[13.3479,54.6008],[13.3318,54.5878],[13.3084,54.5796],[13.2733,54.5609],[13.2533,54.5646],[13.2498,54.5765],[13.2568,54.5949],[13.2699,54.6118],[13.2839,54.6193],[13.2935,54.6423],[13.2905,54.6466],[13.2459,54.6398],[13.2312,54.6339],[13.2248,54.635],[13.2254,54.6466],[13.231,54.6533],[13.2536,54.665],[13.3908,54.6882],[13.4187,54.6884],[13.4451,54.6801],[13.4451,54.6739],[13.3909,54.6505],[13.383,54.6364],[13.386,54.6186],[13.3945,54.6044],[13.4077,54.5934],[13.4246,54.5852],[13.4663,54.5769],[13.596,54.5914],[13.6405,54.5857],[13.6707,54.5662],[13.6773,54.5405],[13.6511,54.5163],[13.6068,54.499],[13.5848,54.4865],[13.5755,54.4719],[13.5791,54.4551],[13.5879,54.4376],[13.6095,54.4138],[13.6301,54.4075],[13.6774,54.4008],[13.6983,54.3921],[13.7249,54.3636]]],[[[11.8338,54.7246],[11.8147,54.7187],[11.807,54.708],[11.8464,54.6978],[11.8426,54.6762],[11.8107,54.6551],[11.7661,54.6466],[11.6105,54.6664],[11.5601,54.6596],[11.5122,54.6466],[11.4744,54.6261],[11.4518,54.6284],[11.3587,54.6605],[11.2977,54.6916],[11.1878,54.7322],[11.1382,54.7386],[11.0846,54.7531],[11.0305,54.7606],[11.0093,54.7716],[10.9992,54.7868],[11.0057,54.8037],[11.0308,54.8122],[11.0613,54.8093],[11.0897,54.8106],[11.1082,54.8315],[11.0784,54.8411],[11.0188,54.8862],[11.0188,54.9034],[11.0324,54.9193],[11.074,54.9482],[11.0881,54.9442],[11.2317,54.9612],[11.256,54.9546],[11.3389,54.9191],[11.3689,54.8811],[11.3928,54.8725],[11.4168,54.8693],[11.5947,54.8111],[11.5851,54.8285],[11.5736,54.8393],[11.5728,54.848],[11.5947,54.8589],[11.6221,54.8589],[11.6563,54.8663],[11.6472,54.8771],[11.6448,54.8896],[11.6494,54.9135],[11.7258,54.8734],[11.7319,54.8589],[11.7556,54.8411],[11.7707,54.8343],[11.7873,54.8315],[11.773,54.8247],[11.7876,54.8069],[11.8377,54.7828],[11.8486,54.7732],[11.8555,54.7436],[11.8338,54.7246]]],[[[10.6214,55.0643],[10.5861,55.0575],[10.5689,55.0499],[10.5383,55.0297],[10.5169,55.0313],[10.4775,55.0439],[10.4107,55.0469],[10.3888,55.0507],[10.3626,55.0627],[10.3128,55.0637],[10.2342,55.0922],[10.2053,55.0937],[10.1976,55.0861],[10.197,55.0643],[10.1584,55.0867],[10.1418,55.0922],[10.1213,55.0925],[10.0835,55.087],[10.0659,55.0922],[10.1426,55.1258],[10.156,55.1401],[10.1387,55.1543],[10.113,55.1838],[10.094,55.1884],[10.0558,55.1798],[10.0393,55.181],[10.0166,55.1943],[10.0036,55.1973],[9.9915,55.1884],[9.9945,55.1728],[10.0291,55.1424],[10.0256,55.1257],[9.9855,55.1278],[9.9829,55.1306],[9.9841,55.1401],[9.987,55.1393],[9.9898,55.1434],[9.9888,55.1518],[9.9743,55.174],[9.972,55.1847],[9.9743,55.1953],[9.9807,55.2049],[9.9795,55.2128],[9.9114,55.2285],[9.9002,55.2341],[9.884,55.2535],[9.8817,55.2595],[9.884,55.2656],[9.8954,55.2803],[9.8932,55.2912],[9.8817,55.3144],[9.8848,55.3489],[9.8745,55.3533],[9.8298,55.3523],[9.8024,55.3624],[9.7781,55.3803],[9.8301,55.3889],[9.8401,55.4001],[9.7855,55.4138],[9.8196,55.4138],[9.8093,55.4255],[9.791,55.4318],[9.7373,55.4382],[9.7035,55.4621],[9.7035,55.4684],[9.7302,55.4615],[9.7863,55.4372],[9.8122,55.4411],[9.7134,55.491],[9.6763,55.4957],[9.6839,55.506],[9.7178,55.5168],[9.7551,55.5441],[9.8091,55.5503],[9.8274,55.5484],[9.8313,55.5347],[9.8401,55.5236],[9.8882,55.5087],[9.9403,55.5192],[10.0393,55.5578],[10.1686,55.5823],[10.2127,55.6007],[10.2373,55.6055],[10.2721,55.6055],[10.2796,55.5851],[10.2936,55.5881],[10.2971,55.5956],[10.2938,55.6161],[10.3076,55.6182],[10.3384,55.6101],[10.4074,55.583],[10.4442,55.5532],[10.4885,55.5455],[10.5188,55.5334],[10.4868,55.5372],[10.4753,55.532],[10.4707,55.5202],[10.4891,55.5091],[10.4912,55.5031],[10.486,55.4948],[10.457,55.4894],[10.4196,55.4588],[10.436,55.4421],[10.4715,55.4431],[10.4912,55.4653],[10.5025,55.4636],[10.6091,55.4926],[10.6023,55.5063],[10.5791,55.5141],[10.5669,55.5236],[10.5698,55.5324],[10.5823,55.5291],[10.6011,55.5168],[10.6138,55.5279],[10.6105,55.5436],[10.5942,55.5783],[10.6146,55.5646],[10.615,55.5814],[10.6086,55.613],[10.6276,55.6136],[10.6569,55.5949],[10.7041,55.5503],[10.7092,55.527],[10.7381,55.5093],[10.7445,55.4956],[10.7424,55.4875],[10.7039,55.4711],[10.6575,55.4597],[10.5884,55.4634],[10.5713,55.4612],[10.5594,55.4553],[10.554,55.4426],[10.5633,55.4362],[10.5794,55.4359],[10.5942,55.4411],[10.5886,55.4494],[10.596,55.4597],[10.683,55.4479],[10.6979,55.4403],[10.7966,55.3585],[10.8284,55.3066],[10.8343,55.2903],[10.8269,55.2903],[10.8151,55.3008],[10.7969,55.3077],[10.7803,55.3049],[10.773,55.2871],[10.7787,55.2748],[10.8053,55.2504],[10.8133,55.2356],[10.8152,55.2141],[10.8127,55.1943],[10.806,55.1774],[10.7908,55.1569],[10.7866,55.1295],[10.7834,55.1242],[10.7588,55.1053],[10.7337,55.0718],[10.7178,55.0643],[10.6214,55.0643]]],[[[-5.6883,56.4348],[-5.6649,56.4139],[-5.6576,56.4001],[-5.6703,56.3938],[-5.703,56.3934],[-5.7174,56.3974],[-5.7156,56.4081],[-5.7217,56.4123],[-5.7423,56.4143],[-5.7391,56.4012],[-5.7511,56.3894],[-5.7839,56.3734],[-5.7839,56.3659],[-5.75,56.3771],[-5.7122,56.3802],[-5.696,56.3754],[-5.7027,56.3646],[-5.72,56.3528],[-5.8087,56.3189],[-5.8482,56.3136],[-5.8801,56.3256],[-5.8535,56.3437],[-5.8522,56.3529],[-5.8604,56.3583],[-5.8727,56.3577],[-5.8972,56.3529],[-5.9148,56.3355],[-5.9579,56.3281],[-6.0375,56.3052],[-6.066,56.2892],[-6.1024,56.2982],[-6.147,56.2839],[-6.2398,56.2839],[-6.2458,56.2807],[-6.2565,56.2667],[-6.2668,56.2635],[-6.3,56.268],[-6.3275,56.2772],[-6.3456,56.2883],[-6.3602,56.3036],[-6.3661,56.3222],[-6.357,56.3363],[-6.3354,56.3445],[-6.3103,56.3474],[-6.2904,56.3454],[-6.2472,56.3117],[-6.2289,56.3188],[-6.2289,56.3256],[-6.25,56.3323],[-6.2318,56.3369],[-6.1866,56.3312],[-6.1539,56.3448],[-6.085,56.3529],[-6.0399,56.371],[-6.0208,56.382],[-6.027,56.387],[-6.0469,56.384],[-6.1055,56.3659],[-6.154,56.359],[-6.1789,56.3599],[-6.1986,56.3696],[-6.2032,56.3803],[-6.1988,56.3903],[-6.1892,56.3978],[-6.1648,56.4025],[-6.1572,56.4074],[-6.1351,56.4423],[-6.1265,56.4484],[-6.0815,56.4484],[-6.0098,56.4695],[-6.004,56.4797],[-6.0033,56.4894],[-6.0075,56.4976],[-6.0167,56.5036],[-6.0811,56.4851],[-6.1024,56.4832],[-6.1274,56.4744],[-6.1368,56.4794],[-6.1621,56.5092],[-6.1743,56.5167],[-6.1949,56.5233],[-6.2885,56.5323],[-6.3077,56.5373],[-6.3382,56.5521],[-6.2904,56.572],[-6.2987,56.5812],[-6.3192,56.594],[-6.3252,56.6061],[-6.2884,56.608],[-6.2563,56.6203],[-6.2386,56.6086],[-6.2302,56.6086],[-6.2228,56.6129],[-6.2203,56.6323],[-6.1907,56.6449],[-6.1513,56.6518],[-6.119,56.6539],[-6.1053,56.6485],[-6.0583,56.6402],[-6.0644,56.6203],[-6.0335,56.6188],[-6.0088,56.5987],[-5.9683,56.5447],[-5.9626,56.5261],[-5.8522,56.5242],[-5.8295,56.5108],[-5.814,56.5167],[-5.7943,56.5167],[-5.7567,56.4901],[-5.7218,56.4901],[-5.7104,56.4848],[-5.6855,56.4641],[-5.6809,56.4518],[-5.6735,56.4497],[-5.6588,56.4517],[-5.6484,56.4477],[-5.6536,56.428],[-5.6883,56.4348]]],[[[17.097,57.3174],[17.0755,57.3051],[17.042,57.2709],[17.0645,57.2419],[17.0663,57.2267],[17.0505,57.2012],[17.0495,57.1883],[17.0282,57.1815],[17.0153,57.1479],[16.9735,57.1042],[16.9606,57.0632],[16.9432,57.0518],[16.8986,57.0381],[16.9129,57.0235],[16.9339,57.0176],[16.8992,56.9964],[16.8713,56.9692],[16.8845,56.9356],[16.8831,56.9162],[16.8678,56.9077],[16.8582,56.8968],[16.8418,56.8441],[16.8303,56.8258],[16.7816,56.8106],[16.7687,56.7968],[16.7565,56.7475],[16.6985,56.6452],[16.6897,56.6254],[16.6828,56.5935],[16.6642,56.5753],[16.6432,56.5684],[16.637,56.5597],[16.6315,56.5322],[16.638,56.5292],[16.6384,56.5242],[16.6248,56.5036],[16.6196,56.4753],[16.5861,56.4267],[16.5759,56.4057],[16.5696,56.387],[16.5696,56.3563],[16.5664,56.3461],[16.5523,56.3321],[16.5412,56.3061],[16.4909,56.2396],[16.4727,56.2272],[16.4502,56.2187],[16.4285,56.218],[16.4126,56.2293],[16.4105,56.2383],[16.4126,56.2709],[16.3989,56.2982],[16.4072,56.32],[16.4058,56.387],[16.4141,56.4028],[16.3914,56.4587],[16.3989,56.5447],[16.4194,56.5856],[16.4426,56.6087],[16.4528,56.6375],[16.6209,56.8723],[16.6379,56.8825],[16.7168,56.8918],[16.7313,56.904],[16.7483,56.9419],[16.7936,57.0039],[16.8456,57.0591],[16.8884,57.1182],[16.9099,57.2022],[16.9404,57.2128],[16.9539,57.2221],[16.9592,57.2307],[16.9621,57.2873],[16.9665,57.3046],[16.9885,57.3176],[17.0192,57.3445],[17.0549,57.3582],[17.0653,57.3577],[17.0735,57.3432],[17.0819,57.3414],[17.0911,57.3445],[17.0972,57.3528],[17.104,57.3528],[17.1043,57.3483],[17.1198,57.3305],[17.1245,57.3193],[17.097,57.3174]]],[[[-6.5806,57.3388],[-6.6725,57.3559],[-6.696,57.3644],[-6.7148,57.3766],[-6.7317,57.417],[-6.7732,57.4341],[-6.7838,57.4564],[-6.7224,57.4564],[-6.7363,57.4652],[-6.7452,57.4759],[-6.7471,57.4879],[-6.7397,57.5006],[-6.7263,57.5114],[-6.7159,57.5142],[-6.7065,57.5109],[-6.6381,57.4533],[-6.62,57.4455],[-6.6068,57.4439],[-6.6125,57.4626],[-6.5995,57.4694],[-6.6313,57.4936],[-6.633,57.4975],[-6.6306,57.5018],[-6.6214,57.5039],[-6.6114,57.5122],[-6.5641,57.5036],[-6.574,57.5217],[-6.5994,57.5375],[-6.6299,57.5485],[-6.6548,57.5521],[-6.6416,57.562],[-6.631,57.5768],[-6.6289,57.5911],[-6.6405,57.5998],[-6.6405,57.6073],[-6.6198,57.6072],[-6.5943,57.5905],[-6.5723,57.5825],[-6.5641,57.5588],[-6.5546,57.5525],[-6.5012,57.5355],[-6.4649,57.5125],[-6.4208,57.5179],[-6.4435,57.4881],[-6.4335,57.4865],[-6.4121,57.5014],[-6.4003,57.521],[-6.387,57.5173],[-6.3109,57.4626],[-6.3109,57.4694],[-6.3252,57.4831],[-6.3246,57.4968],[-6.3385,57.5095],[-6.373,57.5316],[-6.3896,57.5525],[-6.3859,57.5626],[-6.3724,57.5726],[-6.3599,57.593],[-6.3834,57.5929],[-6.4003,57.5998],[-6.3959,57.6135],[-6.4145,57.634],[-6.4157,57.6458],[-6.4134,57.6492],[-6.3599,57.6681],[-6.338,57.6992],[-6.3252,57.696],[-6.3109,57.7028],[-6.2933,57.686],[-6.2605,57.6686],[-6.2327,57.6414],[-6.188,57.6209],[-6.1689,57.6076],[-6.1539,57.5895],[-6.1447,57.52],[-6.1334,57.4763],[-6.147,57.4251],[-6.1525,57.4175],[-6.1789,57.4036],[-6.188,57.3944],[-6.1593,57.4074],[-6.1416,57.4108],[-6.1265,57.408],[-6.1179,57.3978],[-6.1235,57.3883],[-6.1401,57.3739],[-6.1352,57.3574],[-6.1057,57.3397],[-6.0992,57.3323],[-6.1066,57.3235],[-6.1539,57.3056],[-6.0682,57.3118],[-6.0454,57.3083],[-6.0411,57.3001],[-6.0529,57.291],[-6.0781,57.2845],[-6.0781,57.2777],[-6.0085,57.2868],[-5.9767,57.2703],[-5.9381,57.2709],[-5.9232,57.2669],[-5.9006,57.2429],[-5.8862,57.2421],[-5.8658,57.2571],[-5.8243,57.2562],[-5.7958,57.2718],[-5.7679,57.2774],[-5.7385,57.2773],[-5.7218,57.2646],[-5.6474,57.2646],[-5.6639,57.2398],[-5.6591,57.2225],[-5.663,57.2127],[-5.6909,57.1895],[-5.7423,57.1684],[-5.7821,57.1662],[-5.789,57.1595],[-5.7908,57.1374],[-5.8004,57.1237],[-5.8522,57.103],[-5.9189,57.0501],[-5.9349,57.0412],[-5.9534,57.0341],[-6.0067,57.0284],[-6.0208,57.0319],[-6.0304,57.0449],[-6.0273,57.0622],[-6.0002,57.0839],[-6.003,57.0996],[-5.9942,57.1046],[-5.9869,57.1182],[-5.9618,57.1422],[-5.9416,57.1548],[-5.8454,57.1815],[-5.8454,57.1883],[-5.9009,57.1755],[-5.9862,57.1746],[-5.9917,57.1772],[-5.9956,57.1957],[-6.0193,57.2176],[-6.0322,57.2265],[-6.044,57.2299],[-6.0354,57.2115],[-6.0235,57.1957],[-6.0408,57.1741],[-6.0509,57.1684],[-6.044,57.161],[-6.0563,57.1529],[-6.0738,57.1318],[-6.0886,57.1274],[-6.1014,57.1352],[-6.1129,57.1883],[-6.1265,57.1952],[-6.1401,57.1883],[-6.1475,57.1945],[-6.1645,57.2014],[-6.1743,57.202],[-6.1743,57.1957],[-6.1598,57.1876],[-6.1772,57.1812],[-6.3183,57.161],[-6.3183,57.1684],[-6.2767,57.1957],[-6.2767,57.202],[-6.3131,57.1999],[-6.3456,57.1883],[-6.3647,57.2045],[-6.3798,57.2231],[-6.3595,57.2294],[-6.3456,57.2429],[-6.3914,57.2405],[-6.4082,57.2434],[-6.4555,57.2777],[-6.4661,57.2947],[-6.4792,57.3048],[-6.4822,57.3118],[-6.4164,57.3345],[-6.394,57.3323],[-6.3376,57.3015],[-6.3109,57.2982],[-6.3239,57.3114],[-6.4062,57.3515],[-6.4176,57.3528],[-6.463,57.3466],[-6.4486,57.3528],[-6.4486,57.3603],[-6.4759,57.3671],[-6.4658,57.37],[-6.463,57.3739],[-6.4789,57.3819],[-6.4808,57.3901],[-6.4759,57.4012],[-6.4908,57.399],[-6.5106,57.3856],[-6.5238,57.3808],[-6.5176,57.3989],[-6.5212,57.4079],[-6.5306,57.4155],[-6.5389,57.4023],[-6.5621,57.3955],[-6.5715,57.3876],[-6.5732,57.3761],[-6.5621,57.3579],[-6.5641,57.3466],[-6.5806,57.3388]]],[[[19.0503,57.8622],[19.0852,57.8258],[19.015,57.822],[18.9866,57.8074],[18.9816,57.7705],[18.9702,57.7796],[18.9578,57.7846],[18.9487,57.7827],[18.9475,57.7705],[18.9382,57.7626],[18.9321,57.7523],[18.9321,57.7408],[18.9413,57.7296],[18.9012,57.7239],[18.8652,57.7233],[18.8208,57.737],[18.8071,57.7344],[18.8059,57.7279],[18.8103,57.7097],[18.7966,57.6755],[18.7647,57.6269],[18.7625,57.6172],[18.8103,57.6073],[18.7947,57.5781],[18.7898,57.5483],[18.782,57.535],[18.7678,57.5207],[18.7614,57.5076],[18.7761,57.4975],[18.7688,57.4818],[18.7732,57.4722],[18.7859,57.4682],[18.8035,57.4694],[18.7898,57.449],[18.8288,57.44],[18.8689,57.4353],[18.8797,57.4492],[18.9089,57.4392],[18.9261,57.4182],[18.93,57.4045],[18.9263,57.3926],[18.9099,57.3876],[18.8792,57.3876],[18.8582,57.3944],[18.8412,57.3829],[18.8015,57.3762],[18.7702,57.3645],[18.7415,57.3479],[18.7179,57.3289],[18.6804,57.3105],[18.6668,57.2968],[18.6737,57.2777],[18.6814,57.2754],[18.7025,57.2777],[18.7109,57.2743],[18.7141,57.2429],[18.6789,57.2333],[18.6805,57.2299],[18.5915,57.2187],[18.5645,57.2094],[18.5645,57.202],[18.5781,57.202],[18.5781,57.1957],[18.5554,57.1925],[18.4312,57.1543],[18.4064,57.143],[18.3858,57.1274],[18.4546,57.1274],[18.4312,57.1169],[18.3599,57.0961],[18.3447,57.0827],[18.3379,57.0312],[18.3486,57.0185],[18.3643,57.0114],[18.4001,57.004],[18.3447,57.004],[18.3447,56.9971],[18.3584,56.9897],[18.3215,56.9691],[18.3115,56.9481],[18.2985,56.9416],[18.2039,56.9152],[18.1697,56.912],[18.1387,56.922],[18.2039,56.9863],[18.2064,56.9947],[18.2009,57.0176],[18.2139,57.0263],[18.2508,57.0339],[18.2656,57.0415],[18.2737,57.0541],[18.282,57.081],[18.2902,57.0927],[18.2664,57.0844],[18.2233,57.0603],[18.2009,57.0654],[18.2009,57.0728],[18.2141,57.0815],[18.2251,57.0949],[18.2273,57.1075],[18.2144,57.1138],[18.228,57.1337],[18.1853,57.1448],[18.1598,57.2298],[18.0994,57.259],[18.1011,57.278],[18.1156,57.297],[18.1531,57.3134],[18.1659,57.3316],[18.1712,57.3521],[18.166,57.3671],[18.1792,57.3795],[18.1766,57.3856],[18.1592,57.3944],[18.1462,57.408],[18.1454,57.4262],[18.1209,57.4651],[18.1135,57.488],[18.112,57.5111],[18.1282,57.5482],[18.1615,57.5779],[18.325,57.6726],[18.4631,57.8032],[18.4994,57.8266],[18.5501,57.8394],[18.5949,57.8314],[18.6087,57.8363],[18.615,57.8436],[18.626,57.8679],[18.6408,57.8862],[18.658,57.9018],[18.6777,57.9139],[18.7005,57.9213],[18.7238,57.923],[18.7424,57.9179],[18.7572,57.9062],[18.7693,57.8878],[18.7699,57.8828],[18.7625,57.871],[18.7647,57.8652],[18.7739,57.8603],[18.7844,57.8396],[18.8035,57.8258],[18.8107,57.8512],[18.8441,57.8736],[18.8519,57.8913],[18.8392,57.9053],[18.8374,57.9122],[18.8513,57.9151],[18.9133,57.9213],[18.9133,57.9151],[18.898,57.8977],[18.9172,57.8881],[18.9416,57.8888],[18.9413,57.9021],[18.9566,57.9078],[18.9958,57.9121],[19.0095,57.9083],[19.0021,57.9021],[19.014,57.8813],[19.0247,57.8719],[19.0503,57.8622]]],[[[-6.9735,57.7333],[-7.0414,57.7705],[-7.1019,57.8115],[-7.1128,57.8159],[-7.1246,57.8308],[-7.1251,57.8369],[-7.097,57.838],[-7.0886,57.8334],[-7.0793,57.8127],[-6.9974,57.8537],[-6.9849,57.8649],[-6.9623,57.8688],[-6.9142,57.8679],[-6.9626,57.8878],[-6.9626,57.8947],[-6.9116,57.9106],[-6.8817,57.9143],[-6.8519,57.9106],[-6.8323,57.9021],[-6.8596,57.9152],[-6.8658,57.9213],[-6.8391,57.9288],[-6.8391,57.9356],[-6.8971,57.9356],[-6.9108,57.9389],[-6.937,57.9534],[-6.9521,57.9567],[-7.0098,57.9553],[-7.0363,57.9606],[-7.0446,57.9765],[-7.0573,57.9709],[-7.0658,57.971],[-7.1128,57.9902],[-7.0931,58.0],[-6.7593,58.0],[-6.7509,57.993],[-6.7301,57.963],[-6.7047,57.9532],[-6.674,57.9288],[-6.6957,57.9213],[-6.689,57.9149],[-6.6678,57.9083],[-6.661,57.8803],[-6.7429,57.8913],[-6.7777,57.9021],[-6.787,57.8988],[-6.8056,57.8803],[-6.764,57.8679],[-6.7367,57.8394],[-6.7419,57.8315],[-6.7556,57.8265],[-6.7912,57.8258],[-6.7912,57.8189],[-6.7838,57.8189],[-6.7838,57.8127],[-6.8061,57.8146],[-6.8527,57.8332],[-6.8596,57.8258],[-6.8391,57.8127],[-6.8612,57.7963],[-6.8875,57.7848],[-6.8733,57.778],[-6.894,57.7665],[-6.9551,57.7438],[-6.9735,57.7333]]],[[[-6.5051,57.9925],[-6.4696,57.9869],[-6.4555,57.9765],[-6.4555,57.9697],[-6.465,57.9656],[-6.4897,57.9431],[-6.5076,57.936],[-6.5511,57.9431],[-6.5511,57.9356],[-6.5375,57.9288],[-6.5375,57.9213],[-6.5598,57.9152],[-6.5784,57.9172],[-6.5939,57.9249],[-6.6064,57.9356],[-6.6205,57.9545],[-6.6299,57.9567],[-6.635,57.9516],[-6.6296,57.9403],[-6.6125,57.9213],[-6.6194,57.9151],[-6.661,57.9288],[-6.6724,57.9462],[-6.6998,57.9762],[-6.7078,57.9896],[-6.7089,58.0],[-6.5192,58.0],[-6.5051,57.9925]]],[[[22.203,57.994],[22.19,57.9838],[22.0484,57.9151],[22.0169,57.9145],[21.9901,57.9356],[21.9944,57.9473],[21.9907,57.9582],[21.9808,57.9665],[21.9641,57.9714],[21.9623,57.98],[21.9634,57.984],[21.9976,57.984],[22.0092,58.0],[22.2017,58.0],[22.203,57.994]]],[[[54.4969,12.5469],[54.5161,12.5584],[54.5268,12.5572],[54.5403,12.5502],[54.5279,12.5374],[54.4574,12.5192],[54.4467,12.5111],[54.4447,12.4847],[54.4023,12.4672],[54.3687,12.4596],[54.3282,12.4435],[54.2833,12.4473],[54.2459,12.4335],[54.2188,12.3994],[54.1838,12.3825],[54.1405,12.3513],[54.1107,12.3538],[54.0642,12.3505],[54.0475,12.353],[54.0309,12.3484],[54.0082,12.3299],[53.97,12.3419],[53.7764,12.305],[53.7312,12.3004],[53.6729,12.3063],[53.5721,12.3346],[53.5195,12.3935],[53.5056,12.4163],[53.4794,12.4252],[53.3342,12.5155],[53.3069,12.5434],[53.3157,12.5503],[53.3425,12.5426],[53.363,12.5449],[53.3894,12.5608],[53.4032,12.598],[53.396,12.6565],[53.4107,12.6621],[53.4701,12.6714],[53.4999,12.7121],[53.5189,12.7144],[53.6062,12.7],[53.6548,12.7048],[53.694,12.6698],[53.7629,12.6197],[53.8461,12.5986],[53.8664,12.6229],[53.876,12.6473],[53.9034,12.653],[53.9224,12.6507],[53.9402,12.6424],[53.9735,12.647],[54.0081,12.6457],[54.0583,12.6712],[54.0822,12.6862],[54.093,12.6989],[54.1194,12.7011],[54.1322,12.6884],[54.1679,12.665],[54.1835,12.6684],[54.1955,12.6754],[54.2188,12.6527],[54.26,12.6475],[54.2693,12.6321],[54.3195,12.611],[54.3601,12.6027],[54.4008,12.5804],[54.4219,12.574],[54.4707,12.5436],[54.4969,12.5469]]],[[[40.3735,15.6444],[40.4063,15.6381],[40.4142,15.5983],[40.4081,15.58],[40.3939,15.5723],[40.3729,15.5826],[40.3566,15.5862],[40.3081,15.5745],[40.2874,15.573],[40.2311,15.5964],[40.2083,15.5997],[40.1587,15.5895],[40.1433,15.5922],[40.1228,15.614],[40.1138,15.5976],[40.1022,15.5891],[40.0853,15.5876],[40.0608,15.5922],[40.0204,15.6076],[40.0015,15.6113],[39.9789,15.6065],[39.9639,15.6263],[39.9373,15.7021],[39.9557,15.6997],[39.9569,15.6954],[39.9509,15.6884],[39.9651,15.6779],[39.9714,15.6611],[39.9883,15.6647],[40.0266,15.6474],[40.0393,15.6481],[40.0813,15.6611],[40.063,15.6929],[40.0386,15.719],[40.0088,15.7366],[39.9751,15.7431],[39.9421,15.7364],[39.9304,15.7396],[39.9236,15.7573],[39.925,15.777],[39.9338,15.7882],[39.9468,15.7899],[39.9767,15.771],[39.99,15.7699],[39.9939,15.7779],[39.9819,15.7952],[39.9753,15.8153],[39.995,15.8247],[40.0335,15.8262],[40.0374,15.8384],[40.0308,15.8543],[40.0194,15.8681],[40.0093,15.874],[39.9744,15.8718],[39.9631,15.8771],[39.9509,15.8939],[39.9875,15.8911],[40.0262,15.8826],[40.0627,15.8688],[40.0916,15.8498],[40.1056,15.8286],[40.1006,15.8142],[40.0902,15.8031],[40.0881,15.7921],[40.0957,15.7846],[40.1052,15.7842],[40.1228,15.7921],[40.1154,15.809],[40.126,15.8119],[40.1365,15.8062],[40.1389,15.7922],[40.1331,15.7112],[40.1424,15.6815],[40.1638,15.6444],[40.2321,15.627],[40.2474,15.655],[40.2532,15.6611],[40.2616,15.6632],[40.2278,15.674],[40.2191,15.6854],[40.2266,15.6965],[40.2445,15.7021],[40.2669,15.7035],[40.3076,15.6972],[40.3215,15.6884],[40.3299,15.6643],[40.3527,15.658],[40.3735,15.6444]]],[[[42.1863,16.6914],[42.1766,16.6516],[42.1882,16.6053],[42.1786,16.5835],[42.1558,16.585],[42.128,16.6174],[42.1053,16.6253],[42.0838,16.6267],[42.0732,16.6358],[42.1014,16.6471],[42.1176,16.6599],[42.1111,16.6805],[42.0858,16.6935],[42.0307,16.6875],[42.0106,16.6826],[41.9755,16.6636],[41.9555,16.6701],[41.9169,16.7051],[41.8941,16.7104],[41.8434,16.7467],[41.8314,16.7674],[41.8249,16.7982],[41.8076,16.8099],[41.7782,16.8127],[41.7808,16.8193],[41.7796,16.841],[41.7649,16.859],[41.7556,16.8784],[41.7571,16.8964],[41.7719,16.8924],[41.7892,16.8756],[41.8281,16.8586],[41.8601,16.8211],[41.8633,16.7851],[41.8811,16.7657],[41.9051,16.7476],[41.9414,16.7512],[41.9533,16.7331],[41.9734,16.7317],[41.9936,16.7379],[42.011,16.7391],[42.023,16.7274],[42.0229,16.7159],[42.035,16.7158],[42.0646,16.7284],[42.0365,16.7337],[42.0217,16.7558],[42.0339,16.7738],[42.0414,16.8023],[42.0479,16.8121],[42.0622,16.8142],[42.1041,16.7923],[42.1053,16.7756],[42.1185,16.7549],[42.1165,16.7442],[42.1412,16.7406],[42.1477,16.7213],[42.1864,16.7055],[42.1863,16.6914]]],[[[41.9042,16.8028],[41.835,16.8918],[41.8462,16.9013],[41.8704,16.9027],[41.888,16.9078],[41.9009,16.9184],[41.911,16.936],[41.9231,16.9351],[41.9285,16.9549],[41.9209,16.9789],[41.8941,16.9907],[41.8462,16.9975],[41.8438,17.0019],[41.8514,17.0099],[41.8609,17.0136],[41.8633,17.005],[41.8957,17.0019],[41.9212,16.992],[41.9382,16.9729],[41.9452,16.9423],[41.9455,16.9233],[41.9399,16.9015],[41.9438,16.8835],[41.976,16.8755],[41.9852,16.8536],[41.9441,16.853],[41.9323,16.8384],[41.9382,16.8214],[41.9627,16.8131],[41.9954,16.797],[42.002,16.7726],[42.0018,16.761],[41.9725,16.7779],[41.9189,16.7912],[41.9042,16.8028]]],[[[58.9084,20.6047],[58.9143,20.5878],[58.9539,20.5199],[58.95,20.5089],[58.9028,20.4741],[58.8623,20.4528],[58.8441,20.4373],[58.8202,20.403],[58.8083,20.3796],[58.7966,20.3315],[58.7876,20.3145],[58.7894,20.2865],[58.7852,20.2795],[58.7515,20.248],[58.7243,20.2152],[58.6913,20.2077],[58.6746,20.1795],[58.6636,20.1714],[58.6522,20.1705],[58.6426,20.1872],[58.6375,20.2185],[58.6387,20.2667],[58.6359,20.277],[58.6429,20.3561],[58.6482,20.3688],[58.6646,20.3878],[58.6939,20.4072],[58.7007,20.4311],[58.7176,20.437],[58.7512,20.4401],[58.7689,20.4516],[58.7808,20.467],[58.7894,20.5199],[58.7956,20.5384],[58.8529,20.6133],[58.8713,20.6496],[58.8826,20.6825],[58.8913,20.6943],[58.9063,20.698],[58.9183,20.6815],[58.917,20.6643],[58.9063,20.626],[58.9084,20.6047]]],[[[56.2124,27.003],[56.2577,26.9887],[56.2795,26.9738],[56.2874,26.9551],[56.2552,26.9388],[56.1935,26.9245],[56.1714,26.9068],[56.1372,26.8447],[56.0959,26.8069],[56.0894,26.7935],[56.0808,26.7853],[56.0428,26.7681],[55.9764,26.7116],[55.947,26.6963],[55.924,26.705],[55.8766,26.7429],[55.8098,26.7121],[55.7727,26.6884],[55.7058,26.6945],[55.6856,26.6905],[55.6642,26.6815],[55.6104,26.6469],[55.5545,26.6256],[55.5029,26.5949],[55.4412,26.5886],[55.3973,26.5778],[55.3695,26.5641],[55.3396,26.569],[55.3307,26.5536],[55.3198,26.5483],[55.2984,26.5436],[55.2905,26.5485],[55.2806,26.5847],[55.2892,26.6136],[55.284,26.6188],[55.2738,26.6498],[55.2847,26.6602],[55.3319,26.6453],[55.3428,26.6498],[55.3519,26.6474],[55.4048,26.674],[55.5384,26.713],[55.5579,26.715],[55.5742,26.7207],[55.6205,26.7461],[55.6404,26.7606],[55.7058,26.7833],[55.7468,26.7833],[55.7742,26.7969],[55.7668,26.8105],[55.7821,26.8262],[55.7857,26.845],[55.781,26.8896],[55.7732,26.9067],[55.7326,26.9409],[55.758,26.954],[55.8977,26.9068],[55.9356,26.9148],[56.041,26.9757],[56.1732,27.0023],[56.2124,27.003]]],[[[48.3338,29.6793],[48.3031,29.6452],[48.2663,29.616],[48.229,29.5999],[48.1858,29.6039],[48.1616,29.6297],[48.1267,29.7023],[48.0851,29.7678],[48.0737,29.7797],[48.0537,29.79],[48.0461,29.8004],[48.0985,29.8307],[48.1095,29.8333],[48.1133,29.8391],[48.1192,29.8736],[48.1033,29.8791],[48.0851,29.8799],[48.0951,29.8947],[48.1092,29.8936],[48.1336,29.8799],[48.1587,29.8792],[48.1665,29.8859],[48.1608,29.9016],[48.1937,29.9164],[48.1974,29.9254],[48.1813,29.9351],[48.1699,29.9365],[48.1567,29.9311],[48.1472,29.9351],[48.1404,29.9522],[48.1404,29.9698],[48.1227,29.9697],[48.1167,29.9741],[48.1209,29.9814],[48.148,29.9949],[48.1621,29.9957],[48.1758,29.9919],[48.1887,29.9835],[48.3445,29.7906],[48.3595,29.7545],[48.3527,29.7098],[48.3338,29.6793]]]]},"properties":{}},{"type":"Feature","geometry":{"type":"MultiPolygon","coordinates":[[[[79.9937,6.3941],[79.9779,6.4582],[79.9642,6.4719],[79.9653,6.4777],[79.9779,6.4787],[79.9696,6.5353],[79.863,6.8072],[79.8482,6.8902],[79.8482,6.9621],[79.8592,6.9887],[79.8616,7.0119],[79.8137,7.1807],[79.8203,7.2055],[79.82,7.1903],[79.8338,7.1645],[79.8482,7.123],[79.8543,7.123],[79.8558,7.1325],[79.8618,7.1367],[79.8616,7.1674],[79.8543,7.1918],[79.8364,7.1979],[79.8306,7.2018],[79.8263,7.2104],[79.8338,7.2328],[79.7847,7.5898],[79.7786,7.6027],[79.7858,7.6076],[79.793,7.6027],[79.802,7.6593],[79.7888,7.6882],[79.786,7.7434],[79.7603,7.8684],[79.7484,7.893],[79.7383,7.9447],[79.7219,7.9855],[79.6968,8.0983],[79.6968,8.1303],[79.7036,8.1235],[79.7072,8.1421],[79.7019,8.2012],[79.6968,8.2191],[79.7132,8.2298],[79.7288,8.2497],[79.74,8.2724],[79.749,8.3039],[79.7786,8.35],[79.7634,8.3144],[79.7445,8.2812],[79.7571,8.2637],[79.7668,8.2599],[79.7786,8.26],[79.7588,8.2129],[79.7461,8.2061],[79.7445,8.1645],[79.7275,8.1109],[79.7295,8.0811],[79.752,8.0546],[79.7319,8.0131],[79.7638,7.9901],[79.8102,7.9865],[79.8338,8.0031],[79.8294,8.0209],[79.8189,8.0402],[79.8064,8.0557],[79.7964,8.062],[79.7935,8.0728],[79.8272,8.1365],[79.8259,8.1481],[79.8135,8.1713],[79.8135,8.2129],[79.8047,8.229],[79.8067,8.2402],[79.8245,8.2667],[79.8272,8.2777],[79.8386,8.3405],[79.8482,8.4382],[79.8659,8.4614],[79.868,8.5176],[79.8738,8.5381],[79.9165,8.576],[79.9417,8.6425],[79.9505,8.7398],[79.9264,8.8019],[79.9302,8.8844],[79.9248,8.9197],[79.9155,8.9385],[79.9471,8.9487],[80.0,8.996],[80.0,6.3828],[79.9937,6.3941]]],[[[80.0,9.6751],[79.9592,9.6928],[79.958,9.6857],[79.947,9.6932],[79.937,9.7274],[79.9097,9.7683],[79.9313,9.779],[79.9707,9.8151],[79.9885,9.8229],[80.0,9.8219],[80.0,9.6751]]],[[[26.3123,35.2969],[26.266,35.26],[26.2839,35.2082],[26.2995,35.1855],[26.3211,35.1979],[26.3118,35.1824],[26.2954,35.1663],[26.285,35.1507],[26.294,35.1365],[26.2775,35.1],[26.2561,35.0716],[26.241,35.039],[26.2354,35.0341],[26.2238,35.0324],[26.1472,35.0023],[26.1052,34.9993],[26.0817,35.0198],[26.058,35.0229],[26.0203,35.0209],[25.9849,35.0391],[25.9603,35.029],[25.9241,35.0341],[25.8815,35.0271],[25.8081,35.0058],[25.6012,35.0136],[25.5381,34.997],[25.5062,34.9846],[25.4152,34.9937],[25.3477,34.9915],[25.304,34.9848],[25.2798,34.9726],[25.2232,34.9542],[25.2077,34.9515],[25.1509,34.9557],[25.1289,34.9515],[25.1078,34.9379],[25.0974,34.9379],[25.0774,34.9447],[25.0449,34.9407],[25.0191,34.9316],[25.0032,34.937],[24.9837,34.9387],[24.7385,34.9316],[24.7385,34.9379],[24.7517,34.9465],[24.7552,34.9579],[24.7521,34.9959],[24.7599,35.0273],[24.759,35.0415],[24.7428,35.0772],[24.7181,35.094],[24.619,35.0974],[24.5947,35.1015],[24.5803,35.1092],[24.5646,35.1061],[24.5324,35.1365],[24.5007,35.1524],[24.4812,35.1559],[24.4641,35.1501],[24.4038,35.175],[24.4021,35.1911],[24.2932,35.1823],[24.2178,35.1911],[24.2039,35.2054],[24.1973,35.2051],[24.183,35.1979],[24.1113,35.1979],[24.094,35.2047],[24.0846,35.2045],[24.0806,35.1945],[24.0498,35.1911],[24.0314,35.1977],[24.0033,35.2267],[23.9876,35.2333],[23.9019,35.2312],[23.8602,35.2363],[23.8267,35.2526],[23.8123,35.2448],[23.7995,35.2463],[23.7821,35.2347],[23.7117,35.2367],[23.6834,35.2258],[23.6691,35.2373],[23.6105,35.2349],[23.5872,35.2395],[23.5823,35.2452],[23.5845,35.2543],[23.5803,35.26],[23.553,35.2668],[23.531,35.2885],[23.5182,35.2941],[23.5256,35.301],[23.5193,35.3017],[23.5182,35.3078],[23.5329,35.314],[23.5462,35.3153],[23.5482,35.3215],[23.553,35.3215],[23.5418,35.3364],[23.5408,35.3452],[23.5462,35.3562],[23.5386,35.3741],[23.5493,35.3969],[23.5735,35.4348],[23.5667,35.4475],[23.5598,35.4518],[23.571,35.4837],[23.5776,35.4929],[23.5785,35.5006],[23.5661,35.507],[23.5661,35.5133],[23.5726,35.5205],[23.5661,35.5275],[23.5812,35.5527],[23.5845,35.5645],[23.5803,35.5759],[23.6047,35.6126],[23.6082,35.5517],[23.6199,35.5241],[23.6395,35.519],[23.6418,35.507],[23.6594,35.5012],[23.6834,35.4996],[23.703,35.5029],[23.7184,35.5128],[23.7279,35.5299],[23.7305,35.5542],[23.7127,35.607],[23.7236,35.6169],[23.7139,35.6348],[23.7112,35.6489],[23.7158,35.6615],[23.7415,35.687],[23.75,35.6866],[23.779,35.6715],[23.779,35.664],[23.7678,35.6539],[23.7681,35.6411],[23.779,35.6094],[23.779,35.5759],[23.7995,35.5446],[23.8171,35.5348],[23.9014,35.5272],[23.929,35.5207],[23.9442,35.525],[24.0005,35.5199],[24.0254,35.5207],[24.0447,35.5277],[24.051,35.5344],[24.0576,35.5529],[24.0684,35.5555],[24.0941,35.5542],[24.0818,35.5899],[24.1152,35.6013],[24.1604,35.5971],[24.183,35.5856],[24.2033,35.5418],[24.2005,35.5344],[24.183,35.5133],[24.1637,35.5078],[24.1426,35.507],[24.0812,35.515],[24.0669,35.507],[24.072,35.4984],[24.1078,35.482],[24.1372,35.4748],[24.1702,35.456],[24.1867,35.4518],[24.2225,35.4612],[24.2525,35.4791],[24.264,35.4332],[24.2655,35.3699],[24.2731,35.3649],[24.2935,35.3638],[24.3401,35.3483],[24.4281,35.3697],[24.4641,35.3625],[24.4854,35.3721],[24.5667,35.3842],[24.5936,35.3912],[24.6559,35.4177],[24.6769,35.4235],[24.721,35.4272],[24.8202,35.413],[24.8408,35.404],[24.8672,35.4165],[24.8955,35.4245],[24.9575,35.404],[24.9696,35.4158],[24.9712,35.4245],[25.0187,35.415],[25.0296,35.4033],[25.0532,35.404],[25.0545,35.3974],[25.047,35.3804],[25.0553,35.3552],[25.077,35.3445],[25.1068,35.3425],[25.1971,35.3494],[25.2121,35.3378],[25.2214,35.3357],[25.2518,35.3357],[25.307,35.3432],[25.3464,35.3361],[25.3617,35.3432],[25.3685,35.3357],[25.376,35.3432],[25.4253,35.2995],[25.4536,35.2941],[25.4819,35.2974],[25.6388,35.3459],[25.6599,35.3494],[25.6926,35.3378],[25.7078,35.3357],[25.7664,35.3357],[25.7591,35.3221],[25.7477,35.3106],[25.7248,35.2941],[25.7322,35.2879],[25.7261,35.2788],[25.7251,35.2708],[25.7293,35.2646],[25.739,35.26],[25.7378,35.2774],[25.7428,35.2853],[25.751,35.2841],[25.759,35.2743],[25.7537,35.2675],[25.759,35.26],[25.7533,35.2526],[25.7446,35.2571],[25.7322,35.2463],[25.7351,35.2375],[25.7195,35.2114],[25.7248,35.1911],[25.7127,35.1828],[25.7141,35.174],[25.7248,35.1536],[25.7285,35.1334],[25.7388,35.131],[25.7532,35.1331],[25.7829,35.118],[25.7953,35.1151],[25.8176,35.116],[25.8303,35.1224],[25.8477,35.1506],[25.8831,35.1645],[25.8967,35.1849],[25.9785,35.1955],[26.0332,35.2258],[26.055,35.2271],[26.0606,35.2333],[26.0674,35.2333],[26.0814,35.2236],[26.1196,35.2153],[26.1082,35.2054],[26.1297,35.1959],[26.1551,35.1979],[26.1795,35.2072],[26.1978,35.2191],[26.1926,35.2209],[26.1909,35.2258],[26.2184,35.2471],[26.2378,35.2688],[26.2595,35.2845],[26.294,35.2879],[26.2865,35.301],[26.3008,35.301],[26.294,35.3153],[26.3211,35.3153],[26.3123,35.2969]]],[[[34.5785,35.6898],[34.5925,35.692],[34.5789,35.6784],[34.5728,35.6435],[34.5423,35.6373],[34.4414,35.5836],[34.3523,35.5207],[34.1377,35.4151],[34.1091,35.3943],[34.0855,35.3699],[34.0589,35.3241],[34.0438,35.3153],[34.0198,35.3144],[33.9714,35.3213],[33.9517,35.3115],[33.9236,35.2786],[33.9121,35.26],[33.9074,35.2429],[33.8999,35.1645],[33.9137,35.1562],[33.9536,35.1226],[33.9619,35.1126],[33.9668,35.1001],[33.9787,35.0875],[34.0359,35.0472],[34.051,35.033],[34.0622,35.0057],[34.0734,34.9881],[34.0871,34.9719],[34.0991,34.9652],[34.0594,34.9666],[34.0345,34.9725],[34.0234,34.9826],[34.0116,34.9876],[33.9573,34.9819],[33.9102,34.9702],[33.8999,34.9652],[33.8745,34.9412],[33.8623,34.9379],[33.8474,34.9425],[33.8197,34.9647],[33.8042,34.9726],[33.7604,34.9797],[33.7173,34.9778],[33.6803,34.9663],[33.6541,34.9447],[33.6467,34.932],[33.6348,34.8977],[33.635,34.8607],[33.6326,34.8525],[33.617,34.8453],[33.6056,34.8218],[33.5442,34.815],[33.5132,34.7855],[33.4676,34.7743],[33.4386,34.7628],[33.4152,34.7584],[33.4002,34.7734],[33.3992,34.7453],[33.3709,34.7309],[33.2966,34.7182],[33.2601,34.7005],[33.2456,34.6982],[33.1736,34.7051],[33.0864,34.6948],[33.0259,34.6513],[33.0099,34.6249],[33.0091,34.5974],[33.0303,34.5748],[33.0303,34.5685],[32.9409,34.5685],[32.9447,34.5937],[32.9159,34.6394],[32.9136,34.6567],[32.8574,34.669],[32.8343,34.671],[32.8128,34.6686],[32.7492,34.6498],[32.7074,34.6454],[32.6658,34.6522],[32.6262,34.6665],[32.5567,34.6994],[32.4933,34.7073],[32.459,34.7219],[32.4133,34.7535],[32.4024,34.7965],[32.3792,34.8491],[32.3467,34.8686],[32.3294,34.8864],[32.3234,34.8984],[32.3228,34.9114],[32.3314,34.9242],[32.3122,34.9503],[32.3103,34.9826],[32.3059,35.0014],[32.2761,35.0478],[32.2717,35.0728],[32.2752,35.0911],[32.2866,35.0972],[32.3069,35.0856],[32.3367,35.0587],[32.3534,35.0479],[32.3723,35.0415],[32.4138,35.043],[32.45,35.0588],[32.4797,35.083],[32.502,35.1092],[32.5276,35.157],[32.5435,35.1665],[32.5482,35.176],[32.554,35.178],[32.5747,35.1706],[32.6194,35.1849],[32.6504,35.1881],[32.7454,35.178],[32.7764,35.1708],[32.8014,35.1571],[32.8284,35.1486],[32.8652,35.157],[32.8926,35.175],[32.9147,35.2008],[32.9294,35.233],[32.9347,35.2706],[32.936,35.3366],[32.9321,35.3663],[32.9204,35.3978],[32.9443,35.3945],[32.9854,35.3746],[33.0698,35.3587],[33.1401,35.3622],[33.2625,35.3494],[33.2806,35.3425],[33.4275,35.3289],[33.6603,35.3593],[33.7835,35.4167],[33.8346,35.41],[33.8879,35.4239],[34.0356,35.4714],[34.0763,35.4943],[34.1312,35.5113],[34.1817,35.5542],[34.3197,35.5862],[34.3615,35.6083],[34.5785,35.6898]]],[[[15.5593,38.3001],[15.616,38.2802],[15.6516,38.2753],[15.6483,38.2668],[15.6424,38.2623],[15.6243,38.2617],[15.5838,38.2404],[15.5697,38.227],[15.563,38.2143],[15.5599,38.1998],[15.5759,38.2002],[15.527,38.1368],[15.5003,38.0849],[15.3926,37.9761],[15.3027,37.8644],[15.2835,37.833],[15.2663,37.8119],[15.2412,37.7956],[15.2131,37.7615],[15.2066,37.7477],[15.2083,37.737],[15.2186,37.7181],[15.2202,37.7067],[15.2161,37.6967],[15.2022,37.6854],[15.1968,37.6551],[15.1638,37.5677],[15.1159,37.5223],[15.0967,37.4945],[15.0916,37.4775],[15.0895,37.4595],[15.0921,37.3605],[15.1035,37.3298],[15.1107,37.3218],[15.18,37.2908],[15.2175,37.285],[15.2367,37.2747],[15.252,37.2577],[15.2612,37.2338],[15.2449,37.2462],[15.2356,37.2419],[15.2202,37.2202],[15.2217,37.2375],[15.2158,37.2447],[15.2054,37.2447],[15.1929,37.24],[15.1991,37.2276],[15.1834,37.2075],[15.1947,37.1763],[15.2165,37.1552],[15.2332,37.1649],[15.2476,37.1587],[15.2476,37.1518],[15.2292,37.1496],[15.2318,37.1349],[15.2466,37.1182],[15.2647,37.1103],[15.2888,37.1084],[15.3032,37.1012],[15.3079,37.0867],[15.3027,37.0625],[15.2879,37.069],[15.282,37.0609],[15.2837,37.0484],[15.2918,37.042],[15.3123,37.044],[15.3211,37.0402],[15.3294,37.0277],[15.3324,37.0116],[15.3247,37.0085],[15.3089,37.0178],[15.2681,37.0004],[15.2749,36.9936],[15.2638,36.9871],[15.2681,36.9805],[15.2681,36.9731],[15.2445,36.9721],[15.2117,36.9565],[15.1747,36.9441],[15.1584,36.9242],[15.1077,36.8201],[15.1066,36.8086],[15.094,36.7995],[15.0989,36.7794],[15.1172,36.7471],[15.1349,36.6877],[15.1343,36.6752],[15.1145,36.6599],[15.0939,36.6549],[15.0736,36.6591],[15.0552,36.6715],[15.0331,36.6939],[15.0072,36.7028],[14.9978,36.7022],[14.9937,36.6959],[14.9824,36.6889],[14.9573,36.6978],[14.9186,36.7199],[14.8822,36.7307],[14.8469,36.7263],[14.7808,36.6994],[14.7734,36.71],[14.7609,36.7062],[14.7443,36.7191],[14.6846,36.726],[14.6716,36.7437],[14.6589,36.7538],[14.6001,36.7721],[14.5822,36.7813],[14.5659,36.7783],[14.4873,36.7934],[14.4758,36.8049],[14.3945,36.945],[14.3699,36.9731],[14.2788,37.044],[14.2085,37.0811],[14.1263,37.1123],[14.0886,37.1177],[13.9763,37.1103],[13.9385,37.0959],[13.8944,37.1008],[13.8327,37.1396],[13.7946,37.1518],[13.7516,37.159],[13.7158,37.1714],[13.6834,37.1894],[13.5988,37.2567],[13.5692,37.2735],[13.5344,37.2822],[13.4886,37.2885],[13.4526,37.2988],[13.4216,37.3144],[13.3722,37.3461],[13.3296,37.3663],[13.3113,37.3808],[13.278,37.3937],[13.2533,37.4318],[13.2254,37.446],[13.2061,37.4639],[13.1892,37.4697],[13.1741,37.487],[13.0515,37.5007],[13.0264,37.4932],[13.0169,37.4975],[13.0104,37.5069],[13.0,37.5355],[12.9741,37.5574],[12.9426,37.5685],[12.8622,37.5764],[12.7809,37.5742],[12.6978,37.5627],[12.6594,37.5651],[12.6362,37.5822],[12.5947,37.6379],[12.5778,37.652],[12.5635,37.6578],[12.5236,37.6584],[12.5062,37.6655],[12.4744,37.7029],[12.465,37.7198],[12.4563,37.7598],[12.427,37.797],[12.4274,37.8093],[12.4446,37.816],[12.4461,37.8118],[12.465,37.8228],[12.4631,37.8258],[12.4787,37.8812],[12.4678,37.8971],[12.4641,37.9129],[12.4905,37.954],[12.5029,37.9971],[12.5042,38.0112],[12.4929,38.0214],[12.5234,38.0314],[12.5497,38.0548],[12.5763,38.0717],[12.6084,38.0624],[12.6387,38.0795],[12.6516,38.0915],[12.6624,38.1163],[12.7046,38.1108],[12.7254,38.1259],[12.7199,38.1755],[12.7318,38.1928],[12.7378,38.181],[12.7609,38.181],[12.7661,38.1627],[12.7908,38.1171],[12.8184,38.0779],[12.8288,38.0699],[12.8689,38.0513],[12.8696,38.0425],[12.9011,38.0281],[12.9442,38.0329],[13.0274,38.0624],[13.0614,38.0835],[13.0713,38.0955],[13.0662,38.123],[13.0568,38.1327],[13.0547,38.1418],[13.0894,38.166],[13.0838,38.1747],[13.0896,38.1833],[13.1009,38.1901],[13.1125,38.1928],[13.157,38.1797],[13.2072,38.1761],[13.2303,38.1846],[13.239,38.207],[13.2544,38.2025],[13.3181,38.2206],[13.3233,38.218],[13.3284,38.2002],[13.3662,38.1797],[13.3719,38.1728],[13.3733,38.1407],[13.3914,38.1032],[13.5135,38.1105],[13.5413,38.0941],[13.5393,38.0768],[13.5474,38.0562],[13.5575,38.0491],[13.5871,38.0391],[13.6224,38.0152],[13.6511,38.001],[13.6978,37.9936],[13.7119,37.9879],[13.7051,37.9805],[13.7267,37.9809],[13.7908,37.9736],[13.8127,37.9779],[13.8572,37.9967],[13.8983,38.0045],[13.9385,38.0289],[14.0072,38.0383],[14.0205,38.0494],[14.0833,38.0238],[14.1063,38.0214],[14.1514,38.0289],[14.2732,38.0151],[14.3312,38.018],[14.3846,38.0295],[14.4319,38.0494],[14.4641,38.0372],[14.5117,38.0444],[14.6346,38.0815],[14.6677,38.0992],[14.696,38.121],[14.7337,38.1576],[14.7448,38.1614],[14.7981,38.1603],[14.874,38.1757],[14.9071,38.1877],[14.9353,38.1859],[14.945,38.1818],[14.9697,38.1592],[15.0073,38.1518],[15.049,38.1518],[15.0687,38.1313],[15.0879,38.1282],[15.1774,38.1563],[15.2033,38.1833],[15.2407,38.2412],[15.2361,38.251],[15.2407,38.2617],[15.2372,38.2648],[15.2432,38.2648],[15.2463,38.2543],[15.2407,38.2303],[15.2454,38.2172],[15.2576,38.2102],[15.2918,38.207],[15.3211,38.2109],[15.3997,38.2326],[15.4338,38.2532],[15.4729,38.2678],[15.5129,38.2976],[15.5287,38.3026],[15.5593,38.3001]]],[[[9.7922,40.557],[9.8264,40.5296],[9.8267,40.5196],[9.8152,40.5025],[9.8088,40.4708],[9.7781,40.4272],[9.7617,40.3907],[9.7494,40.3773],[9.7124,40.3664],[9.6831,40.3242],[9.6455,40.2961],[9.6346,40.2826],[9.6261,40.2631],[9.6248,40.2477],[9.6311,40.1962],[9.6546,40.1446],[9.665,40.1316],[9.6878,40.1207],[9.7102,40.0963],[9.7323,40.0839],[9.7303,40.0685],[9.6934,39.9929],[9.6873,39.9612],[9.6966,39.9338],[9.7097,39.9403],[9.7157,39.9401],[9.7178,39.9338],[9.7145,39.9245],[9.6966,39.9195],[9.6843,39.8942],[9.6838,39.8825],[9.6898,39.8717],[9.6831,39.8717],[9.6831,39.8655],[9.6966,39.8581],[9.6966,39.8519],[9.6843,39.8399],[9.6755,39.8189],[9.6703,39.7938],[9.6688,39.7693],[9.6763,39.7181],[9.6648,39.6914],[9.6604,39.6707],[9.6511,39.6525],[9.6489,39.639],[9.6558,39.5945],[9.653,39.5668],[9.6284,39.5018],[9.6449,39.484],[9.639,39.4525],[9.6141,39.3994],[9.6021,39.3557],[9.6004,39.341],[9.6035,39.3262],[9.6116,39.3166],[9.6346,39.3032],[9.6346,39.2969],[9.6073,39.289],[9.5819,39.2663],[9.5676,39.2381],[9.5733,39.2138],[9.5656,39.2051],[9.5799,39.1871],[9.5664,39.1492],[9.5578,39.1397],[9.5227,39.1249],[9.5186,39.1046],[9.5071,39.1114],[9.5119,39.1244],[9.4963,39.1336],[9.4807,39.1356],[9.4504,39.1244],[9.4429,39.1244],[9.438,39.1334],[9.4087,39.1461],[9.3835,39.1693],[9.3679,39.1772],[9.3451,39.1964],[9.3123,39.2079],[9.2922,39.2213],[9.2853,39.2138],[9.2525,39.2252],[9.2163,39.228],[9.1974,39.2211],[9.1809,39.2072],[9.166,39.1871],[9.1369,39.1943],[9.1135,39.2115],[9.073,39.2485],[9.0637,39.2431],[9.0387,39.2622],[9.0139,39.2639],[9.0125,39.2606],[9.0257,39.256],[9.0257,39.2485],[9.021,39.2404],[9.0352,39.2322],[9.0379,39.2271],[9.0501,39.2257],[9.075,39.2299],[9.0798,39.2246],[9.0789,39.2123],[9.0386,39.179],[9.0262,39.1652],[9.0183,39.1461],[9.016,39.1238],[9.0187,39.1039],[9.032,39.0698],[9.0438,39.0584],[9.0449,39.0513],[9.0293,39.0303],[9.0183,38.9953],[9.0257,38.9953],[9.0151,38.9897],[9.0046,38.9953],[8.9963,38.9828],[8.8947,38.9023],[8.8775,38.8991],[8.8613,38.8821],[8.8533,38.878],[8.8415,38.8806],[8.8054,38.906],[8.8054,38.8854],[8.791,38.9044],[8.7666,38.9204],[8.7395,38.9307],[8.7166,38.9326],[8.6946,38.9252],[8.6688,38.9106],[8.6516,38.8915],[8.6551,38.8712],[8.641,38.8643],[8.6348,38.8712],[8.6428,38.89],[8.6331,38.8956],[8.5999,38.8991],[8.5999,38.906],[8.615,38.923],[8.6155,38.9476],[8.6033,38.9649],[8.5801,38.9605],[8.5723,39.0136],[8.5596,39.0567],[8.5521,39.0567],[8.5443,39.0513],[8.5208,39.0609],[8.5044,39.0629],[8.5181,39.0834],[8.5044,39.0909],[8.4828,39.0804],[8.4733,39.1074],[8.4651,39.1195],[8.4543,39.1249],[8.4422,39.1182],[8.438,39.1285],[8.4386,39.1531],[8.4354,39.166],[8.4188,39.1773],[8.4126,39.1757],[8.4157,39.166],[8.4095,39.1693],[8.4024,39.1813],[8.3987,39.2012],[8.3801,39.2076],[8.3728,39.2221],[8.3718,39.2306],[8.3767,39.2379],[8.4264,39.2833],[8.4321,39.3018],[8.4157,39.3237],[8.4172,39.339],[8.3821,39.3597],[8.374,39.3789],[8.3782,39.3879],[8.4014,39.4124],[8.405,39.4272],[8.4038,39.4359],[8.386,39.4655],[8.3869,39.4698],[8.4353,39.5252],[8.4634,39.5768],[8.4559,39.5844],[8.4639,39.5979],[8.4622,39.6171],[8.4497,39.6588],[8.4468,39.7041],[8.4422,39.7147],[8.4465,39.7309],[8.444,39.757],[8.4461,39.7625],[8.4597,39.7605],[8.4686,39.755],[8.4998,39.7162],[8.5169,39.7021],[8.5383,39.696],[8.5658,39.7011],[8.5145,39.7137],[8.5044,39.7215],[8.5068,39.7385],[8.5453,39.7829],[8.5386,39.7829],[8.5305,39.7704],[8.5181,39.7625],[8.5298,39.7725],[8.5488,39.8072],[8.5552,39.8527],[8.5536,39.864],[8.5453,39.8786],[8.5234,39.8989],[8.4942,39.9124],[8.4631,39.9141],[8.4354,39.899],[8.4422,39.8928],[8.4456,39.8981],[8.4634,39.899],[8.4518,39.8929],[8.4447,39.8836],[8.4354,39.8581],[8.4287,39.8655],[8.4375,39.8768],[8.431,39.8852],[8.3983,39.9053],[8.3945,39.9127],[8.3936,39.9205],[8.4014,39.94],[8.3936,39.9769],[8.3945,39.9884],[8.4065,40.0098],[8.4071,40.0222],[8.3945,40.0362],[8.3801,40.0301],[8.3772,40.0338],[8.3845,40.0419],[8.4014,40.0499],[8.4348,40.051],[8.4686,40.0622],[8.4873,40.0895],[8.49,40.1045],[8.4851,40.1181],[8.4673,40.1447],[8.4634,40.1632],[8.4596,40.216],[8.4764,40.2622],[8.4761,40.2921],[8.4629,40.3145],[8.4413,40.3314],[8.4157,40.3453],[8.4082,40.3378],[8.386,40.3518],[8.3836,40.3718],[8.3945,40.4238],[8.3799,40.4687],[8.3656,40.4921],[8.3317,40.5107],[8.312,40.5781],[8.2915,40.5954],[8.2673,40.5941],[8.2163,40.5706],[8.196,40.5781],[8.2053,40.5978],[8.2163,40.6122],[8.1934,40.6175],[8.1766,40.6066],[8.1662,40.5864],[8.1618,40.5638],[8.1473,40.5932],[8.1406,40.6252],[8.1738,40.6416],[8.1853,40.6566],[8.1885,40.6805],[8.1956,40.6853],[8.1974,40.6912],[8.1738,40.697],[8.1458,40.726],[8.1338,40.7289],[8.2096,40.8654],[8.2153,40.8814],[8.2163,40.8996],[8.2097,40.9145],[8.1789,40.9282],[8.1823,40.9453],[8.193,40.9638],[8.2022,40.9753],[8.2096,40.9753],[8.2126,40.9634],[8.229,40.9626],[8.2362,40.9548],[8.2293,40.9216],[8.2332,40.9101],[8.2778,40.8654],[8.3102,40.8507],[8.4219,40.8388],[8.4779,40.8262],[8.501,40.8244],[8.5205,40.827],[8.5984,40.853],[8.6183,40.8662],[8.6343,40.8816],[8.641,40.8965],[8.7092,40.9206],[8.7339,40.9213],[8.7512,40.9191],[8.7644,40.9138],[8.8225,40.9473],[8.8396,40.9616],[8.8753,41.0081],[8.888,41.0163],[8.8811,41.0237],[8.9227,41.0368],[8.9401,41.0612],[8.9588,41.07],[8.9907,41.0974],[9.0055,41.1219],[9.0248,41.1289],[9.093,41.1352],[9.1078,41.1395],[9.1356,41.1603],[9.1419,41.1528],[9.1576,41.1689],[9.1634,41.1841],[9.1629,41.2254],[9.1711,41.2429],[9.2306,41.2626],[9.2327,41.2536],[9.2383,41.2488],[9.2578,41.2497],[9.2681,41.2366],[9.2674,41.202],[9.2783,41.195],[9.2747,41.1995],[9.2749,41.2124],[9.2783,41.2217],[9.2853,41.2217],[9.2893,41.2087],[9.2853,41.195],[9.3125,41.2012],[9.333,41.1876],[9.3352,41.2117],[9.3521,41.2073],[9.3882,41.1807],[9.3882,41.1876],[9.4041,41.1817],[9.4224,41.1807],[9.4224,41.1745],[9.4087,41.1603],[9.4202,41.1564],[9.4429,41.133],[9.437,41.1254],[9.4368,41.1154],[9.4429,41.092],[9.4605,41.1205],[9.4701,41.1261],[9.4624,41.1376],[9.4566,41.1404],[9.4691,41.1462],[9.5081,41.1404],[9.5239,41.1497],[9.5322,41.1404],[9.5248,41.133],[9.5462,41.1209],[9.5527,41.1261],[9.5596,41.1261],[9.5618,41.1211],[9.5664,41.1193],[9.5623,41.0971],[9.5459,41.0777],[9.5391,41.092],[9.5213,41.0317],[9.5119,41.0163],[9.5322,41.0163],[9.5248,41.0305],[9.5431,41.0369],[9.5542,41.0346],[9.5576,41.0251],[9.5527,41.0095],[9.5578,41.0094],[9.5596,41.0163],[9.5657,41.0109],[9.5733,41.0095],[9.5881,41.0207],[9.6157,41.0196],[9.6443,41.0117],[9.6626,41.0026],[9.6512,40.9911],[9.636,40.9924],[9.6043,41.0026],[9.5876,40.9958],[9.5789,40.962],[9.5664,40.9486],[9.5711,40.9349],[9.5575,40.9312],[9.5119,40.9343],[9.5125,40.928],[9.5042,40.9269],[9.512,40.9152],[9.5391,40.9206],[9.5733,40.9064],[9.5928,40.9099],[9.6226,40.9238],[9.6421,40.9206],[9.6315,40.9049],[9.6141,40.8996],[9.6141,40.8934],[9.6558,40.876],[9.6577,40.864],[9.6633,40.8582],[9.6717,40.8587],[9.6831,40.8654],[9.6898,40.8559],[9.6994,40.85],[9.724,40.8449],[9.6911,40.8362],[9.681,40.8298],[9.6898,40.817],[9.6898,40.8108],[9.6745,40.8139],[9.6618,40.809],[9.6579,40.7999],[9.6688,40.7904],[9.6698,40.8015],[9.6758,40.7886],[9.7039,40.7594],[9.7142,40.7272],[9.7445,40.6805],[9.7565,40.5952],[9.7616,40.5873],[9.7819,40.582],[9.7922,40.557]]],[[[8.5741,42.2199],[8.5453,42.2329],[8.5495,42.2423],[8.5863,42.2434],[8.6109,42.2546],[8.6511,42.2604],[8.6808,42.2728],[8.6878,42.2729],[8.6887,42.281],[8.672,42.2912],[8.6348,42.3048],[8.6252,42.3192],[8.6111,42.31],[8.6053,42.3105],[8.5999,42.3219],[8.6348,42.3389],[8.6128,42.3524],[8.5916,42.3511],[8.5521,42.3389],[8.5596,42.3464],[8.5497,42.3658],[8.5491,42.3771],[8.5521,42.3867],[8.5608,42.3817],[8.5705,42.3818],[8.5863,42.393],[8.5986,42.3876],[8.6073,42.4072],[8.6187,42.4196],[8.6509,42.4233],[8.6595,42.4299],[8.6614,42.4519],[8.6768,42.4725],[8.6571,42.48],[8.6675,42.5097],[8.6804,42.5211],[8.7166,42.5307],[8.7108,42.5401],[8.7163,42.562],[8.7092,42.5717],[8.7092,42.5792],[8.7197,42.576],[8.7235,42.5655],[8.74,42.5723],[8.7713,42.5581],[8.787,42.562],[8.7988,42.5718],[8.8075,42.5851],[8.8128,42.5996],[8.8054,42.6064],[8.843,42.6081],[8.9065,42.6325],[9.0183,42.6501],[9.05,42.6622],[9.053,42.6816],[9.1178,42.732],[9.1652,42.7352],[9.2368,42.7226],[9.2647,42.7089],[9.2761,42.6942],[9.2853,42.6748],[9.2922,42.6748],[9.3279,42.72],[9.3425,42.7491],[9.333,42.7709],[9.341,42.7901],[9.3355,42.8076],[9.3057,42.8393],[9.333,42.8671],[9.3329,42.8758],[9.3263,42.8853],[9.3303,42.9036],[9.3602,42.9286],[9.3557,42.9365],[9.3602,42.9491],[9.3499,42.9572],[9.3434,42.9731],[9.3418,42.9907],[9.3467,43.0037],[9.363,43.0115],[9.4043,43.0117],[9.4224,43.0174],[9.4356,43.0037],[9.464,42.9901],[9.464,42.9826],[9.4556,42.9746],[9.4539,42.9638],[9.4588,42.9523],[9.4701,42.9423],[9.4655,42.9235],[9.4844,42.8324],[9.4828,42.8023],[9.4504,42.7089],[9.4504,42.6536],[9.4429,42.6406],[9.4566,42.6344],[9.4617,42.6198],[9.4566,42.6064],[9.4646,42.6016],[9.4769,42.5792],[9.5119,42.5655],[9.5091,42.58],[9.4896,42.6126],[9.5186,42.581],[9.5281,42.5635],[9.5322,42.5444],[9.53,42.4863],[9.5334,42.4562],[9.5459,42.4351],[9.5354,42.4082],[9.5322,42.3737],[9.537,42.3532],[9.5554,42.3143],[9.5596,42.2946],[9.5523,42.1702],[9.5596,42.1466],[9.5527,42.113],[9.5456,42.104],[9.5186,42.0851],[9.4924,42.0478],[9.4238,41.9735],[9.4087,41.9622],[9.4032,41.9529],[9.4028,41.9174],[9.3943,41.848],[9.403,41.7797],[9.4016,41.7064],[9.3986,41.7015],[9.3812,41.6927],[9.3722,41.6839],[9.367,41.6742],[9.3807,41.6742],[9.3779,41.6564],[9.3731,41.6452],[9.3636,41.64],[9.3452,41.6403],[9.3421,41.6347],[9.3467,41.6196],[9.3182,41.6271],[9.2922,41.6264],[9.294,41.6176],[9.2786,41.5984],[9.2922,41.5916],[9.325,41.602],[9.3451,41.6045],[9.3542,41.5954],[9.3506,41.5812],[9.3411,41.5693],[9.3267,41.5611],[9.3091,41.5582],[9.2997,41.5533],[9.282,41.5333],[9.2647,41.5308],[9.2699,41.5168],[9.2647,41.5029],[9.2762,41.4994],[9.2791,41.4916],[9.2748,41.4829],[9.2647,41.4761],[9.2708,41.4687],[9.228,41.45],[9.2107,41.4482],[9.2107,41.4409],[9.2201,41.435],[9.2233,41.4273],[9.22,41.4196],[9.2107,41.4135],[9.2107,41.4073],[9.2503,41.4278],[9.2388,41.3959],[9.2232,41.3725],[9.2067,41.3659],[9.1939,41.3691],[9.1691,41.3862],[9.1533,41.3913],[9.1222,41.395],[9.0964,41.4035],[9.1073,41.4293],[9.1213,41.4346],[9.1052,41.4455],[9.0809,41.4532],[9.0666,41.4619],[9.0798,41.4761],[9.0798,41.4824],[9.0682,41.4795],[9.0387,41.4619],[9.032,41.4687],[9.0387,41.4761],[9.0183,41.4687],[9.001,41.4831],[8.951,41.4919],[8.9357,41.4892],[8.9069,41.5073],[8.8836,41.5112],[8.8737,41.5234],[8.8484,41.5261],[8.8396,41.5308],[8.8533,41.5377],[8.8533,41.5439],[8.8333,41.5507],[8.8099,41.5527],[8.7918,41.5612],[8.7964,41.5806],[8.7932,41.5873],[8.7781,41.5916],[8.792,41.6251],[8.8018,41.6391],[8.819,41.6326],[8.8726,41.6511],[8.8811,41.6571],[8.8858,41.6709],[8.9107,41.6838],[8.9227,41.6946],[8.8992,41.6955],[8.8364,41.7089],[8.7888,41.7126],[8.7761,41.7224],[8.7849,41.7425],[8.7601,41.7427],[8.7191,41.7307],[8.6956,41.7294],[8.703,41.7425],[8.6887,41.7418],[8.6551,41.7499],[8.6682,41.7549],[8.6963,41.7582],[8.7092,41.7636],[8.7175,41.772],[8.722,41.7824],[8.7202,41.7917],[8.7092,41.7971],[8.7092,41.8045],[8.7319,41.8046],[8.7523,41.8098],[8.7849,41.8244],[8.78,41.8339],[8.7723,41.8404],[8.7508,41.8455],[8.7837,41.8536],[8.7918,41.8591],[8.7817,41.8737],[8.7781,41.8728],[8.8034,41.9005],[8.8054,41.9069],[8.7918,41.9138],[8.7814,41.9288],[8.7644,41.9343],[8.7444,41.9328],[8.7103,41.9188],[8.6887,41.9138],[8.6299,41.9086],[8.6143,41.9008],[8.6073,41.9138],[8.6187,41.9305],[8.6144,41.9441],[8.5863,41.969],[8.6355,41.9726],[8.655,41.9787],[8.6688,41.9963],[8.6561,42.0029],[8.6646,42.0145],[8.6843,42.0256],[8.7434,42.0441],[8.745,42.0566],[8.7391,42.0634],[8.7235,42.0721],[8.6992,42.1093],[8.6888,42.1112],[8.6609,42.1055],[8.6551,42.1093],[8.6477,42.122],[8.6296,42.1301],[8.5863,42.1335],[8.5938,42.1466],[8.5781,42.1542],[8.5596,42.154],[8.5697,42.1556],[8.5938,42.1671],[8.5938,42.1745],[8.5658,42.1745],[8.5658,42.1813],[8.5776,42.1849],[8.5818,42.1945],[8.5778,42.2044],[8.5658,42.2086],[8.5741,42.2199]]],[[[12.0404,54.893],[12.0964,54.8981],[12.1118,54.8896],[12.1399,54.8649],[12.1702,54.8445],[12.1702,54.8383],[12.0817,54.7965],[12.0671,54.7868],[12.0227,54.7353],[11.9753,54.708],[11.9607,54.6941],[11.9602,54.6623],[11.9714,54.6056],[11.969,54.5698],[11.9491,54.5686],[11.9282,54.584],[11.9237,54.5981],[11.9094,54.6095],[11.8766,54.647],[11.8692,54.6596],[11.8706,54.6804],[11.8827,54.6964],[11.9102,54.7217],[11.8899,54.7242],[11.8758,54.7297],[11.8723,54.7399],[11.8828,54.7564],[11.8714,54.7603],[11.8555,54.7769],[11.8091,54.8049],[11.801,54.8179],[11.7998,54.8366],[11.7935,54.8445],[11.7606,54.8632],[11.7497,54.8731],[11.742,54.9254],[11.7319,54.9353],[11.7114,54.9408],[11.7114,54.9482],[11.7593,54.9681],[11.7736,54.965],[11.793,54.9513],[11.804,54.9482],[11.8376,54.9661],[11.8483,54.9591],[11.8625,54.9637],[11.8828,54.9755],[11.8828,54.9818],[11.8723,54.9896],[11.8535,55.0201],[11.8418,55.0302],[11.7747,55.0486],[11.7556,55.0507],[11.7288,55.0643],[11.6655,55.0664],[11.6467,55.0723],[11.6159,55.0922],[11.6696,55.0856],[11.7752,55.0574],[11.8275,55.0507],[11.8053,55.0739],[11.7434,55.1005],[11.7176,55.1257],[11.804,55.1348],[11.8096,55.1389],[11.807,55.1469],[11.7854,55.1572],[11.7285,55.1548],[11.7114,55.1679],[11.7262,55.1769],[11.7347,55.1887],[11.7331,55.2001],[11.7176,55.2083],[11.6951,55.2081],[11.6494,55.181],[11.5242,55.2021],[11.506,55.2083],[11.4924,55.2042],[11.4232,55.2219],[11.3689,55.2083],[11.3,55.2083],[11.3,55.2015],[11.3205,55.1946],[11.2859,55.1954],[11.261,55.2006],[11.2454,55.2148],[11.2385,55.2424],[11.2531,55.2363],[11.2678,55.2359],[11.28,55.2423],[11.2863,55.2561],[11.2654,55.2495],[11.242,55.2487],[11.2388,55.2541],[11.2415,55.2785],[11.1621,55.3192],[11.1528,55.3284],[11.1882,55.3353],[11.1901,55.3454],[11.1823,55.3504],[11.168,55.3528],[11.1423,55.3523],[11.1235,55.3319],[11.1082,55.3319],[11.1019,55.3363],[11.0877,55.3585],[11.0877,55.366],[11.1289,55.3652],[11.1592,55.3813],[11.2044,55.3918],[11.2142,55.4038],[11.2131,55.4158],[11.2009,55.4212],[11.2048,55.4313],[11.1965,55.4538],[11.1764,55.4894],[11.1639,55.5019],[11.1511,55.5103],[11.1356,55.5151],[11.115,55.5168],[11.0858,55.5076],[11.0809,55.5131],[11.0828,55.5266],[11.0886,55.5338],[11.138,55.5429],[11.1484,55.5573],[11.1457,55.5761],[11.1321,55.5953],[11.0879,55.6269],[11.0392,55.6435],[10.9299,55.6601],[10.9299,55.6676],[11.0877,55.6601],[11.0711,55.6769],[11.0086,55.6923],[10.9846,55.7011],[10.9602,55.7244],[10.9436,55.7291],[10.8914,55.7313],[10.8755,55.7365],[10.8755,55.7427],[11.0331,55.7291],[11.0657,55.7322],[11.1282,55.7463],[11.1628,55.7495],[11.1628,55.7427],[11.1411,55.7432],[11.1218,55.7365],[11.1375,55.7191],[11.1634,55.7054],[11.1926,55.7003],[11.218,55.7086],[11.1764,55.7291],[11.1901,55.7365],[11.1995,55.7311],[11.2162,55.7287],[11.2522,55.7291],[11.3024,55.7465],[11.3522,55.7558],[11.364,55.7651],[11.3757,55.8079],[11.3721,55.8159],[11.3484,55.8383],[11.3739,55.8288],[11.3984,55.8264],[11.4217,55.832],[11.4434,55.8458],[11.4775,55.8415],[11.5052,55.8687],[11.5105,55.9083],[11.4774,55.9414],[11.4484,55.9482],[11.3843,55.9508],[11.3045,55.9678],[11.2819,55.9789],[11.2726,55.9966],[11.4006,55.962],[11.4269,55.9655],[11.5811,55.9518],[11.5994,55.9421],[11.6409,55.9434],[11.7114,55.9556],[11.7478,55.9682],[11.7683,55.9705],[11.7798,55.9619],[11.7754,55.9518],[11.7473,55.9328],[11.7388,55.9208],[11.7505,55.9104],[11.744,55.9038],[11.7279,55.9023],[11.7114,55.9072],[11.7176,55.9208],[11.6858,55.9199],[11.6729,55.9159],[11.6631,55.9072],[11.7127,55.8581],[11.7316,55.8307],[11.7176,55.811],[11.7024,55.8095],[11.6712,55.8143],[11.6563,55.811],[11.638,55.7961],[11.6262,55.7906],[11.6078,55.7905],[11.6078,55.783],[11.6243,55.78],[11.6736,55.783],[11.7204,55.7987],[11.7388,55.7973],[11.7559,55.7729],[11.7637,55.7568],[11.7627,55.7495],[11.6823,55.7413],[11.6646,55.7371],[11.6572,55.7309],[11.6699,55.7228],[11.6843,55.7216],[11.7293,55.7236],[11.7463,55.731],[11.763,55.7214],[11.7873,55.7011],[11.7944,55.6879],[11.7798,55.6601],[11.8106,55.6791],[11.8555,55.7328],[11.8418,55.7564],[11.8527,55.7823],[11.8692,55.8048],[11.884,55.8137],[11.9373,55.8253],[11.9536,55.8535],[11.9331,55.8861],[11.9095,55.9155],[11.9168,55.9345],[11.9347,55.9337],[11.97,55.9126],[11.9982,55.9028],[11.992,55.8737],[11.9963,55.8611],[12.0125,55.8458],[12.0313,55.8166],[12.049,55.7753],[12.0519,55.7366],[12.0261,55.7154],[11.99,55.7228],[11.9727,55.7214],[11.9582,55.6934],[11.923,55.6741],[11.9102,55.6601],[11.9304,55.6576],[11.9592,55.6651],[11.9822,55.6789],[11.9852,55.6949],[12.0011,55.6987],[12.0176,55.6957],[12.0319,55.6872],[12.0404,55.6745],[12.0093,55.6805],[12.0051,55.6782],[12.0114,55.669],[12.0266,55.6621],[12.0603,55.654],[12.0691,55.675],[12.0921,55.7067],[12.0951,55.7291],[12.0535,55.8383],[12.0535,55.8737],[12.0498,55.888],[12.0261,55.9414],[12.0106,55.9553],[11.9924,55.9606],[11.9707,55.9599],[11.8943,55.9423],[11.8655,55.9394],[11.8486,55.9482],[11.8656,55.9727],[11.9173,55.9976],[12.0125,56.0307],[12.1654,56.1037],[12.2451,56.1287],[12.3285,56.1269],[12.4149,56.099],[12.4861,56.099],[12.5054,56.0932],[12.5404,56.0754],[12.5701,56.0683],[12.6219,56.0438],[12.6084,56.028],[12.5674,55.9966],[12.5256,55.9399],[12.5127,55.9283],[12.5127,55.9208],[12.5545,55.8829],[12.576,55.8292],[12.6022,55.7973],[12.598,55.7876],[12.5947,55.753],[12.5879,55.7291],[12.6022,55.7086],[12.5812,55.6931],[12.541,55.6489],[12.5033,55.634],[12.4872,55.6098],[12.465,55.6055],[12.4237,55.6188],[12.4036,55.6192],[12.3313,55.5954],[12.2482,55.5461],[12.1981,55.4875],[12.2249,55.4349],[12.2734,55.4102],[12.2905,55.4069],[12.3521,55.4044],[12.3688,55.4001],[12.4121,55.3791],[12.4347,55.3637],[12.4446,55.3489],[12.4509,55.3172],[12.465,55.2903],[12.4446,55.2766],[12.3924,55.2553],[12.1828,55.2272],[12.167,55.2174],[12.1414,55.208],[12.1211,55.1911],[12.1091,55.1707],[12.115,55.1537],[12.1074,55.1451],[12.099,55.1414],[12.0807,55.1469],[12.0881,55.1684],[12.0767,55.182],[12.0564,55.1857],[12.0147,55.1675],[12.0125,55.1571],[12.0466,55.1401],[12.1305,55.1359],[12.1686,55.1285],[12.177,55.1053],[12.1714,55.0954],[12.1185,55.0736],[12.1257,55.0711],[12.1633,55.0234],[12.1623,55.0044],[12.1489,54.9941],[12.105,54.9892],[12.0895,54.9857],[12.0559,54.9708],[12.033,54.9681],[11.9981,54.9765],[11.9439,55.0061],[11.9102,55.0097],[11.9095,55.005],[11.9168,55.0029],[11.8971,54.9954],[11.9015,54.9764],[11.885,54.9551],[11.8828,54.9408],[11.8901,54.9296],[11.9033,54.923],[11.9185,54.9219],[11.9312,54.9277],[11.9237,54.9408],[11.9579,54.9482],[11.966,54.9426],[11.9822,54.9203],[12.0239,54.898],[12.0404,54.893]]]]},"properties":{}},{"type":"Feature","geometry":{"type":"MultiPolygon","coordinates":[[[[55.021,24.9786],[55.0059,24.9699],[54.9928,24.966],[54.9882,24.971],[54.9787,24.9708],[54.9849,24.9692],[54.9844,24.9681],[54.9771,24.9697],[54.9701,24.9723],[54.9618,24.9775],[54.9779,24.9701],[54.9613,24.9835],[54.9588,24.9738],[54.9588,24.9827],[54.9618,24.9848],[54.9579,24.9916],[54.9579,25.0021],[54.9714,25.0244],[54.9811,25.0297],[54.9915,25.0292],[54.9668,25.0141],[54.9614,24.9996],[54.9619,24.9867],[54.9735,24.9772],[54.9872,24.9752],[54.9875,24.9724],[54.9963,24.9683],[55.0077,24.9735],[55.0051,24.9739],[54.9955,24.9949],[54.9913,24.9892],[54.991,24.98],[54.9896,24.9876],[54.9932,24.9959],[54.9839,24.9817],[54.9916,24.9976],[54.9787,24.9833],[54.9909,24.9998],[54.9745,24.9866],[54.9786,24.994],[54.9896,25.0018],[54.9811,24.9996],[54.9702,24.9913],[54.9765,24.9982],[54.9887,25.0026],[54.9798,25.003],[54.9695,24.9969],[54.9737,25.0018],[54.9876,25.0048],[54.9798,25.0072],[54.9715,25.005],[54.9772,25.0081],[54.9867,25.0076],[54.9756,25.0121],[54.9856,25.011],[54.9792,25.0157],[54.9862,25.013],[54.9873,25.0196],[54.9874,25.0121],[54.9936,25.0207],[54.9896,25.01],[55.0007,25.0203],[54.9918,25.0076],[55.0026,25.0163],[55.0092,25.0174],[54.9981,25.0121],[54.9929,25.0051],[55.0046,25.0125],[55.014,25.013],[55.0016,25.0097],[54.9938,25.0036],[55.0046,25.0077],[55.017,25.0067],[55.0047,25.0065],[54.9953,25.0019],[55.0081,25.0037],[55.0171,25.002],[54.9963,24.9999],[55.0098,24.9997],[55.0161,24.9967],[54.9974,24.9979],[55.0059,24.9965],[55.0134,24.9922],[54.9969,24.9953],[55.0114,24.977],[55.0108,24.9734],[55.0182,24.9784],[55.0181,24.9858],[55.0251,25.001],[55.0238,25.0147],[55.0111,25.0246],[54.9939,25.0259],[54.9946,25.0298],[55.0147,25.0265],[55.025,25.0154],[55.0284,25.017],[55.0364,25.0116],[55.0262,25.0156],[55.03,24.9962],[55.0301,25.011],[55.0316,25.0116],[55.0312,24.9985],[55.0278,24.9893],[55.0282,24.9957],[55.0205,24.986],[55.021,24.9786]]],[[[50.3977,26.1747],[50.4192,26.1661],[50.4235,26.12],[50.4052,26.1243],[50.3859,26.1232],[50.3805,26.1393],[50.3827,26.1597],[50.3977,26.1747]]],[[[50.6328,26.2874],[50.6553,26.2767],[50.6564,26.2466],[50.6714,26.2273],[50.6843,26.222],[50.6789,26.208],[50.6736,26.2026],[50.6575,26.2112],[50.6478,26.2391],[50.621,26.2445],[50.6124,26.2413],[50.5995,26.2628],[50.6017,26.2789],[50.6328,26.2874]]],[[[50.7825,25.7204],[50.8009,25.7311],[50.7984,25.716],[50.7832,25.697],[50.7958,25.6849],[50.792,25.6799],[50.78,25.6824],[50.7623,25.6679],[50.7762,25.6387],[50.7692,25.6362],[50.7655,25.6299],[50.7642,25.6217],[50.7743,25.6122],[50.7572,25.5888],[50.7598,25.5824],[50.7566,25.5799],[50.7452,25.585],[50.7376,25.5957],[50.749,25.621],[50.7484,25.6444],[50.7395,25.6533],[50.7414,25.6742],[50.7452,25.6875],[50.7553,25.702],[50.7743,25.7216],[50.7825,25.7204]]],[[[50.7756,25.7527],[50.7901,25.7552],[50.7914,25.7489],[50.7806,25.7451],[50.7756,25.7527]]],[[[50.8199,25.6786],[50.8167,25.6691],[50.8085,25.6641],[50.8022,25.6748],[50.8047,25.6792],[50.8199,25.6786]]],[[[50.787,25.6527],[50.8116,25.6495],[50.8167,25.6444],[50.8116,25.6318],[50.8028,25.6343],[50.7908,25.6305],[50.7851,25.6482],[50.787,25.6527]]],[[[79.9109,8.953],[79.9159,8.9468],[79.9072,8.9357],[79.9109,8.953]]],[[[79.6616,9.0739],[79.6647,9.0702],[79.6312,9.0671],[79.6436,9.0749],[79.6616,9.0739]]],[[[79.5514,9.0931],[79.5542,9.0854],[79.5533,9.0845],[79.5514,9.0931]]],[[[79.0638,9.2049],[79.0881,9.1943],[79.083,9.191],[79.0669,9.1985],[79.0614,9.1961],[79.0586,9.2006],[79.0638,9.2049]]],[[[79.9835,9.3048],[79.9927,9.2951],[79.9913,9.2883],[79.9801,9.2777],[79.9716,9.2929],[79.9835,9.3048]]],[[[79.8495,9.6129],[79.8595,9.6055],[79.8635,9.5918],[79.8577,9.566],[79.8486,9.5647],[79.8158,9.5712],[79.8094,9.5801],[79.8107,9.6175],[79.8145,9.6228],[79.8197,9.6175],[79.8268,9.5993],[79.834,9.5932],[79.8464,9.5973],[79.8407,9.6074],[79.8411,9.613],[79.8495,9.6129]]],[[[43.4601,11.4708],[43.4732,11.4571],[43.4681,11.4477],[43.4575,11.439],[43.447,11.4564],[43.4601,11.4708]]],[[[43.3709,11.5275],[43.3622,11.4746],[43.3347,11.4621],[43.3342,11.4671],[43.3495,11.4765],[43.3557,11.4845],[43.361,11.4958],[43.3646,11.5282],[43.3688,11.5329],[43.3709,11.5275]]],[[[43.1838,11.7295],[43.1999,11.7228],[43.1965,11.7125],[43.1785,11.7248],[43.1838,11.7295]]],[[[43.4326,12.4741],[43.4351,12.4678],[43.4294,12.4699],[43.4274,12.476],[43.4326,12.4741]]],[[[42.9328,12.8481],[42.9499,12.8306],[42.9517,12.8225],[42.9338,12.8325],[42.9312,12.8456],[42.9328,12.8481]]],[[[42.9503,12.8856],[42.9603,12.8712],[42.9429,12.8823],[42.9358,12.8914],[42.9347,12.9027],[42.9443,12.9058],[42.9488,12.8982],[42.9503,12.8856]]],[[[42.9335,12.9247],[42.9143,12.9242],[42.9067,12.9179],[42.8941,12.9389],[42.8919,12.9544],[42.898,12.9597],[42.9116,12.9515],[42.915,12.9547],[42.9123,12.9641],[42.956,12.9436],[42.9615,12.9381],[42.9631,12.9303],[42.9544,12.928],[42.9522,12.9125],[42.945,12.9086],[42.9373,12.913],[42.9335,12.9247]]],[[[42.8715,13.0137],[42.8783,13.0113],[42.8745,13.005],[42.8457,13.0143],[42.8378,13.0212],[42.8401,13.0337],[42.8539,13.0435],[42.8737,13.0429],[42.8769,13.0372],[42.8574,13.0417],[42.8515,13.0386],[42.8528,13.0331],[42.8574,13.0317],[42.8715,13.0137]]],[[[40.3399,15.0066],[40.3287,15.0013],[40.299,14.9778],[40.2702,14.9767],[40.2662,14.9816],[40.2653,14.9899],[40.2884,15.0304],[40.2922,15.0493],[40.2969,15.0555],[40.3087,15.0565],[40.3299,15.0514],[40.3345,15.0469],[40.3416,15.0363],[40.3459,15.014],[40.3399,15.0066]]],[[[42.1886,15.0734],[42.1924,15.045],[42.1787,15.0338],[42.1611,15.0562],[42.1587,15.065],[42.1787,15.0823],[42.1886,15.0734]]],[[[40.2593,15.1092],[40.2504,15.1093],[40.2455,15.1151],[40.233,15.1186],[40.2311,15.122],[40.2279,15.1474],[40.2321,15.1556],[40.2341,15.1714],[40.2809,15.1977],[40.2972,15.1984],[40.2979,15.1927],[40.2848,15.1785],[40.2792,15.1657],[40.2752,15.1611],[40.2664,15.1611],[40.2636,15.1567],[40.2755,15.1442],[40.2811,15.1297],[40.28,15.1187],[40.2593,15.1092]]],[[[42.4331,15.7241],[42.4799,15.7165],[42.4796,15.7086],[42.4714,15.7018],[42.4081,15.7093],[42.3873,15.7062],[42.3795,15.7099],[42.3815,15.7266],[42.3771,15.7425],[42.3819,15.7479],[42.3884,15.7485],[42.4331,15.7241]]],[[[41.7197,16.9393],[41.7236,16.921],[41.7155,16.9108],[41.7006,16.9032],[41.6737,16.8996],[41.6502,16.9234],[41.6809,16.9655],[41.6948,16.9632],[41.7197,16.9393]]],[[[-16.5194,19.9371],[-16.517,19.9125],[-16.5388,19.9079],[-16.5394,19.9309],[-16.5194,19.9371]]],[[[36.6512,22.2718],[36.6615,22.2615],[36.6599,22.2443],[36.6581,22.2549],[36.631,22.2521],[36.6319,22.2658],[36.6375,22.2769],[36.6489,22.2814],[36.6517,22.2779],[36.6443,22.2732],[36.6512,22.2718]]],[[[36.2043,22.6701],[36.2068,22.6599],[36.2009,22.6517],[36.1853,22.6729],[36.17,22.6838],[36.1943,22.6853],[36.2043,22.6701]]],[[[36.0617,22.7554],[36.0667,22.7281],[36.0616,22.73],[36.0557,22.7433],[36.0433,22.7319],[36.047,22.7261],[36.0421,22.7209],[36.0383,22.7372],[36.0509,22.75],[36.0559,22.7607],[36.0663,22.7669],[36.0617,22.7554]]],[[[36.2219,22.7927],[36.2502,22.7895],[36.2456,22.7869],[36.2118,22.7868],[36.2066,22.7843],[36.1968,22.7909],[36.2179,22.7934],[36.214,22.8136],[36.2238,22.8026],[36.2204,22.797],[36.2219,22.7927]]],[[[35.7184,23.1986],[35.7192,23.1918],[35.7142,23.1977],[35.6991,23.2017],[35.6738,23.2248],[35.6635,23.2261],[35.6608,23.221],[35.6574,23.2242],[35.6365,23.2279],[35.6252,23.2263],[35.6088,23.2115],[35.6008,23.2162],[35.6071,23.2101],[35.6165,23.2072],[35.6193,23.2021],[35.6147,23.2027],[35.5897,23.211],[35.5904,23.2163],[35.5822,23.2266],[35.6403,23.2322],[35.6482,23.2367],[35.6768,23.2304],[35.6915,23.2379],[35.6964,23.2367],[35.7041,23.221],[35.6991,23.2239],[35.6979,23.2204],[35.7184,23.1986]]],[[[36.1853,23.6019],[36.1841,23.6241],[36.1984,23.6209],[36.2064,23.6146],[36.2046,23.6015],[36.1903,23.5929],[36.1853,23.6019]]],[[[37.0853,24.9821],[37.1158,24.9561],[37.1121,24.9446],[37.0834,24.9552],[37.0691,24.9533],[37.0691,24.9701],[37.0747,24.9832],[37.0853,24.9821]]],[[[55.0433,25.0299],[55.0464,25.0269],[55.0637,25.0393],[55.0626,25.0419],[55.0527,25.0363],[55.0629,25.0425],[55.0659,25.0346],[55.0466,25.0233],[55.0419,25.0294],[55.0511,25.0354],[55.0433,25.0299]]],[[[55.1455,25.088],[55.1441,25.0908],[55.1495,25.0961],[55.1493,25.0942],[55.1455,25.088]]],[[[55.1202,25.0948],[55.1272,25.0939],[55.1425,25.0932],[55.1277,25.0914],[55.1202,25.0948]]],[[[55.1654,25.1105],[55.1607,25.1062],[55.1579,25.1056],[55.1616,25.1111],[55.1654,25.1105]]],[[[55.1546,25.0965],[55.1409,25.1035],[55.1406,25.1106],[55.139,25.0985],[55.1388,25.1108],[55.1351,25.0976],[55.1379,25.1116],[55.1305,25.0972],[55.1367,25.1127],[55.126,25.0982],[55.1288,25.1073],[55.1358,25.1135],[55.1218,25.1021],[55.1261,25.1091],[55.1344,25.1143],[55.1207,25.1084],[55.1326,25.1152],[55.1224,25.1142],[55.131,25.1166],[55.1248,25.1175],[55.1263,25.1212],[55.1302,25.1239],[55.1322,25.1186],[55.1334,25.1263],[55.1341,25.1168],[55.1352,25.1227],[55.1392,25.1288],[55.1402,25.1277],[55.1361,25.1216],[55.1358,25.1156],[55.1405,25.1246],[55.1463,25.1286],[55.1383,25.1195],[55.1369,25.1147],[55.1413,25.1207],[55.1514,25.1262],[55.1379,25.1141],[55.1463,25.1204],[55.1532,25.1223],[55.1392,25.1129],[55.1536,25.1183],[55.1535,25.1168],[55.1453,25.1151],[55.1403,25.1118],[55.1457,25.1143],[55.1532,25.1145],[55.1419,25.111],[55.1464,25.1092],[55.1481,25.1118],[55.1506,25.1064],[55.1538,25.1085],[55.1552,25.1075],[55.1529,25.105],[55.1586,25.099],[55.1546,25.0965]]],[[[55.1555,25.1304],[55.1602,25.1234],[55.1607,25.1162],[55.1604,25.1133],[55.1594,25.1123],[55.1555,25.1304]]],[[[55.1181,25.0965],[55.1148,25.1018],[55.1142,25.113],[55.1213,25.1256],[55.1364,25.1348],[55.154,25.1318],[55.1386,25.1327],[55.1256,25.1258],[55.1165,25.1117],[55.1181,25.0965]]],[[[52.8849,25.1505],[52.8867,25.1345],[52.8749,25.1413],[52.8738,25.1601],[52.8849,25.1505]]],[[[55.1693,25.1791],[55.156,25.1785],[55.1517,25.1789],[55.1429,25.1828],[55.1401,25.1878],[55.1444,25.1823],[55.1538,25.179],[55.1689,25.1795],[55.1734,25.1856],[55.1693,25.1791]]],[[[55.1774,25.1898],[55.1786,25.1907],[55.1796,25.1899],[55.1774,25.1898]]],[[[55.1887,25.1872],[55.1747,25.182],[55.1926,25.1907],[55.1887,25.1872]]],[[[55.187,25.1892],[55.1847,25.1903],[55.187,25.1905],[55.187,25.1892]]],[[[55.1796,25.1908],[55.1786,25.1917],[55.1799,25.1915],[55.1796,25.1908]]],[[[55.1766,25.1904],[55.1751,25.1913],[55.1767,25.1916],[55.1766,25.1904]]],[[[55.175,25.1931],[55.1747,25.192],[55.1738,25.1931],[55.175,25.1931]]],[[[55.1822,25.1872],[55.183,25.1936],[55.186,25.1929],[55.1866,25.1916],[55.1834,25.1907],[55.1822,25.1872]]],[[[55.1777,25.1934],[55.1762,25.1929],[55.1769,25.1938],[55.1777,25.1934]]],[[[55.1799,25.1924],[55.1794,25.1937],[55.181,25.1937],[55.1799,25.1924]]],[[[55.1732,25.1949],[55.1725,25.1938],[55.1716,25.1949],[55.1732,25.1949]]],[[[55.1576,25.1949],[55.1558,25.1957],[55.1577,25.1961],[55.1576,25.1949]]],[[[55.1756,25.1952],[55.1735,25.1957],[55.1736,25.1962],[55.1756,25.1952]]],[[[55.159,25.1954],[55.1601,25.1963],[55.1608,25.1955],[55.159,25.1954]]],[[[55.1538,25.1959],[55.1507,25.1962],[55.1507,25.1965],[55.1538,25.1959]]],[[[55.1705,25.196],[55.1688,25.196],[55.17,25.197],[55.1705,25.196]]],[[[55.1762,25.197],[55.1748,25.1968],[55.1753,25.1973],[55.1762,25.197]]],[[[55.1506,25.1966],[55.1478,25.197],[55.1476,25.1976],[55.1506,25.1966]]],[[[55.1681,25.1971],[55.1659,25.1971],[55.1677,25.198],[55.1681,25.1971]]],[[[55.1739,25.1974],[55.172,25.1985],[55.174,25.1984],[55.1739,25.1974]]],[[[55.1537,25.197],[55.1524,25.1988],[55.1547,25.1967],[55.1537,25.197]]],[[[55.1511,25.1984],[55.1504,25.1982],[55.1507,25.199],[55.1511,25.1984]]],[[[55.1567,25.1989],[55.1553,25.1983],[55.1551,25.1992],[55.1567,25.1989]]],[[[55.1702,25.1994],[55.1683,25.1987],[55.1683,25.1994],[55.1702,25.1994]]],[[[55.1473,25.2002],[55.1457,25.1995],[55.1459,25.2001],[55.1473,25.2002]]],[[[55.1727,25.1998],[55.1712,25.2002],[55.1725,25.2003],[55.1727,25.1998]]],[[[55.1754,25.1999],[55.1747,25.1988],[55.1747,25.2005],[55.1754,25.1999]]],[[[55.1496,25.1988],[55.1487,25.1997],[55.1504,25.2008],[55.1496,25.1988]]],[[[55.1667,25.1993],[55.1643,25.1996],[55.1659,25.2008],[55.1667,25.1993]]],[[[55.1516,25.2002],[55.1532,25.2013],[55.1536,25.2002],[55.1516,25.2002]]],[[[55.164,25.2007],[55.1627,25.2006],[55.1637,25.2014],[55.164,25.2007]]],[[[55.1688,25.2014],[55.1669,25.2005],[55.1672,25.2016],[55.1688,25.2014]]],[[[55.1572,25.201],[55.1544,25.2012],[55.1546,25.2021],[55.1572,25.201]]],[[[55.1487,25.2013],[55.1473,25.2011],[55.1476,25.2023],[55.1487,25.2013]]],[[[55.1658,25.2017],[55.1649,25.2021],[55.1662,25.2025],[55.1658,25.2017]]],[[[55.172,25.2018],[55.1698,25.2021],[55.1716,25.2027],[55.172,25.2018]]],[[[55.1511,25.2032],[55.1498,25.2024],[55.1502,25.2034],[55.1511,25.2032]]],[[[55.1739,25.2029],[55.1724,25.2026],[55.1724,25.2036],[55.1739,25.2029]]],[[[55.1532,25.2037],[55.1522,25.2029],[55.152,25.2037],[55.1532,25.2037]]],[[[55.1592,25.2035],[55.1577,25.2024],[55.1585,25.2043],[55.1592,25.2035]]],[[[55.1544,25.2034],[55.1555,25.204],[55.1556,25.2034],[55.1544,25.2034]]],[[[55.1476,25.2038],[55.1458,25.2043],[55.1473,25.2049],[55.1476,25.2038]]],[[[55.1493,25.2033],[55.1491,25.205],[55.1504,25.2049],[55.1493,25.2033]]],[[[55.1589,25.2049],[55.1572,25.2056],[55.1593,25.2058],[55.1589,25.2049]]],[[[55.1561,25.2059],[55.1552,25.2047],[55.1556,25.2062],[55.1561,25.2059]]],[[[55.147,25.2072],[55.1456,25.2063],[55.1452,25.207],[55.147,25.2072]]],[[[55.1541,25.2062],[55.1527,25.2073],[55.1541,25.2074],[55.1541,25.2062]]],[[[55.1506,25.2072],[55.1491,25.2063],[55.1483,25.208],[55.1506,25.2072]]],[[[55.1593,25.2071],[55.1581,25.2082],[55.1602,25.2078],[55.1593,25.2071]]],[[[55.1757,25.2069],[55.1743,25.2077],[55.1756,25.2082],[55.1757,25.2069]]],[[[55.1572,25.2081],[55.1547,25.2085],[55.155,25.209],[55.1572,25.2081]]],[[[55.1864,25.2072],[55.1822,25.2078],[55.1831,25.2094],[55.1864,25.2072]]],[[[55.1529,25.2088],[55.151,25.209],[55.153,25.2092],[55.1529,25.2088]]],[[[55.1816,25.2092],[55.1796,25.2085],[55.1789,25.2088],[55.1816,25.2092]]],[[[55.1869,25.2095],[55.186,25.2084],[55.1864,25.2095],[55.1869,25.2095]]],[[[55.1887,25.2096],[55.1876,25.2068],[55.1882,25.2097],[55.1887,25.2096]]],[[[55.1462,25.209],[55.1445,25.2092],[55.1447,25.2097],[55.1462,25.209]]],[[[55.1742,25.2099],[55.1727,25.2088],[55.172,25.2095],[55.1742,25.2099]]],[[[55.1777,25.2089],[55.1758,25.209],[55.1785,25.2095],[55.1777,25.2089]]],[[[55.1524,25.2108],[55.151,25.2106],[55.1514,25.2112],[55.1524,25.2108]]],[[[55.1881,25.2104],[55.1865,25.2102],[55.1869,25.2114],[55.1881,25.2104]]],[[[55.1494,25.2097],[55.1479,25.2112],[55.1502,25.2112],[55.1494,25.2097]]],[[[55.1856,25.2113],[55.1846,25.2095],[55.1841,25.2111],[55.1856,25.2113]]],[[[55.1463,25.2103],[55.1453,25.2115],[55.1468,25.2114],[55.1463,25.2103]]],[[[55.1709,25.2118],[55.17,25.2099],[55.1705,25.2118],[55.1709,25.2118]]],[[[55.1834,25.2109],[55.1815,25.2116],[55.1832,25.2124],[55.1834,25.2109]]],[[[55.1746,25.2124],[55.1755,25.2104],[55.1731,25.2115],[55.1746,25.2124]]],[[[55.1815,25.2123],[55.1799,25.2131],[55.1815,25.2129],[55.1815,25.2123]]],[[[55.1853,25.2133],[55.1838,25.213],[55.1838,25.2136],[55.1853,25.2133]]],[[[55.188,25.213],[55.1864,25.2127],[55.1865,25.2138],[55.188,25.213]]],[[[55.1732,25.2124],[55.1709,25.2136],[55.1728,25.2139],[55.1732,25.2124]]],[[[55.2026,25.2128],[55.1987,25.2099],[55.2025,25.2141],[55.2026,25.2128]]],[[[55.1785,25.2133],[55.1771,25.213],[55.177,25.2142],[55.1785,25.2133]]],[[[55.1572,25.2144],[55.1561,25.2125],[55.1559,25.2144],[55.1572,25.2144]]],[[[55.1546,25.2142],[55.1532,25.2137],[55.1536,25.2148],[55.1546,25.2142]]],[[[55.1694,25.2144],[55.1669,25.2137],[55.1685,25.2151],[55.1694,25.2144]]],[[[55.1896,25.2151],[55.19,25.2127],[55.1886,25.2148],[55.1896,25.2151]]],[[[55.176,25.2154],[55.1751,25.2148],[55.1751,25.2154],[55.176,25.2154]]],[[[55.1824,25.2139],[55.1805,25.2147],[55.1812,25.2156],[55.1824,25.2139]]],[[[55.1465,25.2145],[55.1457,25.2156],[55.1467,25.2158],[55.1465,25.2145]]],[[[55.1836,25.2146],[55.1824,25.2155],[55.1834,25.2158],[55.1836,25.2146]]],[[[55.1784,25.2159],[55.1776,25.215],[55.1778,25.216],[55.1784,25.2159]]],[[[55.1515,25.2158],[55.1505,25.2151],[55.1505,25.216],[55.1515,25.2158]]],[[[55.1643,25.215],[55.1631,25.2166],[55.1642,25.2165],[55.1643,25.215]]],[[[55.1453,25.2154],[55.1437,25.2161],[55.1453,25.2165],[55.1453,25.2154]]],[[[55.1524,25.2167],[55.151,25.2166],[55.151,25.2173],[55.1524,25.2167]]],[[[55.1558,25.2172],[55.1559,25.2153],[55.1547,25.2169],[55.1558,25.2172]]],[[[55.1822,25.2173],[55.1802,25.2163],[55.1801,25.2169],[55.1822,25.2173]]],[[[55.1494,25.2158],[55.1479,25.2167],[55.1498,25.2174],[55.1494,25.2158]]],[[[55.1757,25.2163],[55.1746,25.2169],[55.1763,25.217],[55.1757,25.2163]]],[[[55.169,25.2171],[55.167,25.2161],[55.1672,25.2173],[55.169,25.2171]]],[[[55.1711,25.2164],[55.17,25.2161],[55.1701,25.2174],[55.1711,25.2164]]],[[[55.1779,25.2169],[55.1762,25.2163],[55.1777,25.2174],[55.1779,25.2169]]],[[[55.1946,25.1993],[55.1924,25.2034],[55.1994,25.2179],[55.2028,25.2161],[55.1949,25.2077],[55.1946,25.1993]]],[[[55.1539,25.2176],[55.153,25.217],[55.1529,25.218],[55.1539,25.2176]]],[[[55.1654,25.2182],[55.1631,25.2176],[55.1631,25.2182],[55.1654,25.2182]]],[[[55.1725,25.2172],[55.1717,25.2182],[55.1722,25.2185],[55.1725,25.2172]]],[[[55.1471,25.218],[55.1456,25.2186],[55.1471,25.2186],[55.1471,25.218]]],[[[55.1843,25.2185],[55.1835,25.2173],[55.1831,25.2183],[55.1843,25.2185]]],[[[55.1892,25.2189],[55.187,25.2181],[55.187,25.2187],[55.1892,25.2189]]],[[[55.1712,25.218],[55.1704,25.2188],[55.1713,25.2191],[55.1712,25.218]]],[[[55.1504,25.2194],[55.1488,25.2187],[55.1489,25.2191],[55.1504,25.2194]]],[[[55.1681,25.2192],[55.1671,25.2177],[55.167,25.2192],[55.1681,25.2192]]],[[[55.1414,25.2192],[55.1397,25.2142],[55.1433,25.212],[55.1411,25.2054],[55.1452,25.2013],[55.1411,25.1949],[55.1456,25.1939],[55.1406,25.1916],[55.1375,25.1962],[55.1422,25.2016],[55.1375,25.2008],[55.1375,25.2148],[55.1414,25.2192]]],[[[55.153,25.2188],[55.1516,25.2189],[55.1528,25.2195],[55.153,25.2188]]],[[[55.1566,25.218],[55.1544,25.2188],[55.1544,25.2195],[55.1559,25.22],[55.1566,25.218]]],[[[55.1907,25.2188],[55.1895,25.2195],[55.1909,25.22],[55.1907,25.2188]]],[[[55.1801,25.2198],[55.1788,25.2191],[55.1793,25.2202],[55.1801,25.2198]]],[[[55.1704,25.2196],[55.1689,25.2191],[55.1701,25.2202],[55.1704,25.2196]]],[[[55.1768,25.2191],[55.1756,25.2203],[55.1765,25.2204],[55.1768,25.2191]]],[[[55.1892,25.2201],[55.1884,25.2196],[55.188,25.2204],[55.1892,25.2201]]],[[[55.1826,25.2195],[55.1808,25.2194],[55.1827,25.2204],[55.1826,25.2195]]],[[[55.1787,25.22],[55.1774,25.2202],[55.1786,25.2205],[55.1787,25.22]]],[[[55.1751,25.2203],[55.1742,25.2196],[55.1747,25.2208],[55.1751,25.2203]]],[[[55.1515,25.2206],[55.1504,25.2201],[55.1502,25.2209],[55.1515,25.2206]]],[[[55.1471,25.2207],[55.1463,25.2202],[55.1463,25.2211],[55.1471,25.2207]]],[[[55.167,25.2214],[55.1659,25.2196],[55.1664,25.2217],[55.167,25.2214]]],[[[55.1954,25.1946],[55.2048,25.2062],[55.2056,25.2108],[55.2099,25.2217],[55.2049,25.2057],[55.201,25.1997],[55.1954,25.1946]]],[[[55.1463,25.2213],[55.1453,25.2218],[55.1458,25.2218],[55.1463,25.2213]]],[[[55.149,25.222],[55.1478,25.2205],[55.1479,25.2223],[55.149,25.222]]],[[[55.1444,25.2208],[55.1434,25.2223],[55.1447,25.2222],[55.1444,25.2208]]],[[[55.1685,25.2224],[55.1675,25.2217],[55.1677,25.2224],[55.1685,25.2224]]],[[[55.1739,25.2198],[55.1714,25.2209],[55.1713,25.2223],[55.1739,25.2198]]],[[[55.1777,25.2215],[55.176,25.2223],[55.1773,25.2226],[55.1777,25.2215]]],[[[55.175,25.2228],[55.1738,25.2218],[55.1737,25.2224],[55.175,25.2228]]],[[[55.1825,25.2228],[55.1782,25.2218],[55.1784,25.2226],[55.1825,25.2228]]],[[[55.1551,25.2215],[55.1507,25.2221],[55.151,25.2226],[55.1551,25.2215]]],[[[55.1699,25.2243],[55.1681,25.2236],[55.1677,25.2239],[55.1699,25.2243]]],[[[55.1507,25.2241],[55.1467,25.2223],[55.1457,25.2228],[55.1507,25.2241]]],[[[55.1633,25.2241],[55.1629,25.2215],[55.1623,25.2242],[55.1633,25.2241]]],[[[55.174,25.224],[55.1725,25.2233],[55.1728,25.2244],[55.174,25.224]]],[[[55.1882,25.2233],[55.1869,25.2239],[55.1875,25.2245],[55.1882,25.2233]]],[[[55.1474,25.2251],[55.1464,25.2239],[55.1459,25.2245],[55.1474,25.2251]]],[[[55.1794,25.224],[55.1774,25.225],[55.1796,25.2249],[55.1794,25.224]]],[[[55.1924,25.2254],[55.1913,25.224],[55.1914,25.2254],[55.1924,25.2254]]],[[[55.1445,25.2257],[55.1428,25.2235],[55.1431,25.2258],[55.1445,25.2257]]],[[[55.1757,25.2244],[55.1747,25.2257],[55.1761,25.2259],[55.1757,25.2244]]],[[[55.1862,25.2236],[55.1835,25.2236],[55.183,25.2259],[55.1862,25.2236]]],[[[55.1823,25.2247],[55.1804,25.2254],[55.1815,25.2261],[55.1823,25.2247]]],[[[55.1886,25.2252],[55.19,25.2262],[55.1906,25.2255],[55.1886,25.2252]]],[[[55.1859,25.2262],[55.1843,25.2252],[55.1854,25.2263],[55.1859,25.2262]]],[[[55.1716,25.2259],[55.1703,25.2249],[55.1697,25.2265],[55.1716,25.2259]]],[[[55.1974,25.2259],[55.1947,25.2228],[55.1957,25.2267],[55.1974,25.2259]]],[[[55.1655,25.2271],[55.1646,25.2263],[55.1643,25.2267],[55.1655,25.2271]]],[[[55.1495,25.2264],[55.1475,25.2266],[55.1493,25.2271],[55.1495,25.2264]]],[[[55.1685,25.2261],[55.1647,25.224],[55.1675,25.2272],[55.1685,25.2261]]],[[[55.1785,25.2275],[55.177,25.2267],[55.1771,25.2276],[55.1785,25.2275]]],[[[55.1883,25.227],[55.1896,25.2277],[55.19,25.2272],[55.1883,25.227]]],[[[55.1629,25.2267],[55.1616,25.2273],[55.1631,25.2278],[55.1629,25.2267]]],[[[55.1739,25.2266],[55.1716,25.2274],[55.1717,25.2278],[55.1739,25.2266]]],[[[55.1808,25.2269],[55.1796,25.2283],[55.1803,25.2283],[55.1808,25.2269]]],[[[55.1755,25.2268],[55.1745,25.2283],[55.1751,25.2285],[55.1755,25.2268]]],[[[55.1841,25.2271],[55.1818,25.2276],[55.1839,25.2286],[55.1841,25.2271]]],[[[55.1876,25.228],[55.1851,25.2285],[55.1876,25.2289],[55.1876,25.228]]],[[[55.1703,25.2295],[55.1694,25.2283],[55.169,25.2295],[55.1703,25.2295]]],[[[55.1815,25.2297],[55.1804,25.2288],[55.1801,25.2299],[55.1815,25.2297]]],[[[55.2002,25.2262],[55.1977,25.2216],[55.2,25.2271],[55.1948,25.2292],[55.2068,25.2279],[55.2002,25.2262]]],[[[55.1739,25.2291],[55.172,25.2295],[55.1742,25.2304],[55.1739,25.2291]]],[[[55.1876,25.2309],[55.1861,25.2298],[55.186,25.2308],[55.1876,25.2309]]],[[[55.1782,25.23],[55.1763,25.2303],[55.1782,25.231],[55.1782,25.23]]],[[[55.1849,25.2299],[55.1831,25.2311],[55.1853,25.2312],[55.1849,25.2299]]],[[[55.172,25.2301],[55.1703,25.231],[55.172,25.2314],[55.172,25.2301]]],[[[55.182,25.2309],[55.1794,25.231],[55.1822,25.2314],[55.182,25.2309]]],[[[55.1903,25.2311],[55.1888,25.2305],[55.189,25.2316],[55.1903,25.2311]]],[[[55.1673,25.2281],[55.167,25.2314],[55.1694,25.2317],[55.1694,25.2306],[55.1673,25.2281]]],[[[55.1647,25.2322],[55.1646,25.2312],[55.1639,25.2319],[55.1647,25.2322]]],[[[55.1883,25.2317],[55.1865,25.2324],[55.1884,25.2323],[55.1883,25.2317]]],[[[55.1753,25.2324],[55.1724,25.2322],[55.1725,25.2328],[55.1753,25.2324]]],[[[55.1907,25.232],[55.1895,25.233],[55.1909,25.2324],[55.1907,25.232]]],[[[55.197,25.2329],[55.192,25.2303],[55.1949,25.2336],[55.2053,25.2306],[55.1981,25.2303],[55.197,25.2329]]],[[[55.1872,25.2332],[55.1865,25.2337],[55.1887,25.2331],[55.1872,25.2332]]],[[[55.1826,25.2336],[55.1815,25.2325],[55.1819,25.2339],[55.1826,25.2336]]],[[[55.1916,25.2337],[55.1904,25.2346],[55.1918,25.2341],[55.1916,25.2337]]],[[[55.1729,25.2344],[55.1795,25.2332],[55.1812,25.2348],[55.179,25.2322],[55.1729,25.2344]]],[[[55.1717,25.2343],[55.1704,25.2332],[55.1706,25.2353],[55.1717,25.2343]]],[[[55.1852,25.2342],[55.1834,25.2338],[55.1839,25.2354],[55.1852,25.2342]]],[[[55.2073,25.2305],[55.2039,25.2347],[55.1983,25.2346],[55.2053,25.2349],[55.2073,25.2305]]],[[[55.1801,25.2357],[55.1782,25.2355],[55.1794,25.2362],[55.1801,25.2357]]],[[[55.1699,25.2352],[55.1678,25.2332],[55.1692,25.2363],[55.1699,25.2352]]],[[[55.1639,25.2355],[55.1624,25.234],[55.1633,25.2365],[55.1639,25.2355]]],[[[55.1866,25.2363],[55.1853,25.2359],[55.1853,25.2366],[55.1866,25.2363]]],[[[55.1827,25.2358],[55.1816,25.2366],[55.1841,25.2368],[55.1827,25.2358]]],[[[55.1769,25.2379],[55.1754,25.2361],[55.1751,25.2373],[55.1769,25.2379]]],[[[55.1788,25.2381],[55.1779,25.2371],[55.1779,25.2379],[55.1788,25.2381]]],[[[55.1742,25.2381],[55.172,25.237],[55.1719,25.2376],[55.1742,25.2381]]],[[[55.1696,25.2383],[55.1685,25.2375],[55.1683,25.2379],[55.1696,25.2383]]],[[[55.176,25.2393],[55.175,25.2384],[55.1746,25.2394],[55.176,25.2393]]],[[[55.1805,25.2394],[55.1796,25.2388],[55.1793,25.2397],[55.1805,25.2394]]],[[[55.1847,25.2402],[55.1846,25.2388],[55.1808,25.2381],[55.1847,25.2402]]],[[[55.1779,25.2402],[55.1767,25.2398],[55.1768,25.2402],[55.1779,25.2402]]],[[[55.1903,25.2393],[55.1889,25.2375],[55.1886,25.2406],[55.1903,25.2393]]],[[[55.1673,25.2395],[55.1646,25.2376],[55.1651,25.2407],[55.1673,25.2395]]],[[[55.1808,25.241],[55.1801,25.2403],[55.1799,25.241],[55.1808,25.241]]],[[[55.1873,25.2409],[55.1849,25.2416],[55.1851,25.2419],[55.1873,25.2409]]],[[[55.1986,25.241],[55.1992,25.2383],[55.196,25.2422],[55.2011,25.2408],[55.1986,25.241]]],[[[55.1683,25.2421],[55.1677,25.2409],[55.1668,25.2423],[55.1683,25.2421]]],[[[55.1822,25.242],[55.181,25.2418],[55.1812,25.2425],[55.1822,25.242]]],[[[55.1697,25.2389],[55.1712,25.2426],[55.1742,25.2407],[55.1713,25.2402],[55.1697,25.2389]]],[[[55.179,25.2429],[55.1778,25.2414],[55.1773,25.2425],[55.179,25.2429]]],[[[55.1877,25.2428],[55.1864,25.2425],[55.1869,25.2433],[55.1877,25.2428]]],[[[55.1843,25.2423],[55.1831,25.2439],[55.1847,25.2439],[55.1843,25.2423]]],[[[55.1762,25.2404],[55.1738,25.2427],[55.1751,25.2445],[55.177,25.244],[55.1762,25.2404]]],[[[55.1735,25.2435],[55.1735,25.2446],[55.1745,25.2442],[55.1735,25.2435]]],[[[55.1802,25.2436],[55.1782,25.2446],[55.1801,25.2448],[55.1802,25.2436]]],[[[55.1869,25.2447],[55.1855,25.244],[55.1856,25.2453],[55.1869,25.2447]]],[[[55.1467,25.2475],[55.1325,25.2194],[55.1294,25.2023],[55.1376,25.185],[55.1294,25.1991],[55.1292,25.2059],[55.1321,25.2199],[55.1359,25.2303],[55.1426,25.2442],[55.1445,25.2467],[55.1467,25.2475]]],[[[55.2099,25.2327],[55.2101,25.2263],[55.2091,25.2234],[55.2065,25.2412],[55.1983,25.2492],[55.2059,25.2433],[55.2099,25.2327]]],[[[55.1811,25.2466],[55.1767,25.2453],[55.1869,25.2486],[55.1811,25.2466]]],[[[55.1754,25.2464],[55.1742,25.2501],[55.1779,25.2509],[55.1754,25.2464]]],[[[55.1476,25.2429],[55.1603,25.2527],[55.1747,25.2578],[55.1888,25.2561],[55.2015,25.2516],[55.1748,25.2572],[55.1604,25.2521],[55.1476,25.2429]]],[[[55.3203,26.2783],[55.3226,26.2541],[55.313,26.2485],[55.303,26.2483],[55.2949,26.2502],[55.2864,26.2651],[55.29,26.2729],[55.3095,26.283],[55.3203,26.2783]]],[[[35.7791,27.0895],[35.7848,27.0792],[35.7507,27.1126],[35.7481,27.136],[35.7546,27.1366],[35.7744,27.1103],[35.7798,27.0962],[35.7791,27.0895]]],[[[49.0616,30.4877],[49.0642,30.4646],[49.0498,30.4646],[49.0401,30.4656],[49.0384,30.4697],[49.0293,30.4578],[49.0268,30.4662],[49.0218,30.4615],[49.0085,30.4659],[49.0073,30.4856],[49.011,30.4892],[49.0115,30.4988],[49.0291,30.502],[49.0353,30.4982],[49.0398,30.5026],[49.0622,30.5012],[49.0634,30.496],[49.058,30.4902],[49.0616,30.4877]]],[[[25.7299,34.8815],[25.7297,34.8726],[25.7096,34.8659],[25.6846,34.8696],[25.6801,34.8745],[25.688,34.8813],[25.7188,34.8777],[25.7299,34.8815]]],[[[26.1475,34.9431],[26.1498,34.9333],[26.1406,34.9307],[26.133,34.9226],[26.1312,34.9294],[26.1219,34.9359],[26.1275,34.9474],[26.1475,34.9431]]],[[[25.2461,35.4497],[25.2367,35.4274],[25.2336,35.4312],[25.2158,35.4369],[25.2087,35.4335],[25.1841,35.4444],[25.1945,35.4534],[25.2226,35.4637],[25.2461,35.4497]]],[[[14.3436,36.0156],[14.3506,36.0095],[14.3381,36.0045],[14.3246,36.0034],[14.3218,36.017],[14.3325,36.0189],[14.3436,36.0156]]],[[[29.6557,36.1362],[29.6606,36.1323],[29.6566,36.131],[29.6557,36.1362]]],[[[29.7507,36.1388],[29.7641,36.1357],[29.7386,36.1223],[29.7425,36.1317],[29.7507,36.1388]]],[[[29.494,36.1611],[29.5085,36.1547],[29.499,36.1497],[29.4854,36.1553],[29.494,36.1611]]],[[[29.6021,36.1478],[29.603,36.1416],[29.5855,36.1341],[29.5778,36.1254],[29.5592,36.121],[29.5696,36.1509],[29.5796,36.1619],[29.5887,36.1671],[29.5953,36.1667],[29.5933,36.1522],[29.6021,36.1478]]],[[[33.778,36.1737],[33.7813,36.1787],[33.7876,36.1815],[33.778,36.1737]]],[[[29.874,36.1864],[29.912,36.1995],[29.9092,36.1936],[29.8977,36.1846],[29.8923,36.1843],[29.8846,36.1731],[29.8708,36.1739],[29.8428,36.1671],[29.8397,36.1706],[29.874,36.1864]]],[[[29.3459,36.2139],[29.3587,36.2182],[29.3574,36.2134],[29.349,36.2082],[29.3459,36.2139]]],[[[29.4436,36.218],[29.4522,36.2204],[29.4436,36.2126],[29.4436,36.218]]],[[[27.7207,36.2768],[27.7192,36.2671],[27.7048,36.2471],[27.6996,36.248],[27.6956,36.2538],[27.7022,36.2661],[27.6982,36.2678],[27.6841,36.2644],[27.6875,36.2729],[27.7005,36.2837],[27.7115,36.2858],[27.7183,36.2825],[27.7207,36.2768]]],[[[22.9855,36.4761],[22.9893,36.4704],[22.986,36.4582],[22.9742,36.4658],[22.9701,36.4745],[22.9658,36.4761],[22.9516,36.4752],[22.9406,36.4661],[22.9317,36.4647],[22.9251,36.4691],[22.9294,36.4841],[22.9416,36.491],[22.9459,36.4999],[22.9526,36.5055],[22.9698,36.5112],[22.9767,36.5075],[22.9822,36.4994],[22.9855,36.4761]]],[[[28.1252,36.6009],[28.1288,36.5991],[28.1264,36.597],[28.1227,36.5987],[28.1252,36.6009]]],[[[28.92,36.6789],[28.9384,36.6761],[28.9154,36.6555],[28.9085,36.6671],[28.9115,36.6807],[28.9157,36.6829],[28.92,36.6789]]],[[[27.109,36.9487],[27.1087,36.9537],[27.1159,36.9575],[27.1342,36.9586],[27.1444,36.9538],[27.1519,36.9589],[27.1629,36.957],[27.1675,36.9486],[27.1618,36.9372],[27.1672,36.9282],[27.1751,36.9225],[27.1594,36.9258],[27.137,36.9229],[27.109,36.9487]]],[[[-7.9092,36.9781],[-7.9087,36.9894],[-7.9037,36.9862],[-7.9046,36.9775],[-7.9092,36.9781]]],[[[27.4309,36.9968],[27.4907,36.9728],[27.4902,36.966],[27.4771,36.9582],[27.4665,36.9645],[27.4458,36.97],[27.4423,36.9794],[27.4235,36.9918],[27.4309,36.9968]]],[[[-7.895,36.9894],[-7.9061,36.9961],[-7.9046,36.9993],[-7.8812,37.0006],[-7.8878,36.9953],[-7.8788,36.9928],[-7.895,36.9894]]],[[[27.1092,37.0578],[27.1064,37.0539],[27.0964,37.0534],[27.0779,37.0572],[27.0789,37.0624],[27.0846,37.0641],[27.1092,37.0578]]],[[[21.5587,37.0538],[21.5553,37.0498],[21.5557,37.0425],[21.5466,37.0323],[21.549,37.0454],[21.5435,37.0481],[21.5373,37.0574],[21.5528,37.0644],[21.5587,37.0538]]],[[[16.6216,57.1037],[16.6463,57.0981],[16.6383,57.0944],[16.611,57.0986],[16.6117,57.1011],[16.606,57.1049],[16.587,57.1026],[16.5808,57.106],[16.5831,57.1112],[16.5804,57.1194],[16.5899,57.1188],[16.6216,57.1037]]],[[[16.5695,57.1647],[16.5669,57.1594],[16.5376,57.1486],[16.5291,57.1534],[16.5254,57.1631],[16.5357,57.1751],[16.5417,57.1764],[16.5489,57.1744],[16.5625,57.1765],[16.5695,57.1647]]],[[[16.7907,57.2568],[16.7992,57.2518],[16.7991,57.2475],[16.7847,57.251],[16.7907,57.2568]]],[[[16.7116,57.5106],[16.7197,57.5014],[16.691,57.5093],[16.6813,57.5239],[16.7116,57.5106]]],[[[16.6579,57.5808],[16.655,57.5765],[16.652,57.5802],[16.6597,57.5975],[16.67,57.5993],[16.6738,57.6032],[16.6961,57.601],[16.7,57.6219],[16.7028,57.6234],[16.7267,57.6192],[16.7305,57.6118],[16.7271,57.603],[16.7021,57.5773],[16.6934,57.5751],[16.6714,57.5859],[16.6662,57.5817],[16.6579,57.5808]]],[[[11.7784,57.6556],[11.7865,57.6452],[11.7815,57.6314],[11.7564,57.6397],[11.7363,57.6364],[11.7297,57.6398],[11.7275,57.6467],[11.7428,57.6479],[11.7604,57.6556],[11.7682,57.6505],[11.7784,57.6556]]],[[[11.6735,57.6817],[11.6646,57.6773],[11.6513,57.6804],[11.6447,57.6789],[11.6291,57.6897],[11.6146,57.6921],[11.6103,57.6959],[11.616,57.7024],[11.6394,57.7008],[11.6332,57.7034],[11.6288,57.7129],[11.6291,57.7299],[11.6473,57.7225],[11.6582,57.7137],[11.663,57.7075],[11.6542,57.6999],[11.6643,57.6975],[11.6735,57.6817]]],[[[16.7055,57.7797],[16.6559,57.8052],[16.6707,57.8119],[16.7083,57.8091],[16.7183,57.8041],[16.7222,57.7977],[16.7118,57.7888],[16.709,57.7802],[16.7055,57.7797]]],[[[16.7864,57.8054],[16.7779,57.8042],[16.7616,57.8146],[16.7466,57.8093],[16.7402,57.8106],[16.7369,57.8131],[16.7376,57.819],[16.7282,57.8299],[16.7131,57.8395],[16.6996,57.8391],[16.7015,57.8446],[16.7109,57.85],[16.7082,57.852],[16.7289,57.8536],[16.7477,57.8381],[16.7635,57.8369],[16.7621,57.8294],[16.766,57.8207],[16.7841,57.8105],[16.7864,57.8054]]],[[[11.627,57.8672],[11.587,57.8465],[11.5885,57.8612],[11.5791,57.8577],[11.5594,57.8634],[11.5571,57.8673],[11.5628,57.8693],[11.5571,57.8712],[11.5591,57.8743],[11.5736,57.8722],[11.5988,57.88],[11.5983,57.8827],[11.5889,57.8839],[11.5755,57.88],[11.5596,57.8882],[11.5804,57.8973],[11.5992,57.8993],[11.6221,57.8957],[11.6314,57.8911],[11.639,57.8827],[11.6392,57.8737],[11.6287,57.8721],[11.627,57.8672]]],[[[10.8058,37.1407],[10.8229,37.1183],[10.796,37.1183],[10.7903,37.1272],[10.8058,37.1407]]],[[[27.0824,37.2781],[27.0821,37.2923],[27.0877,37.302],[27.1034,37.2995],[27.0922,37.2877],[27.1058,37.2787],[27.1018,37.2743],[27.0929,37.2721],[27.0824,37.2781]]],[[[26.7673,37.2774],[26.7625,37.2809],[26.7593,37.293],[26.7656,37.2933],[26.7593,37.2977],[26.7389,37.2942],[26.7352,37.2995],[26.7196,37.3013],[26.7098,37.3141],[26.714,37.3213],[26.7224,37.3179],[26.7185,37.3233],[26.7202,37.328],[26.7297,37.3274],[26.7437,37.3175],[26.7497,37.3091],[26.7681,37.3044],[26.7845,37.3089],[26.7896,37.3046],[26.7922,37.2874],[26.7874,37.2845],[26.7845,37.277],[26.7801,37.274],[26.7748,37.2812],[26.7673,37.2774]]],[[[26.7405,37.3669],[26.7416,37.3746],[26.7363,37.3728],[26.7258,37.3867],[26.7197,37.3873],[26.7098,37.4026],[26.7166,37.4127],[26.7194,37.4129],[26.7179,37.4054],[26.7287,37.3986],[26.734,37.3987],[26.738,37.3905],[26.7522,37.3837],[26.759,37.3761],[26.7522,37.3724],[26.7442,37.3606],[26.7405,37.3669]]],[[[26.979,37.4757],[27.0077,37.4569],[27.0073,37.4516],[27.0029,37.4511],[26.9883,37.4588],[26.9824,37.4496],[26.9743,37.4464],[26.9646,37.4541],[26.9583,37.4439],[26.95,37.4472],[26.943,37.4626],[26.9269,37.4742],[26.9317,37.4762],[26.9723,37.4722],[26.979,37.4757]]],[[[23.9339,37.4785],[23.9426,37.4632],[23.9404,37.4621],[23.9261,37.467],[23.9155,37.4803],[23.8968,37.4902],[23.8981,37.4945],[23.9196,37.4883],[23.9339,37.4785]]],[[[8.9574,37.5313],[8.9587,37.5191],[8.9498,37.518],[8.9373,37.5213],[8.9157,37.5126],[8.9005,37.5185],[8.911,37.5263],[8.9399,37.5363],[8.9463,37.5428],[8.9531,37.5394],[8.9531,37.535],[8.9574,37.5313]]],[[[27.1693,37.5648],[27.1495,37.5967],[27.1594,37.599],[27.1636,37.5943],[27.1592,37.5889],[27.1844,37.5587],[27.1683,37.5702],[27.1712,37.567],[27.1693,37.5648]]],[[[26.4505,37.5959],[26.4569,37.5751],[26.4467,37.5647],[26.4362,37.5676],[26.4344,37.5758],[26.4297,37.5775],[26.396,37.5761],[26.4058,37.5864],[26.4216,37.5901],[26.4404,37.6026],[26.4505,37.5959]]],[[[26.5313,37.5974],[26.5166,37.5836],[26.5083,37.582],[26.4991,37.5753],[26.5013,37.5612],[26.5109,37.5495],[26.5112,37.5365],[26.5077,37.5306],[26.5007,37.5278],[26.4889,37.5404],[26.486,37.5531],[26.4741,37.5688],[26.4761,37.5936],[26.474,37.6026],[26.4784,37.6056],[26.4849,37.6031],[26.492,37.5863],[26.4981,37.5854],[26.5031,37.5949],[26.5138,37.5986],[26.5101,37.6243],[26.4971,37.6274],[26.4964,37.6377],[26.5052,37.6505],[26.5135,37.6533],[26.5307,37.6418],[26.5282,37.626],[26.5389,37.6215],[26.5407,37.6167],[26.5313,37.5974]]],[[[23.9534,37.6568],[23.9597,37.6514],[23.9597,37.6428],[23.9411,37.6422],[23.9356,37.6459],[23.9386,37.6571],[23.9534,37.6568]]],[[[24.1432,37.7527],[24.1511,37.7341],[24.1486,37.7226],[24.1371,37.7142],[24.126,37.6851],[24.1052,37.6452],[24.0999,37.6594],[24.1264,37.743],[24.138,37.7528],[24.1432,37.7527]]],[[[23.7635,37.776],[23.7668,37.7695],[23.7634,37.764],[23.7566,37.763],[23.7516,37.7695],[23.7573,37.77],[23.7552,37.7751],[23.7635,37.776]]],[[[24.2756,38.0092],[24.283,37.9984],[24.2778,37.9851],[24.265,37.9785],[24.2542,37.9816],[24.2396,37.9777],[24.2287,37.9828],[24.2279,37.9883],[24.2428,38.013],[24.2541,38.02],[24.2632,38.0188],[24.2756,38.0092]]],[[[26.3554,38.4532],[26.3609,38.4444],[26.354,38.4262],[26.3442,38.4271],[26.3291,38.422],[26.3254,38.4413],[26.3554,38.4532]]],[[[-8.8402,38.4875],[-8.8346,38.4825],[-8.8399,38.4738],[-8.8485,38.4797],[-8.8472,38.4866],[-8.8402,38.4875]]],[[[26.2791,38.5152],[26.2933,38.4985],[26.2904,38.4918],[26.2787,38.4975],[26.2749,38.512],[26.2791,38.5152]]],[[[26.2681,38.5205],[26.2699,38.513],[26.2525,38.502],[26.2476,38.5041],[26.2481,38.5094],[26.2363,38.5067],[26.2083,38.5157],[26.2041,38.5146],[26.1846,38.5386],[26.1851,38.5422],[26.2038,38.541],[26.2147,38.5332],[26.2306,38.5335],[26.2412,38.5264],[26.2681,38.5205]]],[[[26.7217,38.4693],[26.6983,38.4771],[26.6929,38.4829],[26.6935,38.5124],[26.7004,38.5331],[26.7,38.5423],[26.7097,38.5406],[26.7224,38.5327],[26.73,38.5209],[26.7312,38.4949],[26.7455,38.4833],[26.7476,38.4759],[26.7438,38.4637],[26.7316,38.4584],[26.7217,38.4693]]],[[[25.5209,38.5364],[25.5231,38.5329],[25.5182,38.5291],[25.4937,38.5322],[25.5078,38.5526],[25.5177,38.5522],[25.523,38.5456],[25.5209,38.5364]]],[[[24.3524,38.85],[24.3729,38.8407],[24.3718,38.8337],[24.3677,38.835],[24.3578,38.8275],[24.3426,38.8341],[24.3444,38.8409],[24.3524,38.85]]],[[[-9.0124,38.8822],[-9.0012,38.8706],[-9.0028,38.8614],[-9.0168,38.8572],[-9.026,38.8648],[-9.02,38.8785],[-9.0124,38.8822]]],[[[-9.0205,38.8944],[-9.0276,38.889],[-9.0262,38.9049],[-9.0181,38.9199],[-9.0135,38.914],[-9.0205,38.8944]]],[[[24.099,39.0554],[24.1104,39.0696],[24.1029,39.0768],[24.099,39.0924],[24.1035,39.0997],[24.1174,39.1031],[24.1148,39.0959],[24.1183,39.0913],[24.1138,39.0774],[24.1235,39.072],[24.1241,39.0629],[24.099,39.0554]]],[[[20.2455,39.1401],[20.2583,39.1329],[20.2426,39.1306],[20.2274,39.1408],[20.2194,39.1401],[20.2151,39.1479],[20.2175,39.1527],[20.2288,39.1564],[20.2455,39.1401]]],[[[24.3226,39.3688],[24.3307,39.3641],[24.33,39.3535],[24.321,39.3308],[24.3124,39.3348],[24.3226,39.3688]]],[[[-9.5082,39.4218],[-9.5017,39.4202],[-9.512,39.4112],[-9.5082,39.4218]]],[[[24.183,39.3939],[24.1775,39.3837],[24.1534,39.3621],[24.1531,39.366],[24.1423,39.371],[24.144,39.3771],[24.152,39.3856],[24.1579,39.4061],[24.1678,39.4143],[24.1729,39.4275],[24.1764,39.4241],[24.183,39.3939]]],[[[19.5309,39.77],[19.5385,39.7596],[19.5317,39.7563],[19.5237,39.7592],[19.5102,39.7771],[19.5135,39.7842],[19.5309,39.77]]],[[[19.4243,39.8672],[19.4325,39.8663],[19.4095,39.8413],[19.3936,39.838],[19.3818,39.8452],[19.3796,39.8548],[19.3829,39.863],[19.3919,39.8663],[19.4107,39.863],[19.4243,39.8672]]],[[[19.5746,39.9001],[19.5946,39.891],[19.5925,39.8795],[19.5752,39.8758],[19.5656,39.8912],[19.5746,39.9001]]],[[[-8.8277,40.1437],[-8.7961,40.1308],[-8.8166,40.1231],[-8.828,40.1236],[-8.8414,40.1342],[-8.8482,40.1468],[-8.8277,40.1437]]],[[[23.8874,40.3266],[23.8837,40.3311],[23.8897,40.3372],[23.9062,40.3424],[23.9118,40.3411],[23.9183,40.3343],[23.92,40.3229],[23.9418,40.3141],[23.9414,40.3101],[23.9369,40.3093],[23.9166,40.3157],[23.9096,40.3216],[23.8874,40.3266]]],[[[19.2749,40.5069],[19.2918,40.4943],[19.2864,40.475],[19.2787,40.475],[19.2612,40.5055],[19.264,40.512],[19.2709,40.5133],[19.2749,40.5069]]],[[[14.2575,40.5567],[14.2621,40.554],[14.255,40.5465],[14.2462,40.5439],[14.2083,40.5379],[14.196,40.5412],[14.1986,40.5585],[14.2101,40.561],[14.2575,40.5567]]],[[[28.542,40.5644],[28.5472,40.561],[28.5484,40.5561],[28.5418,40.552],[28.5316,40.5147],[28.5191,40.5102],[28.5161,40.5178],[28.5227,40.545],[28.5191,40.5615],[28.542,40.5644]]],[[[14.0177,40.7703],[14.0353,40.7598],[14.0218,40.7572],[14.0259,40.7503],[14.0135,40.7475],[14.0171,40.7373],[14.0106,40.7398],[14.0059,40.7469],[14.001,40.744],[14.0064,40.7595],[14.0041,40.7622],[14.0131,40.7692],[14.0177,40.7703]]],[[[29.1148,40.8681],[29.1299,40.8705],[29.1282,40.8574],[29.1209,40.8481],[29.1178,40.8326],[29.1045,40.8394],[29.1053,40.8544],[29.1148,40.8681]]],[[[9.7341,40.8763],[9.7446,40.8692],[9.7396,40.8605],[9.7341,40.8581],[9.7193,40.8638],[9.7139,40.8737],[9.7341,40.8763]]],[[[9.7401,40.9123],[9.6913,40.8883],[9.6852,40.8911],[9.676,40.8902],[9.7363,40.9243],[9.7401,40.9123]]],[[[12.9822,40.9376],[12.9896,40.9365],[12.9918,40.9332],[12.9686,40.9195],[12.9609,40.9032],[12.9665,40.8931],[12.9583,40.882],[12.952,40.8815],[12.9478,40.8956],[12.9421,40.8998],[12.9485,40.9179],[12.9645,40.9255],[12.9681,40.932],[12.9822,40.9376]]],[[[12.8516,40.9414],[12.8548,40.9447],[12.8531,40.948],[12.8604,40.9483],[12.8617,40.9307],[12.8504,40.926],[12.8516,40.9414]]],[[[13.0536,40.9744],[13.0622,40.9755],[13.061,40.9652],[13.05,40.9669],[13.0536,40.9744]]],[[[9.596,41.0764],[9.6064,41.0794],[9.6026,41.0687],[9.5961,41.0729],[9.596,41.0764]]],[[[9.4082,41.2074],[9.4175,41.2004],[9.4078,41.1851],[9.4024,41.1902],[9.3955,41.1896],[9.3944,41.1951],[9.4082,41.2074]]],[[[9.1584,41.2422],[9.157,41.2375],[9.1467,41.23],[9.1375,41.2409],[9.1416,41.2464],[9.1584,41.2422]]],[[[9.3425,41.2516],[9.353,41.2478],[9.3508,41.2322],[9.3422,41.2281],[9.3354,41.2303],[9.3297,41.2376],[9.3329,41.2508],[9.3425,41.2516]]],[[[9.3447,41.2748],[9.3311,41.281],[9.335,41.2856],[9.3506,41.2887],[9.3512,41.2761],[9.3447,41.2748]]],[[[9.3718,41.2919],[9.3691,41.2935],[9.3648,41.2879],[9.3582,41.2969],[9.3768,41.3078],[9.3789,41.2958],[9.3718,41.2919]]],[[[9.3533,41.2993],[9.3542,41.2929],[9.337,41.2945],[9.3309,41.3047],[9.335,41.3083],[9.34,41.3072],[9.3533,41.2993]]],[[[9.2546,41.3422],[9.2569,41.3315],[9.2472,41.3377],[9.2499,41.3435],[9.2546,41.3422]]],[[[9.2643,41.3664],[9.27,41.3676],[9.2626,41.3608],[9.2504,41.3655],[9.2516,41.3712],[9.2648,41.3721],[9.2643,41.3664]]],[[[15.4928,42.1238],[15.4968,42.116],[15.4921,42.1074],[15.4847,42.1014],[15.4777,42.1041],[15.4782,42.1135],[15.4891,42.1245],[15.4928,42.1238]]],[[[11.1105,42.2612],[11.1125,42.2529],[11.1024,42.2543],[11.1065,42.2378],[11.0952,42.2433],[11.092,42.2565],[11.0938,42.2602],[11.1047,42.2633],[11.1105,42.2612]]],[[[16.3385,42.3775],[16.3401,42.3759],[16.3392,42.3755],[16.3385,42.3775]]],[[[16.3351,42.378],[16.3367,42.3786],[16.3361,42.378],[16.3351,42.378]]],[[[16.2713,42.388],[16.272,42.3861],[16.2704,42.3868],[16.2713,42.388]]],[[[16.2756,42.3893],[16.2761,42.3879],[16.2745,42.388],[16.2756,42.3893]]],[[[16.2595,42.3939],[16.2669,42.3898],[16.258,42.39],[16.2595,42.3939]]],[[[17.9126,42.7215],[17.9159,42.7132],[17.9054,42.7006],[17.8451,42.7321],[17.8508,42.734],[17.8367,42.7531],[17.8482,42.7539],[17.8987,42.7329],[17.9126,42.7215]]],[[[16.5186,42.7735],[16.5342,42.7629],[16.5256,42.757],[16.5104,42.7598],[16.5005,42.756],[16.4942,42.7477],[16.4893,42.7467],[16.4862,42.7517],[16.5069,42.7716],[16.5186,42.7735]]],[[[16.0225,42.9791],[16.0181,42.9573],[16.0095,42.961],[15.9998,42.9529],[15.9929,42.9523],[16.0028,42.9926],[16.0204,42.9859],[16.0225,42.9791]]],[[[15.75,43.0332],[15.7659,43.0314],[15.7639,43.0229],[15.7503,43.0171],[15.7381,43.0146],[15.7214,43.0181],[15.7257,43.0252],[15.75,43.0332]]],[[[6.5016,43.0559],[6.5066,43.0516],[6.5058,43.0462],[6.4902,43.0443],[6.4817,43.0383],[6.4665,43.0194],[6.4483,43.0147],[6.4395,43.0089],[6.433,43.0097],[6.4318,43.0195],[6.4347,43.0272],[6.4553,43.0328],[6.4632,43.0439],[6.4727,43.0507],[6.5016,43.0559]]],[[[16.738,43.0924],[16.7385,43.0868],[16.7197,43.0819],[16.6732,43.0845],[16.66,43.0895],[16.6675,43.0956],[16.6822,43.0996],[16.6949,43.0992],[16.6978,43.0957],[16.7255,43.0965],[16.738,43.0924]]],[[[9.9081,43.4466],[9.9157,43.4429],[9.9154,43.4354],[9.9085,43.4269],[9.8942,43.4325],[9.8976,43.4434],[9.9081,43.4466]]],[[[16.1494,43.459],[16.1654,43.4497],[16.1704,43.4361],[16.1648,43.433],[16.1481,43.4354],[16.1414,43.4294],[16.115,43.4294],[16.1127,43.4335],[16.1214,43.4478],[16.1257,43.4506],[16.1375,43.4497],[16.1343,43.456],[16.1494,43.459]]],[[[7.049,43.5241],[7.0648,43.5191],[7.0731,43.5158],[7.0367,43.5165],[7.0324,43.5225],[7.049,43.5241]]],[[[15.8619,43.6894],[15.8664,43.6809],[15.8684,43.6626],[15.8634,43.6627],[15.8547,43.6722],[15.826,43.6922],[15.8241,43.7],[15.8416,43.7073],[15.8619,43.6894]]],[[[15.7192,43.6774],[15.7198,43.6728],[15.697,43.6814],[15.6947,43.6855],[15.7038,43.6891],[15.6831,43.6997],[15.6785,43.7104],[15.6733,43.7139],[15.6745,43.7171],[15.6892,43.7157],[15.7136,43.692],[15.7263,43.69],[15.7192,43.6774]]],[[[15.6644,43.7711],[15.666,43.7665],[15.6598,43.7639],[15.6311,43.7714],[15.6089,43.7938],[15.5996,43.7941],[15.5809,43.8087],[15.5676,43.8277],[15.5675,43.832],[15.5714,43.8333],[15.5863,43.8229],[15.5901,43.8246],[15.5913,43.8314],[15.5947,43.8314],[15.6048,43.8242],[15.61,43.8091],[15.6279,43.7982],[15.641,43.7978],[15.6501,43.7891],[15.6486,43.7829],[15.6644,43.7711]]],[[[15.1472,44.0256],[15.1594,43.9989],[15.0776,44.0531],[15.0731,44.0612],[15.0707,44.0758],[15.0729,44.0808],[15.1001,44.0685],[15.1075,44.0602],[15.1085,44.054],[15.1472,44.0256]]],[[[15.0763,44.2944],[15.0693,44.2859],[15.0581,44.2856],[15.0435,44.2897],[15.0304,44.2981],[15.0255,44.3151],[15.0309,44.3267],[15.0656,44.3208],[15.0861,44.3088],[15.0973,44.3097],[15.1372,44.2883],[15.1169,44.2817],[15.1106,44.2915],[15.0878,44.2989],[15.0763,44.2944]]],[[[14.7231,44.3517],[14.7137,44.3513],[14.693,44.3598],[14.6895,44.3746],[14.6799,44.3887],[14.6676,44.3922],[14.6615,44.3998],[14.665,44.4075],[14.6723,44.4123],[14.6871,44.4091],[14.7017,44.4016],[14.7044,44.3963],[14.7009,44.3872],[14.7021,44.378],[14.7223,44.3635],[14.7231,44.3517]]],[[[14.9552,44.4134],[14.9626,44.4044],[14.9609,44.4001],[14.9541,44.4078],[14.9334,44.4107],[14.8929,44.4418],[14.8869,44.4514],[14.8884,44.4562],[14.9552,44.4134]]],[[[47.5326,44.4594],[47.5379,44.4354],[47.5339,44.4245],[47.5128,44.4274],[47.4666,44.4507],[47.4623,44.4582],[47.4657,44.4713],[47.4732,44.483],[47.4945,44.4915],[47.5196,44.4862],[47.5326,44.4594]]],[[[14.3079,44.5109],[14.3208,44.5092],[14.3088,44.5051],[14.3044,44.4983],[14.2987,44.4964],[14.2893,44.5058],[14.2824,44.5223],[14.302,44.5182],[14.3079,44.5109]]],[[[50.603,44.8133],[50.6201,44.8118],[50.6208,44.8071],[50.5823,44.7853],[50.5713,44.7685],[50.5655,44.7674],[50.5639,44.8361],[50.5717,44.8441],[50.5859,44.8256],[50.603,44.8133]]],[[[13.7783,44.9108],[13.7777,44.9025],[13.7611,44.9035],[13.7561,44.8899],[13.7473,44.8876],[13.7454,44.9009],[13.7507,44.9077],[13.7501,44.9132],[13.737,44.92],[13.7354,44.9239],[13.7479,44.9251],[13.7739,44.9153],[13.7783,44.9108]]],[[[14.8358,44.8868],[14.7786,44.9085],[14.768,44.9178],[14.7679,44.9285],[14.7733,44.9337],[14.7801,44.9328],[14.8071,44.9205],[14.8288,44.9034],[14.8358,44.8868]]],[[[14.5475,44.9609],[14.543,44.9554],[14.5348,44.9557],[14.4903,44.9777],[14.4858,44.9836],[14.5277,44.986],[14.5458,44.968],[14.5475,44.9609]]],[[[47.999,45.2299],[48.0322,45.2165],[48.0456,45.1916],[48.0221,45.1771],[47.9979,45.1774],[47.9866,45.1879],[47.9828,45.214],[47.985,45.2247],[47.999,45.2299]]],[[[12.4141,45.4731],[12.4184,45.4687],[12.4088,45.4566],[12.3961,45.4494],[12.3853,45.4457],[12.3752,45.4538],[12.3973,45.46],[12.4141,45.4731]]],[[[48.5934,45.7347],[48.598,45.711],[48.5977,45.6903],[48.5893,45.6636],[48.5721,45.6589],[48.561,45.68],[48.5633,45.7169],[48.5594,45.7401],[48.549,45.7635],[48.552,45.7702],[48.5715,45.7638],[48.5934,45.7347]]],[[[53.0208,46.4361],[53.0208,46.4194],[53.0117,46.4052],[52.9959,46.3897],[52.9675,46.3761],[52.9457,46.3778],[52.9541,46.3953],[53.008,46.44],[53.0174,46.4427],[53.0208,46.4361]]],[[[-1.8271,48.8732],[-1.8249,48.8667],[-1.8266,48.8694],[-1.8345,48.8692],[-1.8365,48.8788],[-1.8271,48.8732]]],[[[-2.4478,49.484],[-2.4452,49.4746],[-2.4534,49.4621],[-2.4537,49.4819],[-2.4478,49.484]]],[[[-6.3495,49.8962],[-6.3409,49.8896],[-6.3427,49.8839],[-6.3472,49.8834],[-6.3554,49.8889],[-6.3549,49.894],[-6.3495,49.8962]]],[[[-6.3532,49.9498],[-6.3581,49.9438],[-6.3629,49.9435],[-6.3657,49.9511],[-6.3629,49.9599],[-6.3586,49.9611],[-6.3535,49.9575],[-6.3532,49.9498]]],[[[-6.2864,49.9647],[-6.2718,49.9656],[-6.2682,49.963],[-6.2774,49.9569],[-6.2892,49.9569],[-6.3071,49.9677],[-6.2968,49.9724],[-6.2864,49.9647]]],[[[-9.4767,51.4481],[-9.4764,51.4389],[-9.4854,51.4313],[-9.4978,51.4272],[-9.5089,51.429],[-9.516,51.4215],[-9.522,51.4202],[-9.528,51.4264],[-9.5197,51.4376],[-9.4922,51.4488],[-9.4767,51.4481]]],[[[-4.6776,51.6357],[-4.6815,51.6303],[-4.6908,51.6292],[-4.697,51.6335],[-4.7023,51.6326],[-4.7087,51.639],[-4.707,51.6429],[-4.6899,51.6409],[-4.6776,51.6357]]],[[[-5.2932,51.7432],[-5.2714,51.7353],[-5.3005,51.727],[-5.3005,51.7295],[-5.3103,51.7314],[-5.3149,51.7373],[-5.2932,51.7432]]],[[[-5.3311,51.8758],[-5.3336,51.86],[-5.3376,51.854],[-5.3424,51.8528],[-5.3505,51.8571],[-5.35,51.8651],[-5.3467,51.8684],[-5.3498,51.8741],[-5.3414,51.8785],[-5.3311,51.8758]]],[[[-4.7818,52.7666],[-4.7799,52.7626],[-4.7856,52.7539],[-4.796,52.7519],[-4.8023,52.7454],[-4.7939,52.7683],[-4.7818,52.7666]]],[[[-9.7479,53.2289],[-9.7607,53.2274],[-9.7602,53.2318],[-9.7499,53.2322],[-9.7364,53.2456],[-9.7241,53.2416],[-9.7257,53.2257],[-9.7479,53.2289]]],[[[-9.7122,53.2982],[-9.69,53.3073],[-9.6394,53.2966],[-9.6417,53.2917],[-9.675,53.2852],[-9.7011,53.2856],[-9.7122,53.2982]]],[[[-9.8722,53.3022],[-9.8732,53.3057],[-9.8677,53.3091],[-9.8558,53.3104],[-9.8452,53.297],[-9.8458,53.2873],[-9.8521,53.2889],[-9.854,53.297],[-9.8722,53.3022]]],[[[-6.134,53.3675],[-6.1259,53.3661],[-6.1383,53.3638],[-6.1574,53.3538],[-6.1708,53.3466],[-6.1782,53.3382],[-6.1857,53.3426],[-6.1795,53.3505],[-6.1689,53.3569],[-6.134,53.3675]]],[[[-6.005,53.4947],[-5.9991,53.4887],[-6.0107,53.4772],[-6.0239,53.48],[-6.0337,53.4872],[-6.0277,53.4938],[-6.005,53.4947]]],[[[6.606,53.5478],[6.5857,53.5334],[6.5705,53.5381],[6.5731,53.543],[6.5836,53.5481],[6.606,53.5478]]],[[[6.8952,53.6514],[6.917,53.6461],[6.9218,53.642],[6.8937,53.6232],[6.866,53.6338],[6.8671,53.6476],[6.877,53.6515],[6.8952,53.6514]]],[[[-9.9854,53.8252],[-9.9479,53.8083],[-9.9497,53.8043],[-9.9601,53.7976],[-9.978,53.7923],[-10.0486,53.7905],[-10.0519,53.7934],[-10.0499,53.8035],[-10.0043,53.8143],[-9.9854,53.8252]]],[[[8.6812,54.0706],[8.6929,54.0568],[8.6861,54.0422],[8.6734,54.0447],[8.6629,54.0535],[8.6589,54.0643],[8.6659,54.076],[8.6742,54.0804],[8.682,54.0804],[8.6812,54.0706]]],[[[11.5605,54.9795],[11.5641,54.9733],[11.5629,54.9678],[11.539,54.9476],[11.4979,54.9794],[11.5189,54.985],[11.5485,54.985],[11.5605,54.9795]]],[[[15.1939,55.3197],[15.1932,55.3159],[15.1913,55.3228],[15.1939,55.3197]]],[[[12.787,55.622],[12.7839,55.6171],[12.7667,55.6074],[12.7598,55.6151],[12.7437,55.6241],[12.7345,55.6356],[12.7437,55.6623],[12.7528,55.6691],[12.7621,55.6712],[12.7715,55.6683],[12.7796,55.6609],[12.782,55.6276],[12.787,55.622]]],[[[10.3132,55.7423],[10.2453,55.7487],[10.238,55.7528],[10.2421,55.7579],[10.2948,55.7634],[10.3063,55.7867],[10.3132,55.7884],[10.3216,55.7782],[10.326,55.7624],[10.3202,55.7454],[10.3132,55.7423]]],[[[12.7217,55.9097],[12.7243,55.9018],[12.714,55.8918],[12.7031,55.8893],[12.6716,55.9128],[12.6737,55.9193],[12.6866,55.9211],[12.7035,55.9183],[12.7217,55.9097]]],[[[14.8483,56.0183],[14.8548,56.0133],[14.8474,56.0006],[14.8416,56.0005],[14.8354,56.0063],[14.834,56.0178],[14.8483,56.0183]]],[[[15.8014,56.0342],[15.8098,56.0323],[15.7887,56.0124],[15.773,56.0218],[15.7798,56.0242],[15.7783,56.0312],[15.7837,56.0343],[15.7888,56.0361],[15.7823,56.0273],[15.8014,56.0342]]],[[[14.9798,56.1255],[14.9801,56.1192],[14.9739,56.1108],[14.955,56.1192],[14.9539,56.123],[14.964,56.1214],[14.9798,56.1255]]],[[[15.4848,56.1088],[15.4764,56.1007],[15.4649,56.0958],[15.4446,56.0992],[15.4375,56.1069],[15.4383,56.1122],[15.455,56.1199],[15.4813,56.1258],[15.4867,56.1257],[15.4888,56.1222],[15.4848,56.1088]]],[[[15.5657,56.1185],[15.5565,56.1002],[15.5215,56.1027],[15.5154,56.106],[15.5139,56.1105],[15.5204,56.1245],[15.5274,56.1286],[15.5577,56.1255],[15.5657,56.1185]]],[[[15.6318,56.124],[15.6331,56.1072],[15.6278,56.1035],[15.6086,56.0979],[15.5937,56.1104],[15.6218,56.1336],[15.635,56.1335],[15.6318,56.124]]],[[[15.7772,56.1236],[15.7692,56.1186],[15.7635,56.1089],[15.7563,56.1074],[15.7459,56.1171],[15.7147,56.1326],[15.7188,56.1383],[15.7372,56.1401],[15.7656,56.1311],[15.7734,56.1339],[15.7774,56.1291],[15.7772,56.1236]]],[[[15.3932,56.1625],[15.4067,56.1555],[15.4006,56.1451],[15.3932,56.1488],[15.3932,56.1625]]],[[[9.3279,0.9307],[9.3319,0.9221],[9.3287,0.9112],[9.3425,0.8994],[9.3368,0.8953],[9.3343,0.8856],[9.3222,0.8815],[9.3141,0.8953],[9.3016,0.903],[9.3068,0.9364],[9.3198,0.9364],[9.3279,0.9307]]],[[[9.3841,0.8096],[9.3796,0.807],[9.3768,0.81],[9.3841,0.8096]]],[[[-4.3011,35.1729],[-4.2969,35.1722],[-4.3019,35.1727],[-4.3011,35.1729]]],[[[-3.903,35.2153],[-3.9025,35.2148],[-3.9031,35.215],[-3.903,35.2153]]],[[[-3.9013,35.2176],[-3.8998,35.2173],[-3.9013,35.2173],[-3.9013,35.2176]]],[[[-2.4294,35.186],[-2.4265,35.1821],[-2.4314,35.1788],[-2.4359,35.1812],[-2.4342,35.1852],[-2.4294,35.186]]],[[[-2.4388,35.1791],[-2.4408,35.1761],[-2.4463,35.177],[-2.4409,35.181],[-2.4388,35.1791]]],[[[-2.4219,35.183],[-2.4181,35.1797],[-2.4214,35.176],[-2.425,35.1794],[-2.4219,35.183]]],[[[-5.416,35.9135],[-5.4179,35.9109],[-5.4208,35.9143],[-5.4188,35.9156],[-5.416,35.9135]]],[[[-3.0388,35.9455],[-3.0379,35.9425],[-3.0398,35.9439],[-3.0388,35.9455]]],[[[43.1386,12.7184],[43.1515,12.7205],[43.152,12.7128],[43.1433,12.7118],[43.1386,12.7184]]]]},"properties":{}},{"type":"Feature","geometry":{"type":"Polygon","coordinates":[[[-0.0048,0.0048],[0.0043,0.0048],[0.0043,0.0],[-0.0048,0.0],[-0.0048,0.0048]]]},"properties":{}}]}