{"type":"FeatureCollection","features":[{"type":"Feature","geometry":{"type":"Point","coordinates":[0.789,9.261]},"properties":{"name":"Bassar","rank":10,"capital":1,"pop":61845}},{"type":"Feature","geometry":{"type":"Point","coordinates":[0.985,8.557]},"properties":{"name":"Sotouboua","rank":10,"capital":1,"pop":21054}},{"type":"Feature","geometry":{"type":"Point","coordinates":[10.4167,33.4]},"properties":{"name":"Medenine","rank":10,"capital":1,"pop":61705}},{"type":"Feature","geometry":{"type":"Point","coordinates":[8.971,33.69]},"properties":{"name":"Kebili","rank":10,"capital":1,"pop":19875}},{"type":"Feature","geometry":{"type":"Point","coordinates":[10.4667,33.0]},"properties":{"name":"Tataouine","rank":10,"capital":1,"pop":62577}},{"type":"Feature","geometry":{"type":"Point","coordinates":[10.2,36.8667]},"properties":{"name":"Aryanah","rank":10,"capital":1,"pop":97687}},{"type":"Feature","geometry":{"type":"Point","coordinates":[8.75,36.5]},"properties":{"name":"Jendouba","rank":10,"capital":1,"pop":51408}},{"type":"Feature","geometry":{"type":"Point","coordinates":[8.7167,35.2167]},"properties":{"name":"Kasserine","rank":10,"capital":1,"pop":76243}},{"type":"Feature","geometry":{"type":"Point","coordinates":[9.5,35.0167]},"properties":{"name":"Sidi Bouzid","rank":10,"capital":1,"pop":42098}},{"type":"Feature","geometry":{"type":"Point","coordinates":[9.3833,36.0833]},"properties":{"name":"Siliana","rank":10,"capital":1,"pop":26960}},{"type":"Feature","geometry":{"type":"Point","coordinates":[11.0409,35.4839]},"properties":{"name":"Mahdia","rank":10,"capital":1,"pop":45977}},{"type":"Feature","geometry":{"type":"Point","coordinates":[10.7673,35.7307]},"properties":{"name":"Monastir","rank":10,"capital":1,"pop":71546}},{"type":"Feature","geometry":{"type":"Point","coordinates":[10.147,36.4]},"properties":{"name":"Zaghouan","rank":10,"capital":1,"pop":16911}},{"type":"Feature","geometry":{"type":"Point","coordinates":[27.226,41.743]},"properties":{"name":"Kırklareli","rank":10,"capital":1,"pop":58223}},{"type":"Feature","geometry":{"type":"Point","coordinates":[29.983,40.15]},"properties":{"name":"Bilecik","rank":10,"capital":1,"pop":40285}},{"type":"Feature","geometry":{"type":"Point","coordinates":[30.4,40.7667]},"properties":{"name":"Adapazarı","rank":10,"capital":1,"pop":286787}},{"type":"Feature","geometry":{"type":"Point","coordinates":[33.783,41.389]},"properties":{"name":"Kastamonu","rank":10,"capital":1,"pop":70402}},{"type":"Feature","geometry":{"type":"Point","coordinates":[30.2833,37.7167]},"properties":{"name":"Burdur","rank":10,"capital":1,"pop":66158}},{"type":"Feature","geometry":{"type":"Point","coordinates":[34.171,39.142]},"properties":{"name":"Kırşehir","rank":10,"capital":1,"pop":94336}},{"type":"Feature","geometry":{"type":"Point","coordinates":[34.724,38.624]},"properties":{"name":"Nevşehir","rank":10,"capital":1,"pop":75527}},{"type":"Feature","geometry":{"type":"Point","coordinates":[36.1167,36.2333]},"properties":{"name":"Antakya","rank":10,"capital":1,"pop":154803}},{"type":"Feature","geometry":{"type":"Point","coordinates":[38.39,40.913]},"properties":{"name":"Giresun","rank":10,"capital":1,"pop":98864}},{"type":"Feature","geometry":{"type":"Point","coordinates":[35.153,42.023]},"properties":{"name":"Sinop","rank":10,"capital":1,"pop":34834}},{"type":"Feature","geometry":{"type":"Point","coordinates":[36.563,40.306]},"properties":{"name":"Tokat","rank":10,"capital":1,"pop":129702}},{"type":"Feature","geometry":{"type":"Point","coordinates":[41.818,41.183]},"properties":{"name":"Artvin","rank":10,"capital":1,"pop":32272}},{"type":"Feature","geometry":{"type":"Point","coordinates":[40.498,38.885]},"properties":{"name":"Bingöl","rank":10,"capital":1,"pop":80568}},{"type":"Feature","geometry":{"type":"Point","coordinates":[42.123,38.394]},"properties":{"name":"Bitlis","rank":10,"capital":1,"pop":62811}},{"type":"Feature","geometry":{"type":"Point","coordinates":[33.621,40.607]},"properties":{"name":"Çankırı","rank":10,"capital":1,"pop":71379}},{"type":"Feature","geometry":{"type":"Point","coordinates":[34.694,37.976]},"properties":{"name":"Niğde","rank":10,"capital":1,"pop":91039}},{"type":"Feature","geometry":{"type":"Point","coordinates":[34.815,39.818]},"properties":{"name":"Yozgat","rank":10,"capital":1,"pop":87881}},{"type":"Feature","geometry":{"type":"Point","coordinates":[39.484,40.464]},"properties":{"name":"Gümüşhane","rank":10,"capital":1,"pop":32250}},{"type":"Feature","geometry":{"type":"Point","coordinates":[41.933,37.944]},"properties":{"name":"Siirt","rank":10,"capital":1,"pop":114034}},{"type":"Feature","geometry":{"type":"Point","coordinates":[39.5333,39.1167]},"properties":{"name":"Tunceli","rank":10,"capital":1,"pop":29062}},{"type":"Feature","geometry":{"type":"Point","coordinates":[33.9361,1.4608]},"properties":{"name":"Kumi Town","rank":10,"capital":1,"pop":13000}},{"type":"Feature","geometry":{"type":"Point","coordinates":[33.1594,1.7389]},"properties":{"name":"Kaberamaido","rank":10,"capital":1,"pop":3400}},{"type":"Feature","geometry":{"type":"Point","coordinates":[32.8886,0.7025]},"properties":{"name":"Kayunga","rank":10,"capital":1,"pop":21704}},{"type":"Feature","geometry":{"type":"Point","coordinates":[33.4686,0.6092]},"properties":{"name":"Iganga","rank":10,"capital":1,"pop":45024}},{"type":"Feature","geometry":{"type":"Point","coordinates":[33.1197,0.9472]},"properties":{"name":"Kamuli","rank":10,"capital":1,"pop":12764}},{"type":"Feature","geometry":{"type":"Point","coordinates":[33.7094,1.145]},"properties":{"name":"Pallisa","rank":10,"capital":1,"pop":30745}},{"type":"Feature","geometry":{"type":"Point","coordinates":[32.3136,0.225]},"properties":{"name":"Mpigi","rank":10,"capital":1,"pop":11082}},{"type":"Feature","geometry":{"type":"Point","coordinates":[31.8097,3.3614]},"properties":{"name":"Adjumani","rank":10,"capital":1,"pop":34700}},{"type":"Feature","geometry":{"type":"Point","coordinates":[31.1025,2.4758]},"properties":{"name":"Nebbi","rank":10,"capital":1,"pop":30354}},{"type":"Feature","geometry":{"type":"Point","coordinates":[31.7742,0.9161]},"properties":{"name":"Kiboga","rank":10,"capital":1,"pop":14512}},{"type":"Feature","geometry":{"type":"Point","coordinates":[32.4564,1.3089]},"properties":{"name":"Nakasongola","rank":10,"capital":1,"pop":6921}},{"type":"Feature","geometry":{"type":"Point","coordinates":[32.5333,0.5833]},"properties":{"name":"Bombo","rank":10,"capital":1,"pop":75000}},{"type":"Feature","geometry":{"type":"Point","coordinates":[31.715,1.6744]},"properties":{"name":"Masindi","rank":10,"capital":1,"pop":31486}},{"type":"Feature","geometry":{"type":"Point","coordinates":[30.275,0.671]},"properties":{"name":"Fort Portal","rank":10,"capital":1,"pop":42670}},{"type":"Feature","geometry":{"type":"Point","coordinates":[31.0667,0.8]},"properties":{"name":"Kibaale","rank":10,"capital":1,"pop":5200}},{"type":"Feature","geometry":{"type":"Point","coordinates":[34.3,1.25]},"properties":{"name":"Sironko","rank":10,"capital":1,"pop":14100}},{"type":"Feature","geometry":{"type":"Point","coordinates":[34.0758,0.4544]},"properties":{"name":"Busia","rank":10,"capital":1,"pop":47100}},{"type":"Feature","geometry":{"type":"Point","coordinates":[33.9661,1.8911]},"properties":{"name":"Katakwi","rank":10,"capital":1,"pop":8400}},{"type":"Feature","geometry":{"type":"Point","coordinates":[17.911,47.091]},"properties":{"name":"Veszprém","rank":10,"capital":1,"pop":62023}},{"type":"Feature","geometry":{"type":"Point","coordinates":[16.84,46.844]},"properties":{"name":"Zalaegerszeg","rank":10,"capital":1,"pop":61898}},{"type":"Feature","geometry":{"type":"Point","coordinates":[18.433,47.55]},"properties":{"name":"Tatabánya","rank":10,"capital":1,"pop":70541}},{"type":"Feature","geometry":{"type":"Point","coordinates":[18.713,46.344]},"properties":{"name":"Szekszárd","rank":10,"capital":1,"pop":34174}},{"type":"Feature","geometry":{"type":"Point","coordinates":[19.826,48.105]},"properties":{"name":"Salgótarján","rank":10,"capital":1,"pop":39640}},{"type":"Feature","geometry":{"type":"Point","coordinates":[21.101,46.672]},"properties":{"name":"Békéscsaba","rank":10,"capital":1,"pop":65206}},{"type":"Feature","geometry":{"type":"Point","coordinates":[20.383,47.895]},"properties":{"name":"Eger","rank":10,"capital":1,"pop":56647}},{"type":"Feature","geometry":{"type":"Point","coordinates":[23.274,45.045]},"properties":{"name":"Târgu Jiu","rank":10,"capital":1,"pop":97179}},{"type":"Feature","geometry":{"type":"Point","coordinates":[24.371,44.435]},"properties":{"name":"Slatina","rank":10,"capital":1,"pop":78988}},{"type":"Feature","geometry":{"type":"Point","coordinates":[25.3299,43.9744]},"properties":{"name":"Alexandria","rank":10,"capital":1,"pop":49346}},{"type":"Feature","geometry":{"type":"Point","coordinates":[25.459,44.938]},"properties":{"name":"Târgoviște","rank":10,"capital":1,"pop":88435}},{"type":"Feature","geometry":{"type":"Point","coordinates":[25.9663,43.9018]},"properties":{"name":"Giurgiu","rank":10,"capital":1,"pop":69067}},{"type":"Feature","geometry":{"type":"Point","coordinates":[27.382,44.57]},"properties":{"name":"Slobozia","rank":10,"capital":1,"pop":52693}},{"type":"Feature","geometry":{"type":"Point","coordinates":[36.105,32.625]},"properties":{"name":"Daraa","rank":10,"capital":1,"pop":146481}},{"type":"Feature","geometry":{"type":"Point","coordinates":[7.345,47.37]},"properties":{"name":"Delémont","rank":10,"capital":1,"pop":11315}},{"type":"Feature","geometry":{"type":"Point","coordinates":[6.923,46.999]},"properties":{"name":"Neuchâtel","rank":10,"capital":1,"pop":31270}},{"type":"Feature","geometry":{"type":"Point","coordinates":[8.034,47.39]},"properties":{"name":"Aarau","rank":10,"capital":1,"pop":15501}},{"type":"Feature","geometry":{"type":"Point","coordinates":[8.3833,46.95]},"properties":{"name":"Stans","rank":10,"capital":1,"pop":7475}},{"type":"Feature","geometry":{"type":"Point","coordinates":[7.354,46.239]},"properties":{"name":"Sion","rank":10,"capital":1,"pop":28045}},{"type":"Feature","geometry":{"type":"Point","coordinates":[9.2833,47.3833]},"properties":{"name":"Herisau","rank":10,"capital":1,"pop":15438}},{"type":"Feature","geometry":{"type":"Point","coordinates":[9.362,47.423]},"properties":{"name":"St. Gallen","rank":10,"capital":1,"pop":70572}},{"type":"Feature","geometry":{"type":"Point","coordinates":[9.02,46.197]},"properties":{"name":"Bellinzona","rank":10,"capital":1,"pop":16572}},{"type":"Feature","geometry":{"type":"Point","coordinates":[9.0667,47.05]},"properties":{"name":"Glarus","rank":10,"capital":1,"pop":5681}},{"type":"Feature","geometry":{"type":"Point","coordinates":[8.633,47.706]},"properties":{"name":"Schaffhausen","rank":10,"capital":1,"pop":33863}},{"type":"Feature","geometry":{"type":"Point","coordinates":[8.648,47.02]},"properties":{"name":"Schwyz","rank":10,"capital":1,"pop":14177}},{"type":"Feature","geometry":{"type":"Point","coordinates":[8.9049,47.5526]},"properties":{"name":"Frauenfeld","rank":10,"capital":1,"pop":21979}},{"type":"Feature","geometry":{"type":"Point","coordinates":[8.638,46.879]},"properties":{"name":"Altdorf","rank":10,"capital":1,"pop":8678}},{"type":"Feature","geometry":{"type":"Point","coordinates":[8.487,47.179]},"properties":{"name":"Zug","rank":10,"capital":1,"pop":23435}},{"type":"Feature","geometry":{"type":"Point","coordinates":[15.5908,56.1628]},"properties":{"name":"Karlskrona","rank":10,"capital":1,"pop":35212}},{"type":"Feature","geometry":{"type":"Point","coordinates":[23.58,46.077]},"properties":{"name":"Alba Iulia","rank":10,"capital":1,"pop":66085}},{"type":"Feature","geometry":{"type":"Point","coordinates":[24.513,47.138]},"properties":{"name":"Bistrița","rank":10,"capital":1,"pop":81318}},{"type":"Feature","geometry":{"type":"Point","coordinates":[22.9167,45.8833]},"properties":{"name":"Deva","rank":10,"capital":1,"pop":67802}},{"type":"Feature","geometry":{"type":"Point","coordinates":[23.063,47.175]},"properties":{"name":"Zalău","rank":10,"capital":1,"pop":63232}},{"type":"Feature","geometry":{"type":"Point","coordinates":[22.885,47.792]},"properties":{"name":"Satu Mare","rank":10,"capital":1,"pop":112490}},{"type":"Feature","geometry":{"type":"Point","coordinates":[24.383,45.11]},"properties":{"name":"Râmnicu Vâlcea","rank":10,"capital":1,"pop":107558}},{"type":"Feature","geometry":{"type":"Point","coordinates":[25.793,45.868]},"properties":{"name":"Sfântu Gheorghe","rank":10,"capital":1,"pop":60677}},{"type":"Feature","geometry":{"type":"Point","coordinates":[25.524,46.361]},"properties":{"name":"Miercurea Ciuc","rank":10,"capital":1,"pop":42029}},{"type":"Feature","geometry":{"type":"Point","coordinates":[26.383,46.94]},"properties":{"name":"Piatra Neamț","rank":10,"capital":1,"pop":102688}},{"type":"Feature","geometry":{"type":"Point","coordinates":[27.969,45.292]},"properties":{"name":"Brăila","rank":10,"capital":1,"pop":213569}},{"type":"Feature","geometry":{"type":"Point","coordinates":[27.7333,46.6333]},"properties":{"name":"Vaslui","rank":10,"capital":1,"pop":69225}},{"type":"Feature","geometry":{"type":"Point","coordinates":[-8.651,40.641]},"properties":{"name":"Aveiro","rank":10,"capital":1,"pop":54162}},{"type":"Feature","geometry":{"type":"Point","coordinates":[-8.805,39.739]},"properties":{"name":"Leiria","rank":10,"capital":1,"pop":45112}},{"type":"Feature","geometry":{"type":"Point","coordinates":[-8.8441,41.6962]},"properties":{"name":"Viana do Castelo","rank":10,"capital":1,"pop":15555}},{"type":"Feature","geometry":{"type":"Point","coordinates":[-6.338,38.912]},"properties":{"name":"Mérida","rank":10,"capital":1,"pop":52423}},{"type":"Feature","geometry":{"type":"Point","coordinates":[-7.863,38.014]},"properties":{"name":"Beja","rank":10,"capital":1,"pop":35854}},{"type":"Feature","geometry":{"type":"Point","coordinates":[-7.906,38.56]},"properties":{"name":"Évora","rank":10,"capital":1,"pop":55620}},{"type":"Feature","geometry":{"type":"Point","coordinates":[-7.423,39.29]},"properties":{"name":"Portalegre","rank":10,"capital":1,"pop":15581}},{"type":"Feature","geometry":{"type":"Point","coordinates":[-8.682,39.231]},"properties":{"name":"Santarém","rank":10,"capital":1,"pop":29385}},{"type":"Feature","geometry":{"type":"Point","coordinates":[-6.755,41.808]},"properties":{"name":"Bragança","rank":10,"capital":1,"pop":34375}},{"type":"Feature","geometry":{"type":"Point","coordinates":[-7.488,39.811]},"properties":{"name":"Castelo Branco","rank":10,"capital":1,"pop":33479}},{"type":"Feature","geometry":{"type":"Point","coordinates":[-7.262,40.541]},"properties":{"name":"Guarda","rank":10,"capital":1,"pop":32111}},{"type":"Feature","geometry":{"type":"Point","coordinates":[-7.91,40.657]},"properties":{"name":"Viseu","rank":10,"capital":1,"pop":26364}},{"type":"Feature","geometry":{"type":"Point","coordinates":[-7.737,41.294]},"properties":{"name":"Vila Real","rank":10,"capital":1,"pop":17001}},{"type":"Feature","geometry":{"type":"Point","coordinates":[-16.416,14.344]},"properties":{"name":"Fatick","rank":10,"capital":1,"pop":24243}},{"type":"Feature","geometry":{"type":"Point","coordinates":[37.3333,31.3333]},"properties":{"name":"Nabk","rank":10,"capital":1,"pop":10000}},{"type":"Feature","geometry":{"type":"Point","coordinates":[6.55,53.0]},"properties":{"name":"Assen","rank":10,"capital":1,"pop":62237}},{"type":"Feature","geometry":{"type":"Point","coordinates":[5.923,51.988]},"properties":{"name":"Arnhem","rank":10,"capital":1,"pop":141674}},{"type":"Feature","geometry":{"type":"Point","coordinates":[5.677,50.853]},"properties":{"name":"Maastricht","rank":10,"capital":1,"pop":122378}},{"type":"Feature","geometry":{"type":"Point","coordinates":[6.097,52.524]},"properties":{"name":"Zwolle","rank":10,"capital":1,"pop":111805}},{"type":"Feature","geometry":{"type":"Point","coordinates":[3.61,51.502]},"properties":{"name":"Middelburg","rank":10,"capital":1,"pop":46485}},{"type":"Feature","geometry":{"type":"Point","coordinates":[5.3167,51.6833]},"properties":{"name":"'s-Hertogenbosch","rank":10,"capital":1,"pop":134520}},{"type":"Feature","geometry":{"type":"Point","coordinates":[29.1608,47.2631]},"properties":{"name":"Dubăsari","rank":10,"capital":1,"pop":23254}},{"type":"Feature","geometry":{"type":"Point","coordinates":[43.8667,4.1833]},"properties":{"name":"Hudur","rank":10,"capital":1,"pop":1639}},{"type":"Feature","geometry":{"type":"Point","coordinates":[42.227,3.327]},"properties":{"name":"Garbahaareey","rank":10,"capital":1,"pop":12652}},{"type":"Feature","geometry":{"type":"Point","coordinates":[42.5833,1.0833]},"properties":{"name":"Bu'ale","rank":10,"capital":1,"pop":1490}},{"type":"Feature","geometry":{"type":"Point","coordinates":[46.3822,5.532]},"properties":{"name":"Dusmareb","rank":10,"capital":1,"pop":447}},{"type":"Feature","geometry":{"type":"Point","coordinates":[79.826,8.033]},"properties":{"name":"Puttalam","rank":10,"capital":1,"pop":45661}},{"type":"Feature","geometry":{"type":"Point","coordinates":[7.486,5.532]},"properties":{"name":"Umuahia","rank":10,"capital":1,"pop":264662}},{"type":"Feature","geometry":{"type":"Point","coordinates":[7.9162,5.036]},"properties":{"name":"Uyo","rank":10,"capital":1,"pop":554906}},{"type":"Feature","geometry":{"type":"Point","coordinates":[7.026,5.493]},"properties":{"name":"Owerri","rank":10,"capital":1,"pop":215038}},{"type":"Feature","geometry":{"type":"Point","coordinates":[7.15,46.8]},"properties":{"name":"Fribourg","rank":10,"capital":1,"pop":32827}},{"type":"Feature","geometry":{"type":"Point","coordinates":[7.737,47.483]},"properties":{"name":"Liestal","rank":10,"capital":1,"pop":12832}},{"type":"Feature","geometry":{"type":"Point","coordinates":[7.537,47.212]},"properties":{"name":"Solothurn","rank":10,"capital":1,"pop":14853}},{"type":"Feature","geometry":{"type":"Point","coordinates":[8.243,46.899]},"properties":{"name":"Sarnen","rank":10,"capital":1,"pop":9410}},{"type":"Feature","geometry":{"type":"Point","coordinates":[9.4167,47.3333]},"properties":{"name":"Appenzell","rank":10,"capital":1,"pop":5649}},{"type":"Feature","geometry":{"type":"Point","coordinates":[-8.1833,53.6333]},"properties":{"name":"Roscommon","rank":10,"capital":1,"pop":4860}},{"type":"Feature","geometry":{"type":"Point","coordinates":[-16.165,12.269]},"properties":{"name":"Cacheu","rank":10,"capital":1,"pop":10490}},{"type":"Feature","geometry":{"type":"Point","coordinates":[-15.227,12.493]},"properties":{"name":"Farim","rank":10,"capital":1,"pop":6792}},{"type":"Feature","geometry":{"type":"Point","coordinates":[-15.195,11.773]},"properties":{"name":"Fulacunda","rank":10,"capital":1,"pop":1311}},{"type":"Feature","geometry":{"type":"Point","coordinates":[-14.234,12.28]},"properties":{"name":"Gabú","rank":10,"capital":1,"pop":14430}},{"type":"Feature","geometry":{"type":"Point","coordinates":[-15.2542,11.273]},"properties":{"name":"Catió","rank":10,"capital":1,"pop":9898}},{"type":"Feature","geometry":{"type":"Point","coordinates":[-8.2316,4.6741]},"properties":{"name":"Barclayville","rank":10,"capital":1,"pop":2733}},{"type":"Feature","geometry":{"type":"Point","coordinates":[-9.75,8.4167]},"properties":{"name":"Voinjama","rank":10,"capital":1,"pop":26594}},{"type":"Feature","geometry":{"type":"Point","coordinates":[-10.6,6.4333]},"properties":{"name":"Bensonville","rank":10,"capital":1,"pop":4089}},{"type":"Feature","geometry":{"type":"Point","coordinates":[-10.349,6.526]},"properties":{"name":"Kakata","rank":10,"capital":1,"pop":33945}},{"type":"Feature","geometry":{"type":"Point","coordinates":[-8.685,7.371]},"properties":{"name":"Sanniquellie","rank":10,"capital":1,"pop":11415}},{"type":"Feature","geometry":{"type":"Point","coordinates":[-9.578,5.465]},"properties":{"name":"River Cess","rank":10,"capital":1,"pop":2578}},{"type":"Feature","geometry":{"type":"Point","coordinates":[15.799,40.642]},"properties":{"name":"Potenza","rank":10,"capital":1,"pop":69060}},{"type":"Feature","geometry":{"type":"Point","coordinates":[14.656,41.563]},"properties":{"name":"Campobasso","rank":10,"capital":1,"pop":50762}},{"type":"Feature","geometry":{"type":"Point","coordinates":[36.2333,32.2833]},"properties":{"name":"Mafraq","rank":10,"capital":1,"pop":57118}},{"type":"Feature","geometry":{"type":"Point","coordinates":[35.6,30.8333]},"properties":{"name":"Tafilah","rank":10,"capital":1,"pop":25429}},{"type":"Feature","geometry":{"type":"Point","coordinates":[35.736,30.192]},"properties":{"name":"Ma'an","rank":10,"capital":1,"pop":50350}},{"type":"Feature","geometry":{"type":"Point","coordinates":[7.315,45.737]},"properties":{"name":"Aosta","rank":10,"capital":1,"pop":34062}},{"type":"Feature","geometry":{"type":"Point","coordinates":[6.1667,49.8833]},"properties":{"name":"Diekirch","rank":10,"capital":1,"pop":6242}},{"type":"Feature","geometry":{"type":"Point","coordinates":[6.4256,49.6798]},"properties":{"name":"Grevenmacher","rank":10,"capital":1,"pop":3958}},{"type":"Feature","geometry":{"type":"Point","coordinates":[10.5667,1.45]},"properties":{"name":"Evinayong","rank":10,"capital":1,"pop":8462}},{"type":"Feature","geometry":{"type":"Point","coordinates":[8.55,3.45]},"properties":{"name":"Luba","rank":10,"capital":1,"pop":8655}},{"type":"Feature","geometry":{"type":"Point","coordinates":[15.9058,43.7272]},"properties":{"name":"Šibenik","rank":10,"capital":1,"pop":37112}},{"type":"Feature","geometry":{"type":"Point","coordinates":[31.007,30.5545]},"properties":{"name":"Shibin Al Kawm","rank":10,"capital":1,"pop":182900}},{"type":"Feature","geometry":{"type":"Point","coordinates":[31.1833,30.4667]},"properties":{"name":"Banha","rank":10,"capital":1,"pop":167029}},{"type":"Feature","geometry":{"type":"Point","coordinates":[31.5167,30.5833]},"properties":{"name":"Zagazig","rank":10,"capital":1,"pop":285097}},{"type":"Feature","geometry":{"type":"Point","coordinates":[30.936,31.109]},"properties":{"name":"Kafr el-Sheikh","rank":10,"capital":1,"pop":143970}},{"type":"Feature","geometry":{"type":"Point","coordinates":[42.372,11.104]},"properties":{"name":"Dikhil","rank":10,"capital":1,"pop":12043}},{"type":"Feature","geometry":{"type":"Point","coordinates":[42.9,11.7833]},"properties":{"name":"Tadjoura","rank":10,"capital":1,"pop":22193}},{"type":"Feature","geometry":{"type":"Point","coordinates":[48.0,29.3333]},"properties":{"name":"Hawalli","rank":10,"capital":1,"pop":164212}},{"type":"Feature","geometry":{"type":"Point","coordinates":[-14.767,13.551]},"properties":{"name":"Janjanbureh","rank":10,"capital":1,"pop":3584}},{"type":"Feature","geometry":{"type":"Point","coordinates":[-14.223,13.31]},"properties":{"name":"Basse Santa Su","rank":10,"capital":1,"pop":14380}},{"type":"Feature","geometry":{"type":"Point","coordinates":[-16.095,13.494]},"properties":{"name":"Kerewan","rank":10,"capital":1,"pop":2751}},{"type":"Feature","geometry":{"type":"Point","coordinates":[-15.5433,13.4549]},"properties":{"name":"Mansa Konko","rank":10,"capital":1,"pop":18672}},{"type":"Feature","geometry":{"type":"Point","coordinates":[-2.336,7.336]},"properties":{"name":"Sunyani","rank":10,"capital":1,"pop":70299}},{"type":"Feature","geometry":{"type":"Point","coordinates":[11.33,2.153]},"properties":{"name":"Ebebiyín","rank":10,"capital":1,"pop":24831}},{"type":"Feature","geometry":{"type":"Point","coordinates":[22.434,38.899]},"properties":{"name":"Lamia","rank":10,"capital":1,"pop":47246}},{"type":"Feature","geometry":{"type":"Point","coordinates":[23.453,40.381]},"properties":{"name":"Polygyros","rank":10,"capital":1,"pop":5258}},{"type":"Feature","geometry":{"type":"Point","coordinates":[25.4167,41.1333]},"properties":{"name":"Komotini","rank":10,"capital":1,"pop":45631}},{"type":"Feature","geometry":{"type":"Point","coordinates":[35.5333,33.8333]},"properties":{"name":"Baabda","rank":10,"capital":1,"pop":9000}},{"type":"Feature","geometry":{"type":"Point","coordinates":[34.8667,31.9167]},"properties":{"name":"Ramla","rank":10,"capital":1,"pop":63860}},{"type":"Feature","geometry":{"type":"Point","coordinates":[35.45,33.3833]},"properties":{"name":"Nabatieh","rank":10,"capital":1,"pop":80000}},{"type":"Feature","geometry":{"type":"Point","coordinates":[-6.9667,54.25]},"properties":{"name":"Monaghan","rank":10,"capital":1,"pop":5937}},{"type":"Feature","geometry":{"type":"Point","coordinates":[9.535,55.709]},"properties":{"name":"Vejle","rank":10,"capital":1,"pop":51177}},{"type":"Feature","geometry":{"type":"Point","coordinates":[12.3167,55.9333]},"properties":{"name":"Hillerød","rank":10,"capital":1,"pop":28313}},{"type":"Feature","geometry":{"type":"Point","coordinates":[11.5667,55.433]},"properties":{"name":"Sorø","rank":10,"capital":1,"pop":7167}},{"type":"Feature","geometry":{"type":"Point","coordinates":[-12.301,12.084]},"properties":{"name":"Mali","rank":10,"capital":1,"pop":5479}},{"type":"Feature","geometry":{"type":"Point","coordinates":[-11.67,11.44]},"properties":{"name":"Tougué","rank":10,"capital":1,"pop":25531}},{"type":"Feature","geometry":{"type":"Point","coordinates":[-9.892,10.653]},"properties":{"name":"Kouroussa","rank":10,"capital":1,"pop":14223}},{"type":"Feature","geometry":{"type":"Point","coordinates":[-12.401,11.08]},"properties":{"name":"Pita","rank":10,"capital":1,"pop":20052}},{"type":"Feature","geometry":{"type":"Point","coordinates":[-12.272,10.656]},"properties":{"name":"Dalaba","rank":10,"capital":1,"pop":6349}},{"type":"Feature","geometry":{"type":"Point","coordinates":[-14.043,10.185]},"properties":{"name":"Boffa","rank":10,"capital":1,"pop":2332}},{"type":"Feature","geometry":{"type":"Point","coordinates":[-13.296,12.48]},"properties":{"name":"Koundara","rank":10,"capital":1,"pop":13990}},{"type":"Feature","geometry":{"type":"Point","coordinates":[-13.213,11.754]},"properties":{"name":"Gaoual","rank":10,"capital":1,"pop":7461}},{"type":"Feature","geometry":{"type":"Point","coordinates":[-13.043,10.905]},"properties":{"name":"Télimélé","rank":10,"capital":1,"pop":30311}},{"type":"Feature","geometry":{"type":"Point","coordinates":[-13.098,9.43]},"properties":{"name":"Forécariah","rank":10,"capital":1,"pop":12358}},{"type":"Feature","geometry":{"type":"Point","coordinates":[-8.657,8.687]},"properties":{"name":"Beyla","rank":10,"capital":1,"pop":13204}},{"type":"Feature","geometry":{"type":"Point","coordinates":[-10.151,8.554]},"properties":{"name":"Guéckédougou","rank":10,"capital":1,"pop":221715}},{"type":"Feature","geometry":{"type":"Point","coordinates":[-10.726,11.299]},"properties":{"name":"Dinguiraye","rank":10,"capital":1,"pop":6062}},{"type":"Feature","geometry":{"type":"Point","coordinates":[-11.109,10.748]},"properties":{"name":"Dabola","rank":10,"capital":1,"pop":13057}},{"type":"Feature","geometry":{"type":"Point","coordinates":[-7.684,8.28]},"properties":{"name":"Touba","rank":10,"capital":1,"pop":27504}},{"type":"Feature","geometry":{"type":"Point","coordinates":[-5.748,6.978]},"properties":{"name":"Bouaflé","rank":10,"capital":1,"pop":60962}},{"type":"Feature","geometry":{"type":"Point","coordinates":[-5.36,5.839]},"properties":{"name":"Divo","rank":10,"capital":1,"pop":127867}},{"type":"Feature","geometry":{"type":"Point","coordinates":[-5.019,6.552]},"properties":{"name":"Toumodi-Sakassou","rank":10,"capital":1,"pop":39005}},{"type":"Feature","geometry":{"type":"Point","coordinates":[-3.2,5.4667]},"properties":{"name":"Aboisso","rank":10,"capital":1,"pop":37654}},{"type":"Feature","geometry":{"type":"Point","coordinates":[9.231,4.155]},"properties":{"name":"Buea","rank":10,"capital":1,"pop":90088}},{"type":"Feature","geometry":{"type":"Point","coordinates":[19.797,41.519]},"properties":{"name":"Krujë","rank":10,"capital":1,"pop":21286}},{"type":"Feature","geometry":{"type":"Point","coordinates":[19.573,40.73]},"properties":{"name":"Fier","rank":10,"capital":1,"pop":82297}},{"type":"Feature","geometry":{"type":"Point","coordinates":[19.716,40.94]},"properties":{"name":"Lushnjë","rank":10,"capital":1,"pop":41469}},{"type":"Feature","geometry":{"type":"Point","coordinates":[19.8833,42.0333]},"properties":{"name":"Pukë","rank":10,"capital":1,"pop":6495}},{"type":"Feature","geometry":{"type":"Point","coordinates":[20.0833,42.3333]},"properties":{"name":"Bajram Curri","rank":10,"capital":1,"pop":7967}},{"type":"Feature","geometry":{"type":"Point","coordinates":[20.434,42.083]},"properties":{"name":"Kukës","rank":10,"capital":1,"pop":17832}},{"type":"Feature","geometry":{"type":"Point","coordinates":[20.0,39.877]},"properties":{"name":"Saranda","rank":10,"capital":1,"pop":15147}},{"type":"Feature","geometry":{"type":"Point","coordinates":[20.6833,40.3333]},"properties":{"name":"Ersekë","rank":10,"capital":1,"pop":7890}},{"type":"Feature","geometry":{"type":"Point","coordinates":[20.664,40.9]},"properties":{"name":"Pogradec","rank":10,"capital":1,"pop":40000}},{"type":"Feature","geometry":{"type":"Point","coordinates":[20.7667,40.6167]},"properties":{"name":"Korçë","rank":10,"capital":1,"pop":58259}},{"type":"Feature","geometry":{"type":"Point","coordinates":[19.972,40.71]},"properties":{"name":"Berat","rank":10,"capital":1,"pop":46866}},{"type":"Feature","geometry":{"type":"Point","coordinates":[20.2333,40.5167]},"properties":{"name":"Çorovodë","rank":10,"capital":1,"pop":14046}},{"type":"Feature","geometry":{"type":"Point","coordinates":[20.2,40.8667]},"properties":{"name":"Gramsh","rank":10,"capital":1,"pop":11556}},{"type":"Feature","geometry":{"type":"Point","coordinates":[20.3667,41.2]},"properties":{"name":"Librazhd","rank":10,"capital":1,"pop":12691}},{"type":"Feature","geometry":{"type":"Point","coordinates":[20.0333,40.2833]},"properties":{"name":"Tepelenë","rank":10,"capital":1,"pop":11955}},{"type":"Feature","geometry":{"type":"Point","coordinates":[20.352,40.234]},"properties":{"name":"Përmet","rank":10,"capital":1,"pop":10686}},{"type":"Feature","geometry":{"type":"Point","coordinates":[20.149,40.079]},"properties":{"name":"Gjirokastër","rank":10,"capital":1,"pop":23437}},{"type":"Feature","geometry":{"type":"Point","coordinates":[20.4333,41.6833]},"properties":{"name":"Peshkopi","rank":10,"capital":1,"pop":14848}},{"type":"Feature","geometry":{"type":"Point","coordinates":[20.016,41.626]},"properties":{"name":"Burrel","rank":10,"capital":1,"pop":15405}},{"type":"Feature","geometry":{"type":"Point","coordinates":[19.654,41.788]},"properties":{"name":"Lezhë","rank":10,"capital":1,"pop":18695}},{"type":"Feature","geometry":{"type":"Point","coordinates":[19.8167,41.7833]},"properties":{"name":"Rrëshen","rank":10,"capital":1,"pop":10064}},{"type":"Feature","geometry":{"type":"Point","coordinates":[44.3592,40.3017]},"properties":{"name":"Ashtarak","rank":10,"capital":1,"pop":18779}},{"type":"Feature","geometry":{"type":"Point","coordinates":[3.939,50.446]},"properties":{"name":"Mons","rank":10,"capital":1,"pop":91277}},{"type":"Feature","geometry":{"type":"Point","coordinates":[5.3385,50.9288]},"properties":{"name":"Hasselt","rank":10,"capital":1,"pop":69222}},{"type":"Feature","geometry":{"type":"Point","coordinates":[45.1492,40.8756]},"properties":{"name":"Ijevan","rank":10,"capital":1,"pop":14737}},{"type":"Feature","geometry":{"type":"Point","coordinates":[44.5506,39.9539]},"properties":{"name":"Artashat","rank":10,"capital":1,"pop":20562}},{"type":"Feature","geometry":{"type":"Point","coordinates":[45.1267,40.3589]},"properties":{"name":"Gavar","rank":10,"capital":1,"pop":21680}},{"type":"Feature","geometry":{"type":"Point","coordinates":[45.8161,40.5656]},"properties":{"name":"Gədəbəy","rank":10,"capital":1,"pop":8657}},{"type":"Feature","geometry":{"type":"Point","coordinates":[46.7897,40.6103]},"properties":{"name":"Goranboy","rank":10,"capital":1,"pop":7333}},{"type":"Feature","geometry":{"type":"Point","coordinates":[45.6289,40.9922]},"properties":{"name":"Tovuz","rank":10,"capital":1,"pop":12626}},{"type":"Feature","geometry":{"type":"Point","coordinates":[45.5564,40.9053]},"properties":{"name":"Ağdam","rank":10,"capital":0,"pop":0}},{"type":"Feature","geometry":{"type":"Point","coordinates":[47.8458,40.9814]},"properties":{"name":"Qabala","rank":10,"capital":1,"pop":11867}},{"type":"Feature","geometry":{"type":"Point","coordinates":[47.4583,41.0708]},"properties":{"name":"Oğuz","rank":10,"capital":1,"pop":6876}},{"type":"Feature","geometry":{"type":"Point","coordinates":[45.3333,39.7611]},"properties":{"name":"Yeghegnadzor","rank":10,"capital":1,"pop":8200}},{"type":"Feature","geometry":{"type":"Point","coordinates":[63.1333,34.983]},"properties":{"name":"Qala i Naw","rank":10,"capital":1,"pop":2997}},{"type":"Feature","geometry":{"type":"Point","coordinates":[65.25,34.5167]},"properties":{"name":"Chaghcharan","rank":10,"capital":1,"pop":15000}},{"type":"Feature","geometry":{"type":"Point","coordinates":[64.36,31.583]},"properties":{"name":"Lashkar Gah","rank":10,"capital":1,"pop":201546}},{"type":"Feature","geometry":{"type":"Point","coordinates":[61.887,31.112]},"properties":{"name":"Zaranj","rank":10,"capital":1,"pop":49851}},{"type":"Feature","geometry":{"type":"Point","coordinates":[65.8667,32.6333]},"properties":{"name":"Tarinkot","rank":10,"capital":1,"pop":10000}},{"type":"Feature","geometry":{"type":"Point","coordinates":[68.4167,32.85]},"properties":{"name":"Zarghun Shar","rank":10,"capital":1,"pop":13737}},{"type":"Feature","geometry":{"type":"Point","coordinates":[71.15,34.866]},"properties":{"name":"Asadabad","rank":10,"capital":1,"pop":48400}},{"type":"Feature","geometry":{"type":"Point","coordinates":[69.54,36.73]},"properties":{"name":"Taloqan","rank":10,"capital":1,"pop":64256}},{"type":"Feature","geometry":{"type":"Point","coordinates":[69.3333,35.0167]},"properties":{"name":"Mahmud-i-Raqi","rank":10,"capital":1,"pop":7407}},{"type":"Feature","geometry":{"type":"Point","coordinates":[70.1667,34.65]},"properties":{"name":"Mihtarlam","rank":10,"capital":1,"pop":17345}},{"type":"Feature","geometry":{"type":"Point","coordinates":[68.9667,33.9667]},"properties":{"name":"Baraki Barak","rank":10,"capital":1,"pop":22305}},{"type":"Feature","geometry":{"type":"Point","coordinates":[68.04,36.261]},"properties":{"name":"Samangan","rank":10,"capital":1,"pop":24000}},{"type":"Feature","geometry":{"type":"Point","coordinates":[68.8,34.45]},"properties":{"name":"Maidan Shar","rank":10,"capital":1,"pop":35008}},{"type":"Feature","geometry":{"type":"Point","coordinates":[5.766,36.822]},"properties":{"name":"Jijel","rank":10,"capital":1,"pop":148000}},{"type":"Feature","geometry":{"type":"Point","coordinates":[1.715,6.615]},"properties":{"name":"Lokossa","rank":10,"capital":1,"pop":86971}},{"type":"Feature","geometry":{"type":"Point","coordinates":[0.361,12.055]},"properties":{"name":"Fada N'gourma","rank":10,"capital":1,"pop":33910}},{"type":"Feature","geometry":{"type":"Point","coordinates":[4.0461,36.7117]},"properties":{"name":"Tizi Ouzou","rank":10,"capital":1,"pop":144000}},{"type":"Feature","geometry":{"type":"Point","coordinates":[4.7647,36.0777]},"properties":{"name":"Bordj Bou Arréridj","rank":10,"capital":1,"pop":140000}},{"type":"Feature","geometry":{"type":"Point","coordinates":[4.545,35.7]},"properties":{"name":"M'Sila","rank":10,"capital":1,"pop":150000}},{"type":"Feature","geometry":{"type":"Point","coordinates":[7.428,36.466]},"properties":{"name":"Guelma","rank":10,"capital":1,"pop":123590}},{"type":"Feature","geometry":{"type":"Point","coordinates":[7.15,35.85]},"properties":{"name":"Oum El Bouaghi","rank":10,"capital":1,"pop":100821}},{"type":"Feature","geometry":{"type":"Point","coordinates":[24.719,43.138]},"properties":{"name":"Lovech","rank":10,"capital":1,"pop":42211}},{"type":"Feature","geometry":{"type":"Point","coordinates":[23.237,43.414]},"properties":{"name":"Montana","rank":10,"capital":1,"pop":47445}},{"type":"Feature","geometry":{"type":"Point","coordinates":[26.536,43.534]},"properties":{"name":"Razgrad","rank":10,"capital":1,"pop":38285}},{"type":"Feature","geometry":{"type":"Point","coordinates":[5.8167,49.6833]},"properties":{"name":"Arlon","rank":10,"capital":1,"pop":26179}},{"type":"Feature","geometry":{"type":"Point","coordinates":[9.7667,47.5167]},"properties":{"name":"Bregenz","rank":10,"capital":1,"pop":26928}},{"type":"Feature","geometry":{"type":"Point","coordinates":[16.5333,47.8333]},"properties":{"name":"Eisenstadt","rank":10,"capital":1,"pop":13165}},{"type":"Feature","geometry":{"type":"Point","coordinates":[-4.908,10.974]},"properties":{"name":"Orodara","rank":10,"capital":1,"pop":18632}},{"type":"Feature","geometry":{"type":"Point","coordinates":[-4.0833,12.1833]},"properties":{"name":"Solenzo","rank":10,"capital":1,"pop":10385}},{"type":"Feature","geometry":{"type":"Point","coordinates":[-3.86,12.729]},"properties":{"name":"Nouna","rank":10,"capital":1,"pop":29048}},{"type":"Feature","geometry":{"type":"Point","coordinates":[-3.464,12.455]},"properties":{"name":"Dédougou","rank":10,"capital":1,"pop":45341}},{"type":"Feature","geometry":{"type":"Point","coordinates":[-0.2333,14.45]},"properties":{"name":"Gorom-Gorom","rank":10,"capital":1,"pop":6691}},{"type":"Feature","geometry":{"type":"Point","coordinates":[-1.627,14.099]},"properties":{"name":"Djibo","rank":10,"capital":1,"pop":22223}},{"type":"Feature","geometry":{"type":"Point","coordinates":[-3.07,13.069]},"properties":{"name":"Tougan","rank":10,"capital":1,"pop":17590}},{"type":"Feature","geometry":{"type":"Point","coordinates":[-1.334,12.064]},"properties":{"name":"Kombissiri","rank":10,"capital":1,"pop":30137}},{"type":"Feature","geometry":{"type":"Point","coordinates":[-1.293,12.577]},"properties":{"name":"Ziniaré","rank":10,"capital":1,"pop":12703}},{"type":"Feature","geometry":{"type":"Point","coordinates":[-2.263,12.954]},"properties":{"name":"Yako","rank":10,"capital":1,"pop":22904}},{"type":"Feature","geometry":{"type":"Point","coordinates":[-2.4669,12.3335]},"properties":{"name":"Réo","rank":10,"capital":1,"pop":37535}},{"type":"Feature","geometry":{"type":"Point","coordinates":[-2.098,11.094]},"properties":{"name":"Léo","rank":10,"capital":1,"pop":26884}},{"type":"Feature","geometry":{"type":"Point","coordinates":[-1.7736,11.5544]},"properties":{"name":"Sapouy","rank":10,"capital":1,"pop":3837}},{"type":"Feature","geometry":{"type":"Point","coordinates":[-0.569,12.657]},"properties":{"name":"Boulsa","rank":10,"capital":1,"pop":17489}},{"type":"Feature","geometry":{"type":"Point","coordinates":[-0.611,12.243]},"properties":{"name":"Zorgho","rank":10,"capital":1,"pop":23892}},{"type":"Feature","geometry":{"type":"Point","coordinates":[-0.356,12.177]},"properties":{"name":"Koupéla","rank":10,"capital":1,"pop":32052}},{"type":"Feature","geometry":{"type":"Point","coordinates":[-1.135,11.169]},"properties":{"name":"Pô","rank":10,"capital":1,"pop":17924}},{"type":"Feature","geometry":{"type":"Point","coordinates":[-1.065,11.662]},"properties":{"name":"Manga","rank":10,"capital":1,"pop":15173}},{"type":"Feature","geometry":{"type":"Point","coordinates":[-3.248,10.952]},"properties":{"name":"Diébougou","rank":10,"capital":1,"pop":12732}},{"type":"Feature","geometry":{"type":"Point","coordinates":[-3.174,10.325]},"properties":{"name":"Gaoua","rank":10,"capital":1,"pop":28023}},{"type":"Feature","geometry":{"type":"Point","coordinates":[-0.138,12.969]},"properties":{"name":"Bogandé","rank":10,"capital":1,"pop":9854}},{"type":"Feature","geometry":{"type":"Point","coordinates":[-0.028,14.034]},"properties":{"name":"Dori","rank":10,"capital":1,"pop":37806}},{"type":"Feature","geometry":{"type":"Point","coordinates":[0.5304,13.4364]},"properties":{"name":"Sebba","rank":10,"capital":1,"pop":3273}},{"type":"Feature","geometry":{"type":"Point","coordinates":[1.796,12.077]},"properties":{"name":"Diapaga","rank":10,"capital":1,"pop":26013}},{"type":"Feature","geometry":{"type":"Point","coordinates":[33.636,34.917]},"properties":{"name":"Larnaca","rank":10,"capital":1,"pop":48947}},{"type":"Feature","geometry":{"type":"Point","coordinates":[32.4225,34.7559]},"properties":{"name":"Paphos","rank":10,"capital":1,"pop":35961}},{"type":"Feature","geometry":{"type":"Point","coordinates":[47.3167,8.4333]},"properties":{"name":"Las Anod","rank":10,"capital":1,"pop":60100}},{"type":"Feature","geometry":{"type":"Point","coordinates":[47.3333,10.5833]},"properties":{"name":"Erigavo","rank":10,"capital":1,"pop":180000}},{"type":"Feature","geometry":{"type":"Point","coordinates":[7.412,1.645]},"properties":{"name":"Santo António","rank":10,"capital":1,"pop":1156}},{"type":"Feature","geometry":{"type":"Point","coordinates":[35.2062,31.9029]},"properties":{"name":"Ramallah","rank":10,"capital":1,"pop":24599}},{"type":"Feature","geometry":{"type":"Point","coordinates":[33.333,35.326]},"properties":{"name":"Kyrenia","rank":10,"capital":1,"pop":26701}},{"type":"Feature","geometry":{"type":"Point","coordinates":[45.574,13.979]},"properties":{"name":"Al Bayda'","rank":9,"capital":1,"pop":37821}},{"type":"Feature","geometry":{"type":"Point","coordinates":[46.8,14.55]},"properties":{"name":"Ataq","rank":9,"capital":1,"pop":37315}},{"type":"Feature","geometry":{"type":"Point","coordinates":[45.334,15.421]},"properties":{"name":"Ma'rib","rank":9,"capital":1,"pop":16794}},{"type":"Feature","geometry":{"type":"Point","coordinates":[69.0,39.75]},"properties":{"name":"Leninobod","rank":9,"capital":1,"pop":11468}},{"type":"Feature","geometry":{"type":"Point","coordinates":[40.1333,30.0]},"properties":{"name":"Sakakah governorate","rank":9,"capital":1,"pop":128332}},{"type":"Feature","geometry":{"type":"Point","coordinates":[29.8333,9.2333]},"properties":{"name":"Bentiu","rank":9,"capital":1,"pop":7653}},{"type":"Feature","geometry":{"type":"Point","coordinates":[44.783,43.233]},"properties":{"name":"Nazran","rank":9,"capital":1,"pop":93357}},{"type":"Feature","geometry":{"type":"Point","coordinates":[9.3503,11.7992]},"properties":{"name":"Dutse","rank":9,"capital":1,"pop":17129}},{"type":"Feature","geometry":{"type":"Point","coordinates":[11.966,11.749]},"properties":{"name":"Damaturu","rank":9,"capital":1,"pop":255895}},{"type":"Feature","geometry":{"type":"Point","coordinates":[16.305,9.395]},"properties":{"name":"Laï","rank":9,"capital":1,"pop":19382}},{"type":"Feature","geometry":{"type":"Point","coordinates":[8.2732,49.9825]},"properties":{"name":"Mainz","rank":9,"capital":1,"pop":184997}},{"type":"Feature","geometry":{"type":"Point","coordinates":[14.081,50.663]},"properties":{"name":"Ústí nad Labem","rank":9,"capital":1,"pop":94105}},{"type":"Feature","geometry":{"type":"Point","coordinates":[15.812,50.206]},"properties":{"name":"Hradec Králové","rank":9,"capital":1,"pop":95195}},{"type":"Feature","geometry":{"type":"Point","coordinates":[-12.707,22.679]},"properties":{"name":"Fderîck","rank":9,"capital":1,"pop":5760}},{"type":"Feature","geometry":{"type":"Point","coordinates":[-13.909,17.058]},"properties":{"name":"Aleg","rank":9,"capital":1,"pop":8388}},{"type":"Feature","geometry":{"type":"Point","coordinates":[-14.391,19.747]},"properties":{"name":"Akjoujt","rank":9,"capital":1,"pop":370}},{"type":"Feature","geometry":{"type":"Point","coordinates":[43.0,36.8667]},"properties":{"name":"Duhok","rank":9,"capital":1,"pop":986000}},{"type":"Feature","geometry":{"type":"Point","coordinates":[43.875,34.194]},"properties":{"name":"Samarra","rank":9,"capital":1,"pop":158508}},{"type":"Feature","geometry":{"type":"Point","coordinates":[38.477,7.06]},"properties":{"name":"Awasa","rank":9,"capital":1,"pop":133097}},{"type":"Feature","geometry":{"type":"Point","coordinates":[35.537,8.149]},"properties":{"name":"Gore","rank":9,"capital":1,"pop":9352}},{"type":"Feature","geometry":{"type":"Point","coordinates":[11.4167,53.6333]},"properties":{"name":"Schwerin","rank":9,"capital":1,"pop":96641}},{"type":"Feature","geometry":{"type":"Point","coordinates":[63.499,49.626]},"properties":{"name":"Torgaj","rank":9,"capital":1,"pop":5277}},{"type":"Feature","geometry":{"type":"Point","coordinates":[51.594,30.659]},"properties":{"name":"Yasuj","rank":9,"capital":1,"pop":96786}},{"type":"Feature","geometry":{"type":"Point","coordinates":[50.854,32.321]},"properties":{"name":"Shahrekord","rank":9,"capital":1,"pop":129153}},{"type":"Feature","geometry":{"type":"Point","coordinates":[51.1417,43.6905]},"properties":{"name":"Aktau","rank":9,"capital":1,"pop":147443}},{"type":"Feature","geometry":{"type":"Point","coordinates":[73.818,15.492]},"properties":{"name":"Panaji","rank":9,"capital":1,"pop":65586}},{"type":"Feature","geometry":{"type":"Point","coordinates":[21.18,4.32]},"properties":{"name":"Mobaye","rank":9,"capital":1,"pop":19431}},{"type":"Feature","geometry":{"type":"Point","coordinates":[-4.8833,36.5166]},"properties":{"name":"Marbella","rank":8,"capital":0,"pop":186131}},{"type":"Feature","geometry":{"type":"Point","coordinates":[-3.6334,38.0833]},"properties":{"name":"Linares","rank":8,"capital":0,"pop":59761}},{"type":"Feature","geometry":{"type":"Point","coordinates":[-5.4527,36.1319]},"properties":{"name":"Algeciras","rank":8,"capital":0,"pop":111027}},{"type":"Feature","geometry":{"type":"Point","coordinates":[-5.57,42.58]},"properties":{"name":"León","rank":8,"capital":0,"pop":136227}},{"type":"Feature","geometry":{"type":"Point","coordinates":[2.45,41.54]},"properties":{"name":"Mataró","rank":8,"capital":0,"pop":183293}},{"type":"Feature","geometry":{"type":"Point","coordinates":[35.78,35.54]},"properties":{"name":"Latakia","rank":8,"capital":1,"pop":539147}},{"type":"Feature","geometry":{"type":"Point","coordinates":[38.5481,35.8367]},"properties":{"name":"Al-Thawrah","rank":8,"capital":0,"pop":87880}},{"type":"Feature","geometry":{"type":"Point","coordinates":[37.0441,36.5888]},"properties":{"name":"Azaz","rank":8,"capital":0,"pop":31534}},{"type":"Feature","geometry":{"type":"Point","coordinates":[37.9563,36.5266]},"properties":{"name":"Manbij","rank":8,"capital":0,"pop":120169}},{"type":"Feature","geometry":{"type":"Point","coordinates":[36.6317,35.9297]},"properties":{"name":"Idlib","rank":8,"capital":1,"pop":128840}},{"type":"Feature","geometry":{"type":"Point","coordinates":[41.23,37.03]},"properties":{"name":"Qamishli","rank":8,"capital":0,"pop":104107}},{"type":"Feature","geometry":{"type":"Point","coordinates":[40.75,36.4833]},"properties":{"name":"Al-Hasakah","rank":8,"capital":1,"pop":128100}},{"type":"Feature","geometry":{"type":"Point","coordinates":[36.4,33.5833]},"properties":{"name":"Douma","rank":8,"capital":0,"pop":496145}},{"type":"Feature","geometry":{"type":"Point","coordinates":[44.3875,14.5575]},"properties":{"name":"Dhamar","rank":8,"capital":1,"pop":191259}},{"type":"Feature","geometry":{"type":"Point","coordinates":[44.1709,13.9759]},"properties":{"name":"Ibb","rank":8,"capital":1,"pop":234837}},{"type":"Feature","geometry":{"type":"Point","coordinates":[9.5,46.85]},"properties":{"name":"Chur","rank":8,"capital":1,"pop":38293}},{"type":"Feature","geometry":{"type":"Point","coordinates":[31.9843,46.9677]},"properties":{"name":"Mykolaiv","rank":8,"capital":1,"pop":510840}},{"type":"Feature","geometry":{"type":"Point","coordinates":[31.3015,51.5049]},"properties":{"name":"Chernihiv","rank":8,"capital":1,"pop":307684}},{"type":"Feature","geometry":{"type":"Point","coordinates":[27.0015,49.4249]},"properties":{"name":"Khmelnytskyi","rank":8,"capital":1,"pop":398346}},{"type":"Feature","geometry":{"type":"Point","coordinates":[26.5809,48.6843]},"properties":{"name":"Kamianets-Podilskyi","rank":8,"capital":0,"pop":114658}},{"type":"Feature","geometry":{"type":"Point","coordinates":[23.4994,49.3444]},"properties":{"name":"Drohobych","rank":8,"capital":0,"pop":124269}},{"type":"Feature","geometry":{"type":"Point","coordinates":[22.25,48.63]},"properties":{"name":"Uzhhorod","rank":8,"capital":1,"pop":150832}},{"type":"Feature","geometry":{"type":"Point","coordinates":[30.2109,48.7543]},"properties":{"name":"Uman","rank":8,"capital":0,"pop":87658}},{"type":"Feature","geometry":{"type":"Point","coordinates":[30.7809,50.4943]},"properties":{"name":"Brovary","rank":8,"capital":0,"pop":88506}},{"type":"Feature","geometry":{"type":"Point","coordinates":[30.1309,49.7743]},"properties":{"name":"Bila Tserkva","rank":8,"capital":0,"pop":199163}},{"type":"Feature","geometry":{"type":"Point","coordinates":[30.6666,46.3]},"properties":{"name":"Chornomorsk","rank":8,"capital":0,"pop":54102}},{"type":"Feature","geometry":{"type":"Point","coordinates":[33.209,51.2424]},"properties":{"name":"Konotop","rank":8,"capital":0,"pop":103547}},{"type":"Feature","geometry":{"type":"Point","coordinates":[33.345,47.9283]},"properties":{"name":"Kryvyi Rih","rank":8,"capital":0,"pop":652380}},{"type":"Feature","geometry":{"type":"Point","coordinates":[37.9746,48.0297]},"properties":{"name":"Makiivka","rank":8,"capital":0,"pop":376610}},{"type":"Feature","geometry":{"type":"Point","coordinates":[38.0547,48.2996]},"properties":{"name":"Horlivka","rank":8,"capital":0,"pop":396885}},{"type":"Feature","geometry":{"type":"Point","coordinates":[37.5344,48.7194]},"properties":{"name":"Kramatorsk","rank":8,"capital":0,"pop":184105}},{"type":"Feature","geometry":{"type":"Point","coordinates":[36.7868,46.7568]},"properties":{"name":"Berdiansk","rank":8,"capital":0,"pop":118284}},{"type":"Feature","geometry":{"type":"Point","coordinates":[49.6092,14.7593]},"properties":{"name":"Ash Shihr","rank":8,"capital":0,"pop":54274}},{"type":"Feature","geometry":{"type":"Point","coordinates":[55.5533,25.5653]},"properties":{"name":"Umm Al Quwain","rank":8,"capital":1,"pop":44411}},{"type":"Feature","geometry":{"type":"Point","coordinates":[55.4065,25.3714]},"properties":{"name":"Sharjah","rank":8,"capital":1,"pop":1103027}},{"type":"Feature","geometry":{"type":"Point","coordinates":[56.2778,38.9755]},"properties":{"name":"Serdar","rank":8,"capital":0,"pop":48458}},{"type":"Feature","geometry":{"type":"Point","coordinates":[53.1226,39.4362]},"properties":{"name":"Hazar","rank":8,"capital":0,"pop":1206}},{"type":"Feature","geometry":{"type":"Point","coordinates":[60.496,37.3786]},"properties":{"name":"Tejen","rank":8,"capital":0,"pop":67294}},{"type":"Feature","geometry":{"type":"Point","coordinates":[58.21,38.0517]},"properties":{"name":"Abadan Etrap","rank":8,"capital":0,"pop":40813}},{"type":"Feature","geometry":{"type":"Point","coordinates":[59.1667,42.3167]},"properties":{"name":"Konye-Urgench","rank":8,"capital":0,"pop":31400}},{"type":"Feature","geometry":{"type":"Point","coordinates":[59.4517,42.4047]},"properties":{"name":"Xo‘jayli","rank":8,"capital":0,"pop":60401}},{"type":"Feature","geometry":{"type":"Point","coordinates":[67.2607,39.4007]},"properties":{"name":"Urgut","rank":8,"capital":0,"pop":99675}},{"type":"Feature","geometry":{"type":"Point","coordinates":[66.2608,39.9007]},"properties":{"name":"Katta-Kurgan","rank":8,"capital":0,"pop":247113}},{"type":"Feature","geometry":{"type":"Point","coordinates":[67.8872,38.2772]},"properties":{"name":"Denov","rank":8,"capital":0,"pop":217274}},{"type":"Feature","geometry":{"type":"Point","coordinates":[68.7713,37.8373]},"properties":{"name":"Bokhtar","rank":8,"capital":1,"pop":311574}},{"type":"Feature","geometry":{"type":"Point","coordinates":[70.4272,40.2922]},"properties":{"name":"Konibodom","rank":8,"capital":0,"pop":259876}},{"type":"Feature","geometry":{"type":"Point","coordinates":[68.7907,40.4957]},"properties":{"name":"Guliston","rank":8,"capital":1,"pop":95520}},{"type":"Feature","geometry":{"type":"Point","coordinates":[69.6807,41.5507]},"properties":{"name":"Iskandar","rank":8,"capital":0,"pop":195633}},{"type":"Feature","geometry":{"type":"Point","coordinates":[69.56,41.455]},"properties":{"name":"Chirchiq","rank":8,"capital":0,"pop":167842}},{"type":"Feature","geometry":{"type":"Point","coordinates":[-5.67,43.53]},"properties":{"name":"Gijón","rank":8,"capital":0,"pop":335972}},{"type":"Feature","geometry":{"type":"Point","coordinates":[-2.67,42.85]},"properties":{"name":"Vitoria-Gasteiz","rank":8,"capital":1,"pop":224578}},{"type":"Feature","geometry":{"type":"Point","coordinates":[12.4534,41.9033]},"properties":{"name":"Vatican City","rank":8,"capital":1,"pop":832}},{"type":"Feature","geometry":{"type":"Point","coordinates":[-4.75,55.9333]},"properties":{"name":"Greenock","rank":8,"capital":0,"pop":74635}},{"type":"Feature","geometry":{"type":"Point","coordinates":[-1.3799,54.9034]},"properties":{"name":"Sunderland","rank":8,"capital":0,"pop":452934}},{"type":"Feature","geometry":{"type":"Point","coordinates":[-1.4,50.9]},"properties":{"name":"Southampton","rank":8,"capital":0,"pop":384417}},{"type":"Feature","geometry":{"type":"Point","coordinates":[-2.5833,51.45]},"properties":{"name":"Bristol","rank":8,"capital":0,"pop":553528}},{"type":"Feature","geometry":{"type":"Point","coordinates":[-1.9,50.73]},"properties":{"name":"Bournemouth","rank":8,"capital":0,"pop":426945}},{"type":"Feature","geometry":{"type":"Point","coordinates":[-7.3,54.6]},"properties":{"name":"Omagh","rank":8,"capital":0,"pop":21056}},{"type":"Feature","geometry":{"type":"Point","coordinates":[-2.903,53.1863]},"properties":{"name":"Chester","rank":8,"capital":0,"pop":89531}},{"type":"Feature","geometry":{"type":"Point","coordinates":[-3.95,51.63]},"properties":{"name":"Swansea","rank":8,"capital":0,"pop":294339}},{"type":"Feature","geometry":{"type":"Point","coordinates":[-2.93,54.88]},"properties":{"name":"Carlisle","rank":8,"capital":0,"pop":72633}},{"type":"Feature","geometry":{"type":"Point","coordinates":[27.85,37.85]},"properties":{"name":"Aydın","rank":8,"capital":1,"pop":198857}},{"type":"Feature","geometry":{"type":"Point","coordinates":[27.3552,41.4067]},"properties":{"name":"Lüleburgaz","rank":8,"capital":0,"pop":90899}},{"type":"Feature","geometry":{"type":"Point","coordinates":[30.53,37.77]},"properties":{"name":"Isparta","rank":8,"capital":1,"pop":172334}},{"type":"Feature","geometry":{"type":"Point","coordinates":[29.93,39.42]},"properties":{"name":"Kütahya","rank":8,"capital":1,"pop":185008}},{"type":"Feature","geometry":{"type":"Point","coordinates":[28.3639,37.2164]},"properties":{"name":"Muğla","rank":8,"capital":1,"pop":48183}},{"type":"Feature","geometry":{"type":"Point","coordinates":[39.23,38.68]},"properties":{"name":"Elazığ","rank":8,"capital":1,"pop":271492}},{"type":"Feature","geometry":{"type":"Point","coordinates":[36.945,37.61]},"properties":{"name":"Kahramanmaraş","rank":8,"capital":1,"pop":376045}},{"type":"Feature","geometry":{"type":"Point","coordinates":[34.62,36.8]},"properties":{"name":"Mersin","rank":8,"capital":1,"pop":616990}},{"type":"Feature","geometry":{"type":"Point","coordinates":[34.95,40.52]},"properties":{"name":"Çorum","rank":8,"capital":1,"pop":183418}},{"type":"Feature","geometry":{"type":"Point","coordinates":[40.5219,41.0208]},"properties":{"name":"Rize","rank":8,"capital":1,"pop":279450}},{"type":"Feature","geometry":{"type":"Point","coordinates":[42.2816,38.5066]},"properties":{"name":"Tatvan","rank":8,"capital":0,"pop":73222}},{"type":"Feature","geometry":{"type":"Point","coordinates":[0.72,51.55]},"properties":{"name":"Southend-on-Sea","rank":8,"capital":0,"pop":618386}},{"type":"Feature","geometry":{"type":"Point","coordinates":[-0.98,51.47]},"properties":{"name":"Reading","rank":8,"capital":0,"pop":369804}},{"type":"Feature","geometry":{"type":"Point","coordinates":[-1.1332,52.63]},"properties":{"name":"Leicester","rank":8,"capital":0,"pop":457983}},{"type":"Feature","geometry":{"type":"Point","coordinates":[-1.7545,53.7917]},"properties":{"name":"Bradford","rank":8,"capital":0,"pop":501700}},{"type":"Feature","geometry":{"type":"Point","coordinates":[-1.5,53.3667]},"properties":{"name":"Sheffield","rank":8,"capital":0,"pop":1292900}},{"type":"Feature","geometry":{"type":"Point","coordinates":[32.1472,39.5842]},"properties":{"name":"Polatlı","rank":8,"capital":0,"pop":93262}},{"type":"Feature","geometry":{"type":"Point","coordinates":[32.6,41.2]},"properties":{"name":"Karabük","rank":8,"capital":0,"pop":128564}},{"type":"Feature","geometry":{"type":"Point","coordinates":[41.2184,37.075]},"properties":{"name":"Nusaybin","rank":8,"capital":0,"pop":152668}},{"type":"Feature","geometry":{"type":"Point","coordinates":[43.7408,37.5744]},"properties":{"name":"Hakkâri","rank":8,"capital":1,"pop":77699}},{"type":"Feature","geometry":{"type":"Point","coordinates":[16.6287,47.2253]},"properties":{"name":"Szombathely","rank":8,"capital":1,"pop":109518}},{"type":"Feature","geometry":{"type":"Point","coordinates":[19.7,46.9]},"properties":{"name":"Kecskemét","rank":8,"capital":1,"pop":113895}},{"type":"Feature","geometry":{"type":"Point","coordinates":[18.4081,47.1947]},"properties":{"name":"Székesfehérvár","rank":8,"capital":1,"pop":144319}},{"type":"Feature","geometry":{"type":"Point","coordinates":[21.7187,47.9653]},"properties":{"name":"Nyíregyháza","rank":8,"capital":1,"pop":176880}},{"type":"Feature","geometry":{"type":"Point","coordinates":[7.25,47.1666]},"properties":{"name":"Biel/Bienne","rank":8,"capital":0,"pop":78708}},{"type":"Feature","geometry":{"type":"Point","coordinates":[22.6659,44.6459]},"properties":{"name":"Drobeta-Turnu Severin","rank":8,"capital":1,"pop":106578}},{"type":"Feature","geometry":{"type":"Point","coordinates":[28.7967,45.1993]},"properties":{"name":"Tulcea","rank":8,"capital":1,"pop":92475}},{"type":"Feature","geometry":{"type":"Point","coordinates":[21.32,46.17]},"properties":{"name":"Arad","rank":8,"capital":1,"pop":169065}},{"type":"Feature","geometry":{"type":"Point","coordinates":[21.92,47.05]},"properties":{"name":"Oradea","rank":8,"capital":1,"pop":213830}},{"type":"Feature","geometry":{"type":"Point","coordinates":[24.1371,45.7971]},"properties":{"name":"Sibiu","rank":8,"capital":1,"pop":155565}},{"type":"Feature","geometry":{"type":"Point","coordinates":[26.2593,47.6377]},"properties":{"name":"Suceava","rank":8,"capital":1,"pop":105796}},{"type":"Feature","geometry":{"type":"Point","coordinates":[26.8065,45.1565]},"properties":{"name":"Buzău","rank":8,"capital":1,"pop":130954}},{"type":"Feature","geometry":{"type":"Point","coordinates":[28.0459,45.4559]},"properties":{"name":"Galați","rank":8,"capital":1,"pop":311156}},{"type":"Feature","geometry":{"type":"Point","coordinates":[27.1865,45.6966]},"properties":{"name":"Focșani","rank":8,"capital":1,"pop":105112}},{"type":"Feature","geometry":{"type":"Point","coordinates":[-8.4213,41.555]},"properties":{"name":"Braga","rank":8,"capital":1,"pop":826833}},{"type":"Feature","geometry":{"type":"Point","coordinates":[-7.5,40.2833]},"properties":{"name":"Covilhã","rank":8,"capital":0,"pop":24828}},{"type":"Feature","geometry":{"type":"Point","coordinates":[38.0493,24.0943]},"properties":{"name":"Yanbu governorate","rank":8,"capital":0,"pop":267590}},{"type":"Feature","geometry":{"type":"Point","coordinates":[39.8664,29.8153]},"properties":{"name":"Dawmat al Jandal","rank":8,"capital":0,"pop":22583}},{"type":"Feature","geometry":{"type":"Point","coordinates":[42.5987,20.0087]},"properties":{"name":"Bisha governorate","rank":8,"capital":0,"pop":88291}},{"type":"Feature","geometry":{"type":"Point","coordinates":[40.3823,21.2622]},"properties":{"name":"Ta'if","rank":8,"capital":0,"pop":657282}},{"type":"Feature","geometry":{"type":"Point","coordinates":[5.5,51.43]},"properties":{"name":"Eindhoven","rank":8,"capital":0,"pop":398053}},{"type":"Feature","geometry":{"type":"Point","coordinates":[19.15,48.7333]},"properties":{"name":"Banská Bystrica","rank":8,"capital":1,"pop":82336}},{"type":"Feature","geometry":{"type":"Point","coordinates":[17.6,48.3666]},"properties":{"name":"Trnava","rank":8,"capital":1,"pop":69785}},{"type":"Feature","geometry":{"type":"Point","coordinates":[27.3166,56.5]},"properties":{"name":"Rēzekne","rank":8,"capital":0,"pop":38340}},{"type":"Feature","geometry":{"type":"Point","coordinates":[24.37,55.74]},"properties":{"name":"Panevezys","rank":8,"capital":1,"pop":127405}},{"type":"Feature","geometry":{"type":"Point","coordinates":[23.325,55.9386]},"properties":{"name":"Šiauliai","rank":8,"capital":1,"pop":133528}},{"type":"Feature","geometry":{"type":"Point","coordinates":[44.1316,17.5065]},"properties":{"name":"Najran","rank":8,"capital":1,"pop":369609}},{"type":"Feature","geometry":{"type":"Point","coordinates":[45.2806,24.0737]},"properties":{"name":"Al-Quway'iyah governorate","rank":8,"capital":0,"pop":8712}},{"type":"Feature","geometry":{"type":"Point","coordinates":[46.7564,23.4895]},"properties":{"name":"Al Hillah","rank":8,"capital":0,"pop":594605}},{"type":"Feature","geometry":{"type":"Point","coordinates":[49.5659,25.4291]},"properties":{"name":"Al-Mubarraz","rank":8,"capital":0,"pop":298562}},{"type":"Feature","geometry":{"type":"Point","coordinates":[50.0115,26.5196]},"properties":{"name":"Qatif governorate","rank":8,"capital":0,"pop":368892}},{"type":"Feature","geometry":{"type":"Point","coordinates":[50.1583,26.2914]},"properties":{"name":"Dhahran","rank":8,"capital":0,"pop":97446}},{"type":"Feature","geometry":{"type":"Point","coordinates":[70.1008,33.8992]},"properties":{"name":"Parachinar","rank":8,"capital":0,"pop":55685}},{"type":"Feature","geometry":{"type":"Point","coordinates":[74.56,32.52]},"properties":{"name":"Sialkot","rank":8,"capital":0,"pop":477396}},{"type":"Feature","geometry":{"type":"Point","coordinates":[73.99,31.72]},"properties":{"name":"Sheikhupura","rank":8,"capital":0,"pop":361303}},{"type":"Feature","geometry":{"type":"Point","coordinates":[74.08,32.58]},"properties":{"name":"Gujrat","rank":8,"capital":0,"pop":301506}},{"type":"Feature","geometry":{"type":"Point","coordinates":[73.1118,30.6717]},"properties":{"name":"Sahiwal","rank":8,"capital":0,"pop":235695}},{"type":"Feature","geometry":{"type":"Point","coordinates":[72.98,31.72]},"properties":{"name":"Chiniot","rank":8,"capital":0,"pop":201781}},{"type":"Feature","geometry":{"type":"Point","coordinates":[70.2952,28.4202]},"properties":{"name":"Rahim Yar Khan","rank":8,"capital":0,"pop":353203}},{"type":"Feature","geometry":{"type":"Point","coordinates":[75.2846,42.8299]},"properties":{"name":"Tokmok","rank":8,"capital":0,"pop":112860}},{"type":"Feature","geometry":{"type":"Point","coordinates":[73.8857,42.8306]},"properties":{"name":"Kara-Balta","rank":8,"capital":0,"pop":74133}},{"type":"Feature","geometry":{"type":"Point","coordinates":[77.0811,42.6513]},"properties":{"name":"Cholpon-Ata","rank":8,"capital":0,"pop":18595}},{"type":"Feature","geometry":{"type":"Point","coordinates":[75.9911,41.4263]},"properties":{"name":"Naryn","rank":8,"capital":1,"pop":52300}},{"type":"Feature","geometry":{"type":"Point","coordinates":[73.2058,41.0307]},"properties":{"name":"Kökjanggak","rank":8,"capital":0,"pop":15000}},{"type":"Feature","geometry":{"type":"Point","coordinates":[73.1968,34.3418]},"properties":{"name":"Mansehra","rank":8,"capital":0,"pop":66486}},{"type":"Feature","geometry":{"type":"Point","coordinates":[71.4327,33.6027]},"properties":{"name":"Kohat","rank":8,"capital":0,"pop":343027}},{"type":"Feature","geometry":{"type":"Point","coordinates":[73.1995,34.1495]},"properties":{"name":"Abbottabad","rank":8,"capital":0,"pop":1183647}},{"type":"Feature","geometry":{"type":"Point","coordinates":[72.04,34.2]},"properties":{"name":"Mardan","rank":8,"capital":0,"pop":300424}},{"type":"Feature","geometry":{"type":"Point","coordinates":[20.7501,42.2293]},"properties":{"name":"Prizren","rank":8,"capital":0,"pop":171464}},{"type":"Feature","geometry":{"type":"Point","coordinates":[48.0838,29.0769]},"properties":{"name":"Al Ahmadi","rank":8,"capital":1,"pop":68763}},{"type":"Feature","geometry":{"type":"Point","coordinates":[47.6581,29.3375]},"properties":{"name":"Al Jahra","rank":8,"capital":1,"pop":194193}},{"type":"Feature","geometry":{"type":"Point","coordinates":[40.12,44.61]},"properties":{"name":"Maykop","rank":8,"capital":1,"pop":158451}},{"type":"Feature","geometry":{"type":"Point","coordinates":[44.6544,43.7543]},"properties":{"name":"Mozdok","rank":8,"capital":0,"pop":45702}},{"type":"Feature","geometry":{"type":"Point","coordinates":[43.4699,44.1599]},"properties":{"name":"Georgiyevsk","rank":8,"capital":0,"pop":72649}},{"type":"Feature","geometry":{"type":"Point","coordinates":[43.09,44.08]},"properties":{"name":"Pyatigorsk","rank":8,"capital":0,"pop":142865}},{"type":"Feature","geometry":{"type":"Point","coordinates":[42.72,43.91]},"properties":{"name":"Kislovodsk","rank":8,"capital":0,"pop":132771}},{"type":"Feature","geometry":{"type":"Point","coordinates":[41.95,44.6201]},"properties":{"name":"Nevinnomyssk","rank":8,"capital":0,"pop":134380}},{"type":"Feature","geometry":{"type":"Point","coordinates":[21.8109,54.6316]},"properties":{"name":"Chernyakhovsk","rank":8,"capital":0,"pop":45187}},{"type":"Feature","geometry":{"type":"Point","coordinates":[31.9449,52.5348]},"properties":{"name":"Novozybkov","rank":8,"capital":0,"pop":43534}},{"type":"Feature","geometry":{"type":"Point","coordinates":[34.3392,53.5891]},"properties":{"name":"Dyatkovo","rank":8,"capital":0,"pop":33527}},{"type":"Feature","geometry":{"type":"Point","coordinates":[41.3643,56.8543]},"properties":{"name":"Shuya","rank":8,"capital":0,"pop":60705}},{"type":"Feature","geometry":{"type":"Point","coordinates":[42.13,57.47]},"properties":{"name":"Kineshma","rank":8,"capital":0,"pop":92983}},{"type":"Feature","geometry":{"type":"Point","coordinates":[43.5944,56.4943]},"properties":{"name":"Balakhna","rank":8,"capital":0,"pop":63083}},{"type":"Feature","geometry":{"type":"Point","coordinates":[43.8,55.4]},"properties":{"name":"Arzamas","rank":8,"capital":0,"pop":142597}},{"type":"Feature","geometry":{"type":"Point","coordinates":[34.3275,56.2574]},"properties":{"name":"Rzhev","rank":8,"capital":0,"pop":63414}},{"type":"Feature","geometry":{"type":"Point","coordinates":[34.5631,57.583]},"properties":{"name":"Vyshny Volochyok","rank":8,"capital":0,"pop":53800}},{"type":"Feature","geometry":{"type":"Point","coordinates":[38.33,57.5244]},"properties":{"name":"Uglich","rank":8,"capital":0,"pop":37732}},{"type":"Feature","geometry":{"type":"Point","coordinates":[38.5,52.58]},"properties":{"name":"Yelets","rank":8,"capital":0,"pop":115919}},{"type":"Feature","geometry":{"type":"Point","coordinates":[38.98,55.82]},"properties":{"name":"Orekhovo-Zuyevo","rank":8,"capital":0,"pop":140247}},{"type":"Feature","geometry":{"type":"Point","coordinates":[36.6987,56.3431]},"properties":{"name":"Klin","rank":8,"capital":0,"pop":80778}},{"type":"Feature","geometry":{"type":"Point","coordinates":[38.17,56.33]},"properties":{"name":"Sergiyev Posad","rank":8,"capital":0,"pop":109252}},{"type":"Feature","geometry":{"type":"Point","coordinates":[38.785,55.08]},"properties":{"name":"Kolomna","rank":8,"capital":0,"pop":147690}},{"type":"Feature","geometry":{"type":"Point","coordinates":[39.7449,47.1368]},"properties":{"name":"Bataysk","rank":8,"capital":0,"pop":109962}},{"type":"Feature","geometry":{"type":"Point","coordinates":[38.92,47.23]},"properties":{"name":"Taganrog","rank":8,"capital":0,"pop":279056}},{"type":"Feature","geometry":{"type":"Point","coordinates":[40.08,47.42]},"properties":{"name":"Novocherkassk","rank":8,"capital":0,"pop":166974}},{"type":"Feature","geometry":{"type":"Point","coordinates":[40.2518,48.3318]},"properties":{"name":"Kamensk-Shakhtinsky","rank":8,"capital":0,"pop":75814}},{"type":"Feature","geometry":{"type":"Point","coordinates":[39.92,47.77]},"properties":{"name":"Novoshakhtinsk","rank":8,"capital":0,"pop":99478}},{"type":"Feature","geometry":{"type":"Point","coordinates":[37.0944,54.5143]},"properties":{"name":"Aleksin","rank":8,"capital":0,"pop":66885}},{"type":"Feature","geometry":{"type":"Point","coordinates":[38.2893,54.0107]},"properties":{"name":"Novomoskovsk","rank":8,"capital":0,"pop":130982}},{"type":"Feature","geometry":{"type":"Point","coordinates":[37.5143,54.0143]},"properties":{"name":"Shchyokino","rank":8,"capital":0,"pop":86088}},{"type":"Feature","geometry":{"type":"Point","coordinates":[45.4261,50.0161]},"properties":{"name":"Nikolayevsk","rank":8,"capital":0,"pop":16044}},{"type":"Feature","geometry":{"type":"Point","coordinates":[36.8944,50.4144]},"properties":{"name":"Shebekino","rank":8,"capital":0,"pop":45194}},{"type":"Feature","geometry":{"type":"Point","coordinates":[37.3843,51.2743]},"properties":{"name":"Gubkin","rank":8,"capital":0,"pop":272}},{"type":"Feature","geometry":{"type":"Point","coordinates":[39.7287,44.4687]},"properties":{"name":"Apsheronsk","rank":8,"capital":0,"pop":45876}},{"type":"Feature","geometry":{"type":"Point","coordinates":[40.5821,45.4471]},"properties":{"name":"Kropotkin","rank":8,"capital":0,"pop":79599}},{"type":"Feature","geometry":{"type":"Point","coordinates":[44.9244,54.0643]},"properties":{"name":"Ruzayevka","rank":8,"capital":0,"pop":49311}},{"type":"Feature","geometry":{"type":"Point","coordinates":[42.7174,52.6574]},"properties":{"name":"Kirsanov","rank":8,"capital":0,"pop":17975}},{"type":"Feature","geometry":{"type":"Point","coordinates":[40.5,52.9]},"properties":{"name":"Michurinsk","rank":8,"capital":0,"pop":93499}},{"type":"Feature","geometry":{"type":"Point","coordinates":[42.0887,51.3687]},"properties":{"name":"Borisoglebsk","rank":8,"capital":0,"pop":68597}},{"type":"Feature","geometry":{"type":"Point","coordinates":[53.46,54.46]},"properties":{"name":"Oktyabrsky","rank":8,"capital":0,"pop":108200}},{"type":"Feature","geometry":{"type":"Point","coordinates":[60.8085,54.3685]},"properties":{"name":"Plast","rank":8,"capital":0,"pop":17050}},{"type":"Feature","geometry":{"type":"Point","coordinates":[58.7959,54.9459]},"properties":{"name":"Bakal","rank":8,"capital":0,"pop":26559}},{"type":"Feature","geometry":{"type":"Point","coordinates":[60.2313,56.0663]},"properties":{"name":"Verkhny Ufaley","rank":8,"capital":0,"pop":33879}},{"type":"Feature","geometry":{"type":"Point","coordinates":[61.458,57.023]},"properties":{"name":"Asbest","rank":8,"capital":0,"pop":81248}},{"type":"Feature","geometry":{"type":"Point","coordinates":[61.6915,57.8465]},"properties":{"name":"Alapayevsk","rank":8,"capital":0,"pop":44000}},{"type":"Feature","geometry":{"type":"Point","coordinates":[58.33,51.2]},"properties":{"name":"Novotroitsk","rank":8,"capital":0,"pop":106186}},{"type":"Feature","geometry":{"type":"Point","coordinates":[52.433,53.663]},"properties":{"name":"Buguruslan","rank":8,"capital":0,"pop":53511}},{"type":"Feature","geometry":{"type":"Point","coordinates":[49.7243,52.9743]},"properties":{"name":"Chapayevsk","rank":8,"capital":0,"pop":107164}},{"type":"Feature","geometry":{"type":"Point","coordinates":[48.48,53.17]},"properties":{"name":"Syzran","rank":8,"capital":0,"pop":189338}},{"type":"Feature","geometry":{"type":"Point","coordinates":[49.9199,53.12]},"properties":{"name":"Novokuybyshevsk","rank":8,"capital":0,"pop":152334}},{"type":"Feature","geometry":{"type":"Point","coordinates":[52.3924,55.7319]},"properties":{"name":"Naberezhnye Chelny","rank":8,"capital":0,"pop":461086}},{"type":"Feature","geometry":{"type":"Point","coordinates":[48.497,55.8481]},"properties":{"name":"Zelenodolsk","rank":8,"capital":0,"pop":99600}},{"type":"Feature","geometry":{"type":"Point","coordinates":[52.4487,54.5987]},"properties":{"name":"Leninogorsk","rank":8,"capital":0,"pop":66263}},{"type":"Feature","geometry":{"type":"Point","coordinates":[52.7943,54.5543]},"properties":{"name":"Bugulma","rank":8,"capital":0,"pop":91900}},{"type":"Feature","geometry":{"type":"Point","coordinates":[77.2742,54.3592]},"properties":{"name":"Kupino","rank":8,"capital":0,"pop":16333}},{"type":"Feature","geometry":{"type":"Point","coordinates":[57.9782,23.3032]},"properties":{"name":"'Alayat Sama’il","rank":8,"capital":0,"pop":47718}},{"type":"Feature","geometry":{"type":"Point","coordinates":[4.18,7.63]},"properties":{"name":"Iwo","rank":8,"capital":0,"pop":250443}},{"type":"Feature","geometry":{"type":"Point","coordinates":[3.59,7.97]},"properties":{"name":"Iseyin","rank":8,"capital":0,"pop":98071}},{"type":"Feature","geometry":{"type":"Point","coordinates":[20.9701,42.0092]},"properties":{"name":"Tetovo","rank":8,"capital":1,"pop":119132}},{"type":"Feature","geometry":{"type":"Point","coordinates":[35.3688,33.563]},"properties":{"name":"Sidon","rank":8,"capital":1,"pop":173894}},{"type":"Feature","geometry":{"type":"Point","coordinates":[20.4856,53.7726]},"properties":{"name":"Olsztyn","rank":8,"capital":1,"pop":186670}},{"type":"Feature","geometry":{"type":"Point","coordinates":[19.4032,54.1539]},"properties":{"name":"Elbląg","rank":8,"capital":1,"pop":127558}},{"type":"Feature","geometry":{"type":"Point","coordinates":[18.25,52.7799]},"properties":{"name":"Inowrocław","rank":8,"capital":0,"pop":79007}},{"type":"Feature","geometry":{"type":"Point","coordinates":[18.91,50.35]},"properties":{"name":"Bytom","rank":8,"capital":0,"pop":662247}},{"type":"Feature","geometry":{"type":"Point","coordinates":[17.9313,50.685]},"properties":{"name":"Opole","rank":8,"capital":1,"pop":131412}},{"type":"Feature","geometry":{"type":"Point","coordinates":[53.3265,47.6482]},"properties":{"name":"Makat","rank":8,"capital":0,"pop":14082}},{"type":"Feature","geometry":{"type":"Point","coordinates":[73.0997,52.4997]},"properties":{"name":"Bestobe","rank":8,"capital":0,"pop":7189}},{"type":"Feature","geometry":{"type":"Point","coordinates":[72.5699,50.5799]},"properties":{"name":"Osakarov","rank":8,"capital":0,"pop":7305}},{"type":"Feature","geometry":{"type":"Point","coordinates":[72.8599,48.2749]},"properties":{"name":"Aqadyr","rank":8,"capital":0,"pop":9710}},{"type":"Feature","geometry":{"type":"Point","coordinates":[78.1499,52.4999]},"properties":{"name":"Sharbakty","rank":8,"capital":0,"pop":107}},{"type":"Feature","geometry":{"type":"Point","coordinates":[76.8288,43.3341]},"properties":{"name":"Boralday","rank":8,"capital":0,"pop":20996}},{"type":"Feature","geometry":{"type":"Point","coordinates":[79.9801,44.1616]},"properties":{"name":"Zharkent","rank":8,"capital":0,"pop":36496}},{"type":"Feature","geometry":{"type":"Point","coordinates":[77.4438,43.3691]},"properties":{"name":"Esik","rank":8,"capital":0,"pop":35319}},{"type":"Feature","geometry":{"type":"Point","coordinates":[69.8799,42.1899]},"properties":{"name":"Lenger","rank":8,"capital":0,"pop":23058}},{"type":"Feature","geometry":{"type":"Point","coordinates":[68.5199,43.5165]},"properties":{"name":"Kentau","rank":8,"capital":0,"pop":57408}},{"type":"Feature","geometry":{"type":"Point","coordinates":[-8.8641,52.7038]},"properties":{"name":"Shannon","rank":8,"capital":0,"pop":8781}},{"type":"Feature","geometry":{"type":"Point","coordinates":[-7.1119,52.2583]},"properties":{"name":"Waterford","rank":8,"capital":0,"pop":49275}},{"type":"Feature","geometry":{"type":"Point","coordinates":[-9.7167,52.2667]},"properties":{"name":"Tralee","rank":8,"capital":1,"pop":26384}},{"type":"Feature","geometry":{"type":"Point","coordinates":[-8.1167,54.65]},"properties":{"name":"Donegal","rank":8,"capital":0,"pop":2513}},{"type":"Feature","geometry":{"type":"Point","coordinates":[10.92,44.65]},"properties":{"name":"Modena","rank":8,"capital":0,"pop":175502}},{"type":"Feature","geometry":{"type":"Point","coordinates":[17.1233,39.0833]},"properties":{"name":"Crotone","rank":8,"capital":0,"pop":60010}},{"type":"Feature","geometry":{"type":"Point","coordinates":[16.1,38.6666]},"properties":{"name":"Vibo Valentia","rank":8,"capital":0,"pop":33957}},{"type":"Feature","geometry":{"type":"Point","coordinates":[15.6414,38.115]},"properties":{"name":"Reggio Calabria","rank":8,"capital":0,"pop":180353}},{"type":"Feature","geometry":{"type":"Point","coordinates":[14.3374,41.06]},"properties":{"name":"Caserta","rank":8,"capital":0,"pop":250000}},{"type":"Feature","geometry":{"type":"Point","coordinates":[16.27,41.32]},"properties":{"name":"Barletta","rank":8,"capital":0,"pop":107830}},{"type":"Feature","geometry":{"type":"Point","coordinates":[14.73,36.93]},"properties":{"name":"Ragusa","rank":8,"capital":0,"pop":68956}},{"type":"Feature","geometry":{"type":"Point","coordinates":[35.85,32.55]},"properties":{"name":"Irbid","rank":8,"capital":1,"pop":650000}},{"type":"Feature","geometry":{"type":"Point","coordinates":[35.7272,32.0392]},"properties":{"name":"Salt","rank":8,"capital":1,"pop":140689}},{"type":"Feature","geometry":{"type":"Point","coordinates":[36.1,32.07]},"properties":{"name":"Zarqa","rank":8,"capital":1,"pop":894691}},{"type":"Feature","geometry":{"type":"Point","coordinates":[8.21,44.93]},"properties":{"name":"Asti","rank":8,"capital":0,"pop":71276}},{"type":"Feature","geometry":{"type":"Point","coordinates":[8.62,45.45]},"properties":{"name":"Novara","rank":8,"capital":0,"pop":100910}},{"type":"Feature","geometry":{"type":"Point","coordinates":[9.08,45.81]},"properties":{"name":"Como","rank":8,"capital":0,"pop":250000}},{"type":"Feature","geometry":{"type":"Point","coordinates":[13.24,46.07]},"properties":{"name":"Udine","rank":8,"capital":0,"pop":119009}},{"type":"Feature","geometry":{"type":"Point","coordinates":[12.24,45.67]},"properties":{"name":"Treviso","rank":8,"capital":0,"pop":177309}},{"type":"Feature","geometry":{"type":"Point","coordinates":[6.1167,45.9]},"properties":{"name":"Annecy","rank":8,"capital":0,"pop":105749}},{"type":"Feature","geometry":{"type":"Point","coordinates":[4.0667,46.0333]},"properties":{"name":"Roanne","rank":8,"capital":0,"pop":73315}},{"type":"Feature","geometry":{"type":"Point","coordinates":[8.53,52.03]},"properties":{"name":"Bielefeld","rank":8,"capital":0,"pop":331906}},{"type":"Feature","geometry":{"type":"Point","coordinates":[7.45,51.53]},"properties":{"name":"Dortmund","rank":8,"capital":0,"pop":588462}},{"type":"Feature","geometry":{"type":"Point","coordinates":[6.75,51.43]},"properties":{"name":"Duisburg","rank":8,"capital":0,"pop":1276757}},{"type":"Feature","geometry":{"type":"Point","coordinates":[7.17,51.25]},"properties":{"name":"Wuppertal","rank":8,"capital":0,"pop":776525}},{"type":"Feature","geometry":{"type":"Point","coordinates":[7.0166,51.45]},"properties":{"name":"Essen","rank":8,"capital":0,"pop":1742135}},{"type":"Feature","geometry":{"type":"Point","coordinates":[8.4,49.0]},"properties":{"name":"Karlsruhe","rank":8,"capital":0,"pop":377487}},{"type":"Feature","geometry":{"type":"Point","coordinates":[8.7,49.42]},"properties":{"name":"Heidelberg","rank":8,"capital":0,"pop":426590}},{"type":"Feature","geometry":{"type":"Point","coordinates":[9.5,51.3]},"properties":{"name":"Kassel","rank":8,"capital":0,"pop":289924}},{"type":"Feature","geometry":{"type":"Point","coordinates":[8.22,53.13]},"properties":{"name":"Oldenburg","rank":8,"capital":0,"pop":167458}},{"type":"Feature","geometry":{"type":"Point","coordinates":[7.2167,53.3667]},"properties":{"name":"Emden","rank":8,"capital":0,"pop":51526}},{"type":"Feature","geometry":{"type":"Point","coordinates":[10.5,52.25]},"properties":{"name":"Brunswick","rank":8,"capital":0,"pop":244715}},{"type":"Feature","geometry":{"type":"Point","coordinates":[11.03,50.9701]},"properties":{"name":"Erfurt","rank":8,"capital":1,"pop":203254}},{"type":"Feature","geometry":{"type":"Point","coordinates":[15.5478,45.4872]},"properties":{"name":"Karlovac","rank":8,"capital":1,"pop":55063}},{"type":"Feature","geometry":{"type":"Point","coordinates":[14.45,45.33]},"properties":{"name":"Rijeka","rank":8,"capital":1,"pop":170992}},{"type":"Feature","geometry":{"type":"Point","coordinates":[10.9666,50.2666]},"properties":{"name":"Coburg","rank":8,"capital":0,"pop":61054}},{"type":"Feature","geometry":{"type":"Point","coordinates":[10.9,48.35]},"properties":{"name":"Augsburg","rank":8,"capital":0,"pop":358989}},{"type":"Feature","geometry":{"type":"Point","coordinates":[11.0,49.47]},"properties":{"name":"Fürth","rank":8,"capital":0,"pop":237844}},{"type":"Feature","geometry":{"type":"Point","coordinates":[14.46,48.98]},"properties":{"name":"České Budějovice","rank":8,"capital":1,"pop":98851}},{"type":"Feature","geometry":{"type":"Point","coordinates":[15.08,50.8]},"properties":{"name":"Liberec","rank":8,"capital":1,"pop":102175}},{"type":"Feature","geometry":{"type":"Point","coordinates":[12.92,50.83]},"properties":{"name":"Chemnitz","rank":8,"capital":0,"pop":302643}},{"type":"Feature","geometry":{"type":"Point","coordinates":[18.0156,45.1603]},"properties":{"name":"Slavonski Brod","rank":8,"capital":1,"pop":97718}},{"type":"Feature","geometry":{"type":"Point","coordinates":[17.2568,49.5867]},"properties":{"name":"Olomouc","rank":8,"capital":1,"pop":101268}},{"type":"Feature","geometry":{"type":"Point","coordinates":[77.1666,31.1]},"properties":{"name":"Shimla","rank":8,"capital":1,"pop":173503}},{"type":"Feature","geometry":{"type":"Point","coordinates":[77.02,28.45]},"properties":{"name":"Gurugram","rank":8,"capital":0,"pop":197340}},{"type":"Feature","geometry":{"type":"Point","coordinates":[77.02,29.0]},"properties":{"name":"Sonipat","rank":8,"capital":0,"pop":250521}},{"type":"Feature","geometry":{"type":"Point","coordinates":[76.58,28.9]},"properties":{"name":"Rohtak","rank":8,"capital":0,"pop":317245}},{"type":"Feature","geometry":{"type":"Point","coordinates":[75.725,29.17]},"properties":{"name":"Hisar","rank":8,"capital":0,"pop":544829}},{"type":"Feature","geometry":{"type":"Point","coordinates":[76.125,28.81]},"properties":{"name":"Bhiwani","rank":8,"capital":0,"pop":190855}},{"type":"Feature","geometry":{"type":"Point","coordinates":[76.7918,30.3773]},"properties":{"name":"Ambala","rank":8,"capital":0,"pop":146787}},{"type":"Feature","geometry":{"type":"Point","coordinates":[74.4667,34.3]},"properties":{"name":"Sopore","rank":8,"capital":0,"pop":63035}},{"type":"Feature","geometry":{"type":"Point","coordinates":[73.0166,20.2666]},"properties":{"name":"Silvassa","rank":8,"capital":1,"pop":27359}},{"type":"Feature","geometry":{"type":"Point","coordinates":[73.1602,19.2502]},"properties":{"name":"Kalyan","rank":8,"capital":0,"pop":1576614}},{"type":"Feature","geometry":{"type":"Point","coordinates":[75.83,21.02]},"properties":{"name":"Bhusawal","rank":8,"capital":0,"pop":183001}},{"type":"Feature","geometry":{"type":"Point","coordinates":[-2.7833,48.5167]},"properties":{"name":"Saint-Brieuc","rank":8,"capital":0,"pop":53223}},{"type":"Feature","geometry":{"type":"Point","coordinates":[0.3333,46.5833]},"properties":{"name":"Poitiers","rank":8,"capital":1,"pop":85960}},{"type":"Feature","geometry":{"type":"Point","coordinates":[-0.53,47.48]},"properties":{"name":"Angers","rank":8,"capital":0,"pop":188380}},{"type":"Feature","geometry":{"type":"Point","coordinates":[-1.5616,43.4733]},"properties":{"name":"Biarritz","rank":8,"capital":0,"pop":145348}},{"type":"Feature","geometry":{"type":"Point","coordinates":[5.45,43.52]},"properties":{"name":"Aix-en-Provence","rank":8,"capital":0,"pop":146821}},{"type":"Feature","geometry":{"type":"Point","coordinates":[2.9,42.7]},"properties":{"name":"Perpignan","rank":8,"capital":0,"pop":146620}},{"type":"Feature","geometry":{"type":"Point","coordinates":[0.0833,43.2333]},"properties":{"name":"Tarbes","rank":8,"capital":0,"pop":54854}},{"type":"Feature","geometry":{"type":"Point","coordinates":[3.08,45.78]},"properties":{"name":"Clermont-Ferrand","rank":8,"capital":1,"pop":233050}},{"type":"Feature","geometry":{"type":"Point","coordinates":[2.6666,48.5333]},"properties":{"name":"Melun","rank":8,"capital":0,"pop":249432}},{"type":"Feature","geometry":{"type":"Point","coordinates":[2.7833,50.2833]},"properties":{"name":"Arras","rank":8,"capital":0,"pop":64165}},{"type":"Feature","geometry":{"type":"Point","coordinates":[6.03,47.23]},"properties":{"name":"Besançon","rank":8,"capital":1,"pop":128426}},{"type":"Feature","geometry":{"type":"Point","coordinates":[23.7,37.95]},"properties":{"name":"Piraeus","rank":8,"capital":0,"pop":466065}},{"type":"Feature","geometry":{"type":"Point","coordinates":[22.95,39.37]},"properties":{"name":"Volos","rank":8,"capital":1,"pop":110632}},{"type":"Feature","geometry":{"type":"Point","coordinates":[24.0156,35.5122]},"properties":{"name":"Chania","rank":8,"capital":1,"pop":78728}},{"type":"Feature","geometry":{"type":"Point","coordinates":[24.4018,40.9412]},"properties":{"name":"Kavala","rank":8,"capital":1,"pop":59240}},{"type":"Feature","geometry":{"type":"Point","coordinates":[25.8744,40.8486]},"properties":{"name":"Alexandroupoli","rank":8,"capital":1,"pop":52979}},{"type":"Feature","geometry":{"type":"Point","coordinates":[42.73,42.25]},"properties":{"name":"Kutaisi","rank":8,"capital":0,"pop":183945}},{"type":"Feature","geometry":{"type":"Point","coordinates":[43.975,42.2325]},"properties":{"name":"Tskhinvali","rank":8,"capital":1,"pop":38502}},{"type":"Feature","geometry":{"type":"Point","coordinates":[34.83,31.25]},"properties":{"name":"Beersheba","rank":8,"capital":1,"pop":206408}},{"type":"Feature","geometry":{"type":"Point","coordinates":[64.078,45.4877]},"properties":{"name":"Zhosaly","rank":8,"capital":0,"pop":20065}},{"type":"Feature","geometry":{"type":"Point","coordinates":[52.8215,29.8014]},"properties":{"name":"Marvdasht","rank":8,"capital":0,"pop":125000}},{"type":"Feature","geometry":{"type":"Point","coordinates":[54.9629,36.4229]},"properties":{"name":"Shahrud","rank":8,"capital":0,"pop":131889}},{"type":"Feature","geometry":{"type":"Point","coordinates":[51.6466,35.3166]},"properties":{"name":"Varamin","rank":8,"capital":0,"pop":179603}},{"type":"Feature","geometry":{"type":"Point","coordinates":[49.2999,31.98]},"properties":{"name":"Masjed Soleyman","rank":8,"capital":0,"pop":153663}},{"type":"Feature","geometry":{"type":"Point","coordinates":[48.8,33.92]},"properties":{"name":"Borujerd","rank":8,"capital":0,"pop":251958}},{"type":"Feature","geometry":{"type":"Point","coordinates":[47.708,30.3892]},"properties":{"name":"Az Zubayr","rank":8,"capital":0,"pop":262219}},{"type":"Feature","geometry":{"type":"Point","coordinates":[44.924,31.9889]},"properties":{"name":"Al Diwaniyah","rank":8,"capital":1,"pop":358408}},{"type":"Feature","geometry":{"type":"Point","coordinates":[46.1772,31.4175]},"properties":{"name":"Ash Shatrah","rank":8,"capital":0,"pop":161949}},{"type":"Feature","geometry":{"type":"Point","coordinates":[48.85,34.32]},"properties":{"name":"Malayer","rank":8,"capital":0,"pop":176573}},{"type":"Feature","geometry":{"type":"Point","coordinates":[48.5,36.67]},"properties":{"name":"Zanjan","rank":8,"capital":1,"pop":357471}},{"type":"Feature","geometry":{"type":"Point","coordinates":[45.0,37.53]},"properties":{"name":"Urmia","rank":8,"capital":1,"pop":577307}},{"type":"Feature","geometry":{"type":"Point","coordinates":[47.0629,38.4829]},"properties":{"name":"Ahar","rank":8,"capital":0,"pop":103639}},{"type":"Feature","geometry":{"type":"Point","coordinates":[47.02,35.3]},"properties":{"name":"Sanandaj","rank":8,"capital":1,"pop":349176}},{"type":"Feature","geometry":{"type":"Point","coordinates":[45.5464,33.7436]},"properties":{"name":"Mandali","rank":8,"capital":0,"pop":29785}},{"type":"Feature","geometry":{"type":"Point","coordinates":[58.82,36.22]},"properties":{"name":"Nishapur","rank":8,"capital":0,"pop":221700}},{"type":"Feature","geometry":{"type":"Point","coordinates":[57.32,37.47]},"properties":{"name":"Bojnord","rank":8,"capital":1,"pop":208582}},{"type":"Feature","geometry":{"type":"Point","coordinates":[55.73,29.47]},"properties":{"name":"Sirjan","rank":8,"capital":0,"pop":175000}},{"type":"Feature","geometry":{"type":"Point","coordinates":[75.98,31.52]},"properties":{"name":"Hoshiarpur","rank":8,"capital":0,"pop":158142}},{"type":"Feature","geometry":{"type":"Point","coordinates":[74.64,26.45]},"properties":{"name":"Ajmer","rank":8,"capital":0,"pop":589985}},{"type":"Feature","geometry":{"type":"Point","coordinates":[78.05,27.6]},"properties":{"name":"Hathras","rank":8,"capital":0,"pop":126882}},{"type":"Feature","geometry":{"type":"Point","coordinates":[79.81,28.64]},"properties":{"name":"Pilibhit","rank":8,"capital":0,"pop":131008}},{"type":"Feature","geometry":{"type":"Point","coordinates":[79.09,28.03]},"properties":{"name":"Budaun","rank":8,"capital":0,"pop":161555}},{"type":"Feature","geometry":{"type":"Point","coordinates":[78.3949,27.15]},"properties":{"name":"Firozabad","rank":8,"capital":0,"pop":306409}},{"type":"Feature","geometry":{"type":"Point","coordinates":[77.67,27.5]},"properties":{"name":"Mathura","rank":8,"capital":0,"pop":330511}},{"type":"Feature","geometry":{"type":"Point","coordinates":[77.8484,28.4104]},"properties":{"name":"Bulandshahr","rank":8,"capital":0,"pop":198612}},{"type":"Feature","geometry":{"type":"Point","coordinates":[77.7628,28.7437]},"properties":{"name":"Hapur","rank":8,"capital":0,"pop":242920}},{"type":"Feature","geometry":{"type":"Point","coordinates":[77.695,29.485]},"properties":{"name":"Muzaffarnagar","rank":8,"capital":0,"pop":349706}},{"type":"Feature","geometry":{"type":"Point","coordinates":[9.4,56.4333]},"properties":{"name":"Viborg","rank":8,"capital":1,"pop":34831}},{"type":"Feature","geometry":{"type":"Point","coordinates":[12.0833,55.65]},"properties":{"name":"Roskilde","rank":8,"capital":0,"pop":44285}},{"type":"Feature","geometry":{"type":"Point","coordinates":[43.3,33.42]},"properties":{"name":"Ramadi","rank":8,"capital":1,"pop":295121}},{"type":"Feature","geometry":{"type":"Point","coordinates":[44.29,32.7786]},"properties":{"name":"Musayyib","rank":8,"capital":0,"pop":76454}},{"type":"Feature","geometry":{"type":"Point","coordinates":[19.68,46.07]},"properties":{"name":"Subotica","rank":8,"capital":0,"pop":100000}},{"type":"Feature","geometry":{"type":"Point","coordinates":[20.92,44.02]},"properties":{"name":"Kragujevac","rank":8,"capital":0,"pop":171197}},{"type":"Feature","geometry":{"type":"Point","coordinates":[20.3995,45.3786]},"properties":{"name":"Zrenjanin","rank":8,"capital":0,"pop":64053}},{"type":"Feature","geometry":{"type":"Point","coordinates":[19.4982,40.4774]},"properties":{"name":"Vlorë","rank":8,"capital":1,"pop":89546}},{"type":"Feature","geometry":{"type":"Point","coordinates":[20.0838,41.1215]},"properties":{"name":"Elbasan","rank":8,"capital":1,"pop":165010}},{"type":"Feature","geometry":{"type":"Point","coordinates":[43.8475,40.7894]},"properties":{"name":"Gyumri","rank":8,"capital":1,"pop":148381}},{"type":"Feature","geometry":{"type":"Point","coordinates":[3.7,51.03]},"properties":{"name":"Ghent","rank":8,"capital":1,"pop":444336}},{"type":"Feature","geometry":{"type":"Point","coordinates":[44.4883,40.8128]},"properties":{"name":"Vanadzor","rank":8,"capital":0,"pop":101098}},{"type":"Feature","geometry":{"type":"Point","coordinates":[46.35,40.685]},"properties":{"name":"Ganja","rank":8,"capital":0,"pop":303268}},{"type":"Feature","geometry":{"type":"Point","coordinates":[47.15,40.6172]},"properties":{"name":"Yevlakh","rank":8,"capital":1,"pop":53716}},{"type":"Feature","geometry":{"type":"Point","coordinates":[49.63,40.58]},"properties":{"name":"Sumqayit","rank":8,"capital":1,"pop":279159}},{"type":"Feature","geometry":{"type":"Point","coordinates":[62.5918,34.4868]},"properties":{"name":"Karukh","rank":8,"capital":0,"pop":17484}},{"type":"Feature","geometry":{"type":"Point","coordinates":[65.7383,36.658]},"properties":{"name":"Sheberghan","rank":8,"capital":1,"pop":93241}},{"type":"Feature","geometry":{"type":"Point","coordinates":[68.7011,35.9511]},"properties":{"name":"Pul-e Khomri","rank":8,"capital":0,"pop":56369}},{"type":"Feature","geometry":{"type":"Point","coordinates":[26.33,42.6794]},"properties":{"name":"Sliven","rank":8,"capital":1,"pop":96368}},{"type":"Feature","geometry":{"type":"Point","coordinates":[24.754,42.154]},"properties":{"name":"Plovdiv","rank":8,"capital":1,"pop":340494}},{"type":"Feature","geometry":{"type":"Point","coordinates":[23.0227,42.61]},"properties":{"name":"Pernik","rank":8,"capital":1,"pop":82467}},{"type":"Feature","geometry":{"type":"Point","coordinates":[23.5625,43.21]},"properties":{"name":"Vratsa","rank":8,"capital":1,"pop":71633}},{"type":"Feature","geometry":{"type":"Point","coordinates":[26.9294,43.27]},"properties":{"name":"Shumen","rank":8,"capital":1,"pop":87283}},{"type":"Feature","geometry":{"type":"Point","coordinates":[16.25,47.816]},"properties":{"name":"Wiener Neustadt","rank":8,"capital":0,"pop":82762}},{"type":"Feature","geometry":{"type":"Point","coordinates":[26.0134,53.1368]},"properties":{"name":"Baranavichy","rank":8,"capital":0,"pop":168772}},{"type":"Feature","geometry":{"type":"Point","coordinates":[28.786,55.4894]},"properties":{"name":"Polotsk","rank":8,"capital":0,"pop":82258}},{"type":"Feature","geometry":{"type":"Point","coordinates":[26.8653,54.3188]},"properties":{"name":"Maladziečna","rank":8,"capital":0,"pop":101300}},{"type":"Feature","geometry":{"type":"Point","coordinates":[17.92,44.22]},"properties":{"name":"Zenica","rank":8,"capital":0,"pop":164423}},{"type":"Feature","geometry":{"type":"Point","coordinates":[5.58,50.63]},"properties":{"name":"Liège","rank":8,"capital":1,"pop":749110}},{"type":"Feature","geometry":{"type":"Point","coordinates":[70.9904,20.7197]},"properties":{"name":"Diu","rank":8,"capital":0,"pop":23779}},{"type":"Feature","geometry":{"type":"Point","coordinates":[55.0107,24.9762]},"properties":{"name":"Jebel Ali","rank":8,"capital":0,"pop":80000}},{"type":"Feature","geometry":{"type":"Point","coordinates":[58.8768,20.6562]},"properties":{"name":"Hilf","rank":8,"capital":0,"pop":8500}},{"type":"Feature","geometry":{"type":"Point","coordinates":[35.0956,31.5406]},"properties":{"name":"Hebron","rank":8,"capital":0,"pop":280321}},{"type":"Feature","geometry":{"type":"Point","coordinates":[33.95,35.125]},"properties":{"name":"Famagusta","rank":8,"capital":1,"pop":42526}},{"type":"Feature","geometry":{"type":"Point","coordinates":[-5.1121,56.8165]},"properties":{"name":"Fort William","rank":8,"capital":0,"pop":9652}},{"type":"Feature","geometry":{"type":"Point","coordinates":[16.1833,54.2]},"properties":{"name":"Koszalin","rank":8,"capital":0,"pop":107450}},{"type":"Feature","geometry":{"type":"Point","coordinates":[-2.43,36.8303]},"properties":{"name":"Almería","rank":7,"capital":0,"pop":179405}},{"type":"Feature","geometry":{"type":"Point","coordinates":[-4.42,36.7204]},"properties":{"name":"Málaga","rank":7,"capital":0,"pop":550058}},{"type":"Feature","geometry":{"type":"Point","coordinates":[-3.8,37.7704]},"properties":{"name":"Jaén","rank":7,"capital":0,"pop":116400}},{"type":"Feature","geometry":{"type":"Point","coordinates":[-6.9299,37.2504]},"properties":{"name":"Huelva","rank":7,"capital":0,"pop":144174}},{"type":"Feature","geometry":{"type":"Point","coordinates":[-1.87,39.0003]},"properties":{"name":"Albacete","rank":7,"capital":0,"pop":158094}},{"type":"Feature","geometry":{"type":"Point","coordinates":[-4.0167,39.867]},"properties":{"name":"Toledo","rank":7,"capital":1,"pop":74632}},{"type":"Feature","geometry":{"type":"Point","coordinates":[-3.1666,40.6337]},"properties":{"name":"Guadalajara","rank":7,"capital":0,"pop":72850}},{"type":"Feature","geometry":{"type":"Point","coordinates":[-3.8,43.3805]},"properties":{"name":"Santander","rank":7,"capital":1,"pop":208763}},{"type":"Feature","geometry":{"type":"Point","coordinates":[-5.67,40.9704]},"properties":{"name":"Salamanca","rank":7,"capital":0,"pop":162353}},{"type":"Feature","geometry":{"type":"Point","coordinates":[-3.68,42.3504]},"properties":{"name":"Burgos","rank":7,"capital":0,"pop":170183}},{"type":"Feature","geometry":{"type":"Point","coordinates":[0.63,6.9004]},"properties":{"name":"Kpalimé","rank":7,"capital":1,"pop":100479}},{"type":"Feature","geometry":{"type":"Point","coordinates":[1.15,8.9905]},"properties":{"name":"Sokodé","rank":7,"capital":1,"pop":117811}},{"type":"Feature","geometry":{"type":"Point","coordinates":[0.4708,10.3596]},"properties":{"name":"Mango","rank":7,"capital":0,"pop":42626}},{"type":"Feature","geometry":{"type":"Point","coordinates":[11.22,33.1404]},"properties":{"name":"Ben Gardane","rank":7,"capital":0,"pop":19843}},{"type":"Feature","geometry":{"type":"Point","coordinates":[11.1,33.5104]},"properties":{"name":"Zarzis","rank":7,"capital":0,"pop":159161}},{"type":"Feature","geometry":{"type":"Point","coordinates":[10.7,32.017]},"properties":{"name":"Dehiba","rank":7,"capital":0,"pop":3525}},{"type":"Feature","geometry":{"type":"Point","coordinates":[1.25,41.1204]},"properties":{"name":"Tarragona","rank":7,"capital":0,"pop":126291}},{"type":"Feature","geometry":{"type":"Point","coordinates":[8.13,33.9304]},"properties":{"name":"Tozeur","rank":7,"capital":1,"pop":39504}},{"type":"Feature","geometry":{"type":"Point","coordinates":[9.19,36.7304]},"properties":{"name":"Béja","rank":7,"capital":1,"pop":59567}},{"type":"Feature","geometry":{"type":"Point","coordinates":[9.855,37.2904]},"properties":{"name":"Bizerte","rank":7,"capital":1,"pop":139843}},{"type":"Feature","geometry":{"type":"Point","coordinates":[10.73,36.4603]},"properties":{"name":"Nabeul","rank":7,"capital":1,"pop":115149}},{"type":"Feature","geometry":{"type":"Point","coordinates":[8.7148,36.1826]},"properties":{"name":"El Kef","rank":7,"capital":1,"pop":47979}},{"type":"Feature","geometry":{"type":"Point","coordinates":[8.83,35.1804]},"properties":{"name":"Kasserine","rank":7,"capital":0,"pop":81987}},{"type":"Feature","geometry":{"type":"Point","coordinates":[10.1,33.9004]},"properties":{"name":"Gabès","rank":7,"capital":1,"pop":219517}},{"type":"Feature","geometry":{"type":"Point","coordinates":[8.78,34.4204]},"properties":{"name":"Gafsa","rank":7,"capital":1,"pop":126803}},{"type":"Feature","geometry":{"type":"Point","coordinates":[10.1,35.6804]},"properties":{"name":"Kairouan","rank":7,"capital":1,"pop":144522}},{"type":"Feature","geometry":{"type":"Point","coordinates":[35.8866,34.8846]},"properties":{"name":"Tartus","rank":7,"capital":1,"pop":162980}},{"type":"Feature","geometry":{"type":"Point","coordinates":[39.02,35.9304]},"properties":{"name":"Raqqa","rank":7,"capital":1,"pop":177636}},{"type":"Feature","geometry":{"type":"Point","coordinates":[36.73,35.1503]},"properties":{"name":"Hama","rank":7,"capital":1,"pop":460602}},{"type":"Feature","geometry":{"type":"Point","coordinates":[38.2833,34.5504]},"properties":{"name":"Tadmur","rank":7,"capital":0,"pop":55111}},{"type":"Feature","geometry":{"type":"Point","coordinates":[40.9186,34.4504]},"properties":{"name":"Abu Kamal","rank":7,"capital":0,"pop":80808}},{"type":"Feature","geometry":{"type":"Point","coordinates":[40.13,35.3304]},"properties":{"name":"Deir ez-Zor","rank":7,"capital":1,"pop":309141}},{"type":"Feature","geometry":{"type":"Point","coordinates":[36.5666,32.7004]},"properties":{"name":"Al-Suwayda","rank":7,"capital":1,"pop":72248}},{"type":"Feature","geometry":{"type":"Point","coordinates":[36.7333,34.017]},"properties":{"name":"An-Nabk","rank":7,"capital":0,"pop":50178}},{"type":"Feature","geometry":{"type":"Point","coordinates":[34.35,11.7704]},"properties":{"name":"Ad-Damazin","rank":7,"capital":1,"pop":186051}},{"type":"Feature","geometry":{"type":"Point","coordinates":[36.3842,18.3362]},"properties":{"name":"Hayya","rank":7,"capital":0,"pop":20000}},{"type":"Feature","geometry":{"type":"Point","coordinates":[43.3155,14.1951]},"properties":{"name":"Zabid","rank":7,"capital":0,"pop":152504}},{"type":"Feature","geometry":{"type":"Point","coordinates":[43.6021,15.6917]},"properties":{"name":"Hajjah","rank":7,"capital":1,"pop":208287}},{"type":"Feature","geometry":{"type":"Point","coordinates":[44.8838,13.0582]},"properties":{"name":"Lahij","rank":7,"capital":1,"pop":66288}},{"type":"Feature","geometry":{"type":"Point","coordinates":[8.28,47.0504]},"properties":{"name":"Lucerne","rank":7,"capital":1,"pop":250000}},{"type":"Feature","geometry":{"type":"Point","coordinates":[8.9667,46.0004]},"properties":{"name":"Lugano","rank":7,"capital":0,"pop":105388}},{"type":"Feature","geometry":{"type":"Point","coordinates":[16.3666,56.667]},"properties":{"name":"Kalmar","rank":7,"capital":1,"pop":35024}},{"type":"Feature","geometry":{"type":"Point","coordinates":[14.8167,56.8837]},"properties":{"name":"Växjö","rank":7,"capital":1,"pop":59600}},{"type":"Feature","geometry":{"type":"Point","coordinates":[12.8556,56.6718]},"properties":{"name":"Halmstad","rank":7,"capital":1,"pop":55657}},{"type":"Feature","geometry":{"type":"Point","coordinates":[18.3,57.6337]},"properties":{"name":"Visby","rank":7,"capital":1,"pop":22593}},{"type":"Feature","geometry":{"type":"Point","coordinates":[34.4,45.717]},"properties":{"name":"Dzhankoi","rank":7,"capital":0,"pop":43879}},{"type":"Feature","geometry":{"type":"Point","coordinates":[33.3631,45.1969]},"properties":{"name":"Yevpatoria","rank":7,"capital":0,"pop":105223}},{"type":"Feature","geometry":{"type":"Point","coordinates":[36.4881,45.3685]},"properties":{"name":"Kerch","rank":7,"capital":0,"pop":152195}},{"type":"Feature","geometry":{"type":"Point","coordinates":[34.0987,44.9492]},"properties":{"name":"Simferopol","rank":7,"capital":1,"pop":358108}},{"type":"Feature","geometry":{"type":"Point","coordinates":[32.6007,46.6325]},"properties":{"name":"Kherson","rank":7,"capital":1,"pop":320477}},{"type":"Feature","geometry":{"type":"Point","coordinates":[31.3333,47.5504]},"properties":{"name":"Voznesensk","rank":7,"capital":0,"pop":43996}},{"type":"Feature","geometry":{"type":"Point","coordinates":[31.8903,51.0541]},"properties":{"name":"Nizhyn","rank":7,"capital":0,"pop":116288}},{"type":"Feature","geometry":{"type":"Point","coordinates":[26.2528,50.6166]},"properties":{"name":"Rivne","rank":7,"capital":1,"pop":255106}},{"type":"Feature","geometry":{"type":"Point","coordinates":[25.9216,48.3053]},"properties":{"name":"Chernivtsi","rank":7,"capital":1,"pop":298251}},{"type":"Feature","geometry":{"type":"Point","coordinates":[24.7094,48.9348]},"properties":{"name":"Ivano-Frankivsk","rank":7,"capital":1,"pop":241239}},{"type":"Feature","geometry":{"type":"Point","coordinates":[25.5821,49.536]},"properties":{"name":"Ternopil","rank":7,"capital":1,"pop":244768}},{"type":"Feature","geometry":{"type":"Point","coordinates":[25.3334,50.7472]},"properties":{"name":"Lutsk","rank":7,"capital":1,"pop":213661}},{"type":"Feature","geometry":{"type":"Point","coordinates":[24.7166,51.2171]},"properties":{"name":"Kovel","rank":7,"capital":0,"pop":71301}},{"type":"Feature","geometry":{"type":"Point","coordinates":[32.0709,49.4347]},"properties":{"name":"Cherkasy","rank":7,"capital":1,"pop":297568}},{"type":"Feature","geometry":{"type":"Point","coordinates":[32.2603,48.5041]},"properties":{"name":"Kropyvnytskyi","rank":7,"capital":1,"pop":249454}},{"type":"Feature","geometry":{"type":"Point","coordinates":[28.8374,45.3503]},"properties":{"name":"Izmail","rank":7,"capital":0,"pop":83194}},{"type":"Feature","geometry":{"type":"Point","coordinates":[28.4816,49.2254]},"properties":{"name":"Vinnytsia","rank":7,"capital":1,"pop":352115}},{"type":"Feature","geometry":{"type":"Point","coordinates":[28.65,50.9504]},"properties":{"name":"Korosten","rank":7,"capital":0,"pop":72984}},{"type":"Feature","geometry":{"type":"Point","coordinates":[33.4797,51.8734]},"properties":{"name":"Shostka","rank":7,"capital":0,"pop":96825}},{"type":"Feature","geometry":{"type":"Point","coordinates":[34.4062,47.5666]},"properties":{"name":"Nikopol","rank":7,"capital":0,"pop":130500}},{"type":"Feature","geometry":{"type":"Point","coordinates":[37.5981,49.7218]},"properties":{"name":"Kupiansk","rank":7,"capital":0,"pop":78870}},{"type":"Feature","geometry":{"type":"Point","coordinates":[38.4274,48.9204]},"properties":{"name":"Lysychansk","rank":7,"capital":0,"pop":124421}},{"type":"Feature","geometry":{"type":"Point","coordinates":[39.3344,48.5698]},"properties":{"name":"Luhansk","rank":7,"capital":1,"pop":452000}},{"type":"Feature","geometry":{"type":"Point","coordinates":[34.5703,49.574]},"properties":{"name":"Poltava","rank":7,"capital":1,"pop":317847}},{"type":"Feature","geometry":{"type":"Point","coordinates":[33.4296,49.0835]},"properties":{"name":"Kremenchuk","rank":7,"capital":0,"pop":232742}},{"type":"Feature","geometry":{"type":"Point","coordinates":[35.3775,46.8378]},"properties":{"name":"Melitopol","rank":7,"capital":0,"pop":158000}},{"type":"Feature","geometry":{"type":"Point","coordinates":[52.1638,16.2394]},"properties":{"name":"Al Ghaydah","rank":7,"capital":0,"pop":27404}},{"type":"Feature","geometry":{"type":"Point","coordinates":[44.8341,14.4295]},"properties":{"name":"Rida","rank":7,"capital":0,"pop":45233}},{"type":"Feature","geometry":{"type":"Point","coordinates":[54.0239,12.6519]},"properties":{"name":"Hadibu","rank":7,"capital":0,"pop":11396}},{"type":"Feature","geometry":{"type":"Point","coordinates":[48.7873,15.943]},"properties":{"name":"Seiyun","rank":7,"capital":0,"pop":68747}},{"type":"Feature","geometry":{"type":"Point","coordinates":[55.9428,25.7915]},"properties":{"name":"Ras al-Khaimah","rank":7,"capital":1,"pop":160849}},{"type":"Feature","geometry":{"type":"Point","coordinates":[56.3375,25.1234]},"properties":{"name":"Fujairah","rank":7,"capital":1,"pop":94163}},{"type":"Feature","geometry":{"type":"Point","coordinates":[55.74,24.2305]},"properties":{"name":"Al Ain","rank":7,"capital":0,"pop":408733}},{"type":"Feature","geometry":{"type":"Point","coordinates":[54.3649,39.5124]},"properties":{"name":"Balkanabat","rank":7,"capital":1,"pop":110827}},{"type":"Feature","geometry":{"type":"Point","coordinates":[59.6,37.3503]},"properties":{"name":"Kaka","rank":7,"capital":0,"pop":38381}},{"type":"Feature","geometry":{"type":"Point","coordinates":[64.5458,39.7211]},"properties":{"name":"Kagan","rank":7,"capital":0,"pop":107566}},{"type":"Feature","geometry":{"type":"Point","coordinates":[60.3557,41.3911]},"properties":{"name":"Khiva","rank":7,"capital":0,"pop":149751}},{"type":"Feature","geometry":{"type":"Point","coordinates":[59.7708,42.9311]},"properties":{"name":"Chimboy","rank":7,"capital":0,"pop":36917}},{"type":"Feature","geometry":{"type":"Point","coordinates":[58.9,43.0704]},"properties":{"name":"Qo‘ng‘irot","rank":7,"capital":0,"pop":57758}},{"type":"Feature","geometry":{"type":"Point","coordinates":[64.2018,41.5822]},"properties":{"name":"Zarafshan","rank":7,"capital":0,"pop":63543}},{"type":"Feature","geometry":{"type":"Point","coordinates":[65.355,40.1104]},"properties":{"name":"Navoiy","rank":7,"capital":1,"pop":214828}},{"type":"Feature","geometry":{"type":"Point","coordinates":[65.1997,37.8248]},"properties":{"name":"Kerki","rank":7,"capital":0,"pop":33242}},{"type":"Feature","geometry":{"type":"Point","coordinates":[66.8315,39.0618]},"properties":{"name":"Shahrisabz","rank":7,"capital":0,"pop":498545}},{"type":"Feature","geometry":{"type":"Point","coordinates":[65.8,38.8704]},"properties":{"name":"Qarshi","rank":7,"capital":1,"pop":386361}},{"type":"Feature","geometry":{"type":"Point","coordinates":[70.94,40.5404]},"properties":{"name":"Kokand","rank":7,"capital":0,"pop":350000}},{"type":"Feature","geometry":{"type":"Point","coordinates":[68.689,37.9794]},"properties":{"name":"Kuybyshevsk","rank":7,"capital":0,"pop":8925}},{"type":"Feature","geometry":{"type":"Point","coordinates":[69.7757,37.9212]},"properties":{"name":"Kulob","rank":7,"capital":1,"pop":115164}},{"type":"Feature","geometry":{"type":"Point","coordinates":[69.0015,39.9219]},"properties":{"name":"Istarawshan","rank":7,"capital":0,"pop":156621}},{"type":"Feature","geometry":{"type":"Point","coordinates":[67.83,40.1004]},"properties":{"name":"Jizzakh","rank":7,"capital":1,"pop":235352}},{"type":"Feature","geometry":{"type":"Point","coordinates":[70.1549,41.0304]},"properties":{"name":"Angren","rank":7,"capital":0,"pop":202070}},{"type":"Feature","geometry":{"type":"Point","coordinates":[69.595,40.8504]},"properties":{"name":"Olmaliq","rank":7,"capital":0,"pop":121207}},{"type":"Feature","geometry":{"type":"Point","coordinates":[-1.6985,37.6886]},"properties":{"name":"Lorca","rank":7,"capital":0,"pop":86119}},{"type":"Feature","geometry":{"type":"Point","coordinates":[-0.98,37.6004]},"properties":{"name":"Cartagena","rank":7,"capital":0,"pop":201274}},{"type":"Feature","geometry":{"type":"Point","coordinates":[-5.83,43.3505]},"properties":{"name":"Oviedo","rank":7,"capital":1,"pop":235651}},{"type":"Feature","geometry":{"type":"Point","coordinates":[-8.5411,42.8829]},"properties":{"name":"Santiago de Compostela","rank":7,"capital":1,"pop":92430}},{"type":"Feature","geometry":{"type":"Point","coordinates":[-6.97,38.8804]},"properties":{"name":"Badajoz","rank":7,"capital":0,"pop":140133}},{"type":"Feature","geometry":{"type":"Point","coordinates":[-2.43,42.4704]},"properties":{"name":"Logroño","rank":7,"capital":1,"pop":143698}},{"type":"Feature","geometry":{"type":"Point","coordinates":[-1.98,43.3204]},"properties":{"name":"Donostia-San Sebastián","rank":7,"capital":0,"pop":357468}},{"type":"Feature","geometry":{"type":"Point","coordinates":[29.4769,4.9151]},"properties":{"name":"Maridi","rank":7,"capital":0,"pop":14224}},{"type":"Feature","geometry":{"type":"Point","coordinates":[30.68,4.0904]},"properties":{"name":"Yei","rank":7,"capital":1,"pop":185000}},{"type":"Feature","geometry":{"type":"Point","coordinates":[32.2,10.4337]},"properties":{"name":"Melut","rank":7,"capital":0,"pop":6407}},{"type":"Feature","geometry":{"type":"Point","coordinates":[33.0666,8.6004]},"properties":{"name":"Nasir","rank":7,"capital":0,"pop":1741}},{"type":"Feature","geometry":{"type":"Point","coordinates":[28.1167,8.5337]},"properties":{"name":"Gogrial","rank":7,"capital":0,"pop":50065}},{"type":"Feature","geometry":{"type":"Point","coordinates":[32.98,14.2504]},"properties":{"name":"El Manaqil","rank":7,"capital":1,"pop":151827}},{"type":"Feature","geometry":{"type":"Point","coordinates":[33.42,16.6805]},"properties":{"name":"Shendi","rank":7,"capital":0,"pop":186611}},{"type":"Feature","geometry":{"type":"Point","coordinates":[33.9833,18.017]},"properties":{"name":"Berber","rank":7,"capital":0,"pop":49556}},{"type":"Feature","geometry":{"type":"Point","coordinates":[30.4166,19.6337]},"properties":{"name":"Kerma","rank":7,"capital":0,"pop":3928}},{"type":"Feature","geometry":{"type":"Point","coordinates":[32.3,13.9904]},"properties":{"name":"Ed Dueim","rank":7,"capital":0,"pop":87068}},{"type":"Feature","geometry":{"type":"Point","coordinates":[31.2,12.9104]},"properties":{"name":"Umm Ruwaba","rank":7,"capital":0,"pop":55742}},{"type":"Feature","geometry":{"type":"Point","coordinates":[33.5902,4.7721]},"properties":{"name":"Kapoeta","rank":7,"capital":1,"pop":7042}},{"type":"Feature","geometry":{"type":"Point","coordinates":[-4.6167,55.4504]},"properties":{"name":"Ayr","rank":7,"capital":0,"pop":69042}},{"type":"Feature","geometry":{"type":"Point","coordinates":[-2.105,57.1451]},"properties":{"name":"Aberdeen","rank":7,"capital":0,"pop":189364}},{"type":"Feature","geometry":{"type":"Point","coordinates":[-3.4364,56.3926]},"properties":{"name":"Perth","rank":7,"capital":0,"pop":39654}},{"type":"Feature","geometry":{"type":"Point","coordinates":[-3.0,56.4704]},"properties":{"name":"Dundee","rank":7,"capital":0,"pop":151592}},{"type":"Feature","geometry":{"type":"Point","coordinates":[-1.23,54.5804]},"properties":{"name":"Middlesbrough","rank":7,"capital":0,"pop":416042}},{"type":"Feature","geometry":{"type":"Point","coordinates":[-1.5027,52.4007]},"properties":{"name":"Coventry","rank":7,"capital":0,"pop":388271}},{"type":"Feature","geometry":{"type":"Point","coordinates":[-2.35,51.3837]},"properties":{"name":"Bath","rank":7,"capital":0,"pop":93238}},{"type":"Feature","geometry":{"type":"Point","coordinates":[-3.53,50.7004]},"properties":{"name":"Exeter","rank":7,"capital":0,"pop":113118}},{"type":"Feature","geometry":{"type":"Point","coordinates":[0.1166,52.2004]},"properties":{"name":"Cambridge","rank":7,"capital":0,"pop":128488}},{"type":"Feature","geometry":{"type":"Point","coordinates":[-0.33,53.7504]},"properties":{"name":"Kingston upon Hull","rank":7,"capital":0,"pop":302296}},{"type":"Feature","geometry":{"type":"Point","coordinates":[-7.3333,55.0004]},"properties":{"name":"Londonderry/Derry","rank":7,"capital":0,"pop":83652}},{"type":"Feature","geometry":{"type":"Point","coordinates":[-6.0477,54.5103]},"properties":{"name":"Lisburn","rank":7,"capital":0,"pop":12899}},{"type":"Feature","geometry":{"type":"Point","coordinates":[-5.55,50.1337]},"properties":{"name":"Penzance","rank":7,"capital":0,"pop":20812}},{"type":"Feature","geometry":{"type":"Point","coordinates":[-1.0721,53.9512]},"properties":{"name":"York","rank":7,"capital":0,"pop":158947}},{"type":"Feature","geometry":{"type":"Point","coordinates":[-3.05,53.8304]},"properties":{"name":"Blackpool","rank":7,"capital":0,"pop":272792}},{"type":"Feature","geometry":{"type":"Point","coordinates":[-3.55,55.0671]},"properties":{"name":"Dumfries","rank":7,"capital":0,"pop":31044}},{"type":"Feature","geometry":{"type":"Point","coordinates":[-0.43,54.2804]},"properties":{"name":"Scarborough","rank":7,"capital":0,"pop":70571}},{"type":"Feature","geometry":{"type":"Point","coordinates":[-4.16,50.3854]},"properties":{"name":"Plymouth","rank":7,"capital":0,"pop":247297}},{"type":"Feature","geometry":{"type":"Point","coordinates":[27.4103,37.7512]},"properties":{"name":"Söke","rank":7,"capital":0,"pop":77341}},{"type":"Feature","geometry":{"type":"Point","coordinates":[27.89,39.6504]},"properties":{"name":"Balıkesir","rank":7,"capital":1,"pop":261516}},{"type":"Feature","geometry":{"type":"Point","coordinates":[26.4064,40.1459]},"properties":{"name":"Çanakkale","rank":7,"capital":1,"pop":87791}},{"type":"Feature","geometry":{"type":"Point","coordinates":[26.57,41.6704]},"properties":{"name":"Edirne","rank":7,"capital":1,"pop":126470}},{"type":"Feature","geometry":{"type":"Point","coordinates":[27.51,40.9909]},"properties":{"name":"Tekirdağ","rank":7,"capital":1,"pop":122287}},{"type":"Feature","geometry":{"type":"Point","coordinates":[29.9306,40.776]},"properties":{"name":"İzmit","rank":7,"capital":1,"pop":466504}},{"type":"Feature","geometry":{"type":"Point","coordinates":[31.6061,40.7363]},"properties":{"name":"Bolu","rank":7,"capital":1,"pop":96629}},{"type":"Feature","geometry":{"type":"Point","coordinates":[30.55,38.7504]},"properties":{"name":"Afyonkarahisar","rank":7,"capital":1,"pop":156992}},{"type":"Feature","geometry":{"type":"Point","coordinates":[29.08,37.7704]},"properties":{"name":"Denizli","rank":7,"capital":1,"pop":372344}},{"type":"Feature","geometry":{"type":"Point","coordinates":[27.44,38.6304]},"properties":{"name":"Manisa","rank":7,"capital":1,"pop":243971}},{"type":"Feature","geometry":{"type":"Point","coordinates":[38.2799,37.7704]},"properties":{"name":"Adıyaman","rank":7,"capital":1,"pop":223744}},{"type":"Feature","geometry":{"type":"Point","coordinates":[38.3,38.3704]},"properties":{"name":"Malatya","rank":7,"capital":1,"pop":461574}},{"type":"Feature","geometry":{"type":"Point","coordinates":[34.88,36.9204]},"properties":{"name":"Tarsus","rank":7,"capital":0,"pop":894318}},{"type":"Feature","geometry":{"type":"Point","coordinates":[35.9333,36.1171]},"properties":{"name":"Samandağ","rank":7,"capital":0,"pop":93638}},{"type":"Feature","geometry":{"type":"Point","coordinates":[36.17,36.5804]},"properties":{"name":"İskenderun","rank":7,"capital":0,"pop":297943}},{"type":"Feature","geometry":{"type":"Point","coordinates":[35.833,40.6537]},"properties":{"name":"Amasya","rank":7,"capital":1,"pop":82896}},{"type":"Feature","geometry":{"type":"Point","coordinates":[37.8699,41.0004]},"properties":{"name":"Ordu","rank":7,"capital":1,"pop":155117}},{"type":"Feature","geometry":{"type":"Point","coordinates":[37.035,39.7454]},"properties":{"name":"Sivas","rank":7,"capital":1,"pop":264022}},{"type":"Feature","geometry":{"type":"Point","coordinates":[35.9069,41.5682]},"properties":{"name":"Bafra","rank":7,"capital":0,"pop":97452}},{"type":"Feature","geometry":{"type":"Point","coordinates":[41.29,39.9204]},"properties":{"name":"Erzurum","rank":7,"capital":1,"pop":420691}},{"type":"Feature","geometry":{"type":"Point","coordinates":[39.4928,39.7526]},"properties":{"name":"Erzincan","rank":7,"capital":1,"pop":129407}},{"type":"Feature","geometry":{"type":"Point","coordinates":[43.0513,39.7198]},"properties":{"name":"Ağrı","rank":7,"capital":1,"pop":87854}},{"type":"Feature","geometry":{"type":"Point","coordinates":[40.23,37.9204]},"properties":{"name":"Diyarbakır","rank":7,"capital":1,"pop":644763}},{"type":"Feature","geometry":{"type":"Point","coordinates":[41.4969,38.749]},"properties":{"name":"Muş","rank":7,"capital":1,"pop":82536}},{"type":"Feature","geometry":{"type":"Point","coordinates":[1.17,52.0703]},"properties":{"name":"Ipswich","rank":7,"capital":0,"pop":143767}},{"type":"Feature","geometry":{"type":"Point","coordinates":[1.3,52.6304]},"properties":{"name":"Norwich","rank":7,"capital":0,"pop":190756}},{"type":"Feature","geometry":{"type":"Point","coordinates":[79.88,6.7804]},"properties":{"name":"Moratuwa","rank":7,"capital":0,"pop":200000}},{"type":"Feature","geometry":{"type":"Point","coordinates":[-0.17,50.8303]},"properties":{"name":"Brighton","rank":7,"capital":0,"pop":503008}},{"type":"Feature","geometry":{"type":"Point","coordinates":[-4.2333,57.4671]},"properties":{"name":"Inverness","rank":7,"capital":0,"pop":45158}},{"type":"Feature","geometry":{"type":"Point","coordinates":[-1.2481,51.7518]},"properties":{"name":"Oxford","rank":7,"capital":0,"pop":192796}},{"type":"Feature","geometry":{"type":"Point","coordinates":[-0.42,51.8804]},"properties":{"name":"Luton","rank":7,"capital":0,"pop":235958}},{"type":"Feature","geometry":{"type":"Point","coordinates":[-1.08,50.8003]},"properties":{"name":"Portsmouth","rank":7,"capital":0,"pop":442252}},{"type":"Feature","geometry":{"type":"Point","coordinates":[-0.2484,52.5672]},"properties":{"name":"Peterborough","rank":7,"capital":0,"pop":140141}},{"type":"Feature","geometry":{"type":"Point","coordinates":[-1.1657,52.9411]},"properties":{"name":"Nottingham","rank":7,"capital":0,"pop":825600}},{"type":"Feature","geometry":{"type":"Point","coordinates":[-2.18,53.0004]},"properties":{"name":"Stoke-on-Trent","rank":7,"capital":0,"pop":390801}},{"type":"Feature","geometry":{"type":"Point","coordinates":[31.78,41.4304]},"properties":{"name":"Zonguldak","rank":7,"capital":1,"pop":156918}},{"type":"Feature","geometry":{"type":"Point","coordinates":[34.0517,37.5063]},"properties":{"name":"Ereğli","rank":7,"capital":0,"pop":92117}},{"type":"Feature","geometry":{"type":"Point","coordinates":[33.215,37.1815]},"properties":{"name":"Karaman","rank":7,"capital":1,"pop":120399}},{"type":"Feature","geometry":{"type":"Point","coordinates":[29.42,38.6804]},"properties":{"name":"Uşak","rank":7,"capital":1,"pop":152862}},{"type":"Feature","geometry":{"type":"Point","coordinates":[37.12,36.7204]},"properties":{"name":"Kilis","rank":7,"capital":1,"pop":82301}},{"type":"Feature","geometry":{"type":"Point","coordinates":[33.53,39.8504]},"properties":{"name":"Kırıkkale","rank":7,"capital":0,"pop":211138}},{"type":"Feature","geometry":{"type":"Point","coordinates":[43.0975,40.6085]},"properties":{"name":"Kars","rank":7,"capital":1,"pop":77486}},{"type":"Feature","geometry":{"type":"Point","coordinates":[40.7427,37.3115]},"properties":{"name":"Mardin","rank":7,"capital":1,"pop":71373}},{"type":"Feature","geometry":{"type":"Point","coordinates":[41.14,37.8904]},"properties":{"name":"Batman","rank":7,"capital":1,"pop":302074}},{"type":"Feature","geometry":{"type":"Point","coordinates":[43.4,38.4954]},"properties":{"name":"Van","rank":7,"capital":1,"pop":371713}},{"type":"Feature","geometry":{"type":"Point","coordinates":[35.8236,33.1257]},"properties":{"name":"Quneitra","rank":7,"capital":1,"pop":4318}},{"type":"Feature","geometry":{"type":"Point","coordinates":[33.1999,0.4404]},"properties":{"name":"Jinja","rank":7,"capital":1,"pop":301619}},{"type":"Feature","geometry":{"type":"Point","coordinates":[33.6,1.7104]},"properties":{"name":"Soroti","rank":7,"capital":1,"pop":1038}},{"type":"Feature","geometry":{"type":"Point","coordinates":[30.9,3.0204]},"properties":{"name":"Arua","rank":7,"capital":1,"pop":250000}},{"type":"Feature","geometry":{"type":"Point","coordinates":[31.48,2.4704]},"properties":{"name":"Pakwach","rank":7,"capital":0,"pop":17541}},{"type":"Feature","geometry":{"type":"Point","coordinates":[31.72,3.6504]},"properties":{"name":"Moyo Town","rank":7,"capital":1,"pop":22434}},{"type":"Feature","geometry":{"type":"Point","coordinates":[32.46,0.0604]},"properties":{"name":"Entebbe","rank":7,"capital":1,"pop":175128}},{"type":"Feature","geometry":{"type":"Point","coordinates":[31.37,0.5904]},"properties":{"name":"Mubende","rank":7,"capital":1,"pop":18936}},{"type":"Feature","geometry":{"type":"Point","coordinates":[32.05,0.4004]},"properties":{"name":"Mityana","rank":7,"capital":1,"pop":41131}},{"type":"Feature","geometry":{"type":"Point","coordinates":[32.87,3.3004]},"properties":{"name":"Kitgum","rank":7,"capital":1,"pop":56891}},{"type":"Feature","geometry":{"type":"Point","coordinates":[32.89,2.2604]},"properties":{"name":"Lira","rank":7,"capital":1,"pop":135445}},{"type":"Feature","geometry":{"type":"Point","coordinates":[32.0699,1.7004]},"properties":{"name":"Masindi Port","rank":7,"capital":1,"pop":8319}},{"type":"Feature","geometry":{"type":"Point","coordinates":[34.17,1.0904]},"properties":{"name":"Mbale","rank":7,"capital":1,"pop":402368}},{"type":"Feature","geometry":{"type":"Point","coordinates":[34.17,0.7104]},"properties":{"name":"Tororo","rank":7,"capital":1,"pop":150000}},{"type":"Feature","geometry":{"type":"Point","coordinates":[34.12,3.5204]},"properties":{"name":"Kaabong","rank":7,"capital":0,"pop":1137}},{"type":"Feature","geometry":{"type":"Point","coordinates":[34.64,2.5403]},"properties":{"name":"Moroto Town","rank":7,"capital":1,"pop":371}},{"type":"Feature","geometry":{"type":"Point","coordinates":[18.22,46.0804]},"properties":{"name":"Pécs","rank":7,"capital":1,"pop":186262}},{"type":"Feature","geometry":{"type":"Point","coordinates":[17.63,47.7004]},"properties":{"name":"Győr","rank":7,"capital":1,"pop":136081}},{"type":"Feature","geometry":{"type":"Point","coordinates":[17.8,46.367]},"properties":{"name":"Kaposvár","rank":7,"capital":1,"pop":108528}},{"type":"Feature","geometry":{"type":"Point","coordinates":[19.1332,47.7837]},"properties":{"name":"Vác","rank":7,"capital":0,"pop":35293}},{"type":"Feature","geometry":{"type":"Point","coordinates":[20.78,48.1004]},"properties":{"name":"Miskolc","rank":7,"capital":1,"pop":247757}},{"type":"Feature","geometry":{"type":"Point","coordinates":[20.15,46.2504]},"properties":{"name":"Szeged","rank":7,"capital":1,"pop":187765}},{"type":"Feature","geometry":{"type":"Point","coordinates":[21.63,47.5305]},"properties":{"name":"Debrecen","rank":7,"capital":1,"pop":231286}},{"type":"Feature","geometry":{"type":"Point","coordinates":[20.1794,47.1864]},"properties":{"name":"Szolnok","rank":7,"capital":1,"pop":109261}},{"type":"Feature","geometry":{"type":"Point","coordinates":[1.3,51.1337]},"properties":{"name":"Dover","rank":7,"capital":0,"pop":36384}},{"type":"Feature","geometry":{"type":"Point","coordinates":[6.65,46.5304]},"properties":{"name":"Lausanne","rank":7,"capital":1,"pop":265702}},{"type":"Feature","geometry":{"type":"Point","coordinates":[7.59,47.5804]},"properties":{"name":"Basel","rank":7,"capital":1,"pop":830000}},{"type":"Feature","geometry":{"type":"Point","coordinates":[12.9392,57.7178]},"properties":{"name":"Borås","rank":7,"capital":0,"pop":65008}},{"type":"Feature","geometry":{"type":"Point","coordinates":[14.1333,56.0337]},"properties":{"name":"Kristianstad","rank":7,"capital":1,"pop":32188}},{"type":"Feature","geometry":{"type":"Point","coordinates":[12.7233,56.0413]},"properties":{"name":"Helsingborg","rank":7,"capital":0,"pop":91304}},{"type":"Feature","geometry":{"type":"Point","coordinates":[-0.4836,38.3512]},"properties":{"name":"Alicante","rank":7,"capital":0,"pop":315863}},{"type":"Feature","geometry":{"type":"Point","coordinates":[-0.05,39.9704]},"properties":{"name":"Castelló de la Plana","rank":7,"capital":0,"pop":180610}},{"type":"Feature","geometry":{"type":"Point","coordinates":[28.42,12.6904]},"properties":{"name":"En Nahud","rank":7,"capital":0,"pop":108008}},{"type":"Feature","geometry":{"type":"Point","coordinates":[27.7333,11.0337]},"properties":{"name":"Mujlad","rank":7,"capital":0,"pop":19997}},{"type":"Feature","geometry":{"type":"Point","coordinates":[10.27,13.9874]},"properties":{"name":"Gouré","rank":7,"capital":0,"pop":14639}},{"type":"Feature","geometry":{"type":"Point","coordinates":[3.4467,11.8882]},"properties":{"name":"Gaya","rank":7,"capital":0,"pop":33051}},{"type":"Feature","geometry":{"type":"Point","coordinates":[1.4531,14.212]},"properties":{"name":"Tillabéri","rank":7,"capital":1,"pop":19262}},{"type":"Feature","geometry":{"type":"Point","coordinates":[0.9195,14.7318]},"properties":{"name":"Ayérou","rank":7,"capital":0,"pop":26290}},{"type":"Feature","geometry":{"type":"Point","coordinates":[5.2599,13.7904]},"properties":{"name":"Birni-N'Konni","rank":7,"capital":0,"pop":65252}},{"type":"Feature","geometry":{"type":"Point","coordinates":[5.9586,14.0762]},"properties":{"name":"Madaoua","rank":7,"capital":0,"pop":24804}},{"type":"Feature","geometry":{"type":"Point","coordinates":[23.8259,44.3263]},"properties":{"name":"Craiova","rank":7,"capital":1,"pop":304142}},{"type":"Feature","geometry":{"type":"Point","coordinates":[27.3259,44.2063]},"properties":{"name":"Călărași","rank":7,"capital":1,"pop":73224}},{"type":"Feature","geometry":{"type":"Point","coordinates":[15.65,46.5405]},"properties":{"name":"Maribor","rank":7,"capital":0,"pop":114228}},{"type":"Feature","geometry":{"type":"Point","coordinates":[21.8865,45.297]},"properties":{"name":"Reșița","rank":7,"capital":1,"pop":83324}},{"type":"Feature","geometry":{"type":"Point","coordinates":[21.2234,45.7588]},"properties":{"name":"Timișoara","rank":7,"capital":1,"pop":315053}},{"type":"Feature","geometry":{"type":"Point","coordinates":[26.6597,47.7484]},"properties":{"name":"Botoșani","rank":7,"capital":1,"pop":114783}},{"type":"Feature","geometry":{"type":"Point","coordinates":[23.5791,47.6595]},"properties":{"name":"Baia Mare","rank":7,"capital":1,"pop":136553}},{"type":"Feature","geometry":{"type":"Point","coordinates":[24.5578,46.5582]},"properties":{"name":"Târgu Mureș","rank":7,"capital":1,"pop":149433}},{"type":"Feature","geometry":{"type":"Point","coordinates":[24.8758,44.8563]},"properties":{"name":"Pitești","rank":7,"capital":1,"pop":171021}},{"type":"Feature","geometry":{"type":"Point","coordinates":[25.6072,45.6475]},"properties":{"name":"Brașov","rank":7,"capital":1,"pop":311044}},{"type":"Feature","geometry":{"type":"Point","coordinates":[26.0365,44.9469]},"properties":{"name":"Ploiești","rank":7,"capital":1,"pop":232542}},{"type":"Feature","geometry":{"type":"Point","coordinates":[26.9196,46.5784]},"properties":{"name":"Bacău","rank":7,"capital":1,"pop":199668}},{"type":"Feature","geometry":{"type":"Point","coordinates":[-8.5333,37.1337]},"properties":{"name":"Portimão","rank":7,"capital":0,"pop":61226}},{"type":"Feature","geometry":{"type":"Point","coordinates":[-7.9333,37.0171]},"properties":{"name":"Faro","rank":7,"capital":1,"pop":41355}},{"type":"Feature","geometry":{"type":"Point","coordinates":[-8.4167,40.2004]},"properties":{"name":"Coimbra","rank":7,"capital":1,"pop":106582}},{"type":"Feature","geometry":{"type":"Point","coordinates":[-12.05,8.8804]},"properties":{"name":"Makeni","rank":7,"capital":1,"pop":87679}},{"type":"Feature","geometry":{"type":"Point","coordinates":[-16.24,14.6604]},"properties":{"name":"Diourbel","rank":7,"capital":1,"pop":148024}},{"type":"Feature","geometry":{"type":"Point","coordinates":[-16.25,15.6104]},"properties":{"name":"Louga","rank":7,"capital":1,"pop":85075}},{"type":"Feature","geometry":{"type":"Point","coordinates":[-16.93,14.8104]},"properties":{"name":"Thiès","rank":7,"capital":1,"pop":293001}},{"type":"Feature","geometry":{"type":"Point","coordinates":[-14.95,12.9104]},"properties":{"name":"Kolda","rank":7,"capital":1,"pop":69267}},{"type":"Feature","geometry":{"type":"Point","coordinates":[-13.68,13.7804]},"properties":{"name":"Tambacounda","rank":7,"capital":1,"pop":89212}},{"type":"Feature","geometry":{"type":"Point","coordinates":[-12.18,12.5604]},"properties":{"name":"Kédougou","rank":7,"capital":0,"pop":18226}},{"type":"Feature","geometry":{"type":"Point","coordinates":[-7.717,4.3754]},"properties":{"name":"Harper","rank":7,"capital":1,"pop":32661}},{"type":"Feature","geometry":{"type":"Point","coordinates":[-9.49,7.0104]},"properties":{"name":"Gbarnga","rank":7,"capital":1,"pop":45835}},{"type":"Feature","geometry":{"type":"Point","coordinates":[-10.85,8.4405]},"properties":{"name":"Koidu","rank":7,"capital":0,"pop":87539}},{"type":"Feature","geometry":{"type":"Point","coordinates":[-11.19,7.8804]},"properties":{"name":"Kenema","rank":7,"capital":1,"pop":143137}},{"type":"Feature","geometry":{"type":"Point","coordinates":[-8.13,6.0704]},"properties":{"name":"Zwedru","rank":7,"capital":1,"pop":25678}},{"type":"Feature","geometry":{"type":"Point","coordinates":[12.6089,13.3171]},"properties":{"name":"Diffa","rank":7,"capital":1,"pop":30988}},{"type":"Feature","geometry":{"type":"Point","coordinates":[13.1108,14.2532]},"properties":{"name":"N'Guigmi","rank":7,"capital":0,"pop":17897}},{"type":"Feature","geometry":{"type":"Point","coordinates":[20.3107,42.6603]},"properties":{"name":"Pejë","rank":7,"capital":0,"pop":105163}},{"type":"Feature","geometry":{"type":"Point","coordinates":[43.9628,26.3664]},"properties":{"name":"Buraidah","rank":7,"capital":1,"pop":398581}},{"type":"Feature","geometry":{"type":"Point","coordinates":[41.7001,27.5236]},"properties":{"name":"Saudi Arabia","rank":7,"capital":1,"pop":385257}},{"type":"Feature","geometry":{"type":"Point","coordinates":[41.0207,30.99]},"properties":{"name":"Arar","rank":7,"capital":1,"pop":222016}},{"type":"Feature","geometry":{"type":"Point","coordinates":[43.4948,29.6202]},"properties":{"name":"Rafha governorate","rank":7,"capital":0,"pop":64755}},{"type":"Feature","geometry":{"type":"Point","coordinates":[37.06,0.0204]},"properties":{"name":"Nanyuki","rank":7,"capital":0,"pop":36142}},{"type":"Feature","geometry":{"type":"Point","coordinates":[36.68,1.1105]},"properties":{"name":"Maralal","rank":7,"capital":0,"pop":20841}},{"type":"Feature","geometry":{"type":"Point","coordinates":[35.57,3.1304]},"properties":{"name":"Lodwar","rank":7,"capital":0,"pop":20219}},{"type":"Feature","geometry":{"type":"Point","coordinates":[35.72,0.0504]},"properties":{"name":"Eldama Ravine","rank":7,"capital":0,"pop":17581}},{"type":"Feature","geometry":{"type":"Point","coordinates":[34.9899,1.0305]},"properties":{"name":"Kitale","rank":7,"capital":0,"pop":150495}},{"type":"Feature","geometry":{"type":"Point","coordinates":[34.56,0.5704]},"properties":{"name":"Bungoma","rank":7,"capital":0,"pop":55962}},{"type":"Feature","geometry":{"type":"Point","coordinates":[34.73,0.2904]},"properties":{"name":"Kakamega","rank":7,"capital":1,"pop":63426}},{"type":"Feature","geometry":{"type":"Point","coordinates":[40.05,1.7504]},"properties":{"name":"Wajir","rank":7,"capital":0,"pop":45771}},{"type":"Feature","geometry":{"type":"Point","coordinates":[5.7834,53.2504]},"properties":{"name":"Leeuwarden","rank":7,"capital":1,"pop":125778}},{"type":"Feature","geometry":{"type":"Point","coordinates":[6.58,53.2204]},"properties":{"name":"Groningen","rank":7,"capital":1,"pop":216688}},{"type":"Feature","geometry":{"type":"Point","coordinates":[5.12,52.1003]},"properties":{"name":"Utrecht","rank":7,"capital":1,"pop":640000}},{"type":"Feature","geometry":{"type":"Point","coordinates":[21.5606,57.3899]},"properties":{"name":"Ventspils","rank":7,"capital":1,"pop":42884}},{"type":"Feature","geometry":{"type":"Point","coordinates":[21.1199,55.7204]},"properties":{"name":"Klaipėda","rank":7,"capital":1,"pop":192307}},{"type":"Feature","geometry":{"type":"Point","coordinates":[19.1332,48.5837]},"properties":{"name":"Zvolen","rank":7,"capital":0,"pop":44502}},{"type":"Feature","geometry":{"type":"Point","coordinates":[18.7494,49.2198]},"properties":{"name":"Žilina","rank":7,"capital":1,"pop":87625}},{"type":"Feature","geometry":{"type":"Point","coordinates":[21.25,48.7304]},"properties":{"name":"Košice","rank":7,"capital":1,"pop":236563}},{"type":"Feature","geometry":{"type":"Point","coordinates":[21.2394,48.9997]},"properties":{"name":"Prešov","rank":7,"capital":1,"pop":94718}},{"type":"Feature","geometry":{"type":"Point","coordinates":[23.88,54.9504]},"properties":{"name":"Kaunas","rank":7,"capital":1,"pop":374643}},{"type":"Feature","geometry":{"type":"Point","coordinates":[23.7128,56.6527]},"properties":{"name":"Jelgava","rank":7,"capital":0,"pop":67207}},{"type":"Feature","geometry":{"type":"Point","coordinates":[47.312,24.1556]},"properties":{"name":"Al-Kharj governorate","rank":7,"capital":0,"pop":298428}},{"type":"Feature","geometry":{"type":"Point","coordinates":[50.0977,26.4301]},"properties":{"name":"Dammam","rank":7,"capital":1,"pop":2054710}},{"type":"Feature","geometry":{"type":"Point","coordinates":[45.9601,28.4337]},"properties":{"name":"Hafar Al-Batin governorate","rank":7,"capital":0,"pop":249194}},{"type":"Feature","geometry":{"type":"Point","coordinates":[49.646,27.0046]},"properties":{"name":"Jubail governorate","rank":7,"capital":0,"pop":237274}},{"type":"Feature","geometry":{"type":"Point","coordinates":[62.3286,25.139]},"properties":{"name":"Gwadar","rank":7,"capital":0,"pop":51901}},{"type":"Feature","geometry":{"type":"Point","coordinates":[69.4386,31.349]},"properties":{"name":"Zhob","rank":7,"capital":0,"pop":88356}},{"type":"Feature","geometry":{"type":"Point","coordinates":[74.3,35.9171]},"properties":{"name":"Gilgit","rank":7,"capital":1,"pop":216760}},{"type":"Feature","geometry":{"type":"Point","coordinates":[74.455,31.1254]},"properties":{"name":"Kasur","rank":7,"capital":0,"pop":290643}},{"type":"Feature","geometry":{"type":"Point","coordinates":[71.4718,32.4522]},"properties":{"name":"Kundian","rank":7,"capital":0,"pop":35406}},{"type":"Feature","geometry":{"type":"Point","coordinates":[73.45,30.8104]},"properties":{"name":"Okara","rank":7,"capital":0,"pop":223648}},{"type":"Feature","geometry":{"type":"Point","coordinates":[72.325,31.2804]},"properties":{"name":"Jhang","rank":7,"capital":0,"pop":341210}},{"type":"Feature","geometry":{"type":"Point","coordinates":[72.675,32.0854]},"properties":{"name":"Sargodha","rank":7,"capital":0,"pop":542603}},{"type":"Feature","geometry":{"type":"Point","coordinates":[70.6351,30.0604]},"properties":{"name":"Dera Ghazi Khan","rank":7,"capital":0,"pop":236093}},{"type":"Feature","geometry":{"type":"Point","coordinates":[70.1302,28.3006]},"properties":{"name":"Sadiqabad","rank":7,"capital":0,"pop":189876}},{"type":"Feature","geometry":{"type":"Point","coordinates":[68.4,26.2454]},"properties":{"name":"Nawabshah","rank":7,"capital":0,"pop":229504}},{"type":"Feature","geometry":{"type":"Point","coordinates":[76.1854,42.456]},"properties":{"name":"Balykchy","rank":7,"capital":0,"pop":40527}},{"type":"Feature","geometry":{"type":"Point","coordinates":[75.7968,41.1725]},"properties":{"name":"At-Bashi","rank":7,"capital":0,"pop":15601}},{"type":"Feature","geometry":{"type":"Point","coordinates":[73.0025,40.9429]},"properties":{"name":"Jalal-Abad","rank":7,"capital":1,"pop":248899}},{"type":"Feature","geometry":{"type":"Point","coordinates":[72.9372,41.8826]},"properties":{"name":"Toktogul","rank":7,"capital":0,"pop":26115}},{"type":"Feature","geometry":{"type":"Point","coordinates":[72.2314,41.3419]},"properties":{"name":"Tashkömür","rank":7,"capital":0,"pop":23594}},{"type":"Feature","geometry":{"type":"Point","coordinates":[72.2429,42.5184]},"properties":{"name":"Talas","rank":7,"capital":1,"pop":35172}},{"type":"Feature","geometry":{"type":"Point","coordinates":[72.79,40.5404]},"properties":{"name":"Osh","rank":7,"capital":1,"pop":391277}},{"type":"Feature","geometry":{"type":"Point","coordinates":[70.5986,32.989]},"properties":{"name":"Bannu","rank":7,"capital":0,"pop":622419}},{"type":"Feature","geometry":{"type":"Point","coordinates":[70.8986,31.829]},"properties":{"name":"Dera Ismail Khan","rank":7,"capital":0,"pop":101616}},{"type":"Feature","geometry":{"type":"Point","coordinates":[4.63,52.3804]},"properties":{"name":"Haarlem","rank":7,"capital":1,"pop":349957}},{"type":"Feature","geometry":{"type":"Point","coordinates":[-5.91,35.0204]},"properties":{"name":"Ksar el-Kebir","rank":7,"capital":0,"pop":306600}},{"type":"Feature","geometry":{"type":"Point","coordinates":[-6.16,35.2004]},"properties":{"name":"Larache","rank":7,"capital":0,"pop":120082}},{"type":"Feature","geometry":{"type":"Point","coordinates":[-4.02,34.2204]},"properties":{"name":"Taza","rank":7,"capital":1,"pop":199633}},{"type":"Feature","geometry":{"type":"Point","coordinates":[-5.57,34.8103]},"properties":{"name":"Ouazzane","rank":7,"capital":0,"pop":69658}},{"type":"Feature","geometry":{"type":"Point","coordinates":[-6.58,34.2704]},"properties":{"name":"Kenitra","rank":7,"capital":1,"pop":551786}},{"type":"Feature","geometry":{"type":"Point","coordinates":[-7.62,33.0104]},"properties":{"name":"Settat","rank":7,"capital":1,"pop":161748}},{"type":"Feature","geometry":{"type":"Point","coordinates":[-4.45,31.9404]},"properties":{"name":"Errachidia","rank":7,"capital":0,"pop":228489}},{"type":"Feature","geometry":{"type":"Point","coordinates":[-5.56,33.9004]},"properties":{"name":"Meknes","rank":7,"capital":1,"pop":697628}},{"type":"Feature","geometry":{"type":"Point","coordinates":[-9.74,29.7104]},"properties":{"name":"Tiznit","rank":7,"capital":0,"pop":57705}},{"type":"Feature","geometry":{"type":"Point","coordinates":[-8.51,33.2604]},"properties":{"name":"El Jadida","rank":7,"capital":0,"pop":180470}},{"type":"Feature","geometry":{"type":"Point","coordinates":[27.9053,47.7591]},"properties":{"name":"Bălți","rank":7,"capital":1,"pop":151355}},{"type":"Feature","geometry":{"type":"Point","coordinates":[28.1944,45.9079]},"properties":{"name":"Cahul","rank":7,"capital":1,"pop":63407}},{"type":"Feature","geometry":{"type":"Point","coordinates":[29.64,46.8531]},"properties":{"name":"Tiraspol","rank":7,"capital":1,"pop":157000}},{"type":"Feature","geometry":{"type":"Point","coordinates":[42.06,44.2904]},"properties":{"name":"Cherkessk","rank":7,"capital":1,"pop":116224}},{"type":"Feature","geometry":{"type":"Point","coordinates":[44.67,43.0504]},"properties":{"name":"Vladikavkaz","rank":7,"capital":1,"pop":364630}},{"type":"Feature","geometry":{"type":"Point","coordinates":[43.4344,45.1047]},"properties":{"name":"Blagodarny","rank":7,"capital":0,"pop":35995}},{"type":"Feature","geometry":{"type":"Point","coordinates":[43.8787,44.4091]},"properties":{"name":"Zelenokumsk","rank":7,"capital":0,"pop":41306}},{"type":"Feature","geometry":{"type":"Point","coordinates":[44.0833,2.7837]},"properties":{"name":"Burhakaba","rank":7,"capital":0,"pop":31267}},{"type":"Feature","geometry":{"type":"Point","coordinates":[42.55,3.8005]},"properties":{"name":"Luuq","rank":7,"capital":0,"pop":33820}},{"type":"Feature","geometry":{"type":"Point","coordinates":[41.86,3.9404]},"properties":{"name":"Mandera","rank":7,"capital":0,"pop":52885}},{"type":"Feature","geometry":{"type":"Point","coordinates":[21.882,55.0718]},"properties":{"name":"Sovetsk","rank":7,"capital":0,"pop":43309}},{"type":"Feature","geometry":{"type":"Point","coordinates":[31.3544,57.9948]},"properties":{"name":"Staraya Russa","rank":7,"capital":0,"pop":34303}},{"type":"Feature","geometry":{"type":"Point","coordinates":[32.2448,52.7652]},"properties":{"name":"Klintsy","rank":7,"capital":0,"pop":66336}},{"type":"Feature","geometry":{"type":"Point","coordinates":[32.8604,53.9509]},"properties":{"name":"Roslavl","rank":7,"capital":0,"pop":56971}},{"type":"Feature","geometry":{"type":"Point","coordinates":[33.2161,55.1465]},"properties":{"name":"Safonovo","rank":7,"capital":0,"pop":46637}},{"type":"Feature","geometry":{"type":"Point","coordinates":[34.2918,55.2122]},"properties":{"name":"Vyazma","rank":7,"capital":0,"pop":55500}},{"type":"Feature","geometry":{"type":"Point","coordinates":[41.9287,57.2191]},"properties":{"name":"Vichuga","rank":7,"capital":0,"pop":39071}},{"type":"Feature","geometry":{"type":"Point","coordinates":[43.46,56.2504]},"properties":{"name":"Dzerzhinsk","rank":7,"capital":0,"pop":256537}},{"type":"Feature","geometry":{"type":"Point","coordinates":[42.1644,55.3247]},"properties":{"name":"Vyksa","rank":7,"capital":0,"pop":61664}},{"type":"Feature","geometry":{"type":"Point","coordinates":[37.3444,56.8691]},"properties":{"name":"Kimry","rank":7,"capital":0,"pop":52070}},{"type":"Feature","geometry":{"type":"Point","coordinates":[36.69,57.7647]},"properties":{"name":"Bezhetsk","rank":7,"capital":0,"pop":34736}},{"type":"Feature","geometry":{"type":"Point","coordinates":[32.7731,56.2235]},"properties":{"name":"Nelidovo","rank":7,"capital":0,"pop":25349}},{"type":"Feature","geometry":{"type":"Point","coordinates":[34.0518,57.8722]},"properties":{"name":"Bologoye","rank":7,"capital":0,"pop":25142}},{"type":"Feature","geometry":{"type":"Point","coordinates":[34.9787,57.0291]},"properties":{"name":"Torzhok","rank":7,"capital":0,"pop":48546}},{"type":"Feature","geometry":{"type":"Point","coordinates":[39.4043,57.1892]},"properties":{"name":"Rostov","rank":7,"capital":0,"pop":33803}},{"type":"Feature","geometry":{"type":"Point","coordinates":[36.27,54.5204]},"properties":{"name":"Kaluga","rank":7,"capital":1,"pop":338978}},{"type":"Feature","geometry":{"type":"Point","coordinates":[34.3048,54.0852]},"properties":{"name":"Kirov","rank":7,"capital":0,"pop":39319}},{"type":"Feature","geometry":{"type":"Point","coordinates":[36.62,55.0804]},"properties":{"name":"Obninsk","rank":7,"capital":0,"pop":107392}},{"type":"Feature","geometry":{"type":"Point","coordinates":[35.2744,51.6948]},"properties":{"name":"Lgov","rank":7,"capital":0,"pop":23500}},{"type":"Feature","geometry":{"type":"Point","coordinates":[35.4044,52.3548]},"properties":{"name":"Zheleznogorsk","rank":7,"capital":0,"pop":97900}},{"type":"Feature","geometry":{"type":"Point","coordinates":[39.9343,52.4948]},"properties":{"name":"Gryazi","rank":7,"capital":0,"pop":47413}},{"type":"Feature","geometry":{"type":"Point","coordinates":[39.0294,55.3848]},"properties":{"name":"Yegoryevsk","rank":7,"capital":0,"pop":89795}},{"type":"Feature","geometry":{"type":"Point","coordinates":[37.5299,55.3804]},"properties":{"name":"Podolsk","rank":7,"capital":0,"pop":320635}},{"type":"Feature","geometry":{"type":"Point","coordinates":[36.9809,56.1807]},"properties":{"name":"Solnechnogorsk","rank":7,"capital":0,"pop":58891}},{"type":"Feature","geometry":{"type":"Point","coordinates":[38.48,55.8704]},"properties":{"name":"Noginsk","rank":7,"capital":0,"pop":229731}},{"type":"Feature","geometry":{"type":"Point","coordinates":[37.43,54.9304]},"properties":{"name":"Serpukhov","rank":7,"capital":0,"pop":135584}},{"type":"Feature","geometry":{"type":"Point","coordinates":[37.6044,52.4248]},"properties":{"name":"Livny","rank":7,"capital":0,"pop":52915}},{"type":"Feature","geometry":{"type":"Point","coordinates":[36.5472,53.2647]},"properties":{"name":"Mtsensk","rank":7,"capital":0,"pop":47609}},{"type":"Feature","geometry":{"type":"Point","coordinates":[41.542,46.4775]},"properties":{"name":"Salsk","rank":7,"capital":0,"pop":61000}},{"type":"Feature","geometry":{"type":"Point","coordinates":[40.7861,48.1865]},"properties":{"name":"Belaya Kalitva","rank":7,"capital":0,"pop":48098}},{"type":"Feature","geometry":{"type":"Point","coordinates":[40.27,47.7204]},"properties":{"name":"Shakhty","rank":7,"capital":0,"pop":221312}},{"type":"Feature","geometry":{"type":"Point","coordinates":[40.3974,48.9379]},"properties":{"name":"Millerovo","rank":7,"capital":0,"pop":38527}},{"type":"Feature","geometry":{"type":"Point","coordinates":[38.1215,53.1491]},"properties":{"name":"Yefremov","rank":7,"capital":0,"pop":45497}},{"type":"Feature","geometry":{"type":"Point","coordinates":[38.1144,53.7747]},"properties":{"name":"Bogoroditsk","rank":7,"capital":0,"pop":39553}},{"type":"Feature","geometry":{"type":"Point","coordinates":[45.4,50.0804]},"properties":{"name":"Kamyshin","rank":7,"capital":0,"pop":128626}},{"type":"Feature","geometry":{"type":"Point","coordinates":[46.8773,50.0477]},"properties":{"name":"Pallasovka","rank":7,"capital":0,"pop":17139}},{"type":"Feature","geometry":{"type":"Point","coordinates":[43.6518,49.7722]},"properties":{"name":"Frolovo","rank":7,"capital":0,"pop":40882}},{"type":"Feature","geometry":{"type":"Point","coordinates":[44.7744,48.7948]},"properties":{"name":"Volzhsky","rank":7,"capital":0,"pop":323293}},{"type":"Feature","geometry":{"type":"Point","coordinates":[43.2175,50.0679]},"properties":{"name":"Mikhaylovka","rank":7,"capital":0,"pop":58898}},{"type":"Feature","geometry":{"type":"Point","coordinates":[42.0031,50.7734]},"properties":{"name":"Uryupinsk","rank":7,"capital":0,"pop":41644}},{"type":"Feature","geometry":{"type":"Point","coordinates":[37.84,51.3004]},"properties":{"name":"Stary Oskol","rank":7,"capital":0,"pop":226977}},{"type":"Feature","geometry":{"type":"Point","coordinates":[38.6931,50.6535]},"properties":{"name":"Alexeyevka","rank":7,"capital":0,"pop":39848}},{"type":"Feature","geometry":{"type":"Point","coordinates":[38.0987,50.2091]},"properties":{"name":"Valuyki","rank":7,"capital":0,"pop":35887}},{"type":"Feature","geometry":{"type":"Point","coordinates":[39.0644,44.1148]},"properties":{"name":"Tuapse","rank":7,"capital":0,"pop":99145}},{"type":"Feature","geometry":{"type":"Point","coordinates":[38.0644,44.5748]},"properties":{"name":"Gelendzhik","rank":7,"capital":0,"pop":55508}},{"type":"Feature","geometry":{"type":"Point","coordinates":[40.7443,44.6348]},"properties":{"name":"Labinsk","rank":7,"capital":0,"pop":61945}},{"type":"Feature","geometry":{"type":"Point","coordinates":[41.13,45.0004]},"properties":{"name":"Armavir","rank":7,"capital":0,"pop":199548}},{"type":"Feature","geometry":{"type":"Point","coordinates":[38.9444,45.6247]},"properties":{"name":"Timashyovsk","rank":7,"capital":0,"pop":44024}},{"type":"Feature","geometry":{"type":"Point","coordinates":[40.1377,45.8531]},"properties":{"name":"Tikhoretsk","rank":7,"capital":0,"pop":64387}},{"type":"Feature","geometry":{"type":"Point","coordinates":[38.2634,46.6988]},"properties":{"name":"Yeysk","rank":7,"capital":0,"pop":87814}},{"type":"Feature","geometry":{"type":"Point","coordinates":[45.18,54.1704]},"properties":{"name":"Saransk","rank":7,"capital":1,"pop":303394}},{"type":"Feature","geometry":{"type":"Point","coordinates":[44.0444,53.1947]},"properties":{"name":"Kamenka","rank":7,"capital":0,"pop":16560}},{"type":"Feature","geometry":{"type":"Point","coordinates":[46.6,53.1204]},"properties":{"name":"Kuznetsk","rank":7,"capital":0,"pop":95574}},{"type":"Feature","geometry":{"type":"Point","coordinates":[44.2218,52.4622]},"properties":{"name":"Serdobsk","rank":7,"capital":0,"pop":36652}},{"type":"Feature","geometry":{"type":"Point","coordinates":[41.3931,54.9435]},"properties":{"name":"Kasimov","rank":7,"capital":0,"pop":36663}},{"type":"Feature","geometry":{"type":"Point","coordinates":[41.9087,54.3491]},"properties":{"name":"Sasovo","rank":7,"capital":0,"pop":31325}},{"type":"Feature","geometry":{"type":"Point","coordinates":[41.5044,52.5947]},"properties":{"name":"Kotovsk","rank":7,"capital":0,"pop":33077}},{"type":"Feature","geometry":{"type":"Point","coordinates":[41.8044,53.4547]},"properties":{"name":"Morshansk","rank":7,"capital":0,"pop":49350}},{"type":"Feature","geometry":{"type":"Point","coordinates":[41.33,56.3604]},"properties":{"name":"Kovrov","rank":7,"capital":0,"pop":154224}},{"type":"Feature","geometry":{"type":"Point","coordinates":[42.04,55.5704]},"properties":{"name":"Murom","rank":7,"capital":0,"pop":131287}},{"type":"Feature","geometry":{"type":"Point","coordinates":[54.9269,54.0674]},"properties":{"name":"Rayevsky","rank":7,"capital":0,"pop":20060}},{"type":"Feature","geometry":{"type":"Point","coordinates":[58.6387,52.7091]},"properties":{"name":"Sibay","rank":7,"capital":0,"pop":61590}},{"type":"Feature","geometry":{"type":"Point","coordinates":[55.7843,52.7748]},"properties":{"name":"Kumertau","rank":7,"capital":0,"pop":65321}},{"type":"Feature","geometry":{"type":"Point","coordinates":[55.93,53.3703]},"properties":{"name":"Salavat","rank":7,"capital":0,"pop":159893}},{"type":"Feature","geometry":{"type":"Point","coordinates":[54.1187,54.1291]},"properties":{"name":"Belebey","rank":7,"capital":0,"pop":62582}},{"type":"Feature","geometry":{"type":"Point","coordinates":[53.6943,54.6048]},"properties":{"name":"Tuymazy","rank":7,"capital":0,"pop":68829}},{"type":"Feature","geometry":{"type":"Point","coordinates":[54.2631,56.0835]},"properties":{"name":"Neftekamsk","rank":7,"capital":0,"pop":126805}},{"type":"Feature","geometry":{"type":"Point","coordinates":[61.5702,54.1056]},"properties":{"name":"Troitsk","rank":7,"capital":0,"pop":82338}},{"type":"Feature","geometry":{"type":"Point","coordinates":[61.2935,54.7489]},"properties":{"name":"Yemanzhelinsk","rank":7,"capital":0,"pop":42023}},{"type":"Feature","geometry":{"type":"Point","coordinates":[60.6819,53.0474]},"properties":{"name":"Kartaly","rank":7,"capital":0,"pop":28503}},{"type":"Feature","geometry":{"type":"Point","coordinates":[57.2726,54.998]},"properties":{"name":"Asha","rank":7,"capital":0,"pop":38883}},{"type":"Feature","geometry":{"type":"Point","coordinates":[60.0949,54.9954]},"properties":{"name":"Miass","rank":7,"capital":0,"pop":167500}},{"type":"Feature","geometry":{"type":"Point","coordinates":[60.5595,55.7]},"properties":{"name":"Kyshtym","rank":7,"capital":0,"pop":50911}},{"type":"Feature","geometry":{"type":"Point","coordinates":[64.4333,54.9087]},"properties":{"name":"Kurtamysh","rank":7,"capital":0,"pop":17936}},{"type":"Feature","geometry":{"type":"Point","coordinates":[63.6333,56.0837]},"properties":{"name":"Shadrinsk","rank":7,"capital":0,"pop":79479}},{"type":"Feature","geometry":{"type":"Point","coordinates":[48.9581,57.5785]},"properties":{"name":"Sovetsk","rank":7,"capital":0,"pop":17869}},{"type":"Feature","geometry":{"type":"Point","coordinates":[47.8749,56.6354]},"properties":{"name":"Yoshkar-Ola","rank":7,"capital":1,"pop":324406}},{"type":"Feature","geometry":{"type":"Point","coordinates":[61.935,56.4205]},"properties":{"name":"Kamensk-Uralsky","rank":7,"capital":0,"pop":182500}},{"type":"Feature","geometry":{"type":"Point","coordinates":[60.188,56.4434]},"properties":{"name":"Polevskoy","rank":7,"capital":0,"pop":65770}},{"type":"Feature","geometry":{"type":"Point","coordinates":[61.8698,57.3652]},"properties":{"name":"Artyomovsky","rank":7,"capital":0,"pop":44689}},{"type":"Feature","geometry":{"type":"Point","coordinates":[60.2148,57.4902]},"properties":{"name":"Nevyansk","rank":7,"capital":0,"pop":28170}},{"type":"Feature","geometry":{"type":"Point","coordinates":[57.7586,56.5991]},"properties":{"name":"Krasnoufimsk","rank":7,"capital":0,"pop":43121}},{"type":"Feature","geometry":{"type":"Point","coordinates":[53.7987,56.4791]},"properties":{"name":"Sarapul","rank":7,"capital":0,"pop":101344}},{"type":"Feature","geometry":{"type":"Point","coordinates":[52.1843,56.4548]},"properties":{"name":"Mozhga","rank":7,"capital":0,"pop":47270}},{"type":"Feature","geometry":{"type":"Point","coordinates":[53.99,57.0304]},"properties":{"name":"Votkinsk","rank":7,"capital":0,"pop":98633}},{"type":"Feature","geometry":{"type":"Point","coordinates":[47.4687,55.5091]},"properties":{"name":"Kanash","rank":7,"capital":0,"pop":49886}},{"type":"Feature","geometry":{"type":"Point","coordinates":[46.4244,55.4848]},"properties":{"name":"Shumerlya","rank":7,"capital":0,"pop":35230}},{"type":"Feature","geometry":{"type":"Point","coordinates":[46.6,54.8504]},"properties":{"name":"Alatyr","rank":7,"capital":0,"pop":46427}},{"type":"Feature","geometry":{"type":"Point","coordinates":[54.9999,51.1603]},"properties":{"name":"Sol-Iletsk","rank":7,"capital":0,"pop":27419}},{"type":"Feature","geometry":{"type":"Point","coordinates":[59.54,50.7546]},"properties":{"name":"Dombarovsky","rank":7,"capital":0,"pop":9556}},{"type":"Feature","geometry":{"type":"Point","coordinates":[57.5787,51.4191]},"properties":{"name":"Mednogorsk","rank":7,"capital":0,"pop":30676}},{"type":"Feature","geometry":{"type":"Point","coordinates":[58.4543,51.4747]},"properties":{"name":"Gai","rank":7,"capital":0,"pop":41619}},{"type":"Feature","geometry":{"type":"Point","coordinates":[52.2618,52.7821]},"properties":{"name":"Buzuluk","rank":7,"capital":0,"pop":87714}},{"type":"Feature","geometry":{"type":"Point","coordinates":[51.3474,53.3778]},"properties":{"name":"Otradny","rank":7,"capital":0,"pop":50127}},{"type":"Feature","geometry":{"type":"Point","coordinates":[49.4201,53.5081]},"properties":{"name":"Tolyatti","rank":7,"capital":0,"pop":702879}},{"type":"Feature","geometry":{"type":"Point","coordinates":[46.12,51.5004]},"properties":{"name":"Engels","rank":7,"capital":0,"pop":196011}},{"type":"Feature","geometry":{"type":"Point","coordinates":[48.7944,52.0148]},"properties":{"name":"Pugachyov","rank":7,"capital":0,"pop":26690}},{"type":"Feature","geometry":{"type":"Point","coordinates":[47.3743,52.0347]},"properties":{"name":"Volsk","rank":7,"capital":0,"pop":70500}},{"type":"Feature","geometry":{"type":"Point","coordinates":[44.9961,51.8765]},"properties":{"name":"Atkarsk","rank":7,"capital":0,"pop":27554}},{"type":"Feature","geometry":{"type":"Point","coordinates":[43.1631,51.5535]},"properties":{"name":"Balashov","rank":7,"capital":0,"pop":98107}},{"type":"Feature","geometry":{"type":"Point","coordinates":[52.3199,54.9004]},"properties":{"name":"Almetyevsk","rank":7,"capital":0,"pop":140437}},{"type":"Feature","geometry":{"type":"Point","coordinates":[50.6407,55.3648]},"properties":{"name":"Çistay","rank":7,"capital":0,"pop":62200}},{"type":"Feature","geometry":{"type":"Point","coordinates":[51.82,55.6404]},"properties":{"name":"Nizhnekamsk","rank":7,"capital":0,"pop":234297}},{"type":"Feature","geometry":{"type":"Point","coordinates":[49.56,54.2504]},"properties":{"name":"Dimitrovgrad","rank":7,"capital":0,"pop":132226}},{"type":"Feature","geometry":{"type":"Point","coordinates":[74.82,54.1605]},"properties":{"name":"Cherlak","rank":7,"capital":0,"pop":12122}},{"type":"Feature","geometry":{"type":"Point","coordinates":[74.5683,55.0487]},"properties":{"name":"Kalachinsk","rank":7,"capital":0,"pop":24059}},{"type":"Feature","geometry":{"type":"Point","coordinates":[71.35,55.567]},"properties":{"name":"Nazyvayevsk","rank":7,"capital":0,"pop":12284}},{"type":"Feature","geometry":{"type":"Point","coordinates":[71.2682,54.9287]},"properties":{"name":"Isilkul","rank":7,"capital":0,"pop":21136}},{"type":"Feature","geometry":{"type":"Point","coordinates":[69.4498,56.1502]},"properties":{"name":"Ishim","rank":7,"capital":0,"pop":67762}},{"type":"Feature","geometry":{"type":"Point","coordinates":[68.3715,56.3819]},"properties":{"name":"Golyshmanovo","rank":7,"capital":0,"pop":13424}},{"type":"Feature","geometry":{"type":"Point","coordinates":[66.2983,56.6736]},"properties":{"name":"Yalutorovsk","rank":7,"capital":0,"pop":35892}},{"type":"Feature","geometry":{"type":"Point","coordinates":[78.9473,52.5827]},"properties":{"name":"Kulunda","rank":7,"capital":0,"pop":15345}},{"type":"Feature","geometry":{"type":"Point","coordinates":[78.6696,53.0049]},"properties":{"name":"Slavgorod","rank":7,"capital":0,"pop":34141}},{"type":"Feature","geometry":{"type":"Point","coordinates":[78.0219,53.7273]},"properties":{"name":"Karasuk","rank":7,"capital":0,"pop":28589}},{"type":"Feature","geometry":{"type":"Point","coordinates":[78.3519,55.3573]},"properties":{"name":"Barabinsk","rank":7,"capital":0,"pop":31508}},{"type":"Feature","geometry":{"type":"Point","coordinates":[75.9665,55.2219]},"properties":{"name":"Tatarsk","rank":7,"capital":0,"pop":25150}},{"type":"Feature","geometry":{"type":"Point","coordinates":[45.165,5.0854]},"properties":{"name":"Ferfer","rank":7,"capital":0,"pop":6000}},{"type":"Feature","geometry":{"type":"Point","coordinates":[45.5166,2.767]},"properties":{"name":"Jowhar","rank":7,"capital":1,"pop":111308}},{"type":"Feature","geometry":{"type":"Point","coordinates":[54.6918,16.9924]},"properties":{"name":"Mirbat","rank":7,"capital":0,"pop":1120}},{"type":"Feature","geometry":{"type":"Point","coordinates":[51.1233,10.582]},"properties":{"name":"Hurdiyo","rank":7,"capital":0,"pop":176}},{"type":"Feature","geometry":{"type":"Point","coordinates":[49.166,9.5004]},"properties":{"name":"Qardho","rank":7,"capital":0,"pop":1341}},{"type":"Feature","geometry":{"type":"Point","coordinates":[50.75,11.967]},"properties":{"name":"Aluula","rank":7,"capital":0,"pop":513}},{"type":"Feature","geometry":{"type":"Point","coordinates":[56.517,23.2254]},"properties":{"name":"Ibri","rank":7,"capital":0,"pop":101640}},{"type":"Feature","geometry":{"type":"Point","coordinates":[47.6244,42.8747]},"properties":{"name":"Kaspiysk","rank":7,"capital":0,"pop":81752}},{"type":"Feature","geometry":{"type":"Point","coordinates":[48.2774,42.0578]},"properties":{"name":"Derbent","rank":7,"capital":0,"pop":105965}},{"type":"Feature","geometry":{"type":"Point","coordinates":[47.113,42.8335]},"properties":{"name":"Buynaksk","rank":7,"capital":0,"pop":75800}},{"type":"Feature","geometry":{"type":"Point","coordinates":[-3.6666,16.417]},"properties":{"name":"Goundam","rank":7,"capital":0,"pop":8456}},{"type":"Feature","geometry":{"type":"Point","coordinates":[0.8564,19.4549]},"properties":{"name":"Aguelhok","rank":7,"capital":0,"pop":9000}},{"type":"Feature","geometry":{"type":"Point","coordinates":[-0.35,16.9004]},"properties":{"name":"Bourem","rank":7,"capital":0,"pop":30000}},{"type":"Feature","geometry":{"type":"Point","coordinates":[-12.4833,22.7304]},"properties":{"name":"Zouérat","rank":7,"capital":0,"pop":56345}},{"type":"Feature","geometry":{"type":"Point","coordinates":[-5.78,25.3804]},"properties":{"name":"Chegga","rank":7,"capital":0,"pop":10}},{"type":"Feature","geometry":{"type":"Point","coordinates":[-13.5,17.0004]},"properties":{"name":"Magta-Lahjar","rank":7,"capital":0,"pop":10}},{"type":"Feature","geometry":{"type":"Point","coordinates":[-14.27,16.5904]},"properties":{"name":"Boghé","rank":7,"capital":0,"pop":10415}},{"type":"Feature","geometry":{"type":"Point","coordinates":[-14.7,17.5504]},"properties":{"name":"Boutilimit","rank":7,"capital":0,"pop":14142}},{"type":"Feature","geometry":{"type":"Point","coordinates":[-12.1833,15.167]},"properties":{"name":"Sélibaby","rank":7,"capital":1,"pop":460}},{"type":"Feature","geometry":{"type":"Point","coordinates":[-8.08,12.7504]},"properties":{"name":"Kati","rank":7,"capital":0,"pop":66895}},{"type":"Feature","geometry":{"type":"Point","coordinates":[-7.45,13.5504]},"properties":{"name":"Banamba","rank":7,"capital":0,"pop":30591}},{"type":"Feature","geometry":{"type":"Point","coordinates":[-8.44,11.9404]},"properties":{"name":"Kangaba","rank":7,"capital":1,"pop":17232}},{"type":"Feature","geometry":{"type":"Point","coordinates":[-9.59,15.2304]},"properties":{"name":"Nioro du Sahel","rank":7,"capital":0,"pop":14421}},{"type":"Feature","geometry":{"type":"Point","coordinates":[-10.82,13.8004]},"properties":{"name":"Bafoulabé","rank":7,"capital":0,"pop":26823}},{"type":"Feature","geometry":{"type":"Point","coordinates":[-11.4066,12.617]},"properties":{"name":"Satadougou","rank":7,"capital":0,"pop":706}},{"type":"Feature","geometry":{"type":"Point","coordinates":[-10.5666,15.1337]},"properties":{"name":"Yélimané","rank":7,"capital":0,"pop":988}},{"type":"Feature","geometry":{"type":"Point","coordinates":[-9.4833,13.0504]},"properties":{"name":"Kita","rank":7,"capital":0,"pop":46435}},{"type":"Feature","geometry":{"type":"Point","coordinates":[-5.47,12.3904]},"properties":{"name":"Koutiala","rank":7,"capital":0,"pop":104927}},{"type":"Feature","geometry":{"type":"Point","coordinates":[-5.68,11.3204]},"properties":{"name":"Sikasso","rank":7,"capital":1,"pop":225753}},{"type":"Feature","geometry":{"type":"Point","coordinates":[-7.49,11.4204]},"properties":{"name":"Bougouni","rank":7,"capital":0,"pop":35450}},{"type":"Feature","geometry":{"type":"Point","coordinates":[-8.1666,16.2504]},"properties":{"name":"Timbedra","rank":7,"capital":0,"pop":245}},{"type":"Feature","geometry":{"type":"Point","coordinates":[-7.25,16.6171]},"properties":{"name":"Néma","rank":7,"capital":1,"pop":200000}},{"type":"Feature","geometry":{"type":"Point","coordinates":[-6.07,13.6704]},"properties":{"name":"Markala","rank":7,"capital":0,"pop":53738}},{"type":"Feature","geometry":{"type":"Point","coordinates":[-6.1333,14.7337]},"properties":{"name":"Sokolo","rank":7,"capital":0,"pop":4374}},{"type":"Feature","geometry":{"type":"Point","coordinates":[-4.9,13.3004]},"properties":{"name":"San","rank":7,"capital":1,"pop":41386}},{"type":"Feature","geometry":{"type":"Point","coordinates":[12.19,10.6204]},"properties":{"name":"Biu","rank":7,"capital":0,"pop":95005}},{"type":"Feature","geometry":{"type":"Point","coordinates":[13.69,11.5204]},"properties":{"name":"Bama","rank":7,"capital":0,"pop":118121}},{"type":"Feature","geometry":{"type":"Point","coordinates":[7.35,5.1004]},"properties":{"name":"Aba","rank":7,"capital":0,"pop":897560}},{"type":"Feature","geometry":{"type":"Point","coordinates":[7.56,4.5704]},"properties":{"name":"Opobo","rank":7,"capital":0,"pop":34911}},{"type":"Feature","geometry":{"type":"Point","coordinates":[7.0333,5.7837]},"properties":{"name":"Orlu","rank":7,"capital":0,"pop":9351}},{"type":"Feature","geometry":{"type":"Point","coordinates":[8.13,7.1904]},"properties":{"name":"Otukpo","rank":7,"capital":0,"pop":68220}},{"type":"Feature","geometry":{"type":"Point","coordinates":[8.33,4.9604]},"properties":{"name":"Calabar","rank":7,"capital":1,"pop":461796}},{"type":"Feature","geometry":{"type":"Point","coordinates":[9.78,7.8704]},"properties":{"name":"Wukari","rank":7,"capital":0,"pop":92933}},{"type":"Feature","geometry":{"type":"Point","coordinates":[11.36,8.9004]},"properties":{"name":"Jalingo","rank":7,"capital":1,"pop":117757}},{"type":"Feature","geometry":{"type":"Point","coordinates":[5.4699,10.4004]},"properties":{"name":"Kontagora","rank":7,"capital":0,"pop":98754}},{"type":"Feature","geometry":{"type":"Point","coordinates":[6.01,9.0804]},"properties":{"name":"Bida","rank":7,"capital":0,"pop":173849}},{"type":"Feature","geometry":{"type":"Point","coordinates":[3.35,7.1604]},"properties":{"name":"Abeokuta","rank":7,"capital":1,"pop":593100}},{"type":"Feature","geometry":{"type":"Point","coordinates":[3.92,6.8204]},"properties":{"name":"Ijebu Ode","rank":7,"capital":0,"pop":209175}},{"type":"Feature","geometry":{"type":"Point","coordinates":[5.2,7.2504]},"properties":{"name":"Akure","rank":7,"capital":1,"pop":420594}},{"type":"Feature","geometry":{"type":"Point","coordinates":[5.76,7.5304]},"properties":{"name":"Ikare","rank":7,"capital":0,"pop":1099931}},{"type":"Feature","geometry":{"type":"Point","coordinates":[5.59,7.2004]},"properties":{"name":"Owo","rank":7,"capital":0,"pop":276574}},{"type":"Feature","geometry":{"type":"Point","coordinates":[4.84,7.0904]},"properties":{"name":"Ondo City","rank":7,"capital":0,"pop":257005}},{"type":"Feature","geometry":{"type":"Point","coordinates":[5.22,7.6304]},"properties":{"name":"Ado Ekiti","rank":7,"capital":1,"pop":446749}},{"type":"Feature","geometry":{"type":"Point","coordinates":[4.56,7.4804]},"properties":{"name":"Ife","rank":7,"capital":0,"pop":482365}},{"type":"Feature","geometry":{"type":"Point","coordinates":[4.56,7.7704]},"properties":{"name":"Osogbo","rank":7,"capital":1,"pop":408245}},{"type":"Feature","geometry":{"type":"Point","coordinates":[3.93,7.8504]},"properties":{"name":"Oyo","rank":7,"capital":0,"pop":736072}},{"type":"Feature","geometry":{"type":"Point","coordinates":[7.07,6.2104]},"properties":{"name":"Awka","rank":7,"capital":1,"pop":500000}},{"type":"Feature","geometry":{"type":"Point","coordinates":[6.78,6.1404]},"properties":{"name":"Onitsha","rank":7,"capital":1,"pop":73374}},{"type":"Feature","geometry":{"type":"Point","coordinates":[10.19,11.6804]},"properties":{"name":"Azare","rank":7,"capital":0,"pop":105687}},{"type":"Feature","geometry":{"type":"Point","coordinates":[9.84,10.3104]},"properties":{"name":"Bauchi","rank":7,"capital":1,"pop":316149}},{"type":"Feature","geometry":{"type":"Point","coordinates":[11.17,10.2904]},"properties":{"name":"Gombe","rank":7,"capital":1,"pop":270366}},{"type":"Feature","geometry":{"type":"Point","coordinates":[11.2131,10.0457]},"properties":{"name":"Kumo","rank":7,"capital":0,"pop":35712}},{"type":"Feature","geometry":{"type":"Point","coordinates":[5.68,5.8904]},"properties":{"name":"Sapele","rank":7,"capital":0,"pop":309162}},{"type":"Feature","geometry":{"type":"Point","coordinates":[7.3834,6.867]},"properties":{"name":"Nsukka","rank":7,"capital":0,"pop":111017}},{"type":"Feature","geometry":{"type":"Point","coordinates":[6.7399,7.8004]},"properties":{"name":"Lokoja","rank":7,"capital":1,"pop":60579}},{"type":"Feature","geometry":{"type":"Point","coordinates":[6.7399,7.1104]},"properties":{"name":"Idah","rank":7,"capital":0,"pop":75087}},{"type":"Feature","geometry":{"type":"Point","coordinates":[8.52,8.4904]},"properties":{"name":"Lafia","rank":7,"capital":1,"pop":127236}},{"type":"Feature","geometry":{"type":"Point","coordinates":[7.8736,8.849]},"properties":{"name":"Keffi","rank":7,"capital":0,"pop":85911}},{"type":"Feature","geometry":{"type":"Point","coordinates":[7.32,11.5204]},"properties":{"name":"Funtua","rank":7,"capital":0,"pop":180475}},{"type":"Feature","geometry":{"type":"Point","coordinates":[7.6,12.9904]},"properties":{"name":"Katsina","rank":7,"capital":1,"pop":432149}},{"type":"Feature","geometry":{"type":"Point","coordinates":[6.66,12.1704]},"properties":{"name":"Gusau","rank":7,"capital":1,"pop":226857}},{"type":"Feature","geometry":{"type":"Point","coordinates":[10.45,12.8804]},"properties":{"name":"Nguru","rank":7,"capital":0,"pop":111014}},{"type":"Feature","geometry":{"type":"Point","coordinates":[11.04,12.8705]},"properties":{"name":"Gashua","rank":7,"capital":1,"pop":125817}},{"type":"Feature","geometry":{"type":"Point","coordinates":[11.08,11.7104]},"properties":{"name":"Potiskum","rank":7,"capital":0,"pop":86002}},{"type":"Feature","geometry":{"type":"Point","coordinates":[4.1999,12.4504]},"properties":{"name":"Birnin Kebbi","rank":7,"capital":1,"pop":108164}},{"type":"Feature","geometry":{"type":"Point","coordinates":[4.517,11.4232]},"properties":{"name":"Koko","rank":7,"capital":0,"pop":25792}},{"type":"Feature","geometry":{"type":"Point","coordinates":[13.27,10.2703]},"properties":{"name":"Mubi","rank":7,"capital":0,"pop":225705}},{"type":"Feature","geometry":{"type":"Point","coordinates":[12.04,9.4604]},"properties":{"name":"Numan","rank":7,"capital":0,"pop":77617}},{"type":"Feature","geometry":{"type":"Point","coordinates":[10.4567,30.1679]},"properties":{"name":"Dirj","rank":7,"capital":0,"pop":931}},{"type":"Feature","geometry":{"type":"Point","coordinates":[10.97,31.8804]},"properties":{"name":"Nalut","rank":7,"capital":0,"pop":66609}},{"type":"Feature","geometry":{"type":"Point","coordinates":[21.3395,41.0391]},"properties":{"name":"Bitola","rank":7,"capital":1,"pop":86528}},{"type":"Feature","geometry":{"type":"Point","coordinates":[17.5834,28.5504]},"properties":{"name":"Zella","rank":7,"capital":0,"pop":10}},{"type":"Feature","geometry":{"type":"Point","coordinates":[14.26,32.6604]},"properties":{"name":"Khoms","rank":7,"capital":1,"pop":201943}},{"type":"Feature","geometry":{"type":"Point","coordinates":[14.4708,24.3704]},"properties":{"name":"Tajarhi","rank":7,"capital":0,"pop":1500}},{"type":"Feature","geometry":{"type":"Point","coordinates":[15.0333,27.517]},"properties":{"name":"Umm al Ahrar","rank":7,"capital":0,"pop":300}},{"type":"Feature","geometry":{"type":"Point","coordinates":[12.72,32.7604]},"properties":{"name":"Zawiya","rank":7,"capital":1,"pop":200000}},{"type":"Feature","geometry":{"type":"Point","coordinates":[13.02,32.1704]},"properties":{"name":"Gharyan","rank":7,"capital":1,"pop":146810}},{"type":"Feature","geometry":{"type":"Point","coordinates":[12.9833,31.4337]},"properties":{"name":"Mizda","rank":7,"capital":0,"pop":26107}},{"type":"Feature","geometry":{"type":"Point","coordinates":[13.99,31.7704]},"properties":{"name":"Bani Walid","rank":7,"capital":0,"pop":65392}},{"type":"Feature","geometry":{"type":"Point","coordinates":[20.83,32.5005]},"properties":{"name":"Campament of Al Marj","rank":7,"capital":0,"pop":169540}},{"type":"Feature","geometry":{"type":"Point","coordinates":[21.62,32.7604]},"properties":{"name":"Al Bayda","rank":7,"capital":0,"pop":1794}},{"type":"Feature","geometry":{"type":"Point","coordinates":[21.8622,32.8281]},"properties":{"name":"Shahhat","rank":7,"capital":0,"pop":45000}},{"type":"Feature","geometry":{"type":"Point","coordinates":[19.2,30.257]},"properties":{"name":"El Agheila","rank":7,"capital":0,"pop":100}},{"type":"Feature","geometry":{"type":"Point","coordinates":[19.2166,29.2337]},"properties":{"name":"Marada","rank":7,"capital":0,"pop":2500}},{"type":"Feature","geometry":{"type":"Point","coordinates":[20.0155,31.6606]},"properties":{"name":"Qaminis","rank":7,"capital":0,"pop":5348}},{"type":"Feature","geometry":{"type":"Point","coordinates":[18.2666,30.6704]},"properties":{"name":"Sidra","rank":7,"capital":0,"pop":50}},{"type":"Feature","geometry":{"type":"Point","coordinates":[24.5166,29.7504]},"properties":{"name":"Jaghbub","rank":7,"capital":0,"pop":1744}},{"type":"Feature","geometry":{"type":"Point","coordinates":[35.9042,33.8501]},"properties":{"name":"Zahlé","rank":7,"capital":1,"pop":78145}},{"type":"Feature","geometry":{"type":"Point","coordinates":[22.35,53.8337]},"properties":{"name":"Ełk","rank":7,"capital":0,"pop":55769}},{"type":"Feature","geometry":{"type":"Point","coordinates":[18.53,54.5204]},"properties":{"name":"Gdynia","rank":7,"capital":0,"pop":314664}},{"type":"Feature","geometry":{"type":"Point","coordinates":[17.03,51.1104]},"properties":{"name":"Wrocław","rank":7,"capital":1,"pop":634893}},{"type":"Feature","geometry":{"type":"Point","coordinates":[14.53,53.4204]},"properties":{"name":"Szczecin","rank":7,"capital":1,"pop":407811}},{"type":"Feature","geometry":{"type":"Point","coordinates":[15.5,51.9504]},"properties":{"name":"Zielona Góra","rank":7,"capital":1,"pop":118433}},{"type":"Feature","geometry":{"type":"Point","coordinates":[16.8999,52.4058]},"properties":{"name":"Poznań","rank":7,"capital":1,"pop":623997}},{"type":"Feature","geometry":{"type":"Point","coordinates":[18.75,53.4804]},"properties":{"name":"Grudziądz","rank":7,"capital":0,"pop":102443}},{"type":"Feature","geometry":{"type":"Point","coordinates":[18.01,53.1204]},"properties":{"name":"Bydgoszcz","rank":7,"capital":1,"pop":366452}},{"type":"Feature","geometry":{"type":"Point","coordinates":[19.02,50.2604]},"properties":{"name":"Katowice","rank":7,"capital":1,"pop":2746000}},{"type":"Feature","geometry":{"type":"Point","coordinates":[18.67,50.3304]},"properties":{"name":"Gliwice","rank":7,"capital":0,"pop":507670}},{"type":"Feature","geometry":{"type":"Point","coordinates":[20.66,50.8904]},"properties":{"name":"Kielce","rank":7,"capital":1,"pop":215733}},{"type":"Feature","geometry":{"type":"Point","coordinates":[23.1823,53.1317]},"properties":{"name":"Białystok","rank":7,"capital":1,"pop":291855}},{"type":"Feature","geometry":{"type":"Point","coordinates":[22.5727,51.2504]},"properties":{"name":"Lublin","rank":7,"capital":1,"pop":360044}},{"type":"Feature","geometry":{"type":"Point","coordinates":[21.996,50.0287]},"properties":{"name":"Rzeszów","rank":7,"capital":1,"pop":245686}},{"type":"Feature","geometry":{"type":"Point","coordinates":[56.9543,57.4348]},"properties":{"name":"Kungur","rank":7,"capital":0,"pop":66389}},{"type":"Feature","geometry":{"type":"Point","coordinates":[-12.9922,27.4629]},"properties":{"name":"Daoura","rank":7,"capital":0,"pop":10}},{"type":"Feature","geometry":{"type":"Point","coordinates":[-13.8482,26.5482]},"properties":{"name":"Lamssid","rank":7,"capital":0,"pop":100}},{"type":"Feature","geometry":{"type":"Point","coordinates":[-11.1,28.4304]},"properties":{"name":"Tan-Tan","rank":7,"capital":0,"pop":64868}},{"type":"Feature","geometry":{"type":"Point","coordinates":[-14.5333,23.8837]},"properties":{"name":"Bir Anzarane","rank":7,"capital":0,"pop":6597}},{"type":"Feature","geometry":{"type":"Point","coordinates":[-6.3505,53.7089]},"properties":{"name":"Drogheda","rank":7,"capital":0,"pop":36533}},{"type":"Feature","geometry":{"type":"Point","coordinates":[-6.3956,53.9998]},"properties":{"name":"Dundalk","rank":7,"capital":1,"pop":38884}},{"type":"Feature","geometry":{"type":"Point","coordinates":[-9.0488,53.2724]},"properties":{"name":"Galway","rank":7,"capital":1,"pop":75594}},{"type":"Feature","geometry":{"type":"Point","coordinates":[-7.2523,52.6545]},"properties":{"name":"Kilkenny","rank":7,"capital":1,"pop":21589}},{"type":"Feature","geometry":{"type":"Point","coordinates":[-9.5167,52.0504]},"properties":{"name":"Killarney","rank":7,"capital":0,"pop":11902}},{"type":"Feature","geometry":{"type":"Point","coordinates":[-8.4833,54.2671]},"properties":{"name":"Sligo","rank":7,"capital":1,"pop":20228}},{"type":"Feature","geometry":{"type":"Point","coordinates":[-15.4828,11.583]},"properties":{"name":"Bolama","rank":7,"capital":1,"pop":10769}},{"type":"Feature","geometry":{"type":"Point","coordinates":[-14.666,12.167]},"properties":{"name":"Bafatá","rank":7,"capital":1,"pop":29704}},{"type":"Feature","geometry":{"type":"Point","coordinates":[18.0,3.8704]},"properties":{"name":"Mbaïki","rank":7,"capital":1,"pop":67132}},{"type":"Feature","geometry":{"type":"Point","coordinates":[15.8666,4.9337]},"properties":{"name":"Carnot","rank":7,"capital":0,"pop":38071}},{"type":"Feature","geometry":{"type":"Point","coordinates":[16.3833,6.317]},"properties":{"name":"Bozoum","rank":7,"capital":1,"pop":40201}},{"type":"Feature","geometry":{"type":"Point","coordinates":[19.18,6.9804]},"properties":{"name":"Kaga-Bandoro","rank":7,"capital":1,"pop":56520}},{"type":"Feature","geometry":{"type":"Point","coordinates":[10.32,44.8104]},"properties":{"name":"Parma","rank":7,"capital":0,"pop":166011}},{"type":"Feature","geometry":{"type":"Point","coordinates":[12.22,44.4204]},"properties":{"name":"Ravenna","rank":7,"capital":0,"pop":134631}},{"type":"Feature","geometry":{"type":"Point","coordinates":[11.6099,44.8504]},"properties":{"name":"Ferrara","rank":7,"capital":0,"pop":130992}},{"type":"Feature","geometry":{"type":"Point","coordinates":[11.34,44.5004]},"properties":{"name":"Bologna","rank":7,"capital":1,"pop":488172}},{"type":"Feature","geometry":{"type":"Point","coordinates":[9.5151,40.9143]},"properties":{"name":"Olbia","rank":7,"capital":0,"pop":45366}},{"type":"Feature","geometry":{"type":"Point","coordinates":[9.104,39.2224]},"properties":{"name":"Cagliari","rank":7,"capital":1,"pop":291511}},{"type":"Feature","geometry":{"type":"Point","coordinates":[10.4,43.7205]},"properties":{"name":"Pisa","rank":7,"capital":0,"pop":203336}},{"type":"Feature","geometry":{"type":"Point","coordinates":[10.3023,43.5511]},"properties":{"name":"Livorno","rank":7,"capital":0,"pop":156274}},{"type":"Feature","geometry":{"type":"Point","coordinates":[11.35,43.317]},"properties":{"name":"Siena","rank":7,"capital":0,"pop":52625}},{"type":"Feature","geometry":{"type":"Point","coordinates":[11.875,43.4617]},"properties":{"name":"Arezzo","rank":7,"capital":0,"pop":91589}},{"type":"Feature","geometry":{"type":"Point","coordinates":[16.6,38.9004]},"properties":{"name":"Catanzaro","rank":7,"capital":1,"pop":95251}},{"type":"Feature","geometry":{"type":"Point","coordinates":[14.7699,40.6804]},"properties":{"name":"Salerno","rank":7,"capital":0,"pop":954265}},{"type":"Feature","geometry":{"type":"Point","coordinates":[14.75,41.1337]},"properties":{"name":"Benevento","rank":7,"capital":0,"pop":61791}},{"type":"Feature","geometry":{"type":"Point","coordinates":[16.8728,41.1142]},"properties":{"name":"Bari","rank":7,"capital":1,"pop":500577}},{"type":"Feature","geometry":{"type":"Point","coordinates":[15.56,41.4605]},"properties":{"name":"Foggia","rank":7,"capital":0,"pop":155203}},{"type":"Feature","geometry":{"type":"Point","coordinates":[18.15,40.3604]},"properties":{"name":"Lecce","rank":7,"capital":0,"pop":162582}},{"type":"Feature","geometry":{"type":"Point","coordinates":[17.93,40.6403]},"properties":{"name":"Brindisi","rank":7,"capital":0,"pop":104437}},{"type":"Feature","geometry":{"type":"Point","coordinates":[17.23,40.5084]},"properties":{"name":"Taranto","rank":7,"capital":0,"pop":202033}},{"type":"Feature","geometry":{"type":"Point","coordinates":[15.55,38.2005]},"properties":{"name":"Messina","rank":7,"capital":0,"pop":252026}},{"type":"Feature","geometry":{"type":"Point","coordinates":[12.4387,37.8054]},"properties":{"name":"Marsala","rank":7,"capital":0,"pop":77784}},{"type":"Feature","geometry":{"type":"Point","coordinates":[15.29,37.0704]},"properties":{"name":"Syracuse","rank":7,"capital":0,"pop":123657}},{"type":"Feature","geometry":{"type":"Point","coordinates":[14.2187,42.4554]},"properties":{"name":"Pescara","rank":7,"capital":0,"pop":314789}},{"type":"Feature","geometry":{"type":"Point","coordinates":[13.39,42.3504]},"properties":{"name":"L’Aquila","rank":7,"capital":1,"pop":68503}},{"type":"Feature","geometry":{"type":"Point","coordinates":[11.8,42.1004]},"properties":{"name":"Civitavecchia","rank":7,"capital":0,"pop":61316}},{"type":"Feature","geometry":{"type":"Point","coordinates":[13.4999,43.6004]},"properties":{"name":"Ancona","rank":7,"capital":1,"pop":100507}},{"type":"Feature","geometry":{"type":"Point","coordinates":[12.39,43.1104]},"properties":{"name":"Perugia","rank":7,"capital":1,"pop":149125}},{"type":"Feature","geometry":{"type":"Point","coordinates":[35.0777,29.527]},"properties":{"name":"Aqaba","rank":7,"capital":1,"pop":95048}},{"type":"Feature","geometry":{"type":"Point","coordinates":[35.7047,31.1851]},"properties":{"name":"Al Karak","rank":7,"capital":1,"pop":80062}},{"type":"Feature","geometry":{"type":"Point","coordinates":[25.1333,5.0337]},"properties":{"name":"Zemio","rank":7,"capital":0,"pop":20000}},{"type":"Feature","geometry":{"type":"Point","coordinates":[23.3167,5.617]},"properties":{"name":"Yakossi","rank":7,"capital":0,"pop":500}},{"type":"Feature","geometry":{"type":"Point","coordinates":[9.67,45.7004]},"properties":{"name":"Bergamo","rank":7,"capital":0,"pop":200000}},{"type":"Feature","geometry":{"type":"Point","coordinates":[13.8,45.6504]},"properties":{"name":"Trieste","rank":7,"capital":1,"pop":216035}},{"type":"Feature","geometry":{"type":"Point","coordinates":[11.36,46.5004]},"properties":{"name":"Bolzano","rank":7,"capital":0,"pop":95895}},{"type":"Feature","geometry":{"type":"Point","coordinates":[11.12,46.0804]},"properties":{"name":"Trento","rank":7,"capital":1,"pop":107808}},{"type":"Feature","geometry":{"type":"Point","coordinates":[10.99,45.4404]},"properties":{"name":"Verona","rank":7,"capital":0,"pop":347459}},{"type":"Feature","geometry":{"type":"Point","coordinates":[4.38,45.4304]},"properties":{"name":"Saint-Étienne","rank":7,"capital":0,"pop":265684}},{"type":"Feature","geometry":{"type":"Point","coordinates":[5.72,45.1804]},"properties":{"name":"Grenoble","rank":7,"capital":0,"pop":388574}},{"type":"Feature","geometry":{"type":"Point","coordinates":[18.615,4.3303]},"properties":{"name":"Zongo","rank":7,"capital":0,"pop":17667}},{"type":"Feature","geometry":{"type":"Point","coordinates":[18.62,3.6604]},"properties":{"name":"Libenge","rank":7,"capital":0,"pop":27053}},{"type":"Feature","geometry":{"type":"Point","coordinates":[21.05,1.5104]},"properties":{"name":"Bongandanga","rank":7,"capital":0,"pop":4105}},{"type":"Feature","geometry":{"type":"Point","coordinates":[20.42,2.3834]},"properties":{"name":"Binga","rank":7,"capital":0,"pop":64639}},{"type":"Feature","geometry":{"type":"Point","coordinates":[19.8,1.2337]},"properties":{"name":"Basankusu","rank":7,"capital":0,"pop":52216}},{"type":"Feature","geometry":{"type":"Point","coordinates":[21.0199,4.2904]},"properties":{"name":"Gbadolite","rank":7,"capital":0,"pop":50493}},{"type":"Feature","geometry":{"type":"Point","coordinates":[20.87,3.3404]},"properties":{"name":"Businga","rank":7,"capital":0,"pop":34247}},{"type":"Feature","geometry":{"type":"Point","coordinates":[19.88,4.1904]},"properties":{"name":"Bosobolo","rank":7,"capital":0,"pop":14553}},{"type":"Feature","geometry":{"type":"Point","coordinates":[16.5278,20.4587]},"properties":{"name":"Zouar","rank":7,"capital":0,"pop":204}},{"type":"Feature","geometry":{"type":"Point","coordinates":[14.7147,13.459]},"properties":{"name":"Bol","rank":7,"capital":1,"pop":3303}},{"type":"Feature","geometry":{"type":"Point","coordinates":[9.4186,1.1164]},"properties":{"name":"Calatrava","rank":7,"capital":0,"pop":628}},{"type":"Feature","geometry":{"type":"Point","coordinates":[11.3166,1.6337]},"properties":{"name":"Mongomo","rank":7,"capital":1,"pop":6560}},{"type":"Feature","geometry":{"type":"Point","coordinates":[18.3333,13.2171]},"properties":{"name":"Ati","rank":7,"capital":1,"pop":25373}},{"type":"Feature","geometry":{"type":"Point","coordinates":[19.6833,13.3004]},"properties":{"name":"Oum Hadjer","rank":7,"capital":0,"pop":19271}},{"type":"Feature","geometry":{"type":"Point","coordinates":[18.7,12.1837]},"properties":{"name":"Mongo","rank":7,"capital":1,"pop":27763}},{"type":"Feature","geometry":{"type":"Point","coordinates":[16.85,8.6504]},"properties":{"name":"Doba","rank":7,"capital":1,"pop":29597}},{"type":"Feature","geometry":{"type":"Point","coordinates":[14.9666,9.3504]},"properties":{"name":"Pala","rank":7,"capital":0,"pop":35466}},{"type":"Feature","geometry":{"type":"Point","coordinates":[15.3872,10.2859]},"properties":{"name":"Bongor","rank":7,"capital":1,"pop":193941}},{"type":"Feature","geometry":{"type":"Point","coordinates":[15.8,9.3171]},"properties":{"name":"Kélo","rank":7,"capital":0,"pop":96224}},{"type":"Feature","geometry":{"type":"Point","coordinates":[18.0914,42.6609]},"properties":{"name":"Dubrovnik","rank":7,"capital":1,"pop":36994}},{"type":"Feature","geometry":{"type":"Point","coordinates":[16.47,43.5204]},"properties":{"name":"Split","rank":7,"capital":1,"pop":214741}},{"type":"Feature","geometry":{"type":"Point","coordinates":[15.2623,44.1201]},"properties":{"name":"Zadar","rank":7,"capital":1,"pop":71258}},{"type":"Feature","geometry":{"type":"Point","coordinates":[31.0,30.7904]},"properties":{"name":"Tanta","rank":7,"capital":1,"pop":404901}},{"type":"Feature","geometry":{"type":"Point","coordinates":[32.26,30.5903]},"properties":{"name":"Ismailia","rank":7,"capital":1,"pop":656135}},{"type":"Feature","geometry":{"type":"Point","coordinates":[31.38,31.0504]},"properties":{"name":"sharkia","rank":7,"capital":1,"pop":600000}},{"type":"Feature","geometry":{"type":"Point","coordinates":[31.82,31.4204]},"properties":{"name":"Damietta","rank":7,"capital":1,"pop":299459}},{"type":"Feature","geometry":{"type":"Point","coordinates":[27.23,31.3504]},"properties":{"name":"Mersa Matruh","rank":7,"capital":1,"pop":103470}},{"type":"Feature","geometry":{"type":"Point","coordinates":[28.95,30.8171]},"properties":{"name":"El Alamein","rank":7,"capital":0,"pop":7400}},{"type":"Feature","geometry":{"type":"Point","coordinates":[28.4333,31.0338]},"properties":{"name":"El Dabaa","rank":7,"capital":0,"pop":14212}},{"type":"Feature","geometry":{"type":"Point","coordinates":[25.15,31.567]},"properties":{"name":"Sallum","rank":7,"capital":0,"pop":7330}},{"type":"Feature","geometry":{"type":"Point","coordinates":[30.47,31.0504]},"properties":{"name":"Damanhur","rank":7,"capital":1,"pop":500000}},{"type":"Feature","geometry":{"type":"Point","coordinates":[30.71,28.3004]},"properties":{"name":"Samalut","rank":7,"capital":0,"pop":152097}},{"type":"Feature","geometry":{"type":"Point","coordinates":[30.84,27.7304]},"properties":{"name":"Mallawi","rank":7,"capital":0,"pop":217365}},{"type":"Feature","geometry":{"type":"Point","coordinates":[30.81,28.4904]},"properties":{"name":"Beni Mazar","rank":7,"capital":0,"pop":79553}},{"type":"Feature","geometry":{"type":"Point","coordinates":[31.09,29.0804]},"properties":{"name":"Beni Suef","rank":7,"capital":1,"pop":489450}},{"type":"Feature","geometry":{"type":"Point","coordinates":[30.39,31.4604]},"properties":{"name":"Rosetta","rank":7,"capital":0,"pop":199509}},{"type":"Feature","geometry":{"type":"Point","coordinates":[27.9666,27.0671]},"properties":{"name":"Farafra","rank":7,"capital":0,"pop":5000}},{"type":"Feature","geometry":{"type":"Point","coordinates":[28.8833,25.7004]},"properties":{"name":"El Qasr","rank":7,"capital":0,"pop":1716}},{"type":"Feature","geometry":{"type":"Point","coordinates":[32.5499,25.2904]},"properties":{"name":"Esna","rank":7,"capital":0,"pop":100000}},{"type":"Feature","geometry":{"type":"Point","coordinates":[32.72,26.1505]},"properties":{"name":"Qena","rank":7,"capital":1,"pop":302027}},{"type":"Feature","geometry":{"type":"Point","coordinates":[31.88,26.3304]},"properties":{"name":"Girga","rank":7,"capital":0,"pop":128250}},{"type":"Feature","geometry":{"type":"Point","coordinates":[31.7,26.5504]},"properties":{"name":"Sohag","rank":7,"capital":1,"pop":600000}},{"type":"Feature","geometry":{"type":"Point","coordinates":[35.4842,23.946]},"properties":{"name":"Berenice Troglodytica","rank":7,"capital":0,"pop":10}},{"type":"Feature","geometry":{"type":"Point","coordinates":[33.9333,26.7337]},"properties":{"name":"Safaga","rank":7,"capital":0,"pop":32944}},{"type":"Feature","geometry":{"type":"Point","coordinates":[33.6148,28.2394]},"properties":{"name":"El-Tor","rank":7,"capital":1,"pop":27628}},{"type":"Feature","geometry":{"type":"Point","coordinates":[33.8006,31.1249]},"properties":{"name":"Arish","rank":7,"capital":1,"pop":178651}},{"type":"Feature","geometry":{"type":"Point","coordinates":[24.43,0.7704]},"properties":{"name":"Yangambi","rank":7,"capital":0,"pop":35531}},{"type":"Feature","geometry":{"type":"Point","coordinates":[23.78,2.7405]},"properties":{"name":"Aketi","rank":7,"capital":0,"pop":58601}},{"type":"Feature","geometry":{"type":"Point","coordinates":[30.0333,1.9504]},"properties":{"name":"Mongbwalu","rank":7,"capital":0,"pop":2819}},{"type":"Feature","geometry":{"type":"Point","coordinates":[27.2666,1.0838]},"properties":{"name":"Bafwasende","rank":7,"capital":0,"pop":149}},{"type":"Feature","geometry":{"type":"Point","coordinates":[30.24,1.5604]},"properties":{"name":"Bunia","rank":7,"capital":0,"pop":96764}},{"type":"Feature","geometry":{"type":"Point","coordinates":[27.99,2.1404]},"properties":{"name":"Wamba Territory","rank":7,"capital":0,"pop":146871}},{"type":"Feature","geometry":{"type":"Point","coordinates":[23.59,1.2404]},"properties":{"name":"Basoko","rank":7,"capital":0,"pop":43709}},{"type":"Feature","geometry":{"type":"Point","coordinates":[36.6575,15.1104]},"properties":{"name":"Teseney","rank":7,"capital":0,"pop":15255}},{"type":"Feature","geometry":{"type":"Point","coordinates":[37.8867,15.549]},"properties":{"name":"Agordat","rank":7,"capital":0,"pop":28600}},{"type":"Feature","geometry":{"type":"Point","coordinates":[39.45,15.6101]},"properties":{"name":"Massawa","rank":7,"capital":1,"pop":142564}},{"type":"Feature","geometry":{"type":"Point","coordinates":[38.4544,15.7814]},"properties":{"name":"Keren","rank":7,"capital":1,"pop":150000}},{"type":"Feature","geometry":{"type":"Point","coordinates":[38.8163,14.886]},"properties":{"name":"Mendefera","rank":7,"capital":1,"pop":257390}},{"type":"Feature","geometry":{"type":"Point","coordinates":[42.7125,11.1562]},"properties":{"name":"Ali Sabieh","rank":7,"capital":1,"pop":40074}},{"type":"Feature","geometry":{"type":"Point","coordinates":[43.2856,11.9734]},"properties":{"name":"Obock","rank":7,"capital":1,"pop":17776}},{"type":"Feature","geometry":{"type":"Point","coordinates":[7.08,50.7205]},"properties":{"name":"Bonn","rank":7,"capital":0,"pop":680543}},{"type":"Feature","geometry":{"type":"Point","coordinates":[7.62,51.9704]},"properties":{"name":"Münster","rank":7,"capital":0,"pop":270184}},{"type":"Feature","geometry":{"type":"Point","coordinates":[6.78,51.2204]},"properties":{"name":"Düsseldorf","rank":7,"capital":1,"pop":1220000}},{"type":"Feature","geometry":{"type":"Point","coordinates":[10.0,48.4004]},"properties":{"name":"Ulm","rank":7,"capital":0,"pop":172955}},{"type":"Feature","geometry":{"type":"Point","coordinates":[8.47,49.5004]},"properties":{"name":"Mannheim","rank":7,"capital":0,"pop":2362000}},{"type":"Feature","geometry":{"type":"Point","coordinates":[7.8699,48.0004]},"properties":{"name":"Freiburg im Breisgau","rank":7,"capital":0,"pop":254889}},{"type":"Feature","geometry":{"type":"Point","coordinates":[8.65,50.5837]},"properties":{"name":"Gießen","rank":7,"capital":0,"pop":82358}},{"type":"Feature","geometry":{"type":"Point","coordinates":[8.25,50.0804]},"properties":{"name":"Wiesbaden","rank":7,"capital":1,"pop":617126}},{"type":"Feature","geometry":{"type":"Point","coordinates":[8.58,53.5504]},"properties":{"name":"Bremerhaven","rank":7,"capital":0,"pop":137751}},{"type":"Feature","geometry":{"type":"Point","coordinates":[8.05,52.2804]},"properties":{"name":"Osnabrück","rank":7,"capital":0,"pop":231268}},{"type":"Feature","geometry":{"type":"Point","coordinates":[9.7167,52.367]},"properties":{"name":"Hanover","rank":7,"capital":1,"pop":722490}},{"type":"Feature","geometry":{"type":"Point","coordinates":[9.92,51.5204]},"properties":{"name":"Göttingen","rank":7,"capital":0,"pop":139419}},{"type":"Feature","geometry":{"type":"Point","coordinates":[12.07,50.8704]},"properties":{"name":"Gera","rank":7,"capital":0,"pop":104659}},{"type":"Feature","geometry":{"type":"Point","coordinates":[11.58,50.9304]},"properties":{"name":"Jena","rank":7,"capital":0,"pop":104712}},{"type":"Feature","geometry":{"type":"Point","coordinates":[9.4333,54.7837]},"properties":{"name":"Flensburg","rank":7,"capital":0,"pop":97930}},{"type":"Feature","geometry":{"type":"Point","coordinates":[10.67,53.8704]},"properties":{"name":"Lübeck","rank":7,"capital":0,"pop":235390}},{"type":"Feature","geometry":{"type":"Point","coordinates":[10.13,54.3304]},"properties":{"name":"Kiel","rank":7,"capital":1,"pop":269427}},{"type":"Feature","geometry":{"type":"Point","coordinates":[7.6,50.3505]},"properties":{"name":"Koblenz","rank":7,"capital":0,"pop":312633}},{"type":"Feature","geometry":{"type":"Point","coordinates":[6.97,49.2504]},"properties":{"name":"Saarbrücken","rank":7,"capital":1,"pop":770001}},{"type":"Feature","geometry":{"type":"Point","coordinates":[13.36,49.7404]},"properties":{"name":"Plzeň","rank":7,"capital":1,"pop":164180}},{"type":"Feature","geometry":{"type":"Point","coordinates":[12.12,49.0204]},"properties":{"name":"Regensburg","rank":7,"capital":0,"pop":164359}},{"type":"Feature","geometry":{"type":"Point","coordinates":[12.1333,47.8503]},"properties":{"name":"Rosenheim","rank":7,"capital":0,"pop":92809}},{"type":"Feature","geometry":{"type":"Point","coordinates":[11.9167,50.317]},"properties":{"name":"Hof","rank":7,"capital":0,"pop":56153}},{"type":"Feature","geometry":{"type":"Point","coordinates":[9.95,49.8004]},"properties":{"name":"Würzburg","rank":7,"capital":0,"pop":168561}},{"type":"Feature","geometry":{"type":"Point","coordinates":[11.45,48.7704]},"properties":{"name":"Ingolstadt","rank":7,"capital":0,"pop":163325}},{"type":"Feature","geometry":{"type":"Point","coordinates":[13.8481,44.8687]},"properties":{"name":"Pula","rank":7,"capital":0,"pop":61599}},{"type":"Feature","geometry":{"type":"Point","coordinates":[15.5833,49.4004]},"properties":{"name":"Jihlava","rank":7,"capital":1,"pop":53921}},{"type":"Feature","geometry":{"type":"Point","coordinates":[17.65,49.2304]},"properties":{"name":"Zlín","rank":7,"capital":0,"pop":124610}},{"type":"Feature","geometry":{"type":"Point","coordinates":[16.61,49.2004]},"properties":{"name":"Brno","rank":7,"capital":1,"pop":388277}},{"type":"Feature","geometry":{"type":"Point","coordinates":[15.76,50.0404]},"properties":{"name":"Pardubice","rank":7,"capital":1,"pop":107064}},{"type":"Feature","geometry":{"type":"Point","coordinates":[14.33,51.7704]},"properties":{"name":"Cottbus","rank":7,"capital":0,"pop":105067}},{"type":"Feature","geometry":{"type":"Point","coordinates":[13.07,52.4004]},"properties":{"name":"Potsdam","rank":7,"capital":1,"pop":218095}},{"type":"Feature","geometry":{"type":"Point","coordinates":[11.62,52.1304]},"properties":{"name":"Magdeburg","rank":7,"capital":1,"pop":229826}},{"type":"Feature","geometry":{"type":"Point","coordinates":[12.41,51.3354]},"properties":{"name":"Leipzig","rank":7,"capital":0,"pop":542529}},{"type":"Feature","geometry":{"type":"Point","coordinates":[18.68,45.5504]},"properties":{"name":"Osijek","rank":7,"capital":1,"pop":95077}},{"type":"Feature","geometry":{"type":"Point","coordinates":[18.25,49.8304]},"properties":{"name":"Ostrava","rank":7,"capital":1,"pop":478963}},{"type":"Feature","geometry":{"type":"Point","coordinates":[79.9833,32.2004]},"properties":{"name":"Gar","rank":7,"capital":0,"pop":10000}},{"type":"Feature","geometry":{"type":"Point","coordinates":[29.45,0.4904]},"properties":{"name":"Beni","rank":7,"capital":0,"pop":332903}},{"type":"Feature","geometry":{"type":"Point","coordinates":[-14.65,13.4336]},"properties":{"name":"Bansang","rank":7,"capital":0,"pop":7615}},{"type":"Feature","geometry":{"type":"Point","coordinates":[-16.6599,13.2804]},"properties":{"name":"Brikama","rank":7,"capital":1,"pop":195136}},{"type":"Feature","geometry":{"type":"Point","coordinates":[-0.84,9.4004]},"properties":{"name":"Tamale","rank":7,"capital":1,"pop":360579}},{"type":"Feature","geometry":{"type":"Point","coordinates":[-0.0167,9.4337]},"properties":{"name":"Yendi","rank":7,"capital":0,"pop":42972}},{"type":"Feature","geometry":{"type":"Point","coordinates":[-0.85,10.7904]},"properties":{"name":"Bolgatanga","rank":7,"capital":1,"pop":82177}},{"type":"Feature","geometry":{"type":"Point","coordinates":[-0.24,11.0604]},"properties":{"name":"Bawku","rank":7,"capital":0,"pop":73594}},{"type":"Feature","geometry":{"type":"Point","coordinates":[-2.5,10.0604]},"properties":{"name":"Wa","rank":7,"capital":1,"pop":78107}},{"type":"Feature","geometry":{"type":"Point","coordinates":[-1.66,6.1904]},"properties":{"name":"Obuasi","rank":7,"capital":0,"pop":180117}},{"type":"Feature","geometry":{"type":"Point","coordinates":[-2.59,7.4504]},"properties":{"name":"Berekum","rank":7,"capital":0,"pop":46287}},{"type":"Feature","geometry":{"type":"Point","coordinates":[-0.63,5.3504]},"properties":{"name":"Winneba","rank":7,"capital":0,"pop":44254}},{"type":"Feature","geometry":{"type":"Point","coordinates":[-1.25,5.1104]},"properties":{"name":"Cape Coast","rank":7,"capital":1,"pop":143015}},{"type":"Feature","geometry":{"type":"Point","coordinates":[-0.78,6.5505]},"properties":{"name":"Nkawkaw","rank":7,"capital":0,"pop":62667}},{"type":"Feature","geometry":{"type":"Point","coordinates":[-0.26,6.0904]},"properties":{"name":"Koforidua","rank":7,"capital":1,"pop":156653}},{"type":"Feature","geometry":{"type":"Point","coordinates":[0.01,5.6404]},"properties":{"name":"Tema","rank":7,"capital":0,"pop":209000}},{"type":"Feature","geometry":{"type":"Point","coordinates":[0.47,6.6004]},"properties":{"name":"Ho","rank":7,"capital":1,"pop":93044}},{"type":"Feature","geometry":{"type":"Point","coordinates":[13.9333,1.0171]},"properties":{"name":"Mékambo","rank":7,"capital":0,"pop":3170}},{"type":"Feature","geometry":{"type":"Point","coordinates":[12.8666,0.5671]},"properties":{"name":"Makokou","rank":7,"capital":1,"pop":17070}},{"type":"Feature","geometry":{"type":"Point","coordinates":[11.5666,0.7837]},"properties":{"name":"Mitzic","rank":7,"capital":0,"pop":4111}},{"type":"Feature","geometry":{"type":"Point","coordinates":[11.4834,2.0837]},"properties":{"name":"Bitam","rank":7,"capital":0,"pop":17637}},{"type":"Feature","geometry":{"type":"Point","coordinates":[75.72,32.2703]},"properties":{"name":"Pathankot","rank":7,"capital":0,"pop":253987}},{"type":"Feature","geometry":{"type":"Point","coordinates":[75.03,29.4904]},"properties":{"name":"Sirsa","rank":7,"capital":0,"pop":181639}},{"type":"Feature","geometry":{"type":"Point","coordinates":[76.97,29.4004]},"properties":{"name":"Panipat","rank":7,"capital":0,"pop":292808}},{"type":"Feature","geometry":{"type":"Point","coordinates":[76.97,29.6804]},"properties":{"name":"Karnal","rank":7,"capital":0,"pop":225049}},{"type":"Feature","geometry":{"type":"Point","coordinates":[74.35,34.2004]},"properties":{"name":"Baramulla","rank":7,"capital":0,"pop":167986}},{"type":"Feature","geometry":{"type":"Point","coordinates":[78.57,14.7504]},"properties":{"name":"Proddatur","rank":7,"capital":0,"pop":197451}},{"type":"Feature","geometry":{"type":"Point","coordinates":[78.4866,15.4641]},"properties":{"name":"Nandyal","rank":7,"capital":0,"pop":188654}},{"type":"Feature","geometry":{"type":"Point","coordinates":[77.49,13.7804]},"properties":{"name":"Hindupur","rank":7,"capital":0,"pop":168312}},{"type":"Feature","geometry":{"type":"Point","coordinates":[79.42,13.6504]},"properties":{"name":"Tirupathi","rank":7,"capital":0,"pop":287035}},{"type":"Feature","geometry":{"type":"Point","coordinates":[79.11,18.4604]},"properties":{"name":"Karimnagar","rank":7,"capital":0,"pop":288251}},{"type":"Feature","geometry":{"type":"Point","coordinates":[78.1,18.6704]},"properties":{"name":"Nizamabad","rank":7,"capital":0,"pop":388505}},{"type":"Feature","geometry":{"type":"Point","coordinates":[76.57,8.9004]},"properties":{"name":"Kollam","rank":7,"capital":0,"pop":394163}},{"type":"Feature","geometry":{"type":"Point","coordinates":[76.37,9.5004]},"properties":{"name":"Alappuzha","rank":7,"capital":0,"pop":176783}},{"type":"Feature","geometry":{"type":"Point","coordinates":[72.6369,10.5626]},"properties":{"name":"Kavaratti","rank":7,"capital":1,"pop":10688}},{"type":"Feature","geometry":{"type":"Point","coordinates":[76.92,12.5704]},"properties":{"name":"Mandya","rank":7,"capital":0,"pop":285034}},{"type":"Feature","geometry":{"type":"Point","coordinates":[78.1334,13.1337]},"properties":{"name":"Kolar","rank":7,"capital":0,"pop":144625}},{"type":"Feature","geometry":{"type":"Point","coordinates":[75.56,13.9304]},"properties":{"name":"Shivamogga","rank":7,"capital":0,"pop":654055}},{"type":"Feature","geometry":{"type":"Point","coordinates":[77.355,16.2104]},"properties":{"name":"Raichur","rank":7,"capital":0,"pop":255240}},{"type":"Feature","geometry":{"type":"Point","coordinates":[76.375,15.2804]},"properties":{"name":"Hospet","rank":7,"capital":0,"pop":286007}},{"type":"Feature","geometry":{"type":"Point","coordinates":[77.5175,17.9229]},"properties":{"name":"Bidar","rank":7,"capital":0,"pop":300136}},{"type":"Feature","geometry":{"type":"Point","coordinates":[74.575,16.8604]},"properties":{"name":"Sangli","rank":7,"capital":0,"pop":601214}},{"type":"Feature","geometry":{"type":"Point","coordinates":[76.76,19.2704]},"properties":{"name":"Parbhani","rank":7,"capital":0,"pop":378326}},{"type":"Feature","geometry":{"type":"Point","coordinates":[74.525,20.5604]},"properties":{"name":"Malegaon","rank":7,"capital":0,"pop":690844}},{"type":"Feature","geometry":{"type":"Point","coordinates":[-1.65,49.6504]},"properties":{"name":"Cherbourg-Octeville","rank":7,"capital":0,"pop":60991}},{"type":"Feature","geometry":{"type":"Point","coordinates":[-0.35,49.1838]},"properties":{"name":"Caen","rank":7,"capital":1,"pop":190099}},{"type":"Feature","geometry":{"type":"Point","coordinates":[-3.3666,47.7504]},"properties":{"name":"Lorient","rank":7,"capital":0,"pop":84952}},{"type":"Feature","geometry":{"type":"Point","coordinates":[-4.495,48.3904]},"properties":{"name":"Brest","rank":7,"capital":0,"pop":144899}},{"type":"Feature","geometry":{"type":"Point","coordinates":[0.2026,48.0044]},"properties":{"name":"Le Mans","rank":7,"capital":0,"pop":144515}},{"type":"Feature","geometry":{"type":"Point","coordinates":[-1.59,47.2104]},"properties":{"name":"Nantes","rank":7,"capital":1,"pop":438537}},{"type":"Feature","geometry":{"type":"Point","coordinates":[0.6333,44.2004]},"properties":{"name":"Agen","rank":7,"capital":0,"pop":58223}},{"type":"Feature","geometry":{"type":"Point","coordinates":[8.7283,41.9271]},"properties":{"name":"Ajaccio","rank":7,"capital":1,"pop":54364}},{"type":"Feature","geometry":{"type":"Point","coordinates":[9.45,42.7032]},"properties":{"name":"Bastia","rank":7,"capital":0,"pop":41001}},{"type":"Feature","geometry":{"type":"Point","coordinates":[5.9188,43.1342]},"properties":{"name":"Toulon","rank":7,"capital":0,"pop":357693}},{"type":"Feature","geometry":{"type":"Point","coordinates":[3.21,43.3505]},"properties":{"name":"Béziers","rank":7,"capital":0,"pop":81438}},{"type":"Feature","geometry":{"type":"Point","coordinates":[3.87,43.6104]},"properties":{"name":"Montpellier","rank":7,"capital":1,"pop":327254}},{"type":"Feature","geometry":{"type":"Point","coordinates":[4.35,43.8304]},"properties":{"name":"Nîmes","rank":7,"capital":0,"pop":169547}},{"type":"Feature","geometry":{"type":"Point","coordinates":[3.4167,46.1171]},"properties":{"name":"Vichy","rank":7,"capital":0,"pop":43158}},{"type":"Feature","geometry":{"type":"Point","coordinates":[3.1667,46.9837]},"properties":{"name":"Nevers","rank":7,"capital":0,"pop":45929}},{"type":"Feature","geometry":{"type":"Point","coordinates":[3.5666,47.8004]},"properties":{"name":"Auxerre","rank":7,"capital":0,"pop":41516}},{"type":"Feature","geometry":{"type":"Point","coordinates":[5.03,47.3304]},"properties":{"name":"Dijon","rank":7,"capital":1,"pop":169946}},{"type":"Feature","geometry":{"type":"Point","coordinates":[2.4,47.0837]},"properties":{"name":"Bourges","rank":7,"capital":0,"pop":72340}},{"type":"Feature","geometry":{"type":"Point","coordinates":[0.6999,47.3804]},"properties":{"name":"Tours","rank":7,"capital":0,"pop":236096}},{"type":"Feature","geometry":{"type":"Point","coordinates":[1.9,47.9004]},"properties":{"name":"Orléans","rank":7,"capital":1,"pop":217301}},{"type":"Feature","geometry":{"type":"Point","coordinates":[1.0833,49.9337]},"properties":{"name":"Dieppe","rank":7,"capital":0,"pop":42461}},{"type":"Feature","geometry":{"type":"Point","coordinates":[1.08,49.4304]},"properties":{"name":"Rouen","rank":7,"capital":1,"pop":532559}},{"type":"Feature","geometry":{"type":"Point","coordinates":[2.1333,48.8005]},"properties":{"name":"Versailles","rank":7,"capital":0,"pop":85416}},{"type":"Feature","geometry":{"type":"Point","coordinates":[1.5333,45.1504]},"properties":{"name":"Brive-la-Gaillarde","rank":7,"capital":0,"pop":55448}},{"type":"Feature","geometry":{"type":"Point","coordinates":[4.0834,48.3404]},"properties":{"name":"Troyes","rank":7,"capital":0,"pop":61703}},{"type":"Feature","geometry":{"type":"Point","coordinates":[4.03,49.2504]},"properties":{"name":"Reims","rank":7,"capital":1,"pop":196565}},{"type":"Feature","geometry":{"type":"Point","coordinates":[1.8333,50.9504]},"properties":{"name":"Calais","rank":7,"capital":0,"pop":92201}},{"type":"Feature","geometry":{"type":"Point","coordinates":[2.3,49.9004]},"properties":{"name":"Amiens","rank":7,"capital":1,"pop":143086}},{"type":"Feature","geometry":{"type":"Point","coordinates":[7.35,47.7504]},"properties":{"name":"Mulhouse","rank":7,"capital":0,"pop":215454}},{"type":"Feature","geometry":{"type":"Point","coordinates":[6.2,48.6837]},"properties":{"name":"Nancy","rank":7,"capital":1,"pop":268976}},{"type":"Feature","geometry":{"type":"Point","coordinates":[6.18,49.1203]},"properties":{"name":"Metz","rank":7,"capital":1,"pop":409186}},{"type":"Feature","geometry":{"type":"Point","coordinates":[18.04,1.6404]},"properties":{"name":"Impfondo","rank":7,"capital":1,"pop":20859}},{"type":"Feature","geometry":{"type":"Point","coordinates":[14.58,1.6404]},"properties":{"name":"Sembé","rank":7,"capital":0,"pop":9679}},{"type":"Feature","geometry":{"type":"Point","coordinates":[15.2167,2.0337]},"properties":{"name":"Moloundou","rank":7,"capital":0,"pop":12244}},{"type":"Feature","geometry":{"type":"Point","coordinates":[19.9147,39.6154]},"properties":{"name":"Corfu","rank":7,"capital":1,"pop":38517}},{"type":"Feature","geometry":{"type":"Point","coordinates":[22.3794,37.5091]},"properties":{"name":"Tripoli","rank":7,"capital":1,"pop":28970}},{"type":"Feature","geometry":{"type":"Point","coordinates":[22.4297,37.0737]},"properties":{"name":"Sparti","rank":7,"capital":1,"pop":16187}},{"type":"Feature","geometry":{"type":"Point","coordinates":[21.4077,38.6218]},"properties":{"name":"Agrinio","rank":7,"capital":0,"pop":75233}},{"type":"Feature","geometry":{"type":"Point","coordinates":[21.45,37.6837]},"properties":{"name":"Pyrgos","rank":7,"capital":1,"pop":22399}},{"type":"Feature","geometry":{"type":"Point","coordinates":[22.42,39.6304]},"properties":{"name":"Larissa","rank":7,"capital":1,"pop":128758}},{"type":"Feature","geometry":{"type":"Point","coordinates":[20.8509,39.6679]},"properties":{"name":"Ioannina","rank":7,"capital":1,"pop":86304}},{"type":"Feature","geometry":{"type":"Point","coordinates":[26.5546,39.1104]},"properties":{"name":"Mytilene","rank":7,"capital":1,"pop":29328}},{"type":"Feature","geometry":{"type":"Point","coordinates":[26.1358,38.3681]},"properties":{"name":"Chios","rank":7,"capital":1,"pop":26891}},{"type":"Feature","geometry":{"type":"Point","coordinates":[23.6124,38.464]},"properties":{"name":"Chalkida","rank":7,"capital":1,"pop":71842}},{"type":"Feature","geometry":{"type":"Point","coordinates":[26.0986,35.2004]},"properties":{"name":"Sitia","rank":7,"capital":0,"pop":8833}},{"type":"Feature","geometry":{"type":"Point","coordinates":[22.5025,40.2723]},"properties":{"name":"Katerini","rank":7,"capital":1,"pop":53293}},{"type":"Feature","geometry":{"type":"Point","coordinates":[23.5497,41.086]},"properties":{"name":"Serres","rank":7,"capital":1,"pop":55886}},{"type":"Feature","geometry":{"type":"Point","coordinates":[24.8836,41.1418]},"properties":{"name":"Xanthi","rank":7,"capital":1,"pop":50570}},{"type":"Feature","geometry":{"type":"Point","coordinates":[24.9333,37.4504]},"properties":{"name":"Ermoupolis","rank":7,"capital":0,"pop":12260}},{"type":"Feature","geometry":{"type":"Point","coordinates":[27.2888,36.8937]},"properties":{"name":"Kos","rank":7,"capital":0,"pop":19244}},{"type":"Feature","geometry":{"type":"Point","coordinates":[28.2225,36.4412]},"properties":{"name":"Rhodes","rank":7,"capital":1,"pop":56969}},{"type":"Feature","geometry":{"type":"Point","coordinates":[41.6716,42.1557]},"properties":{"name":"Poti","rank":7,"capital":0,"pop":47149}},{"type":"Feature","geometry":{"type":"Point","coordinates":[45.05,41.5704]},"properties":{"name":"Rustavi","rank":7,"capital":0,"pop":157063}},{"type":"Feature","geometry":{"type":"Point","coordinates":[42.6872,37.1445]},"properties":{"name":"Zakho","rank":7,"capital":0,"pop":134863}},{"type":"Feature","geometry":{"type":"Point","coordinates":[42.4497,36.376]},"properties":{"name":"Tal Afar","rank":7,"capital":0,"pop":144465}},{"type":"Feature","geometry":{"type":"Point","coordinates":[43.677,34.597]},"properties":{"name":"Tikrit","rank":7,"capital":0,"pop":56591}},{"type":"Feature","geometry":{"type":"Point","coordinates":[34.9781,32.8224]},"properties":{"name":"Haifa","rank":7,"capital":1,"pop":1011000}},{"type":"Feature","geometry":{"type":"Point","coordinates":[35.2955,32.704]},"properties":{"name":"Nazareth","rank":7,"capital":1,"pop":151459}},{"type":"Feature","geometry":{"type":"Point","coordinates":[44.0245,32.6149]},"properties":{"name":"Karbala","rank":7,"capital":1,"pop":510692}},{"type":"Feature","geometry":{"type":"Point","coordinates":[39.53,9.6804]},"properties":{"name":"Debre Berhan","rank":7,"capital":0,"pop":65231}},{"type":"Feature","geometry":{"type":"Point","coordinates":[40.0166,11.1837]},"properties":{"name":"Bati","rank":7,"capital":0,"pop":19260}},{"type":"Feature","geometry":{"type":"Point","coordinates":[39.47,14.2804]},"properties":{"name":"Adigrat","rank":7,"capital":0,"pop":104021}},{"type":"Feature","geometry":{"type":"Point","coordinates":[38.72,14.1304]},"properties":{"name":"Axum","rank":7,"capital":0,"pop":47487}},{"type":"Feature","geometry":{"type":"Point","coordinates":[38.41,6.7504]},"properties":{"name":"Irgalem","rank":7,"capital":0,"pop":36292}},{"type":"Feature","geometry":{"type":"Point","coordinates":[37.85,7.5504]},"properties":{"name":"Hosaena","rank":7,"capital":0,"pop":89300}},{"type":"Feature","geometry":{"type":"Point","coordinates":[38.31,6.4104]},"properties":{"name":"Dila","rank":7,"capital":0,"pop":47021}},{"type":"Feature","geometry":{"type":"Point","coordinates":[37.97,8.5304]},"properties":{"name":"Waliso","rank":7,"capital":0,"pop":114534}},{"type":"Feature","geometry":{"type":"Point","coordinates":[37.85,8.9804]},"properties":{"name":"Ambo","rank":7,"capital":0,"pop":43920}},{"type":"Feature","geometry":{"type":"Point","coordinates":[36.53,9.0905]},"properties":{"name":"Nekemte","rank":7,"capital":1,"pop":73018}},{"type":"Feature","geometry":{"type":"Point","coordinates":[39.1399,7.9504]},"properties":{"name":"Asella","rank":7,"capital":1,"pop":82240}},{"type":"Feature","geometry":{"type":"Point","coordinates":[38.59,7.2004]},"properties":{"name":"Shashamane","rank":7,"capital":0,"pop":114350}},{"type":"Feature","geometry":{"type":"Point","coordinates":[34.8,8.5337]},"properties":{"name":"Dembi Dollo","rank":7,"capital":0,"pop":27780}},{"type":"Feature","geometry":{"type":"Point","coordinates":[35.8333,9.167]},"properties":{"name":"Gimbi","rank":7,"capital":0,"pop":31809}},{"type":"Feature","geometry":{"type":"Point","coordinates":[34.5333,10.067]},"properties":{"name":"Asosa","rank":7,"capital":0,"pop":30512}},{"type":"Feature","geometry":{"type":"Point","coordinates":[42.79,9.3504]},"properties":{"name":"Jijiga","rank":7,"capital":1,"pop":56821}},{"type":"Feature","geometry":{"type":"Point","coordinates":[13.1,54.3004]},"properties":{"name":"Stralsund","rank":7,"capital":0,"pop":61368}},{"type":"Feature","geometry":{"type":"Point","coordinates":[12.15,54.0704]},"properties":{"name":"Rostock","rank":7,"capital":0,"pop":203080}},{"type":"Feature","geometry":{"type":"Point","coordinates":[57.4449,49.4731]},"properties":{"name":"Kandyagash","rank":7,"capital":0,"pop":28196}},{"type":"Feature","geometry":{"type":"Point","coordinates":[57.335,49.9032]},"properties":{"name":"Alga","rank":7,"capital":0,"pop":28267}},{"type":"Feature","geometry":{"type":"Point","coordinates":[55.874,48.6917]},"properties":{"name":"Bayganin","rank":7,"capital":0,"pop":7657}},{"type":"Feature","geometry":{"type":"Point","coordinates":[58.1442,48.8268]},"properties":{"name":"Embi","rank":7,"capital":0,"pop":18760}},{"type":"Feature","geometry":{"type":"Point","coordinates":[61.2399,52.193]},"properties":{"name":"Zhitikara","rank":7,"capital":0,"pop":46740}},{"type":"Feature","geometry":{"type":"Point","coordinates":[62.0502,53.7506]},"properties":{"name":"Komsomolets","rank":7,"capital":0,"pop":9838}},{"type":"Feature","geometry":{"type":"Point","coordinates":[62.5749,52.698]},"properties":{"name":"Tobol","rank":7,"capital":0,"pop":7155}},{"type":"Feature","geometry":{"type":"Point","coordinates":[64.6,52.458]},"properties":{"name":"Qusmuryn","rank":7,"capital":0,"pop":8049}},{"type":"Feature","geometry":{"type":"Point","coordinates":[66.75,44.167]},"properties":{"name":"Shieli","rank":7,"capital":0,"pop":29832}},{"type":"Feature","geometry":{"type":"Point","coordinates":[51.5798,47.6714]},"properties":{"name":"Makhambet","rank":7,"capital":0,"pop":8905}},{"type":"Feature","geometry":{"type":"Point","coordinates":[51.1449,50.1915]},"properties":{"name":"Chapaev","rank":7,"capital":0,"pop":6000}},{"type":"Feature","geometry":{"type":"Point","coordinates":[46.8772,49.4276]},"properties":{"name":"Zhanybek","rank":7,"capital":0,"pop":8212}},{"type":"Feature","geometry":{"type":"Point","coordinates":[53.0349,51.1714]},"properties":{"name":"Aksay","rank":7,"capital":0,"pop":34799}},{"type":"Feature","geometry":{"type":"Point","coordinates":[66.3775,51.957]},"properties":{"name":"Esil","rank":7,"capital":0,"pop":13504}},{"type":"Feature","geometry":{"type":"Point","coordinates":[66.3075,51.1021]},"properties":{"name":"Derzhavinsk","rank":7,"capital":0,"pop":15848}},{"type":"Feature","geometry":{"type":"Point","coordinates":[69.8328,51.6324]},"properties":{"name":"Zhaltyr","rank":7,"capital":0,"pop":694}},{"type":"Feature","geometry":{"type":"Point","coordinates":[70.41,52.6404]},"properties":{"name":"Makinsk","rank":7,"capital":0,"pop":23020}},{"type":"Feature","geometry":{"type":"Point","coordinates":[71.9597,52.4502]},"properties":{"name":"Aksu","rank":7,"capital":0,"pop":8543}},{"type":"Feature","geometry":{"type":"Point","coordinates":[71.7099,51.7502]},"properties":{"name":"Zholymbet","rank":7,"capital":0,"pop":6876}},{"type":"Feature","geometry":{"type":"Point","coordinates":[73.1049,51.6303]},"properties":{"name":"Ereymentau","rank":7,"capital":0,"pop":25141}},{"type":"Feature","geometry":{"type":"Point","coordinates":[73.6191,46.1195]},"properties":{"name":"Saryshaghan","rank":7,"capital":0,"pop":4365}},{"type":"Feature","geometry":{"type":"Point","coordinates":[70.7999,48.0253]},"properties":{"name":"Karazhal","rank":7,"capital":0,"pop":22170}},{"type":"Feature","geometry":{"type":"Point","coordinates":[71.6499,48.6903]},"properties":{"name":"Atasu","rank":7,"capital":0,"pop":19616}},{"type":"Feature","geometry":{"type":"Point","coordinates":[72.3414,53.6368]},"properties":{"name":"Kishkenekol","rank":7,"capital":0,"pop":6779}},{"type":"Feature","geometry":{"type":"Point","coordinates":[69.7638,53.8481]},"properties":{"name":"Tajynsha","rank":7,"capital":0,"pop":13148}},{"type":"Feature","geometry":{"type":"Point","coordinates":[70.44,54.9053]},"properties":{"name":"Bulayev","rank":7,"capital":0,"pop":9886}},{"type":"Feature","geometry":{"type":"Point","coordinates":[75.4499,53.3453]},"properties":{"name":"Ertis","rank":7,"capital":0,"pop":9216}},{"type":"Feature","geometry":{"type":"Point","coordinates":[76.09,53.0804]},"properties":{"name":"Kashyr","rank":7,"capital":0,"pop":8931}},{"type":"Feature","geometry":{"type":"Point","coordinates":[79.9149,45.4203]},"properties":{"name":"Sarkand","rank":7,"capital":0,"pop":76919}},{"type":"Feature","geometry":{"type":"Point","coordinates":[77.97,45.2653]},"properties":{"name":"Ushtobe","rank":7,"capital":0,"pop":20492}},{"type":"Feature","geometry":{"type":"Point","coordinates":[79.4703,43.5421]},"properties":{"name":"Chundzha","rank":7,"capital":0,"pop":3902}},{"type":"Feature","geometry":{"type":"Point","coordinates":[77.0687,43.8844]},"properties":{"name":"Kapchagay","rank":7,"capital":0,"pop":42167}},{"type":"Feature","geometry":{"type":"Point","coordinates":[75.2139,43.5346]},"properties":{"name":"Otar","rank":7,"capital":0,"pop":11238}},{"type":"Feature","geometry":{"type":"Point","coordinates":[51.8597,32.0115]},"properties":{"name":"Shahreza","rank":7,"capital":0,"pop":118301}},{"type":"Feature","geometry":{"type":"Point","coordinates":[51.58,33.9804]},"properties":{"name":"Kashan","rank":7,"capital":0,"pop":250000}},{"type":"Feature","geometry":{"type":"Point","coordinates":[51.47,32.7004]},"properties":{"name":"Khomeyni Shahr","rank":7,"capital":0,"pop":437138}},{"type":"Feature","geometry":{"type":"Point","coordinates":[53.6715,28.9718]},"properties":{"name":"Fasa","rank":7,"capital":0,"pop":124458}},{"type":"Feature","geometry":{"type":"Point","coordinates":[55.1715,37.2518]},"properties":{"name":"Gonbad-e Kavus","rank":7,"capital":0,"pop":159982}},{"type":"Feature","geometry":{"type":"Point","coordinates":[54.48,36.8303]},"properties":{"name":"Gorgan","rank":7,"capital":1,"pop":281023}},{"type":"Feature","geometry":{"type":"Point","coordinates":[52.3633,36.4713]},"properties":{"name":"Amol","rank":7,"capital":0,"pop":221650}},{"type":"Feature","geometry":{"type":"Point","coordinates":[53.1,36.5504]},"properties":{"name":"Sari","rank":7,"capital":1,"pop":271467}},{"type":"Feature","geometry":{"type":"Point","coordinates":[53.3743,35.5548]},"properties":{"name":"Semnan","rank":7,"capital":1,"pop":124826}},{"type":"Feature","geometry":{"type":"Point","coordinates":[50.9681,35.8023]},"properties":{"name":"Karaj","rank":7,"capital":0,"pop":1423000}},{"type":"Feature","geometry":{"type":"Point","coordinates":[50.2615,30.5818]},"properties":{"name":"Behbahan","rank":7,"capital":0,"pop":85707}},{"type":"Feature","geometry":{"type":"Point","coordinates":[48.47,32.3804]},"properties":{"name":"Dezful","rank":7,"capital":0,"pop":315482}},{"type":"Feature","geometry":{"type":"Point","coordinates":[48.35,33.4804]},"properties":{"name":"Khorramabad","rank":7,"capital":1,"pop":375198}},{"type":"Feature","geometry":{"type":"Point","coordinates":[46.43,33.6304]},"properties":{"name":"Ilam","rank":7,"capital":1,"pop":152894}},{"type":"Feature","geometry":{"type":"Point","coordinates":[45.2803,31.3099]},"properties":{"name":"Samawah","rank":7,"capital":1,"pop":174978}},{"type":"Feature","geometry":{"type":"Point","coordinates":[46.2676,31.0429]},"properties":{"name":"Nasiriya","rank":7,"capital":1,"pop":451547}},{"type":"Feature","geometry":{"type":"Point","coordinates":[47.1512,31.8416]},"properties":{"name":"Thi Qar","rank":7,"capital":1,"pop":345007}},{"type":"Feature","geometry":{"type":"Point","coordinates":[45.8304,32.4907]},"properties":{"name":"Kut","rank":7,"capital":1,"pop":321521}},{"type":"Feature","geometry":{"type":"Point","coordinates":[50.3314,35.0218]},"properties":{"name":"Saveh","rank":7,"capital":0,"pop":175533}},{"type":"Feature","geometry":{"type":"Point","coordinates":[49.7,34.0804]},"properties":{"name":"Arak","rank":7,"capital":1,"pop":503647}},{"type":"Feature","geometry":{"type":"Point","coordinates":[50.2666,44.5171]},"properties":{"name":"Fort-Shevchenko","rank":7,"capital":0,"pop":5213}},{"type":"Feature","geometry":{"type":"Point","coordinates":[52.8,43.3004]},"properties":{"name":"Zhanaozen","rank":7,"capital":0,"pop":8895}},{"type":"Feature","geometry":{"type":"Point","coordinates":[45.72,36.7704]},"properties":{"name":"Mahabad","rank":7,"capital":0,"pop":162434}},{"type":"Feature","geometry":{"type":"Point","coordinates":[44.97,38.5304]},"properties":{"name":"Khoy","rank":7,"capital":0,"pop":202728}},{"type":"Feature","geometry":{"type":"Point","coordinates":[46.22,37.4204]},"properties":{"name":"Maragheh","rank":7,"capital":0,"pop":151385}},{"type":"Feature","geometry":{"type":"Point","coordinates":[45.5772,34.5124]},"properties":{"name":"Qasr-e Shirin","rank":7,"capital":0,"pop":11202}},{"type":"Feature","geometry":{"type":"Point","coordinates":[47.5937,35.8741]},"properties":{"name":"Bijar","rank":7,"capital":0,"pop":53871}},{"type":"Feature","geometry":{"type":"Point","coordinates":[45.4309,35.5613]},"properties":{"name":"Sulaymaniyah","rank":7,"capital":1,"pop":723170}},{"type":"Feature","geometry":{"type":"Point","coordinates":[44.6573,33.7476]},"properties":{"name":"Baqubah","rank":7,"capital":1,"pop":299479}},{"type":"Feature","geometry":{"type":"Point","coordinates":[60.8938,33.5065]},"properties":{"name":"Yazdan","rank":7,"capital":0,"pop":2000}},{"type":"Feature","geometry":{"type":"Point","coordinates":[60.6129,35.2233]},"properties":{"name":"Torbat-e Jam","rank":7,"capital":0,"pop":104578}},{"type":"Feature","geometry":{"type":"Point","coordinates":[58.5015,37.1118]},"properties":{"name":"Quchan","rank":7,"capital":0,"pop":145531}},{"type":"Feature","geometry":{"type":"Point","coordinates":[60.6299,25.3004]},"properties":{"name":"Chabahar","rank":7,"capital":0,"pop":65801}},{"type":"Feature","geometry":{"type":"Point","coordinates":[74.1823,30.1263]},"properties":{"name":"Abohar","rank":7,"capital":0,"pop":130603}},{"type":"Feature","geometry":{"type":"Point","coordinates":[76.385,30.3204]},"properties":{"name":"Patiala","rank":7,"capital":0,"pop":329224}},{"type":"Feature","geometry":{"type":"Point","coordinates":[74.635,25.3504]},"properties":{"name":"Bhilwara","rank":7,"capital":0,"pop":389911}},{"type":"Feature","geometry":{"type":"Point","coordinates":[73.3299,25.7904]},"properties":{"name":"Pali","rank":7,"capital":0,"pop":210103}},{"type":"Feature","geometry":{"type":"Point","coordinates":[75.79,26.1505]},"properties":{"name":"Tonk","rank":7,"capital":0,"pop":181734}},{"type":"Feature","geometry":{"type":"Point","coordinates":[75.14,27.6104]},"properties":{"name":"Sikar","rank":7,"capital":0,"pop":400000}},{"type":"Feature","geometry":{"type":"Point","coordinates":[73.3322,28.0151]},"properties":{"name":"Bikaner","rank":7,"capital":0,"pop":576015}},{"type":"Feature","geometry":{"type":"Point","coordinates":[77.5074,27.2094]},"properties":{"name":"Bharatpur","rank":7,"capital":0,"pop":229384}},{"type":"Feature","geometry":{"type":"Point","coordinates":[76.6049,27.5454]},"properties":{"name":"Alwar","rank":7,"capital":0,"pop":283228}},{"type":"Feature","geometry":{"type":"Point","coordinates":[68.8048,42.4369]},"properties":{"name":"Arys","rank":7,"capital":0,"pop":42648}},{"type":"Feature","geometry":{"type":"Point","coordinates":[74.0303,44.9387]},"properties":{"name":"Burubaytal","rank":7,"capital":0,"pop":100}},{"type":"Feature","geometry":{"type":"Point","coordinates":[73.7448,43.5953]},"properties":{"name":"Shu","rank":7,"capital":0,"pop":42439}},{"type":"Feature","geometry":{"type":"Point","coordinates":[72.705,42.9204]},"properties":{"name":"Kulan","rank":7,"capital":0,"pop":13128}},{"type":"Feature","geometry":{"type":"Point","coordinates":[73.2549,42.9153]},"properties":{"name":"Oytal","rank":7,"capital":0,"pop":22673}},{"type":"Feature","geometry":{"type":"Point","coordinates":[70.46,43.1854]},"properties":{"name":"Karatau","rank":7,"capital":0,"pop":37881}},{"type":"Feature","geometry":{"type":"Point","coordinates":[78.5575,25.453]},"properties":{"name":"Jhansi","rank":7,"capital":0,"pop":826494}},{"type":"Feature","geometry":{"type":"Point","coordinates":[79.905,27.8804]},"properties":{"name":"Shahjahanpur","rank":7,"capital":0,"pop":320434}},{"type":"Feature","geometry":{"type":"Point","coordinates":[79.025,28.8154]},"properties":{"name":"Rampur","rank":7,"capital":0,"pop":296418}},{"type":"Feature","geometry":{"type":"Point","coordinates":[79.4181,28.3473]},"properties":{"name":"Bareilly","rank":7,"capital":0,"pop":817000}},{"type":"Feature","geometry":{"type":"Point","coordinates":[79.015,26.7855]},"properties":{"name":"Etawah","rank":7,"capital":0,"pop":257448}},{"type":"Feature","geometry":{"type":"Point","coordinates":[78.05,30.3204]},"properties":{"name":"Dehradun","rank":7,"capital":1,"pop":714223}},{"type":"Feature","geometry":{"type":"Point","coordinates":[76.1724,21.2845]},"properties":{"name":"Burhanpur","rank":7,"capital":0,"pop":197233}},{"type":"Feature","geometry":{"type":"Point","coordinates":[75.79,23.1904]},"properties":{"name":"Ujjain","rank":7,"capital":0,"pop":513350}},{"type":"Feature","geometry":{"type":"Point","coordinates":[75.03,23.3504]},"properties":{"name":"Ratlam","rank":7,"capital":0,"pop":307229}},{"type":"Feature","geometry":{"type":"Point","coordinates":[78.75,23.8504]},"properties":{"name":"Sagar","rank":7,"capital":0,"pop":328240}},{"type":"Feature","geometry":{"type":"Point","coordinates":[79.15,12.9204]},"properties":{"name":"Vellore","rank":7,"capital":0,"pop":177081}},{"type":"Feature","geometry":{"type":"Point","coordinates":[79.1,12.2604]},"properties":{"name":"Tiruvannaamalai","rank":7,"capital":0,"pop":138243}},{"type":"Feature","geometry":{"type":"Point","coordinates":[77.58,9.4204]},"properties":{"name":"Rajapalayam","rank":7,"capital":0,"pop":369991}},{"type":"Feature","geometry":{"type":"Point","coordinates":[79.77,11.7204]},"properties":{"name":"Cuddalore","rank":7,"capital":0,"pop":158569}},{"type":"Feature","geometry":{"type":"Point","coordinates":[78.0833,10.9504]},"properties":{"name":"Karur","rank":7,"capital":0,"pop":76915}},{"type":"Feature","geometry":{"type":"Point","coordinates":[79.7167,12.8337]},"properties":{"name":"Kanchipuram","rank":7,"capital":0,"pop":155029}},{"type":"Feature","geometry":{"type":"Point","coordinates":[77.69,8.7304]},"properties":{"name":"Tirunelveli","rank":7,"capital":0,"pop":542200}},{"type":"Feature","geometry":{"type":"Point","coordinates":[77.43,8.1804]},"properties":{"name":"Nagercoil","rank":7,"capital":0,"pop":224329}},{"type":"Feature","geometry":{"type":"Point","coordinates":[79.15,10.7704]},"properties":{"name":"Thanjavur","rank":7,"capital":0,"pop":219571}},{"type":"Feature","geometry":{"type":"Point","coordinates":[79.3875,10.9513]},"properties":{"name":"Kumbakonam","rank":7,"capital":0,"pop":139264}},{"type":"Feature","geometry":{"type":"Point","coordinates":[76.97,10.3204]},"properties":{"name":"Valparai","rank":7,"capital":0,"pop":114308}},{"type":"Feature","geometry":{"type":"Point","coordinates":[77.33,11.0804]},"properties":{"name":"Tirupur","rank":7,"capital":0,"pop":650000}},{"type":"Feature","geometry":{"type":"Point","coordinates":[72.85,20.417]},"properties":{"name":"Daman","rank":7,"capital":1,"pop":39737}},{"type":"Feature","geometry":{"type":"Point","coordinates":[72.92,20.8504]},"properties":{"name":"Navsari","rank":7,"capital":0,"pop":163000}},{"type":"Feature","geometry":{"type":"Point","coordinates":[69.6736,23.2338]},"properties":{"name":"Bhojpur","rank":7,"capital":0,"pop":289429}},{"type":"Feature","geometry":{"type":"Point","coordinates":[72.13,21.7784]},"properties":{"name":"Bhavnagar","rank":7,"capital":0,"pop":554978}},{"type":"Feature","geometry":{"type":"Point","coordinates":[72.6436,23.219]},"properties":{"name":"Gandhinagar","rank":7,"capital":1,"pop":195891}},{"type":"Feature","geometry":{"type":"Point","coordinates":[10.6167,55.0704]},"properties":{"name":"Svendborg","rank":7,"capital":0,"pop":29180}},{"type":"Feature","geometry":{"type":"Point","coordinates":[10.3833,55.4004]},"properties":{"name":"Odense","rank":7,"capital":0,"pop":158222}},{"type":"Feature","geometry":{"type":"Point","coordinates":[8.45,55.467]},"properties":{"name":"Esbjerg","rank":7,"capital":0,"pop":72205}},{"type":"Feature","geometry":{"type":"Point","coordinates":[10.5333,57.4337]},"properties":{"name":"Frederikshavn","rank":7,"capital":0,"pop":24103}},{"type":"Feature","geometry":{"type":"Point","coordinates":[9.9166,57.0337]},"properties":{"name":"Aalborg","rank":7,"capital":1,"pop":122219}},{"type":"Feature","geometry":{"type":"Point","coordinates":[-5.2,9.6004]},"properties":{"name":"Ferkessédougou","rank":7,"capital":0,"pop":62008}},{"type":"Feature","geometry":{"type":"Point","coordinates":[-9.02,9.2704]},"properties":{"name":"Kérouané","rank":7,"capital":1,"pop":15406}},{"type":"Feature","geometry":{"type":"Point","coordinates":[-9.1666,11.4171]},"properties":{"name":"Siguiri","rank":7,"capital":1,"pop":50159}},{"type":"Feature","geometry":{"type":"Point","coordinates":[-12.1,10.3804]},"properties":{"name":"Mamou","rank":7,"capital":1,"pop":71153}},{"type":"Feature","geometry":{"type":"Point","coordinates":[-14.605,10.6854]},"properties":{"name":"Kamsar","rank":7,"capital":0,"pop":34973}},{"type":"Feature","geometry":{"type":"Point","coordinates":[-13.55,10.3804]},"properties":{"name":"Fria","rank":7,"capital":1,"pop":23729}},{"type":"Feature","geometry":{"type":"Point","coordinates":[-7.58,9.5104]},"properties":{"name":"Odienné","rank":7,"capital":1,"pop":49857}},{"type":"Feature","geometry":{"type":"Point","coordinates":[-9.48,8.5504]},"properties":{"name":"Macenta","rank":7,"capital":1,"pop":43102}},{"type":"Feature","geometry":{"type":"Point","coordinates":[-9.27,7.5704]},"properties":{"name":"Yomou","rank":7,"capital":1,"pop":3614}},{"type":"Feature","geometry":{"type":"Point","coordinates":[-10.75,10.0404]},"properties":{"name":"Faranah","rank":7,"capital":1,"pop":19469}},{"type":"Feature","geometry":{"type":"Point","coordinates":[-10.12,9.1905]},"properties":{"name":"Kissidougou","rank":7,"capital":1,"pop":66815}},{"type":"Feature","geometry":{"type":"Point","coordinates":[-7.55,7.4004]},"properties":{"name":"Man","rank":7,"capital":1,"pop":146974}},{"type":"Feature","geometry":{"type":"Point","coordinates":[-6.67,7.9504]},"properties":{"name":"Séguéla","rank":7,"capital":1,"pop":51157}},{"type":"Feature","geometry":{"type":"Point","coordinates":[-5.88,6.1504]},"properties":{"name":"Gagnoa","rank":7,"capital":1,"pop":123184}},{"type":"Feature","geometry":{"type":"Point","coordinates":[-6.61,5.7904]},"properties":{"name":"Soubré","rank":7,"capital":1,"pop":108933}},{"type":"Feature","geometry":{"type":"Point","coordinates":[-6.64,4.7704]},"properties":{"name":"San Pédro","rank":7,"capital":1,"pop":210273}},{"type":"Feature","geometry":{"type":"Point","coordinates":[-6.0833,4.9504]},"properties":{"name":"Sassandra","rank":7,"capital":0,"pop":38411}},{"type":"Feature","geometry":{"type":"Point","coordinates":[-2.8,8.0304]},"properties":{"name":"Bondoukou","rank":7,"capital":1,"pop":58297}},{"type":"Feature","geometry":{"type":"Point","coordinates":[-4.28,5.9403]},"properties":{"name":"Agboville","rank":7,"capital":1,"pop":81770}},{"type":"Feature","geometry":{"type":"Point","coordinates":[-4.71,6.6505]},"properties":{"name":"Dimbokro","rank":7,"capital":1,"pop":67349}},{"type":"Feature","geometry":{"type":"Point","coordinates":[-3.75,5.2004]},"properties":{"name":"Grand-Bassam","rank":7,"capital":0,"pop":73772}},{"type":"Feature","geometry":{"type":"Point","coordinates":[-4.3899,5.3204]},"properties":{"name":"Dabou","rank":7,"capital":0,"pop":72913}},{"type":"Feature","geometry":{"type":"Point","coordinates":[-7.49,6.5505]},"properties":{"name":"Guiglo","rank":7,"capital":1,"pop":39134}},{"type":"Feature","geometry":{"type":"Point","coordinates":[-3.49,6.7304]},"properties":{"name":"Abengourou","rank":7,"capital":1,"pop":104020}},{"type":"Feature","geometry":{"type":"Point","coordinates":[40.2845,33.0385]},"properties":{"name":"Ar Rutba","rank":7,"capital":0,"pop":22370}},{"type":"Feature","geometry":{"type":"Point","coordinates":[43.7773,33.3477]},"properties":{"name":"Fallujah","rank":7,"capital":0,"pop":231819}},{"type":"Feature","geometry":{"type":"Point","coordinates":[44.4217,32.4721]},"properties":{"name":"Hillah","rank":7,"capital":1,"pop":594605}},{"type":"Feature","geometry":{"type":"Point","coordinates":[10.18,5.1704]},"properties":{"name":"Baham","rank":7,"capital":0,"pop":93145}},{"type":"Feature","geometry":{"type":"Point","coordinates":[10.9,5.7304]},"properties":{"name":"Foumban","rank":7,"capital":0,"pop":92673}},{"type":"Feature","geometry":{"type":"Point","coordinates":[10.4099,5.4904]},"properties":{"name":"Bafoussam","rank":7,"capital":1,"pop":290768}},{"type":"Feature","geometry":{"type":"Point","coordinates":[9.44,4.6404]},"properties":{"name":"Kumba","rank":7,"capital":0,"pop":144413}},{"type":"Feature","geometry":{"type":"Point","coordinates":[8.9833,5.7504]},"properties":{"name":"Eyumodjock","rank":7,"capital":0,"pop":5798}},{"type":"Feature","geometry":{"type":"Point","coordinates":[9.19,4.0304]},"properties":{"name":"Limbe","rank":7,"capital":0,"pop":212474}},{"type":"Feature","geometry":{"type":"Point","coordinates":[16.0666,3.5337]},"properties":{"name":"Nola","rank":7,"capital":1,"pop":26809}},{"type":"Feature","geometry":{"type":"Point","coordinates":[9.91,2.9404]},"properties":{"name":"Kribi","rank":7,"capital":0,"pop":55224}},{"type":"Feature","geometry":{"type":"Point","coordinates":[19.0833,5.7338]},"properties":{"name":"Sibut","rank":7,"capital":1,"pop":34267}},{"type":"Feature","geometry":{"type":"Point","coordinates":[17.45,6.4837]},"properties":{"name":"Bossangoa","rank":7,"capital":1,"pop":63064}},{"type":"Feature","geometry":{"type":"Point","coordinates":[22.7833,10.2837]},"properties":{"name":"Birao","rank":7,"capital":1,"pop":10178}},{"type":"Feature","geometry":{"type":"Point","coordinates":[20.3301,43.8897]},"properties":{"name":"Čačak","rank":7,"capital":0,"pop":170000}},{"type":"Feature","geometry":{"type":"Point","coordinates":[21.9,43.3304]},"properties":{"name":"Niš","rank":7,"capital":0,"pop":250000}},{"type":"Feature","geometry":{"type":"Point","coordinates":[22.4,8.0671]},"properties":{"name":"Ouadda","rank":7,"capital":0,"pop":5434}},{"type":"Feature","geometry":{"type":"Point","coordinates":[22.8166,4.7338]},"properties":{"name":"Bangassou","rank":7,"capital":1,"pop":32841}},{"type":"Feature","geometry":{"type":"Point","coordinates":[19.8499,45.2504]},"properties":{"name":"Novi Sad","rank":7,"capital":1,"pop":225457}},{"type":"Feature","geometry":{"type":"Point","coordinates":[17.65,5.267]},"properties":{"name":"Bossembélé","rank":7,"capital":0,"pop":7287}},{"type":"Feature","geometry":{"type":"Point","coordinates":[9.94,4.9604]},"properties":{"name":"Nkongsamba","rank":7,"capital":0,"pop":117063}},{"type":"Feature","geometry":{"type":"Point","coordinates":[10.12,3.8005]},"properties":{"name":"Edéa","rank":7,"capital":0,"pop":203149}},{"type":"Feature","geometry":{"type":"Point","coordinates":[10.07,6.4004]},"properties":{"name":"Wum","rank":7,"capital":0,"pop":68836}},{"type":"Feature","geometry":{"type":"Point","coordinates":[10.68,6.2204]},"properties":{"name":"Kumbo","rank":7,"capital":0,"pop":125486}},{"type":"Feature","geometry":{"type":"Point","coordinates":[11.23,4.7504]},"properties":{"name":"Bafia","rank":7,"capital":0,"pop":69270}},{"type":"Feature","geometry":{"type":"Point","coordinates":[11.5,3.5204]},"properties":{"name":"Mbalmayo","rank":7,"capital":0,"pop":80206}},{"type":"Feature","geometry":{"type":"Point","coordinates":[10.7666,3.6504]},"properties":{"name":"Éséka","rank":7,"capital":0,"pop":22221}},{"type":"Feature","geometry":{"type":"Point","coordinates":[13.68,4.5804]},"properties":{"name":"Bertoua","rank":7,"capital":1,"pop":218111}},{"type":"Feature","geometry":{"type":"Point","coordinates":[13.1833,3.9837]},"properties":{"name":"Abong-Mbang","rank":7,"capital":0,"pop":14661}},{"type":"Feature","geometry":{"type":"Point","coordinates":[14.3666,4.4337]},"properties":{"name":"Batouri","rank":7,"capital":0,"pop":43821}},{"type":"Feature","geometry":{"type":"Point","coordinates":[13.3,4.9337]},"properties":{"name":"Bélabo","rank":7,"capital":0,"pop":22553}},{"type":"Feature","geometry":{"type":"Point","coordinates":[14.29,6.5205]},"properties":{"name":"Meiganga","rank":7,"capital":0,"pop":80100}},{"type":"Feature","geometry":{"type":"Point","coordinates":[13.58,7.3204]},"properties":{"name":"Ngaoundéré","rank":7,"capital":1,"pop":231357}},{"type":"Feature","geometry":{"type":"Point","coordinates":[12.6333,6.467]},"properties":{"name":"Tibati","rank":7,"capital":0,"pop":35589}},{"type":"Feature","geometry":{"type":"Point","coordinates":[12.2333,7.967]},"properties":{"name":"Kontcha","rank":7,"capital":0,"pop":8018}},{"type":"Feature","geometry":{"type":"Point","coordinates":[13.94,9.9304]},"properties":{"name":"Guider","rank":7,"capital":0,"pop":84647}},{"type":"Feature","geometry":{"type":"Point","coordinates":[13.6,7.8504]},"properties":{"name":"Mbe","rank":7,"capital":0,"pop":3950}},{"type":"Feature","geometry":{"type":"Point","coordinates":[19.4482,41.3178]},"properties":{"name":"Durrës","rank":7,"capital":1,"pop":142432}},{"type":"Feature","geometry":{"type":"Point","coordinates":[19.5188,42.0685]},"properties":{"name":"Shkodër","rank":7,"capital":1,"pop":155767}},{"type":"Feature","geometry":{"type":"Point","coordinates":[3.23,51.2204]},"properties":{"name":"Bruges","rank":7,"capital":1,"pop":146469}},{"type":"Feature","geometry":{"type":"Point","coordinates":[4.87,50.4704]},"properties":{"name":"Namur","rank":7,"capital":1,"pop":106284}},{"type":"Feature","geometry":{"type":"Point","coordinates":[4.45,50.4204]},"properties":{"name":"Charleroi","rank":7,"capital":0,"pop":345367}},{"type":"Feature","geometry":{"type":"Point","coordinates":[48.9203,39.9323]},"properties":{"name":"Şirvan","rank":7,"capital":0,"pop":70684}},{"type":"Feature","geometry":{"type":"Point","coordinates":[47.7406,40.6534]},"properties":{"name":"Goychay","rank":7,"capital":1,"pop":35348}},{"type":"Feature","geometry":{"type":"Point","coordinates":[48.8511,38.754]},"properties":{"name":"Lankaran","rank":7,"capital":0,"pop":60180}},{"type":"Feature","geometry":{"type":"Point","coordinates":[47.1705,41.1923]},"properties":{"name":"Shaki","rank":7,"capital":1,"pop":64968}},{"type":"Feature","geometry":{"type":"Point","coordinates":[46.752,39.8156]},"properties":{"name":"Stepanakert","rank":7,"capital":0,"pop":57473}},{"type":"Feature","geometry":{"type":"Point","coordinates":[46.415,39.2015]},"properties":{"name":"Kapan","rank":7,"capital":1,"pop":42288}},{"type":"Feature","geometry":{"type":"Point","coordinates":[66.8997,36.7501]},"properties":{"name":"Balkh","rank":7,"capital":0,"pop":179969}},{"type":"Feature","geometry":{"type":"Point","coordinates":[64.7701,35.9302]},"properties":{"name":"Maymana","rank":7,"capital":1,"pop":199795}},{"type":"Feature","geometry":{"type":"Point","coordinates":[65.1015,36.9317]},"properties":{"name":"Andkhoy","rank":7,"capital":0,"pop":71730}},{"type":"Feature","geometry":{"type":"Point","coordinates":[66.8868,32.1123]},"properties":{"name":"Qalat","rank":7,"capital":1,"pop":12191}},{"type":"Feature","geometry":{"type":"Point","coordinates":[68.4178,33.5633]},"properties":{"name":"Ghazni","rank":7,"capital":1,"pop":141000}},{"type":"Feature","geometry":{"type":"Point","coordinates":[70.5792,37.1298]},"properties":{"name":"Fayzabad","rank":7,"capital":1,"pop":64704}},{"type":"Feature","geometry":{"type":"Point","coordinates":[68.8725,36.728]},"properties":{"name":"Kunduz","rank":7,"capital":1,"pop":259809}},{"type":"Feature","geometry":{"type":"Point","coordinates":[70.4361,34.4415]},"properties":{"name":"Jalalabad","rank":7,"capital":1,"pop":597971}},{"type":"Feature","geometry":{"type":"Point","coordinates":[69.1679,35.0183]},"properties":{"name":"Charikar","rank":7,"capital":1,"pop":53676}},{"type":"Feature","geometry":{"type":"Point","coordinates":[0.27,29.2365]},"properties":{"name":"Timimoun","rank":7,"capital":0,"pop":49237}},{"type":"Feature","geometry":{"type":"Point","coordinates":[-0.64,35.1903]},"properties":{"name":"Sidi Bel Abbès","rank":7,"capital":1,"pop":208604}},{"type":"Feature","geometry":{"type":"Point","coordinates":[-1.32,34.8904]},"properties":{"name":"Tlemcen","rank":7,"capital":1,"pop":229777}},{"type":"Feature","geometry":{"type":"Point","coordinates":[-1.2514,32.0493]},"properties":{"name":"Béni Ounif","rank":7,"capital":0,"pop":5628}},{"type":"Feature","geometry":{"type":"Point","coordinates":[-2.7333,31.0171]},"properties":{"name":"Abadla","rank":7,"capital":0,"pop":14364}},{"type":"Feature","geometry":{"type":"Point","coordinates":[-0.5799,32.7604]},"properties":{"name":"Aïn Séfra","rank":7,"capital":0,"pop":63420}},{"type":"Feature","geometry":{"type":"Point","coordinates":[6.9,36.8804]},"properties":{"name":"Skikda","rank":7,"capital":1,"pop":225181}},{"type":"Feature","geometry":{"type":"Point","coordinates":[2.94,11.1304]},"properties":{"name":"Kandi","rank":7,"capital":1,"pop":109701}},{"type":"Feature","geometry":{"type":"Point","coordinates":[2.09,6.3604]},"properties":{"name":"Ouidah","rank":7,"capital":1,"pop":83503}},{"type":"Feature","geometry":{"type":"Point","coordinates":[1.99,7.1904]},"properties":{"name":"Abomey","rank":7,"capital":1,"pop":82154}},{"type":"Feature","geometry":{"type":"Point","coordinates":[1.39,10.3204]},"properties":{"name":"Natitingou","rank":7,"capital":1,"pop":80892}},{"type":"Feature","geometry":{"type":"Point","coordinates":[1.68,9.7004]},"properties":{"name":"Djougou","rank":7,"capital":1,"pop":202810}},{"type":"Feature","geometry":{"type":"Point","coordinates":[9.4823,24.5529]},"properties":{"name":"Djanet","rank":7,"capital":0,"pop":666}},{"type":"Feature","geometry":{"type":"Point","coordinates":[9.55,28.0503]},"properties":{"name":"In Amenas","rank":7,"capital":0,"pop":216}},{"type":"Feature","geometry":{"type":"Point","coordinates":[5.1647,23.6939]},"properties":{"name":"In Amguel","rank":7,"capital":0,"pop":3030}},{"type":"Feature","geometry":{"type":"Point","coordinates":[1.01,33.6904]},"properties":{"name":"El Bayadh","rank":7,"capital":0,"pop":67413}},{"type":"Feature","geometry":{"type":"Point","coordinates":[6.86,33.3704]},"properties":{"name":"El Oued","rank":7,"capital":0,"pop":177497}},{"type":"Feature","geometry":{"type":"Point","coordinates":[6.0545,31.7023]},"properties":{"name":"Hassi Messaoud","rank":7,"capital":0,"pop":18124}},{"type":"Feature","geometry":{"type":"Point","coordinates":[1.32,36.1704]},"properties":{"name":"Chlef","rank":7,"capital":0,"pop":449167}},{"type":"Feature","geometry":{"type":"Point","coordinates":[0.14,35.4004]},"properties":{"name":"Mascara","rank":7,"capital":1,"pop":108230}},{"type":"Feature","geometry":{"type":"Point","coordinates":[0.09,35.9404]},"properties":{"name":"Mostaganem","rank":7,"capital":1,"pop":188354}},{"type":"Feature","geometry":{"type":"Point","coordinates":[0.14,34.8404]},"properties":{"name":"Saida","rank":7,"capital":1,"pop":142213}},{"type":"Feature","geometry":{"type":"Point","coordinates":[1.32,35.3804]},"properties":{"name":"Tiaret","rank":7,"capital":1,"pop":184195}},{"type":"Feature","geometry":{"type":"Point","coordinates":[5.07,36.7604]},"properties":{"name":"Bejaïa","rank":7,"capital":1,"pop":384937}},{"type":"Feature","geometry":{"type":"Point","coordinates":[2.83,36.4203]},"properties":{"name":"Blida","rank":7,"capital":1,"pop":511348}},{"type":"Feature","geometry":{"type":"Point","coordinates":[3.9,36.3805]},"properties":{"name":"Bouïra","rank":7,"capital":1,"pop":110144}},{"type":"Feature","geometry":{"type":"Point","coordinates":[2.77,36.2704]},"properties":{"name":"Médéa","rank":7,"capital":1,"pop":147707}},{"type":"Feature","geometry":{"type":"Point","coordinates":[7.95,36.2904]},"properties":{"name":"Souk Ahras","rank":7,"capital":0,"pop":134947}},{"type":"Feature","geometry":{"type":"Point","coordinates":[8.12,35.4104]},"properties":{"name":"Tébessa","rank":7,"capital":1,"pop":171742}},{"type":"Feature","geometry":{"type":"Point","coordinates":[17.82,43.3505]},"properties":{"name":"Mostar","rank":7,"capital":0,"pop":163067}},{"type":"Feature","geometry":{"type":"Point","coordinates":[25.5633,41.9438]},"properties":{"name":"Haskovo","rank":7,"capital":1,"pop":79699}},{"type":"Feature","geometry":{"type":"Point","coordinates":[25.6227,42.4231]},"properties":{"name":"Stara Zagora","rank":7,"capital":1,"pop":143431}},{"type":"Feature","geometry":{"type":"Point","coordinates":[24.6134,43.4238]},"properties":{"name":"Pleven","rank":7,"capital":1,"pop":118675}},{"type":"Feature","geometry":{"type":"Point","coordinates":[25.6555,43.0862]},"properties":{"name":"Veliko Tarnovo","rank":7,"capital":0,"pop":53115}},{"type":"Feature","geometry":{"type":"Point","coordinates":[22.6911,42.2843]},"properties":{"name":"Kyustendil","rank":7,"capital":1,"pop":51067}},{"type":"Feature","geometry":{"type":"Point","coordinates":[27.84,43.5851]},"properties":{"name":"Dobrich","rank":7,"capital":1,"pop":94831}},{"type":"Feature","geometry":{"type":"Point","coordinates":[27.8953,43.2156]},"properties":{"name":"Varna","rank":7,"capital":1,"pop":312770}},{"type":"Feature","geometry":{"type":"Point","coordinates":[25.9733,43.8537]},"properties":{"name":"Ruse","rank":7,"capital":1,"pop":184270}},{"type":"Feature","geometry":{"type":"Point","coordinates":[15.41,47.0778]},"properties":{"name":"Graz","rank":7,"capital":1,"pop":263234}},{"type":"Feature","geometry":{"type":"Point","coordinates":[14.31,46.6203]},"properties":{"name":"Klagenfurt","rank":7,"capital":1,"pop":90610}},{"type":"Feature","geometry":{"type":"Point","coordinates":[14.2888,48.3192]},"properties":{"name":"Linz","rank":7,"capital":1,"pop":349161}},{"type":"Feature","geometry":{"type":"Point","coordinates":[13.4412,48.5755]},"properties":{"name":"Passau","rank":7,"capital":0,"pop":50560}},{"type":"Feature","geometry":{"type":"Point","coordinates":[13.04,47.8105]},"properties":{"name":"Salzburg","rank":7,"capital":1,"pop":206279}},{"type":"Feature","geometry":{"type":"Point","coordinates":[11.41,47.2804]},"properties":{"name":"Innsbruck","rank":7,"capital":1,"pop":155214}},{"type":"Feature","geometry":{"type":"Point","coordinates":[26.0941,52.1279]},"properties":{"name":"Pinsk","rank":7,"capital":0,"pop":130777}},{"type":"Feature","geometry":{"type":"Point","coordinates":[29.2722,52.046]},"properties":{"name":"Mazyr","rank":7,"capital":0,"pop":112137}},{"type":"Feature","geometry":{"type":"Point","coordinates":[30.3246,53.8985]},"properties":{"name":"Mogilev","rank":7,"capital":1,"pop":369200}},{"type":"Feature","geometry":{"type":"Point","coordinates":[29.1928,53.1266]},"properties":{"name":"Babruysk","rank":7,"capital":0,"pop":220517}},{"type":"Feature","geometry":{"type":"Point","coordinates":[30.4215,54.5153]},"properties":{"name":"Orsha","rank":7,"capital":0,"pop":135206}},{"type":"Feature","geometry":{"type":"Point","coordinates":[25.2846,53.8885]},"properties":{"name":"Lida","rank":7,"capital":0,"pop":100216}},{"type":"Feature","geometry":{"type":"Point","coordinates":[23.8341,53.6779]},"properties":{"name":"Grodno","rank":7,"capital":1,"pop":317365}},{"type":"Feature","geometry":{"type":"Point","coordinates":[28.4922,54.226]},"properties":{"name":"Barysaw","rank":7,"capital":0,"pop":155389}},{"type":"Feature","geometry":{"type":"Point","coordinates":[45.4122,39.2092]},"properties":{"name":"Nakhchivan","rank":7,"capital":1,"pop":94788}},{"type":"Feature","geometry":{"type":"Point","coordinates":[-2.37,12.2505]},"properties":{"name":"Koudougou","rank":7,"capital":1,"pop":87347}},{"type":"Feature","geometry":{"type":"Point","coordinates":[-2.42,13.5704]},"properties":{"name":"Ouahigouya","rank":7,"capital":1,"pop":79504}},{"type":"Feature","geometry":{"type":"Point","coordinates":[-1.09,13.0904]},"properties":{"name":"Kaya","rank":7,"capital":1,"pop":40017}},{"type":"Feature","geometry":{"type":"Point","coordinates":[-0.3697,11.7804]},"properties":{"name":"Tenkodogo","rank":7,"capital":1,"pop":38108}},{"type":"Feature","geometry":{"type":"Point","coordinates":[-4.76,10.6304]},"properties":{"name":"Banfora","rank":7,"capital":1,"pop":60288}},{"type":"Feature","geometry":{"type":"Point","coordinates":[18.68,44.5505]},"properties":{"name":"Tuzla","rank":7,"capital":0,"pop":144334}},{"type":"Feature","geometry":{"type":"Point","coordinates":[16.7,44.9804]},"properties":{"name":"Prijedor","rank":7,"capital":0,"pop":104858}},{"type":"Feature","geometry":{"type":"Point","coordinates":[17.18,44.7804]},"properties":{"name":"Banja Luka","rank":7,"capital":1,"pop":221738}},{"type":"Feature","geometry":{"type":"Point","coordinates":[69.2146,33.6001]},"properties":{"name":"Gardēz","rank":7,"capital":1,"pop":103601}},{"type":"Feature","geometry":{"type":"Point","coordinates":[33.0333,34.6754]},"properties":{"name":"Limassol","rank":7,"capital":1,"pop":154000}},{"type":"Feature","geometry":{"type":"Point","coordinates":[-4.4803,54.1491]},"properties":{"name":"Douglas","rank":7,"capital":1,"pop":35854}},{"type":"Feature","geometry":{"type":"Point","coordinates":[-13.5378,28.969]},"properties":{"name":"Arrecife","rank":7,"capital":0,"pop":52944}},{"type":"Feature","geometry":{"type":"Point","coordinates":[43.18,9.9404]},"properties":{"name":"Borama","rank":7,"capital":0,"pop":67664}},{"type":"Feature","geometry":{"type":"Point","coordinates":[45.54,9.5204]},"properties":{"name":"Burao","rank":7,"capital":1,"pop":106593}},{"type":"Feature","geometry":{"type":"Point","coordinates":[47.0975,10.9801]},"properties":{"name":"Maydh","rank":7,"capital":0,"pop":30000}},{"type":"Feature","geometry":{"type":"Point","coordinates":[12.4418,43.9361]},"properties":{"name":"San Marino","rank":7,"capital":1,"pop":29579}},{"type":"Feature","geometry":{"type":"Point","coordinates":[9.5167,47.1337]},"properties":{"name":"Vaduz","rank":7,"capital":1,"pop":36281}},{"type":"Feature","geometry":{"type":"Point","coordinates":[35.2544,32.2215]},"properties":{"name":"Nablus","rank":7,"capital":0,"pop":215981}},{"type":"Feature","geometry":{"type":"Point","coordinates":[-6.2861,36.5248]},"properties":{"name":"Cádiz","rank":6,"capital":0,"pop":283157}},{"type":"Feature","geometry":{"type":"Point","coordinates":[-3.585,37.165]},"properties":{"name":"Granada","rank":6,"capital":0,"pop":388290}},{"type":"Feature","geometry":{"type":"Point","coordinates":[-5.346,36.1283]},"properties":{"name":"Gibraltar","rank":6,"capital":1,"pop":187083}},{"type":"Feature","geometry":{"type":"Point","coordinates":[14.165,57.7713]},"properties":{"name":"Jönköping","rank":6,"capital":1,"pop":89780}},{"type":"Feature","geometry":{"type":"Point","coordinates":[35.1749,47.8592]},"properties":{"name":"Zaporizhzhia","rank":6,"capital":1,"pop":788000}},{"type":"Feature","geometry":{"type":"Point","coordinates":[59.0214,43.7683]},"properties":{"name":"Mo‘ynoq","rank":6,"capital":0,"pop":13000}},{"type":"Feature","geometry":{"type":"Point","coordinates":[67.2729,37.2329]},"properties":{"name":"Termez","rank":6,"capital":1,"pop":177687}},{"type":"Feature","geometry":{"type":"Point","coordinates":[71.78,40.39]},"properties":{"name":"Fergana","rank":6,"capital":1,"pop":750000}},{"type":"Feature","geometry":{"type":"Point","coordinates":[71.67,41.0]},"properties":{"name":"Namangan","rank":6,"capital":1,"pop":750000}},{"type":"Feature","geometry":{"type":"Point","coordinates":[71.5476,37.4875]},"properties":{"name":"Khorugh","rank":6,"capital":1,"pop":30000}},{"type":"Feature","geometry":{"type":"Point","coordinates":[69.6199,40.29]},"properties":{"name":"Khujand","rank":6,"capital":1,"pop":437684}},{"type":"Feature","geometry":{"type":"Point","coordinates":[-1.13,37.98]},"properties":{"name":"Murcia","rank":6,"capital":1,"pop":406807}},{"type":"Feature","geometry":{"type":"Point","coordinates":[-5.307,35.889]},"properties":{"name":"Ceuta","rank":6,"capital":1,"pop":78674}},{"type":"Feature","geometry":{"type":"Point","coordinates":[-8.42,43.33]},"properties":{"name":"A Coruña","rank":6,"capital":0,"pop":370610}},{"type":"Feature","geometry":{"type":"Point","coordinates":[-7.87,42.33]},"properties":{"name":"Ourense","rank":6,"capital":0,"pop":118107}},{"type":"Feature","geometry":{"type":"Point","coordinates":[-3.2191,55.9483]},"properties":{"name":"Edinburgh","rank":6,"capital":1,"pop":504966}},{"type":"Feature","geometry":{"type":"Point","coordinates":[-1.6116,54.9897]},"properties":{"name":"Newcastle upon Tyne","rank":6,"capital":0,"pop":882000}},{"type":"Feature","geometry":{"type":"Point","coordinates":[-2.9619,53.4051]},"properties":{"name":"Liverpool","rank":6,"capital":0,"pop":811000}},{"type":"Feature","geometry":{"type":"Point","coordinates":[-3.1676,51.4826]},"properties":{"name":"Cardiff","rank":6,"capital":1,"pop":861400}},{"type":"Feature","geometry":{"type":"Point","coordinates":[30.415,40.8]},"properties":{"name":"Adapazarı","rank":6,"capital":0,"pop":260109}},{"type":"Feature","geometry":{"type":"Point","coordinates":[39.72,40.98]},"properties":{"name":"Trabzon","rank":6,"capital":1,"pop":764714}},{"type":"Feature","geometry":{"type":"Point","coordinates":[-1.5513,53.79]},"properties":{"name":"Leeds","rank":6,"capital":0,"pop":1529000}},{"type":"Feature","geometry":{"type":"Point","coordinates":[38.795,37.17]},"properties":{"name":"Şanlıurfa","rank":6,"capital":1,"pop":449549}},{"type":"Feature","geometry":{"type":"Point","coordinates":[30.0814,0.1711]},"properties":{"name":"Kasese","rank":6,"capital":1,"pop":67269}},{"type":"Feature","geometry":{"type":"Point","coordinates":[-1.65,42.82]},"properties":{"name":"Pamplona","rank":6,"capital":1,"pop":274545}},{"type":"Feature","geometry":{"type":"Point","coordinates":[-8.9,38.53]},"properties":{"name":"Setúbal","rank":6,"capital":1,"pop":117974}},{"type":"Feature","geometry":{"type":"Point","coordinates":[-8.6219,41.152]},"properties":{"name":"Porto","rank":6,"capital":1,"pop":1337000}},{"type":"Feature","geometry":{"type":"Point","coordinates":[41.0789,19.1264]},"properties":{"name":"Al Qunfudhah governorate","rank":6,"capital":0,"pop":157}},{"type":"Feature","geometry":{"type":"Point","coordinates":[4.478,51.9219]},"properties":{"name":"Rotterdam","rank":6,"capital":0,"pop":1005000}},{"type":"Feature","geometry":{"type":"Point","coordinates":[6.13,49.6117]},"properties":{"name":"Luxembourg","rank":6,"capital":1,"pop":107260}},{"type":"Feature","geometry":{"type":"Point","coordinates":[21.01,56.51]},"properties":{"name":"Liepāja","rank":6,"capital":0,"pop":85132}},{"type":"Feature","geometry":{"type":"Point","coordinates":[49.5856,25.3487]},"properties":{"name":"Hofuf","rank":6,"capital":0,"pop":637389}},{"type":"Feature","geometry":{"type":"Point","coordinates":[66.4463,30.925]},"properties":{"name":"Chaman","rank":6,"capital":0,"pop":88568}},{"type":"Feature","geometry":{"type":"Point","coordinates":[63.0718,25.9918]},"properties":{"name":"Turbat","rank":6,"capital":0,"pop":147791}},{"type":"Feature","geometry":{"type":"Point","coordinates":[73.1081,31.4119]},"properties":{"name":"Faisalabad","rank":6,"capital":0,"pop":2617000}},{"type":"Feature","geometry":{"type":"Point","coordinates":[73.0675,33.591]},"properties":{"name":"Rawalpindi","rank":6,"capital":0,"pop":1858000}},{"type":"Feature","geometry":{"type":"Point","coordinates":[71.675,29.39]},"properties":{"name":"Bahawalpur","rank":6,"capital":0,"pop":552607}},{"type":"Feature","geometry":{"type":"Point","coordinates":[69.0118,25.5318]},"properties":{"name":"Mirpur Khas","rank":6,"capital":0,"pop":356435}},{"type":"Feature","geometry":{"type":"Point","coordinates":[68.8486,27.7136]},"properties":{"name":"Sukkur","rank":6,"capital":0,"pop":417767}},{"type":"Feature","geometry":{"type":"Point","coordinates":[78.3818,42.492]},"properties":{"name":"Karakol","rank":6,"capital":1,"pop":70171}},{"type":"Feature","geometry":{"type":"Point","coordinates":[72.35,34.75]},"properties":{"name":"Saidu Sharif","rank":6,"capital":0,"pop":1860310}},{"type":"Feature","geometry":{"type":"Point","coordinates":[30.52,56.32]},"properties":{"name":"Velikiye Luki","rank":6,"capital":0,"pop":103149}},{"type":"Feature","geometry":{"type":"Point","coordinates":[36.19,51.74]},"properties":{"name":"Kursk","rank":6,"capital":1,"pop":409431}},{"type":"Feature","geometry":{"type":"Point","coordinates":[37.6299,54.2]},"properties":{"name":"Tula","rank":6,"capital":1,"pop":489486}},{"type":"Feature","geometry":{"type":"Point","coordinates":[41.43,52.73]},"properties":{"name":"Tambov","rank":6,"capital":1,"pop":301482}},{"type":"Feature","geometry":{"type":"Point","coordinates":[55.96,53.63]},"properties":{"name":"Sterlitamak","rank":6,"capital":0,"pop":267231}},{"type":"Feature","geometry":{"type":"Point","coordinates":[65.345,55.46]},"properties":{"name":"Kurgan","rank":6,"capital":1,"pop":343129}},{"type":"Feature","geometry":{"type":"Point","coordinates":[47.25,56.13]},"properties":{"name":"Cheboksary","rank":6,"capital":1,"pop":446781}},{"type":"Feature","geometry":{"type":"Point","coordinates":[58.6273,51.21]},"properties":{"name":"Orsk","rank":6,"capital":0,"pop":246836}},{"type":"Feature","geometry":{"type":"Point","coordinates":[47.8,52.03]},"properties":{"name":"Balakovo","rank":6,"capital":0,"pop":199572}},{"type":"Feature","geometry":{"type":"Point","coordinates":[74.3782,56.8982]},"properties":{"name":"Tara","rank":6,"capital":0,"pop":26986}},{"type":"Feature","geometry":{"type":"Point","coordinates":[54.0852,17.0255]},"properties":{"name":"Salalah","rank":6,"capital":0,"pop":203877}},{"type":"Feature","geometry":{"type":"Point","coordinates":[47.5,42.98]},"properties":{"name":"Makhachkala","rank":6,"capital":1,"pop":554981}},{"type":"Feature","geometry":{"type":"Point","coordinates":[56.7344,24.362]},"properties":{"name":"Sohar","rank":6,"capital":0,"pop":151349}},{"type":"Feature","geometry":{"type":"Point","coordinates":[58.1825,23.6802]},"properties":{"name":"Seeb","rank":6,"capital":0,"pop":237816}},{"type":"Feature","geometry":{"type":"Point","coordinates":[-8.4651,51.8928]},"properties":{"name":"Cork","rank":6,"capital":1,"pop":188907}},{"type":"Feature","geometry":{"type":"Point","coordinates":[8.57,40.73]},"properties":{"name":"Sassari","rank":6,"capital":0,"pop":120729}},{"type":"Feature","geometry":{"type":"Point","coordinates":[7.668,45.0723]},"properties":{"name":"Turin","rank":6,"capital":1,"pop":1652000}},{"type":"Feature","geometry":{"type":"Point","coordinates":[31.19,30.01]},"properties":{"name":"Giza","rank":6,"capital":0,"pop":2681863}},{"type":"Feature","geometry":{"type":"Point","coordinates":[9.2,48.78]},"properties":{"name":"Stuttgart","rank":6,"capital":1,"pop":2944700}},{"type":"Feature","geometry":{"type":"Point","coordinates":[8.8,53.08]},"properties":{"name":"Bremen","rank":6,"capital":1,"pop":724909}},{"type":"Feature","geometry":{"type":"Point","coordinates":[11.08,49.45]},"properties":{"name":"Nuremberg","rank":6,"capital":0,"pop":737304}},{"type":"Feature","geometry":{"type":"Point","coordinates":[79.58,18.01]},"properties":{"name":"Warangal","rank":6,"capital":0,"pop":1203853}},{"type":"Feature","geometry":{"type":"Point","coordinates":[75.71,16.8354]},"properties":{"name":"Vijayapura","rank":6,"capital":0,"pop":271064}},{"type":"Feature","geometry":{"type":"Point","coordinates":[73.1281,19.352]},"properties":{"name":"Bhiwandi","rank":6,"capital":0,"pop":795000}},{"type":"Feature","geometry":{"type":"Point","coordinates":[76.57,18.4004]},"properties":{"name":"Latur","rank":6,"capital":0,"pop":374394}},{"type":"Feature","geometry":{"type":"Point","coordinates":[74.7458,19.082]},"properties":{"name":"Ahmednagar","rank":6,"capital":0,"pop":391760}},{"type":"Feature","geometry":{"type":"Point","coordinates":[79.3,19.97]},"properties":{"name":"Chandrapur","rank":6,"capital":0,"pop":595118}},{"type":"Feature","geometry":{"type":"Point","coordinates":[77.7818,20.9256]},"properties":{"name":"Amravati","rank":6,"capital":0,"pop":734451}},{"type":"Feature","geometry":{"type":"Point","coordinates":[74.77,20.9]},"properties":{"name":"Dhule","rank":6,"capital":0,"pop":479073}},{"type":"Feature","geometry":{"type":"Point","coordinates":[-1.67,48.1]},"properties":{"name":"Rennes","rank":6,"capital":1,"pop":209375}},{"type":"Feature","geometry":{"type":"Point","coordinates":[7.2631,43.717]},"properties":{"name":"Nice","rank":6,"capital":0,"pop":927000}},{"type":"Feature","geometry":{"type":"Point","coordinates":[1.448,43.6219]},"properties":{"name":"Toulouse","rank":6,"capital":1,"pop":847000}},{"type":"Feature","geometry":{"type":"Point","coordinates":[1.25,45.83]},"properties":{"name":"Limoges","rank":6,"capital":1,"pop":152199}},{"type":"Feature","geometry":{"type":"Point","coordinates":[3.0781,50.6519]},"properties":{"name":"Lille","rank":6,"capital":1,"pop":1044000}},{"type":"Feature","geometry":{"type":"Point","coordinates":[7.75,48.58]},"properties":{"name":"Strasbourg","rank":6,"capital":1,"pop":439972}},{"type":"Feature","geometry":{"type":"Point","coordinates":[21.73,38.23]},"properties":{"name":"Patras","rank":6,"capital":1,"pop":163360}},{"type":"Feature","geometry":{"type":"Point","coordinates":[41.63,41.6]},"properties":{"name":"Batumi","rank":6,"capital":1,"pop":155542}},{"type":"Feature","geometry":{"type":"Point","coordinates":[44.0067,36.181]},"properties":{"name":"Erbil","rank":6,"capital":1,"pop":926000}},{"type":"Feature","geometry":{"type":"Point","coordinates":[58.45,50.2699]},"properties":{"name":"Khromtau","rank":6,"capital":0,"pop":23715}},{"type":"Feature","geometry":{"type":"Point","coordinates":[66.8976,50.2418]},"properties":{"name":"Arkalyk","rank":6,"capital":0,"pop":55521}},{"type":"Feature","geometry":{"type":"Point","coordinates":[63.6283,53.2209]},"properties":{"name":"Kostanay","rank":6,"capital":1,"pop":236901}},{"type":"Feature","geometry":{"type":"Point","coordinates":[63.2413,45.6914]},"properties":{"name":"Baikonur","rank":6,"capital":0,"pop":36175}},{"type":"Feature","geometry":{"type":"Point","coordinates":[51.8666,47.0666]},"properties":{"name":"Balyqshy","rank":6,"capital":0,"pop":31624}},{"type":"Feature","geometry":{"type":"Point","coordinates":[68.3477,51.8219]},"properties":{"name":"Atbasar","rank":6,"capital":0,"pop":35819}},{"type":"Feature","geometry":{"type":"Point","coordinates":[69.42,53.3]},"properties":{"name":"Kokshetau","rank":6,"capital":1,"pop":128873}},{"type":"Feature","geometry":{"type":"Point","coordinates":[72.965,50.065]},"properties":{"name":"Temirtau","rank":6,"capital":0,"pop":170600}},{"type":"Feature","geometry":{"type":"Point","coordinates":[67.77,47.78]},"properties":{"name":"Jezkazgan","rank":6,"capital":1,"pop":104357}},{"type":"Feature","geometry":{"type":"Point","coordinates":[75.4649,49.4249]},"properties":{"name":"Karkaraly","rank":6,"capital":0,"pop":8195}},{"type":"Feature","geometry":{"type":"Point","coordinates":[74.9502,46.8532]},"properties":{"name":"Balkhash","rank":6,"capital":0,"pop":81364}},{"type":"Feature","geometry":{"type":"Point","coordinates":[69.22,54.88]},"properties":{"name":"Petropavl","rank":6,"capital":1,"pop":228238}},{"type":"Feature","geometry":{"type":"Point","coordinates":[78.4,45.0]},"properties":{"name":"Taldykorgan","rank":6,"capital":1,"pop":88380}},{"type":"Feature","geometry":{"type":"Point","coordinates":[58.4515,35.1814]},"properties":{"name":"Kashmar","rank":6,"capital":0,"pop":157135}},{"type":"Feature","geometry":{"type":"Point","coordinates":[58.362,29.1077]},"properties":{"name":"Bam","rank":6,"capital":0,"pop":99268}},{"type":"Feature","geometry":{"type":"Point","coordinates":[57.08,30.3]},"properties":{"name":"Kerman","rank":6,"capital":1,"pop":577514}},{"type":"Feature","geometry":{"type":"Point","coordinates":[73.73,24.6]},"properties":{"name":"Udaipur","rank":6,"capital":0,"pop":469737}},{"type":"Feature","geometry":{"type":"Point","coordinates":[68.2549,43.3016]},"properties":{"name":"Turkistan","rank":6,"capital":0,"pop":97360}},{"type":"Feature","geometry":{"type":"Point","coordinates":[69.67,21.67]},"properties":{"name":"Porbandar","rank":6,"capital":0,"pop":234684}},{"type":"Feature","geometry":{"type":"Point","coordinates":[10.72,34.75]},"properties":{"name":"Sfax","rank":6,"capital":0,"pop":453050}},{"type":"Feature","geometry":{"type":"Point","coordinates":[43.8498,16.9398]},"properties":{"name":"Sa'dah","rank":6,"capital":1,"pop":105542}},{"type":"Feature","geometry":{"type":"Point","coordinates":[42.951,14.7999]},"properties":{"name":"Al Hudaydah","rank":6,"capital":1,"pop":780000}},{"type":"Feature","geometry":{"type":"Point","coordinates":[34.1594,44.4993]},"properties":{"name":"Yalta","rank":6,"capital":0,"pop":79509}},{"type":"Feature","geometry":{"type":"Point","coordinates":[30.0989,51.3894]},"properties":{"name":"Chernobyl","rank":6,"capital":0,"pop":0}},{"type":"Feature","geometry":{"type":"Point","coordinates":[34.7809,50.9243]},"properties":{"name":"Sumy","rank":6,"capital":1,"pop":294456}},{"type":"Feature","geometry":{"type":"Point","coordinates":[37.5562,47.0962]},"properties":{"name":"Mariupol","rank":6,"capital":0,"pop":481626}},{"type":"Feature","geometry":{"type":"Point","coordinates":[51.2454,15.2105]},"properties":{"name":"Sayhut al Ghamirah","rank":6,"capital":0,"pop":189}},{"type":"Feature","geometry":{"type":"Point","coordinates":[49.1259,14.5412]},"properties":{"name":"Mukalla","rank":6,"capital":1,"pop":258132}},{"type":"Feature","geometry":{"type":"Point","coordinates":[59.965,41.84]},"properties":{"name":"Daşoguz","rank":6,"capital":1,"pop":201424}},{"type":"Feature","geometry":{"type":"Point","coordinates":[60.64,41.56]},"properties":{"name":"Urgench","rank":6,"capital":1,"pop":150110}},{"type":"Feature","geometry":{"type":"Point","coordinates":[4.4131,51.2223]},"properties":{"name":"Antwerp","rank":6,"capital":1,"pop":920000}},{"type":"Feature","geometry":{"type":"Point","coordinates":[67.8227,34.8133]},"properties":{"name":"Bamyan","rank":6,"capital":1,"pop":61863}},{"type":"Feature","geometry":{"type":"Point","coordinates":[68.6993,36.1393]},"properties":{"name":"Baghlan","rank":6,"capital":1,"pop":218748}},{"type":"Feature","geometry":{"type":"Point","coordinates":[30.53,39.795]},"properties":{"name":"Eskişehir","rank":6,"capital":1,"pop":514869}},{"type":"Feature","geometry":{"type":"Point","coordinates":[30.698,36.8919]},"properties":{"name":"Antalya","rank":6,"capital":1,"pop":783000}},{"type":"Feature","geometry":{"type":"Point","coordinates":[35.49,38.735]},"properties":{"name":"Kayseri","rank":6,"capital":1,"pop":592840}},{"type":"Feature","geometry":{"type":"Point","coordinates":[31.0,52.43]},"properties":{"name":"Gomel","rank":6,"capital":1,"pop":480951}},{"type":"Feature","geometry":{"type":"Point","coordinates":[37.383,37.0769]},"properties":{"name":"Gaziantep","rank":6,"capital":1,"pop":1044000}},{"type":"Feature","geometry":{"type":"Point","coordinates":[-4.75,41.65]},"properties":{"name":"Valladolid","rank":6,"capital":1,"pop":322304}},{"type":"Feature","geometry":{"type":"Point","coordinates":[3.2,13.05]},"properties":{"name":"Dosso","rank":6,"capital":1,"pop":49750}},{"type":"Feature","geometry":{"type":"Point","coordinates":[36.7181,34.7319]},"properties":{"name":"Homs","rank":6,"capital":0,"pop":1005000}},{"type":"Feature","geometry":{"type":"Point","coordinates":[27.4,8.7666]},"properties":{"name":"Aweil","rank":6,"capital":1,"pop":46705}},{"type":"Feature","geometry":{"type":"Point","coordinates":[37.7333,18.4333]},"properties":{"name":"Tokar","rank":6,"capital":0,"pop":73202}},{"type":"Feature","geometry":{"type":"Point","coordinates":[23.5984,46.7884]},"properties":{"name":"Cluj-Napoca","rank":6,"capital":1,"pop":316748}},{"type":"Feature","geometry":{"type":"Point","coordinates":[-2.95,35.3]},"properties":{"name":"Melilla","rank":6,"capital":1,"pop":141308}},{"type":"Feature","geometry":{"type":"Point","coordinates":[-16.88,32.65]},"properties":{"name":"Funchal","rank":6,"capital":1,"pop":204767}},{"type":"Feature","geometry":{"type":"Point","coordinates":[-11.74,7.97]},"properties":{"name":"Bo","rank":6,"capital":1,"pop":174354}},{"type":"Feature","geometry":{"type":"Point","coordinates":[-16.29,12.59]},"properties":{"name":"Ziguinchor","rank":6,"capital":1,"pop":191716}},{"type":"Feature","geometry":{"type":"Point","coordinates":[7.389,18.7363]},"properties":{"name":"Arlit","rank":6,"capital":0,"pop":100000}},{"type":"Feature","geometry":{"type":"Point","coordinates":[12.3075,21.015]},"properties":{"name":"Djado","rank":6,"capital":0,"pop":10}},{"type":"Feature","geometry":{"type":"Point","coordinates":[2.6542,39.5743]},"properties":{"name":"Palma de Mallorca","rank":6,"capital":1,"pop":375773}},{"type":"Feature","geometry":{"type":"Point","coordinates":[36.4636,26.2324]},"properties":{"name":"Al Wajh governorate","rank":6,"capital":0,"pop":43237}},{"type":"Feature","geometry":{"type":"Point","coordinates":[29.6833,6.8]},"properties":{"name":"Rumbek","rank":6,"capital":1,"pop":32083}},{"type":"Feature","geometry":{"type":"Point","coordinates":[28.4163,4.5705]},"properties":{"name":"Yambio","rank":6,"capital":1,"pop":40382}},{"type":"Feature","geometry":{"type":"Point","coordinates":[31.5591,6.2072]},"properties":{"name":"Bor","rank":6,"capital":1,"pop":26782}},{"type":"Feature","geometry":{"type":"Point","coordinates":[33.52,14.4]},"properties":{"name":"Wad Madani","rank":6,"capital":1,"pop":332714}},{"type":"Feature","geometry":{"type":"Point","coordinates":[35.38,14.04]},"properties":{"name":"Al Qadarif","rank":6,"capital":1,"pop":201282}},{"type":"Feature","geometry":{"type":"Point","coordinates":[33.96,17.59]},"properties":{"name":"Ad-Damir","rank":6,"capital":1,"pop":103941}},{"type":"Feature","geometry":{"type":"Point","coordinates":[33.98,17.71]},"properties":{"name":"Atbarah","rank":6,"capital":0,"pop":168612}},{"type":"Feature","geometry":{"type":"Point","coordinates":[31.35,21.8]},"properties":{"name":"Wadi Halfa","rank":6,"capital":0,"pop":17121}},{"type":"Feature","geometry":{"type":"Point","coordinates":[31.8167,18.4833]},"properties":{"name":"Merowe","rank":6,"capital":0,"pop":10234}},{"type":"Feature","geometry":{"type":"Point","coordinates":[32.66,13.17]},"properties":{"name":"Kosti","rank":6,"capital":1,"pop":345068}},{"type":"Feature","geometry":{"type":"Point","coordinates":[33.6,13.55]},"properties":{"name":"Sennar","rank":6,"capital":0,"pop":130122}},{"type":"Feature","geometry":{"type":"Point","coordinates":[25.35,13.63]},"properties":{"name":"Al-Fashir","rank":6,"capital":1,"pop":252609}},{"type":"Feature","geometry":{"type":"Point","coordinates":[29.7,11.01]},"properties":{"name":"Kaduqli","rank":6,"capital":1,"pop":176931}},{"type":"Feature","geometry":{"type":"Point","coordinates":[42.5001,18.2301]},"properties":{"name":"Abha","rank":6,"capital":1,"pop":210886}},{"type":"Feature","geometry":{"type":"Point","coordinates":[42.5566,16.9066]},"properties":{"name":"Jizan","rank":6,"capital":1,"pop":105198}},{"type":"Feature","geometry":{"type":"Point","coordinates":[32.05,3.6]},"properties":{"name":"Nimule","rank":6,"capital":0,"pop":242}},{"type":"Feature","geometry":{"type":"Point","coordinates":[45.5722,20.4623]},"properties":{"name":"As Sulayyil governorate","rank":6,"capital":0,"pop":24097}},{"type":"Feature","geometry":{"type":"Point","coordinates":[-5.8062,35.7759]},"properties":{"name":"Tangier","rank":6,"capital":1,"pop":750060}},{"type":"Feature","geometry":{"type":"Point","coordinates":[-9.62,30.44]},"properties":{"name":"Agadir","rank":6,"capital":1,"pop":825467}},{"type":"Feature","geometry":{"type":"Point","coordinates":[43.65,3.12]},"properties":{"name":"Baidoa","rank":6,"capital":1,"pop":129839}},{"type":"Feature","geometry":{"type":"Point","coordinates":[44.7689,1.7199]},"properties":{"name":"Merca","rank":6,"capital":1,"pop":1958}},{"type":"Feature","geometry":{"type":"Point","coordinates":[41.01,57.01]},"properties":{"name":"Ivanovo","rank":6,"capital":1,"pop":420839}},{"type":"Feature","geometry":{"type":"Point","coordinates":[40.94,57.77]},"properties":{"name":"Kostroma","rank":6,"capital":1,"pop":277656}},{"type":"Feature","geometry":{"type":"Point","coordinates":[39.64,52.62]},"properties":{"name":"Lipetsk","rank":6,"capital":1,"pop":515655}},{"type":"Feature","geometry":{"type":"Point","coordinates":[36.07,52.97]},"properties":{"name":"Oryol","rank":6,"capital":1,"pop":334552}},{"type":"Feature","geometry":{"type":"Point","coordinates":[42.1599,47.51]},"properties":{"name":"Volgodonsk","rank":6,"capital":0,"pop":167731}},{"type":"Feature","geometry":{"type":"Point","coordinates":[36.5999,50.63]},"properties":{"name":"Belgorod","rank":6,"capital":1,"pop":345289}},{"type":"Feature","geometry":{"type":"Point","coordinates":[37.7699,44.73]},"properties":{"name":"Novorossiysk","rank":6,"capital":0,"pop":241856}},{"type":"Feature","geometry":{"type":"Point","coordinates":[40.4099,56.13]},"properties":{"name":"Vladimir","rank":6,"capital":1,"pop":318648}},{"type":"Feature","geometry":{"type":"Point","coordinates":[55.5444,55.4244]},"properties":{"name":"Birsk","rank":6,"capital":0,"pop":41014}},{"type":"Feature","geometry":{"type":"Point","coordinates":[59.65,55.175]},"properties":{"name":"Zlatoust","rank":6,"capital":0,"pop":191366}},{"type":"Feature","geometry":{"type":"Point","coordinates":[59.955,56.91]},"properties":{"name":"Pervouralsk","rank":6,"capital":0,"pop":133600}},{"type":"Feature","geometry":{"type":"Point","coordinates":[53.23,56.85]},"properties":{"name":"Izhevsk","rank":6,"capital":1,"pop":631038}},{"type":"Feature","geometry":{"type":"Point","coordinates":[46.1687,48.2787]},"properties":{"name":"Akhtubinsk","rank":6,"capital":0,"pop":44551}},{"type":"Feature","geometry":{"type":"Point","coordinates":[44.2087,46.3287]},"properties":{"name":"Elista","rank":6,"capital":1,"pop":106971}},{"type":"Feature","geometry":{"type":"Point","coordinates":[45.6974,51.0174]},"properties":{"name":"Krasnoarmeysk","rank":6,"capital":0,"pop":25841}},{"type":"Feature","geometry":{"type":"Point","coordinates":[57.5314,22.9264]},"properties":{"name":"Nizwa","rank":6,"capital":0,"pop":72076}},{"type":"Feature","geometry":{"type":"Point","coordinates":[59.5348,22.5758]},"properties":{"name":"Sur","rank":6,"capital":0,"pop":71152}},{"type":"Feature","geometry":{"type":"Point","coordinates":[47.3,3.7666]},"properties":{"name":"Mareeg","rank":6,"capital":0,"pop":548}},{"type":"Feature","geometry":{"type":"Point","coordinates":[45.2,4.74]},"properties":{"name":"Beledweyne","rank":6,"capital":1,"pop":62945}},{"type":"Feature","geometry":{"type":"Point","coordinates":[49.18,11.28]},"properties":{"name":"Bosaso","rank":6,"capital":1,"pop":46969}},{"type":"Feature","geometry":{"type":"Point","coordinates":[50.8167,9.4833]},"properties":{"name":"Bayla","rank":6,"capital":0,"pop":13753}},{"type":"Feature","geometry":{"type":"Point","coordinates":[47.43,6.77]},"properties":{"name":"Galkayo","rank":6,"capital":1,"pop":61200}},{"type":"Feature","geometry":{"type":"Point","coordinates":[49.8333,7.9833]},"properties":{"name":"Eyl","rank":6,"capital":0,"pop":18904}},{"type":"Feature","geometry":{"type":"Point","coordinates":[48.5,8.4]},"properties":{"name":"Garoowe","rank":6,"capital":1,"pop":2568}},{"type":"Feature","geometry":{"type":"Point","coordinates":[42.7506,0.0722]},"properties":{"name":"Jamame","rank":6,"capital":0,"pop":185270}},{"type":"Feature","geometry":{"type":"Point","coordinates":[-16.51,16.02]},"properties":{"name":"Saint-Louis","rank":6,"capital":1,"pop":220792}},{"type":"Feature","geometry":{"type":"Point","coordinates":[-11.4166,18.55]},"properties":{"name":"Tidjikja","rank":6,"capital":1,"pop":19981}},{"type":"Feature","geometry":{"type":"Point","coordinates":[4.548,8.492]},"properties":{"name":"Ilorin","rank":6,"capital":1,"pop":771000}},{"type":"Feature","geometry":{"type":"Point","coordinates":[6.55,9.62]},"properties":{"name":"Minna","rank":6,"capital":1,"pop":291905}},{"type":"Feature","geometry":{"type":"Point","coordinates":[7.7081,11.0819]},"properties":{"name":"Zaria","rank":6,"capital":0,"pop":889000}},{"type":"Feature","geometry":{"type":"Point","coordinates":[8.89,9.93]},"properties":{"name":"Jos","rank":6,"capital":1,"pop":816824}},{"type":"Feature","geometry":{"type":"Point","coordinates":[12.48,9.21]},"properties":{"name":"Yola","rank":6,"capital":1,"pop":96006}},{"type":"Feature","geometry":{"type":"Point","coordinates":[19.4582,51.7678]},"properties":{"name":"Łódź","rank":6,"capital":1,"pop":758000}},{"type":"Feature","geometry":{"type":"Point","coordinates":[-0.89,41.65]},"properties":{"name":"Zaragoza","rank":6,"capital":1,"pop":649404}},{"type":"Feature","geometry":{"type":"Point","coordinates":[11.9786,57.7091]},"properties":{"name":"Gothenburg","rank":6,"capital":1,"pop":537797}},{"type":"Feature","geometry":{"type":"Point","coordinates":[-10.07,28.98]},"properties":{"name":"Guelmim","rank":6,"capital":1,"pop":115267}},{"type":"Feature","geometry":{"type":"Point","coordinates":[-11.6833,26.7333]},"properties":{"name":"Smara","rank":6,"capital":0,"pop":48149}},{"type":"Feature","geometry":{"type":"Point","coordinates":[-15.9368,23.7141]},"properties":{"name":"Dakhla","rank":6,"capital":1,"pop":89292}},{"type":"Feature","geometry":{"type":"Point","coordinates":[27.8,11.3334]},"properties":{"name":"Babanusa","rank":6,"capital":0,"pop":19700}},{"type":"Feature","geometry":{"type":"Point","coordinates":[-8.6231,52.6647]},"properties":{"name":"Limerick","rank":6,"capital":1,"pop":90054}},{"type":"Feature","geometry":{"type":"Point","coordinates":[-9.0388,5.0111]},"properties":{"name":"Greenville","rank":6,"capital":1,"pop":10374}},{"type":"Feature","geometry":{"type":"Point","coordinates":[-10.0525,5.9161]},"properties":{"name":"Buchanan","rank":6,"capital":1,"pop":48315}},{"type":"Feature","geometry":{"type":"Point","coordinates":[-11.3686,6.7533]},"properties":{"name":"Robertsport","rank":6,"capital":1,"pop":11969}},{"type":"Feature","geometry":{"type":"Point","coordinates":[15.78,4.25]},"properties":{"name":"Berbérati","rank":6,"capital":1,"pop":61815}},{"type":"Feature","geometry":{"type":"Point","coordinates":[8.93,44.41]},"properties":{"name":"Genoa","rank":6,"capital":1,"pop":647497}},{"type":"Feature","geometry":{"type":"Point","coordinates":[21.9833,6.5333]},"properties":{"name":"Bria","rank":6,"capital":1,"pop":29027}},{"type":"Feature","geometry":{"type":"Point","coordinates":[37.98,2.33]},"properties":{"name":"Marsabit","rank":6,"capital":0,"pop":16460}},{"type":"Feature","geometry":{"type":"Point","coordinates":[39.05,3.52]},"properties":{"name":"Moyale","rank":6,"capital":0,"pop":24837}},{"type":"Feature","geometry":{"type":"Point","coordinates":[26.51,55.88]},"properties":{"name":"Daugavpils","rank":6,"capital":0,"pop":111564}},{"type":"Feature","geometry":{"type":"Point","coordinates":[21.51,2.14]},"properties":{"name":"Lisala","rank":6,"capital":0,"pop":70087}},{"type":"Feature","geometry":{"type":"Point","coordinates":[19.77,3.26]},"properties":{"name":"Gemena","rank":6,"capital":0,"pop":198056}},{"type":"Feature","geometry":{"type":"Point","coordinates":[21.5902,17.1847]},"properties":{"name":"Fada","rank":6,"capital":0,"pop":448}},{"type":"Feature","geometry":{"type":"Point","coordinates":[19.1167,17.9167]},"properties":{"name":"Faya-Largeau","rank":6,"capital":1,"pop":13400}},{"type":"Feature","geometry":{"type":"Point","coordinates":[15.3133,14.1194]},"properties":{"name":"Mao","rank":6,"capital":1,"pop":18031}},{"type":"Feature","geometry":{"type":"Point","coordinates":[9.77,1.87]},"properties":{"name":"Bata","rank":6,"capital":1,"pop":173046}},{"type":"Feature","geometry":{"type":"Point","coordinates":[20.9167,14.5333]},"properties":{"name":"Biltine","rank":6,"capital":1,"pop":11000}},{"type":"Feature","geometry":{"type":"Point","coordinates":[18.39,9.15]},"properties":{"name":"Sarh","rank":6,"capital":1,"pop":169196}},{"type":"Feature","geometry":{"type":"Point","coordinates":[20.2833,11.0333]},"properties":{"name":"Am Timan","rank":6,"capital":1,"pop":30443}},{"type":"Feature","geometry":{"type":"Point","coordinates":[25.5167,29.2]},"properties":{"name":"Siwa Oasis","rank":6,"capital":0,"pop":23080}},{"type":"Feature","geometry":{"type":"Point","coordinates":[30.75,28.09]},"properties":{"name":"Minya","rank":6,"capital":1,"pop":500000}},{"type":"Feature","geometry":{"type":"Point","coordinates":[32.95,24.47]},"properties":{"name":"Kom Ombo","rank":6,"capital":0,"pop":303962}},{"type":"Feature","geometry":{"type":"Point","coordinates":[30.55,25.44]},"properties":{"name":"el-Kharga Town","rank":6,"capital":1,"pop":49991}},{"type":"Feature","geometry":{"type":"Point","coordinates":[33.83,27.23]},"properties":{"name":"Hurghada","rank":6,"capital":1,"pop":157204}},{"type":"Feature","geometry":{"type":"Point","coordinates":[24.74,2.82]},"properties":{"name":"Buta","rank":6,"capital":0,"pop":45677}},{"type":"Feature","geometry":{"type":"Point","coordinates":[29.53,3.04]},"properties":{"name":"Watsa","rank":6,"capital":0,"pop":24516}},{"type":"Feature","geometry":{"type":"Point","coordinates":[27.62,2.76]},"properties":{"name":"Isiro","rank":6,"capital":0,"pop":157196}},{"type":"Feature","geometry":{"type":"Point","coordinates":[23.67,3.81]},"properties":{"name":"Bondo","rank":6,"capital":0,"pop":23517}},{"type":"Feature","geometry":{"type":"Point","coordinates":[6.9481,50.9319]},"properties":{"name":"Cologne","rank":6,"capital":0,"pop":1004000}},{"type":"Feature","geometry":{"type":"Point","coordinates":[-1.632,6.6919]},"properties":{"name":"Kumasi","rank":6,"capital":1,"pop":1646000}},{"type":"Feature","geometry":{"type":"Point","coordinates":[-1.704,4.9433]},"properties":{"name":"Sekondi-Takoradi","rank":6,"capital":1,"pop":286248}},{"type":"Feature","geometry":{"type":"Point","coordinates":[11.5833,1.6166]},"properties":{"name":"Oyem","rank":6,"capital":1,"pop":43423}},{"type":"Feature","geometry":{"type":"Point","coordinates":[79.9899,14.44]},"properties":{"name":"Nellore","rank":6,"capital":0,"pop":678004}},{"type":"Feature","geometry":{"type":"Point","coordinates":[78.03,15.83]},"properties":{"name":"Kurnool","rank":6,"capital":0,"pop":424920}},{"type":"Feature","geometry":{"type":"Point","coordinates":[77.1,13.33]},"properties":{"name":"Tumkur","rank":6,"capital":0,"pop":399606}},{"type":"Feature","geometry":{"type":"Point","coordinates":[75.92,14.47]},"properties":{"name":"Davangere","rank":6,"capital":0,"pop":503564}},{"type":"Feature","geometry":{"type":"Point","coordinates":[76.915,15.15]},"properties":{"name":"Bellary","rank":6,"capital":0,"pop":445388}},{"type":"Feature","geometry":{"type":"Point","coordinates":[74.505,15.865]},"properties":{"name":"Belgaum","rank":6,"capital":0,"pop":608756}},{"type":"Feature","geometry":{"type":"Point","coordinates":[-1.15,46.1667]},"properties":{"name":"La Rochelle","rank":6,"capital":0,"pop":76997}},{"type":"Feature","geometry":{"type":"Point","coordinates":[-3.9834,22.6666]},"properties":{"name":"Taoudenni","rank":6,"capital":0,"pop":3019}},{"type":"Feature","geometry":{"type":"Point","coordinates":[-3.53,18.9]},"properties":{"name":"Araouane","rank":6,"capital":0,"pop":4026}},{"type":"Feature","geometry":{"type":"Point","coordinates":[1.0888,20.2014]},"properties":{"name":"Tessalit","rank":6,"capital":0,"pop":6000}},{"type":"Feature","geometry":{"type":"Point","coordinates":[2.4,15.9167]},"properties":{"name":"Ménaka","rank":6,"capital":0,"pop":9110}},{"type":"Feature","geometry":{"type":"Point","coordinates":[-11.5833,25.2333]},"properties":{"name":"Bir Moghrein","rank":6,"capital":0,"pop":10}},{"type":"Feature","geometry":{"type":"Point","coordinates":[-15.8127,16.524]},"properties":{"name":"Rosso","rank":6,"capital":1,"pop":47203}},{"type":"Feature","geometry":{"type":"Point","coordinates":[-11.4,16.62]},"properties":{"name":"Kiffa","rank":6,"capital":1,"pop":73930}},{"type":"Feature","geometry":{"type":"Point","coordinates":[-7.28,15.18]},"properties":{"name":"Nara","rank":6,"capital":0,"pop":18459}},{"type":"Feature","geometry":{"type":"Point","coordinates":[-7.55,12.8833]},"properties":{"name":"Koulikoro","rank":6,"capital":1,"pop":23919}},{"type":"Feature","geometry":{"type":"Point","coordinates":[-4.18,14.49]},"properties":{"name":"Mopti","rank":6,"capital":1,"pop":108456}},{"type":"Feature","geometry":{"type":"Point","coordinates":[16.05,1.61]},"properties":{"name":"Ouésso","rank":6,"capital":1,"pop":28320}},{"type":"Feature","geometry":{"type":"Point","coordinates":[9.5,30.1333]},"properties":{"name":"Ghadames","rank":6,"capital":0,"pop":6623}},{"type":"Feature","geometry":{"type":"Point","coordinates":[22.1142,37.0389]},"properties":{"name":"Kalamata","rank":6,"capital":1,"pop":71823}},{"type":"Feature","geometry":{"type":"Point","coordinates":[15.9333,29.1167]},"properties":{"name":"Hun","rank":6,"capital":1,"pop":18878}},{"type":"Feature","geometry":{"type":"Point","coordinates":[14.2834,27.5333]},"properties":{"name":"Brak","rank":6,"capital":0,"pop":45421}},{"type":"Feature","geometry":{"type":"Point","coordinates":[10.1728,24.9647]},"properties":{"name":"Ghat","rank":6,"capital":0,"pop":24347}},{"type":"Feature","geometry":{"type":"Point","coordinates":[13.8972,25.9044]},"properties":{"name":"Murzuk","rank":6,"capital":1,"pop":55071}},{"type":"Feature","geometry":{"type":"Point","coordinates":[20.22,30.77]},"properties":{"name":"Ajdabiya","rank":6,"capital":1,"pop":143833}},{"type":"Feature","geometry":{"type":"Point","coordinates":[21.2869,29.108]},"properties":{"name":"Awjila","rank":6,"capital":0,"pop":6610}},{"type":"Feature","geometry":{"type":"Point","coordinates":[16.59,31.21]},"properties":{"name":"Sirte","rank":6,"capital":0,"pop":128123}},{"type":"Feature","geometry":{"type":"Point","coordinates":[22.6391,32.7648]},"properties":{"name":"Derna","rank":6,"capital":1,"pop":127974}},{"type":"Feature","geometry":{"type":"Point","coordinates":[23.96,32.08]},"properties":{"name":"Tobruk","rank":6,"capital":0,"pop":263527}},{"type":"Feature","geometry":{"type":"Point","coordinates":[25.1305,35.325]},"properties":{"name":"Heraklion","rank":6,"capital":1,"pop":137154}},{"type":"Feature","geometry":{"type":"Point","coordinates":[41.02,43.02]},"properties":{"name":"Sukhumi","rank":6,"capital":1,"pop":81546}},{"type":"Feature","geometry":{"type":"Point","coordinates":[35.8317,34.4383]},"properties":{"name":"Tripoli","rank":6,"capital":1,"pop":530000}},{"type":"Feature","geometry":{"type":"Point","coordinates":[37.72,10.34]},"properties":{"name":"Debre Marqos","rank":6,"capital":1,"pop":70758}},{"type":"Feature","geometry":{"type":"Point","coordinates":[39.63,11.13]},"properties":{"name":"Dessie","rank":6,"capital":1,"pop":183802}},{"type":"Feature","geometry":{"type":"Point","coordinates":[37.75,6.9]},"properties":{"name":"Sodo","rank":6,"capital":0,"pop":65737}},{"type":"Feature","geometry":{"type":"Point","coordinates":[37.55,6.04]},"properties":{"name":"Arba Minch","rank":6,"capital":1,"pop":69622}},{"type":"Feature","geometry":{"type":"Point","coordinates":[42.15,9.32]},"properties":{"name":"Harar Jugol","rank":6,"capital":1,"pop":174994}},{"type":"Feature","geometry":{"type":"Point","coordinates":[39.97,7.01]},"properties":{"name":"Goba","rank":6,"capital":1,"pop":34369}},{"type":"Feature","geometry":{"type":"Point","coordinates":[36.83,7.68]},"properties":{"name":"Jimma","rank":6,"capital":1,"pop":128306}},{"type":"Feature","geometry":{"type":"Point","coordinates":[39.27,8.55]},"properties":{"name":"Adama","rank":6,"capital":0,"pop":476892}},{"type":"Feature","geometry":{"type":"Point","coordinates":[39.5833,5.3166]},"properties":{"name":"Negele Boran","rank":6,"capital":0,"pop":11772}},{"type":"Feature","geometry":{"type":"Point","coordinates":[43.45,5.95]},"properties":{"name":"Gode","rank":6,"capital":0,"pop":75000}},{"type":"Feature","geometry":{"type":"Point","coordinates":[42.0833,4.1833]},"properties":{"name":"Dolo","rank":6,"capital":0,"pop":11810}},{"type":"Feature","geometry":{"type":"Point","coordinates":[59.6141,47.8363]},"properties":{"name":"Shalkar","rank":6,"capital":0,"pop":27256}},{"type":"Feature","geometry":{"type":"Point","coordinates":[62.1075,45.7628]},"properties":{"name":"Kazaly","rank":6,"capital":0,"pop":6582}},{"type":"Feature","geometry":{"type":"Point","coordinates":[61.6666,46.8]},"properties":{"name":"Aral","rank":6,"capital":0,"pop":33017}},{"type":"Feature","geometry":{"type":"Point","coordinates":[54.0165,46.9833]},"properties":{"name":"Kulsary","rank":6,"capital":0,"pop":37103}},{"type":"Feature","geometry":{"type":"Point","coordinates":[51.335,51.2711]},"properties":{"name":"Oral","rank":6,"capital":1,"pop":209788}},{"type":"Feature","geometry":{"type":"Point","coordinates":[50.83,28.92]},"properties":{"name":"Bushehr","rank":6,"capital":1,"pop":169060}},{"type":"Feature","geometry":{"type":"Point","coordinates":[48.2797,30.3307]},"properties":{"name":"Abadan","rank":6,"capital":0,"pop":370180}},{"type":"Feature","geometry":{"type":"Point","coordinates":[48.3,38.25]},"properties":{"name":"Ardabil","rank":6,"capital":1,"pop":414603}},{"type":"Feature","geometry":{"type":"Point","coordinates":[50.9481,34.652]},"properties":{"name":"Qom","rank":6,"capital":1,"pop":973000}},{"type":"Feature","geometry":{"type":"Point","coordinates":[50.0,36.27]},"properties":{"name":"Qazvin","rank":6,"capital":1,"pop":464551}},{"type":"Feature","geometry":{"type":"Point","coordinates":[55.1,45.1834]},"properties":{"name":"Beyneu","rank":6,"capital":0,"pop":32452}},{"type":"Feature","geometry":{"type":"Point","coordinates":[51.2365,43.6232]},"properties":{"name":"Aktau","rank":6,"capital":0,"pop":4479}},{"type":"Feature","geometry":{"type":"Point","coordinates":[47.0581,34.382]},"properties":{"name":"Kermanshah","rank":6,"capital":1,"pop":828313}},{"type":"Feature","geometry":{"type":"Point","coordinates":[49.63,37.3]},"properties":{"name":"Rasht","rank":6,"capital":1,"pop":594590}},{"type":"Feature","geometry":{"type":"Point","coordinates":[59.2199,32.88]},"properties":{"name":"Birjand","rank":6,"capital":1,"pop":324703}},{"type":"Feature","geometry":{"type":"Point","coordinates":[57.63,36.22]},"properties":{"name":"Sabzevar","rank":6,"capital":0,"pop":226183}},{"type":"Feature","geometry":{"type":"Point","coordinates":[61.4815,31.0215]},"properties":{"name":"Zabol","rank":6,"capital":0,"pop":233968}},{"type":"Feature","geometry":{"type":"Point","coordinates":[60.83,29.5]},"properties":{"name":"Zahedan","rank":6,"capital":1,"pop":598887}},{"type":"Feature","geometry":{"type":"Point","coordinates":[78.1318,8.7978]},"properties":{"name":"Thoothukudi","rank":6,"capital":0,"pop":436094}},{"type":"Feature","geometry":{"type":"Point","coordinates":[77.9783,10.3599]},"properties":{"name":"Dindigul","rank":6,"capital":0,"pop":200797}},{"type":"Feature","geometry":{"type":"Point","coordinates":[10.2107,56.1572]},"properties":{"name":"Aarhus","rank":6,"capital":0,"pop":237551}},{"type":"Feature","geometry":{"type":"Point","coordinates":[-5.64,9.46]},"properties":{"name":"Korhogo","rank":6,"capital":1,"pop":177711}},{"type":"Feature","geometry":{"type":"Point","coordinates":[-12.3,11.32]},"properties":{"name":"Labé","rank":6,"capital":1,"pop":140575}},{"type":"Feature","geometry":{"type":"Point","coordinates":[-14.3,10.94]},"properties":{"name":"Boké","rank":6,"capital":1,"pop":116270}},{"type":"Feature","geometry":{"type":"Point","coordinates":[-12.87,10.06]},"properties":{"name":"Kindia","rank":6,"capital":1,"pop":117062}},{"type":"Feature","geometry":{"type":"Point","coordinates":[-6.45,6.89]},"properties":{"name":"Daloa","rank":6,"capital":1,"pop":255168}},{"type":"Feature","geometry":{"type":"Point","coordinates":[15.6,5.95]},"properties":{"name":"Bouar","rank":6,"capital":1,"pop":34372}},{"type":"Feature","geometry":{"type":"Point","coordinates":[62.0968,32.3917]},"properties":{"name":"Farah","rank":6,"capital":1,"pop":73647}},{"type":"Feature","geometry":{"type":"Point","coordinates":[-0.29,27.87]},"properties":{"name":"Adrar","rank":6,"capital":1,"pop":56910}},{"type":"Feature","geometry":{"type":"Point","coordinates":[0.1666,26.7]},"properties":{"name":"Reggane","rank":6,"capital":0,"pop":32974}},{"type":"Feature","geometry":{"type":"Point","coordinates":[-2.23,31.6111]},"properties":{"name":"Béchar","rank":6,"capital":1,"pop":143382}},{"type":"Feature","geometry":{"type":"Point","coordinates":[-8.1478,27.6742]},"properties":{"name":"Tindouf","rank":6,"capital":0,"pop":18270}},{"type":"Feature","geometry":{"type":"Point","coordinates":[8.4666,26.4834]},"properties":{"name":"Illizi","rank":6,"capital":0,"pop":7957}},{"type":"Feature","geometry":{"type":"Point","coordinates":[3.75,25.28]},"properties":{"name":"Arak","rank":6,"capital":0,"pop":423251}},{"type":"Feature","geometry":{"type":"Point","coordinates":[2.4666,27.2166]},"properties":{"name":"In Salah","rank":6,"capital":0,"pop":49223}},{"type":"Feature","geometry":{"type":"Point","coordinates":[2.8833,30.5666]},"properties":{"name":"El Menia","rank":6,"capital":0,"pop":32049}},{"type":"Feature","geometry":{"type":"Point","coordinates":[2.88,33.81]},"properties":{"name":"Laghouat","rank":6,"capital":1,"pop":113872}},{"type":"Feature","geometry":{"type":"Point","coordinates":[6.06,33.1]},"properties":{"name":"Touggourt","rank":6,"capital":0,"pop":133954}},{"type":"Feature","geometry":{"type":"Point","coordinates":[5.34,31.97]},"properties":{"name":"Ouargla","rank":6,"capital":1,"pop":176271}},{"type":"Feature","geometry":{"type":"Point","coordinates":[5.73,34.86]},"properties":{"name":"Biskra","rank":6,"capital":1,"pop":202103}},{"type":"Feature","geometry":{"type":"Point","coordinates":[3.25,34.68]},"properties":{"name":"Djelfa","rank":6,"capital":1,"pop":170901}},{"type":"Feature","geometry":{"type":"Point","coordinates":[5.4,36.18]},"properties":{"name":"Sétif","rank":6,"capital":1,"pop":274744}},{"type":"Feature","geometry":{"type":"Point","coordinates":[6.17,35.57]},"properties":{"name":"Batna","rank":6,"capital":1,"pop":280798}},{"type":"Feature","geometry":{"type":"Point","coordinates":[27.4746,42.5146]},"properties":{"name":"Burgas","rank":6,"capital":1,"pop":195966}},{"type":"Feature","geometry":{"type":"Point","coordinates":[30.1853,55.1887]},"properties":{"name":"Vitebsk","rank":6,"capital":1,"pop":342700}},{"type":"Feature","geometry":{"type":"Point","coordinates":[-9.6525,26.1192]},"properties":{"name":"Bir Lehlou","rank":6,"capital":1,"pop":500}},{"type":"Feature","geometry":{"type":"Point","coordinates":[7.4069,43.7396]},"properties":{"name":"Monaco","rank":6,"capital":1,"pop":36371}},{"type":"Feature","geometry":{"type":"Point","coordinates":[1.5266,42.5108]},"properties":{"name":"Andorra la Vella","rank":6,"capital":1,"pop":53998}},{"type":"Feature","geometry":{"type":"Point","coordinates":[-16.25,28.47]},"properties":{"name":"Santa Cruz de Tenerife","rank":6,"capital":1,"pop":336061}},{"type":"Feature","geometry":{"type":"Point","coordinates":[-2.2487,53.4753]},"properties":{"name":"Manchester","rank":4,"capital":0,"pop":2230000}},{"type":"Feature","geometry":{"type":"Point","coordinates":[74.1831,32.1624]},"properties":{"name":"Gujranwala","rank":4,"capital":0,"pop":1513000}},{"type":"Feature","geometry":{"type":"Point","coordinates":[5.6181,6.3424]},"properties":{"name":"Benin City","rank":4,"capital":1,"pop":1190000}},{"type":"Feature","geometry":{"type":"Point","coordinates":[76.7781,30.7219]},"properties":{"name":"Chandigarh","rank":4,"capital":1,"pop":979000}},{"type":"Feature","geometry":{"type":"Point","coordinates":[74.8448,32.7137]},"properties":{"name":"Jammu","rank":4,"capital":0,"pop":791000}},{"type":"Feature","geometry":{"type":"Point","coordinates":[75.8981,17.6724]},"properties":{"name":"Solapur","rank":4,"capital":0,"pop":1057000}},{"type":"Feature","geometry":{"type":"Point","coordinates":[75.3289,19.8617]},"properties":{"name":"Aurangabad","rank":4,"capital":0,"pop":1113000}},{"type":"Feature","geometry":{"type":"Point","coordinates":[73.778,20.0024]},"properties":{"name":"Nashik","rank":4,"capital":0,"pop":1473000}},{"type":"Feature","geometry":{"type":"Point","coordinates":[75.5671,31.3369]},"properties":{"name":"Jalandhar","rank":4,"capital":0,"pop":855000}},{"type":"Feature","geometry":{"type":"Point","coordinates":[78.7548,28.8437]},"properties":{"name":"Muradabad","rank":4,"capital":0,"pop":787000}},{"type":"Feature","geometry":{"type":"Point","coordinates":[77.4064,28.6623]},"properties":{"name":"Ghaziabad","rank":4,"capital":0,"pop":1341000}},{"type":"Feature","geometry":{"type":"Point","coordinates":[78.0131,27.1724]},"properties":{"name":"Agra","rank":4,"capital":0,"pop":1592000}},{"type":"Feature","geometry":{"type":"Point","coordinates":[78.0598,27.8942]},"properties":{"name":"Aligarh","rank":4,"capital":0,"pop":805000}},{"type":"Feature","geometry":{"type":"Point","coordinates":[77.6981,29.0024]},"properties":{"name":"Meerut","rank":4,"capital":0,"pop":1398000}},{"type":"Feature","geometry":{"type":"Point","coordinates":[78.1692,26.2]},"properties":{"name":"Gwalior","rank":4,"capital":0,"pop":978000}},{"type":"Feature","geometry":{"type":"Point","coordinates":[73.1781,22.312]},"properties":{"name":"Vadodara","rank":4,"capital":0,"pop":1756000}},{"type":"Feature","geometry":{"type":"Point","coordinates":[70.7981,22.312]},"properties":{"name":"Rajkot","rank":4,"capital":0,"pop":1260000}},{"type":"Feature","geometry":{"type":"Point","coordinates":[1.12,7.53]},"properties":{"name":"Atakpamé","rank":4,"capital":1,"pop":80683}},{"type":"Feature","geometry":{"type":"Point","coordinates":[10.625,35.83]},"properties":{"name":"Sousse","rank":4,"capital":1,"pop":327004}},{"type":"Feature","geometry":{"type":"Point","coordinates":[44.0375,13.6064]},"properties":{"name":"Ta'izz","rank":4,"capital":1,"pop":751000}},{"type":"Feature","geometry":{"type":"Point","coordinates":[24.03,49.835]},"properties":{"name":"Lviv","rank":4,"capital":1,"pop":803880}},{"type":"Feature","geometry":{"type":"Point","coordinates":[30.7081,46.492]},"properties":{"name":"Odessa","rank":4,"capital":1,"pop":991000}},{"type":"Feature","geometry":{"type":"Point","coordinates":[28.6622,50.2456]},"properties":{"name":"Zhytomyr","rank":4,"capital":1,"pop":282192}},{"type":"Feature","geometry":{"type":"Point","coordinates":[34.9981,48.4819]},"properties":{"name":"Dnipro","rank":4,"capital":1,"pop":1050000}},{"type":"Feature","geometry":{"type":"Point","coordinates":[37.828,48.0019]},"properties":{"name":"Donetsk","rank":4,"capital":1,"pop":988000}},{"type":"Feature","geometry":{"type":"Point","coordinates":[36.2481,50.0019]},"properties":{"name":"Kharkiv","rank":4,"capital":1,"pop":1461000}},{"type":"Feature","geometry":{"type":"Point","coordinates":[52.9697,40.023]},"properties":{"name":"Türkmenbaşy","rank":4,"capital":1,"pop":68292}},{"type":"Feature","geometry":{"type":"Point","coordinates":[64.43,39.78]},"properties":{"name":"Bukhara","rank":4,"capital":1,"pop":319476}},{"type":"Feature","geometry":{"type":"Point","coordinates":[59.615,42.47]},"properties":{"name":"Nukus","rank":4,"capital":1,"pop":230006}},{"type":"Feature","geometry":{"type":"Point","coordinates":[63.58,39.11]},"properties":{"name":"Türkmenabat","rank":4,"capital":1,"pop":234817}},{"type":"Feature","geometry":{"type":"Point","coordinates":[61.8333,37.6]},"properties":{"name":"Mary","rank":4,"capital":1,"pop":178708}},{"type":"Feature","geometry":{"type":"Point","coordinates":[72.34,40.79]},"properties":{"name":"Andijan","rank":4,"capital":1,"pop":650000}},{"type":"Feature","geometry":{"type":"Point","coordinates":[9.708,4.0624]},"properties":{"name":"Douala","rank":4,"capital":1,"pop":1906000}},{"type":"Feature","geometry":{"type":"Point","coordinates":[-1.9219,52.4769]},"properties":{"name":"Birmingham","rank":4,"capital":0,"pop":2285000}},{"type":"Feature","geometry":{"type":"Point","coordinates":[-5.9282,54.5942]},"properties":{"name":"Belfast","rank":4,"capital":1,"pop":450406}},{"type":"Feature","geometry":{"type":"Point","coordinates":[27.1498,38.4381]},"properties":{"name":"İzmir","rank":4,"capital":1,"pop":2587000}},{"type":"Feature","geometry":{"type":"Point","coordinates":[29.0681,40.2019]},"properties":{"name":"Bursa","rank":4,"capital":1,"pop":1492000}},{"type":"Feature","geometry":{"type":"Point","coordinates":[36.3437,41.28]},"properties":{"name":"Samsun","rank":4,"capital":1,"pop":609339}},{"type":"Feature","geometry":{"type":"Point","coordinates":[32.4731,37.877]},"properties":{"name":"Konya","rank":4,"capital":1,"pop":919000}},{"type":"Feature","geometry":{"type":"Point","coordinates":[35.3181,36.9969]},"properties":{"name":"Adana","rank":4,"capital":1,"pop":1293000}},{"type":"Feature","geometry":{"type":"Point","coordinates":[32.28,2.78]},"properties":{"name":"Gulu","rank":4,"capital":1,"pop":146858}},{"type":"Feature","geometry":{"type":"Point","coordinates":[-4.77,37.88]},"properties":{"name":"Córdoba","rank":4,"capital":0,"pop":321376}},{"type":"Feature","geometry":{"type":"Point","coordinates":[7.0964,13.4916]},"properties":{"name":"Niamey","rank":4,"capital":1,"pop":232555}},{"type":"Feature","geometry":{"type":"Point","coordinates":[5.2599,14.9]},"properties":{"name":"Tahoua","rank":4,"capital":1,"pop":115956}},{"type":"Feature","geometry":{"type":"Point","coordinates":[28.61,44.2027]},"properties":{"name":"Constanța","rank":4,"capital":1,"pop":303399}},{"type":"Feature","geometry":{"type":"Point","coordinates":[27.5749,47.1683]},"properties":{"name":"Iași","rank":4,"capital":1,"pop":325914}},{"type":"Feature","geometry":{"type":"Point","coordinates":[-8.73,42.22]},"properties":{"name":"Vigo","rank":4,"capital":0,"pop":378952}},{"type":"Feature","geometry":{"type":"Point","coordinates":[-2.93,43.25]},"properties":{"name":"Bilbao","rank":4,"capital":0,"pop":875552}},{"type":"Feature","geometry":{"type":"Point","coordinates":[-16.1,14.15]},"properties":{"name":"Kaolack","rank":4,"capital":1,"pop":277812}},{"type":"Feature","geometry":{"type":"Point","coordinates":[-13.5,16.15]},"properties":{"name":"Kaédi","rank":4,"capital":1,"pop":21656}},{"type":"Feature","geometry":{"type":"Point","coordinates":[22.44,13.45]},"properties":{"name":"Geneina","rank":4,"capital":1,"pop":162981}},{"type":"Feature","geometry":{"type":"Point","coordinates":[39.5781,24.5019]},"properties":{"name":"Medina","rank":4,"capital":1,"pop":1010000}},{"type":"Feature","geometry":{"type":"Point","coordinates":[36.555,28.3838]},"properties":{"name":"Tabuk","rank":4,"capital":1,"pop":547957}},{"type":"Feature","geometry":{"type":"Point","coordinates":[31.58,4.83]},"properties":{"name":"Juba","rank":4,"capital":1,"pop":111975}},{"type":"Feature","geometry":{"type":"Point","coordinates":[31.656,9.5369]},"properties":{"name":"Malakal","rank":4,"capital":1,"pop":160765}},{"type":"Feature","geometry":{"type":"Point","coordinates":[32.48,15.6167]},"properties":{"name":"Omdurman","rank":4,"capital":1,"pop":2395159}},{"type":"Feature","geometry":{"type":"Point","coordinates":[30.2167,13.1833]},"properties":{"name":"Al-Ubayyid","rank":4,"capital":1,"pop":393311}},{"type":"Feature","geometry":{"type":"Point","coordinates":[4.27,52.08]},"properties":{"name":"The Hague","rank":4,"capital":1,"pop":1406000}},{"type":"Feature","geometry":{"type":"Point","coordinates":[14.515,46.0553]},"properties":{"name":"Ljubljana","rank":4,"capital":1,"pop":314807}},{"type":"Feature","geometry":{"type":"Point","coordinates":[17.117,48.15]},"properties":{"name":"Bratislava","rank":4,"capital":1,"pop":423737}},{"type":"Feature","geometry":{"type":"Point","coordinates":[51.533,25.2866]},"properties":{"name":"Doha","rank":4,"capital":1,"pop":1450000}},{"type":"Feature","geometry":{"type":"Point","coordinates":[67.023,30.2219]},"properties":{"name":"Quetta","rank":4,"capital":1,"pop":768000}},{"type":"Feature","geometry":{"type":"Point","coordinates":[68.2068,27.5618]},"properties":{"name":"Larkana","rank":4,"capital":0,"pop":364033}},{"type":"Feature","geometry":{"type":"Point","coordinates":[-1.91,34.69]},"properties":{"name":"Taza","rank":4,"capital":1,"pop":409391}},{"type":"Feature","geometry":{"type":"Point","coordinates":[-9.24,32.32]},"properties":{"name":"Safi","rank":4,"capital":1,"pop":353476}},{"type":"Feature","geometry":{"type":"Point","coordinates":[19.2663,42.466]},"properties":{"name":"Podgorica","rank":4,"capital":1,"pop":145850}},{"type":"Feature","geometry":{"type":"Point","coordinates":[43.6179,43.4981]},"properties":{"name":"Nalchik","rank":4,"capital":1,"pop":307866}},{"type":"Feature","geometry":{"type":"Point","coordinates":[41.98,45.05]},"properties":{"name":"Stavropol","rank":4,"capital":1,"pop":363064}},{"type":"Feature","geometry":{"type":"Point","coordinates":[20.4973,54.7]},"properties":{"name":"Kaliningrad","rank":4,"capital":1,"pop":434954}},{"type":"Feature","geometry":{"type":"Point","coordinates":[28.3299,57.83]},"properties":{"name":"Pskov","rank":4,"capital":1,"pop":201990}},{"type":"Feature","geometry":{"type":"Point","coordinates":[34.43,53.26]},"properties":{"name":"Bryansk","rank":4,"capital":1,"pop":427236}},{"type":"Feature","geometry":{"type":"Point","coordinates":[32.0473,54.7827]},"properties":{"name":"Smolensk","rank":4,"capital":1,"pop":320991}},{"type":"Feature","geometry":{"type":"Point","coordinates":[35.89,56.86]},"properties":{"name":"Tver","rank":4,"capital":1,"pop":400212}},{"type":"Feature","geometry":{"type":"Point","coordinates":[39.87,57.62]},"properties":{"name":"Yaroslavl","rank":4,"capital":1,"pop":606730}},{"type":"Feature","geometry":{"type":"Point","coordinates":[39.7107,47.2366]},"properties":{"name":"Rostov-on-Don","rank":4,"capital":1,"pop":1052000}},{"type":"Feature","geometry":{"type":"Point","coordinates":[39.73,43.59]},"properties":{"name":"Sochi","rank":4,"capital":0,"pop":327608}},{"type":"Feature","geometry":{"type":"Point","coordinates":[39.0,45.02]},"properties":{"name":"Krasnodar","rank":4,"capital":1,"pop":649851}},{"type":"Feature","geometry":{"type":"Point","coordinates":[45.0,53.18]},"properties":{"name":"Penza","rank":4,"capital":1,"pop":512602}},{"type":"Feature","geometry":{"type":"Point","coordinates":[39.72,54.62]},"properties":{"name":"Ryazan","rank":4,"capital":1,"pop":520173}},{"type":"Feature","geometry":{"type":"Point","coordinates":[39.1868,51.6654]},"properties":{"name":"Voronezh","rank":4,"capital":1,"pop":844000}},{"type":"Feature","geometry":{"type":"Point","coordinates":[58.98,53.4227]},"properties":{"name":"Magnitogorsk","rank":4,"capital":0,"pop":413351}},{"type":"Feature","geometry":{"type":"Point","coordinates":[61.4367,55.1569]},"properties":{"name":"Chelyabinsk","rank":4,"capital":1,"pop":1091000}},{"type":"Feature","geometry":{"type":"Point","coordinates":[59.975,57.92]},"properties":{"name":"Nizhny Tagil","rank":4,"capital":0,"pop":381116}},{"type":"Feature","geometry":{"type":"Point","coordinates":[48.055,46.3487]},"properties":{"name":"Astrakhan","rank":4,"capital":1,"pop":502533}},{"type":"Feature","geometry":{"type":"Point","coordinates":[55.11,51.78]},"properties":{"name":"Orenburg","rank":4,"capital":1,"pop":550204}},{"type":"Feature","geometry":{"type":"Point","coordinates":[46.0281,51.5819]},"properties":{"name":"Saratov","rank":4,"capital":1,"pop":843000}},{"type":"Feature","geometry":{"type":"Point","coordinates":[48.41,54.33]},"properties":{"name":"Ulyanovsk","rank":4,"capital":1,"pop":640680}},{"type":"Feature","geometry":{"type":"Point","coordinates":[73.398,54.9919]},"properties":{"name":"Omsk","rank":4,"capital":1,"pop":1135000}},{"type":"Feature","geometry":{"type":"Point","coordinates":[65.53,57.14]},"properties":{"name":"Tyumen","rank":4,"capital":1,"pop":519119}},{"type":"Feature","geometry":{"type":"Point","coordinates":[45.6987,43.3187]},"properties":{"name":"Grozny","rank":4,"capital":1,"pop":226100}},{"type":"Feature","geometry":{"type":"Point","coordinates":[79.95,6.9]},"properties":{"name":"Sri Jayawardenepura Kotte","rank":4,"capital":1,"pop":115826}},{"type":"Feature","geometry":{"type":"Point","coordinates":[13.1581,11.8519]},"properties":{"name":"Maiduguri","rank":4,"capital":1,"pop":896000}},{"type":"Feature","geometry":{"type":"Point","coordinates":[7.0081,4.8119]},"properties":{"name":"Port Harcourt","rank":4,"capital":1,"pop":1020000}},{"type":"Feature","geometry":{"type":"Point","coordinates":[8.53,7.73]},"properties":{"name":"Makurdi","rank":4,"capital":1,"pop":292645}},{"type":"Feature","geometry":{"type":"Point","coordinates":[3.928,7.382]},"properties":{"name":"Ibadan","rank":4,"capital":1,"pop":2628000}},{"type":"Feature","geometry":{"type":"Point","coordinates":[4.238,8.132]},"properties":{"name":"Ogbomosho","rank":4,"capital":0,"pop":951000}},{"type":"Feature","geometry":{"type":"Point","coordinates":[5.76,5.52]},"properties":{"name":"Warri","rank":4,"capital":0,"pop":830106}},{"type":"Feature","geometry":{"type":"Point","coordinates":[7.4381,10.522]},"properties":{"name":"Kaduna","rank":4,"capital":1,"pop":1442000}},{"type":"Feature","geometry":{"type":"Point","coordinates":[18.64,54.36]},"properties":{"name":"Gdańsk","rank":4,"capital":1,"pop":740000}},{"type":"Feature","geometry":{"type":"Point","coordinates":[19.9581,50.0619]},"properties":{"name":"Kraków","rank":4,"capital":1,"pop":756000}},{"type":"Feature","geometry":{"type":"Point","coordinates":[7.467,46.9167]},"properties":{"name":"Bern","rank":4,"capital":1,"pop":275329}},{"type":"Feature","geometry":{"type":"Point","coordinates":[13.0231,55.5994]},"properties":{"name":"Malmö","rank":4,"capital":1,"pop":269349}},{"type":"Feature","geometry":{"type":"Point","coordinates":[-13.2,27.15]},"properties":{"name":"Laayoune","rank":4,"capital":1,"pop":188084}},{"type":"Feature","geometry":{"type":"Point","coordinates":[11.25,43.78]},"properties":{"name":"Florence","rank":4,"capital":1,"pop":1500000}},{"type":"Feature","geometry":{"type":"Point","coordinates":[15.08,37.5]},"properties":{"name":"Catania","rank":4,"capital":0,"pop":674542}},{"type":"Feature","geometry":{"type":"Point","coordinates":[21.166,42.6667]},"properties":{"name":"Pristina","rank":4,"capital":1,"pop":465186}},{"type":"Feature","geometry":{"type":"Point","coordinates":[37.64,0.06]},"properties":{"name":"Meru","rank":4,"capital":0,"pop":47226}},{"type":"Feature","geometry":{"type":"Point","coordinates":[35.27,0.52]},"properties":{"name":"Eldoret","rank":4,"capital":0,"pop":353381}},{"type":"Feature","geometry":{"type":"Point","coordinates":[18.26,0.04]},"properties":{"name":"Mbandaka","rank":4,"capital":1,"pop":274996}},{"type":"Feature","geometry":{"type":"Point","coordinates":[16.09,8.55]},"properties":{"name":"Moundou","rank":4,"capital":1,"pop":156705}},{"type":"Feature","geometry":{"type":"Point","coordinates":[32.5499,30.005]},"properties":{"name":"Suez","rank":4,"capital":0,"pop":508335}},{"type":"Feature","geometry":{"type":"Point","coordinates":[32.29,31.26]},"properties":{"name":"Port Said","rank":4,"capital":1,"pop":623864}},{"type":"Feature","geometry":{"type":"Point","coordinates":[30.84,29.31]},"properties":{"name":"Faiyum","rank":4,"capital":1,"pop":316772}},{"type":"Feature","geometry":{"type":"Point","coordinates":[32.8989,24.0875]},"properties":{"name":"Aswan","rank":4,"capital":1,"pop":313442}},{"type":"Feature","geometry":{"type":"Point","coordinates":[31.1799,27.19]},"properties":{"name":"Asyut","rank":4,"capital":1,"pop":420585}},{"type":"Feature","geometry":{"type":"Point","coordinates":[25.22,0.52]},"properties":{"name":"Kisangani","rank":4,"capital":1,"pop":578470}},{"type":"Feature","geometry":{"type":"Point","coordinates":[42.73,13.01]},"properties":{"name":"Assab","rank":4,"capital":1,"pop":105496}},{"type":"Feature","geometry":{"type":"Point","coordinates":[43.148,11.595]},"properties":{"name":"Djibouti","rank":4,"capital":1,"pop":923000}},{"type":"Feature","geometry":{"type":"Point","coordinates":[13.75,51.05]},"properties":{"name":"Dresden","rank":4,"capital":1,"pop":617515}},{"type":"Feature","geometry":{"type":"Point","coordinates":[77.25,38.4261]},"properties":{"name":"Yarkant County","rank":4,"capital":0,"pop":851374}},{"type":"Feature","geometry":{"type":"Point","coordinates":[29.28,0.13]},"properties":{"name":"Butembo","rank":4,"capital":0,"pop":286403}},{"type":"Feature","geometry":{"type":"Point","coordinates":[-16.5917,13.4539]},"properties":{"name":"Banjul","rank":4,"capital":1,"pop":43094}},{"type":"Feature","geometry":{"type":"Point","coordinates":[77.3147,28.4353]},"properties":{"name":"Faridabad","rank":4,"capital":0,"pop":1394000}},{"type":"Feature","geometry":{"type":"Point","coordinates":[74.8283,34.0695]},"properties":{"name":"Srinagar","rank":4,"capital":1,"pop":1140000}},{"type":"Feature","geometry":{"type":"Point","coordinates":[76.9252,8.5155]},"properties":{"name":"Thiruvananthapuram","rank":4,"capital":1,"pop":954000}},{"type":"Feature","geometry":{"type":"Point","coordinates":[76.222,10.017]},"properties":{"name":"Kochi","rank":4,"capital":0,"pop":1519000}},{"type":"Feature","geometry":{"type":"Point","coordinates":[75.1231,15.3619]},"properties":{"name":"Hubli","rank":4,"capital":0,"pop":890000}},{"type":"Feature","geometry":{"type":"Point","coordinates":[74.85,12.9]},"properties":{"name":"Mangalore","rank":4,"capital":0,"pop":776632}},{"type":"Feature","geometry":{"type":"Point","coordinates":[76.6581,12.3119]},"properties":{"name":"Mysore","rank":4,"capital":0,"pop":887000}},{"type":"Feature","geometry":{"type":"Point","coordinates":[76.82,17.35]},"properties":{"name":"Gulbarga","rank":4,"capital":0,"pop":483615}},{"type":"Feature","geometry":{"type":"Point","coordinates":[74.22,16.7]},"properties":{"name":"Kolhapur","rank":4,"capital":0,"pop":750000}},{"type":"Feature","geometry":{"type":"Point","coordinates":[77.3083,19.1973]},"properties":{"name":"Nanded","rank":4,"capital":0,"pop":623708}},{"type":"Feature","geometry":{"type":"Point","coordinates":[77.01,20.71]},"properties":{"name":"Akola","rank":4,"capital":0,"pop":503502}},{"type":"Feature","geometry":{"type":"Point","coordinates":[-0.597,44.852]},"properties":{"name":"Bordeaux","rank":4,"capital":1,"pop":803000}},{"type":"Feature","geometry":{"type":"Point","coordinates":[5.3731,43.2919]},"properties":{"name":"Marseille","rank":4,"capital":1,"pop":1400000}},{"type":"Feature","geometry":{"type":"Point","coordinates":[0.105,49.505]},"properties":{"name":"Le Havre","rank":4,"capital":0,"pop":242124}},{"type":"Feature","geometry":{"type":"Point","coordinates":[-0.05,16.2666]},"properties":{"name":"Gao","rank":4,"capital":1,"pop":116967}},{"type":"Feature","geometry":{"type":"Point","coordinates":[-17.056,20.9]},"properties":{"name":"Nouadhibou","rank":4,"capital":1,"pop":86738}},{"type":"Feature","geometry":{"type":"Point","coordinates":[-11.44,14.45]},"properties":{"name":"Kayes","rank":4,"capital":1,"pop":77207}},{"type":"Feature","geometry":{"type":"Point","coordinates":[-9.6167,16.6666]},"properties":{"name":"Ayoun el Atrous","rank":4,"capital":1,"pop":1423}},{"type":"Feature","geometry":{"type":"Point","coordinates":[-6.26,13.44]},"properties":{"name":"Ségou","rank":4,"capital":1,"pop":122952}},{"type":"Feature","geometry":{"type":"Point","coordinates":[21.4335,42.0]},"properties":{"name":"Skopje","rank":4,"capital":1,"pop":494087}},{"type":"Feature","geometry":{"type":"Point","coordinates":[23.29,24.2]},"properties":{"name":"Al Jawf","rank":4,"capital":0,"pop":24132}},{"type":"Feature","geometry":{"type":"Point","coordinates":[15.8,26.3666]},"properties":{"name":"Tmassa","rank":4,"capital":0,"pop":500}},{"type":"Feature","geometry":{"type":"Point","coordinates":[15.1,32.38]},"properties":{"name":"Misrata","rank":4,"capital":1,"pop":386120}},{"type":"Feature","geometry":{"type":"Point","coordinates":[12.0791,32.9344]},"properties":{"name":"Zuwara","rank":4,"capital":0,"pop":180310}},{"type":"Feature","geometry":{"type":"Point","coordinates":[44.3923,35.4722]},"properties":{"name":"Kirkuk","rank":4,"capital":1,"pop":601433}},{"type":"Feature","geometry":{"type":"Point","coordinates":[43.1431,36.3469]},"properties":{"name":"Mosul","rank":4,"capital":1,"pop":1316000}},{"type":"Feature","geometry":{"type":"Point","coordinates":[44.3354,32.0003]},"properties":{"name":"Najaf","rank":4,"capital":1,"pop":665552}},{"type":"Feature","geometry":{"type":"Point","coordinates":[37.3833,11.6001]},"properties":{"name":"Bahir Dar","rank":4,"capital":0,"pop":206748}},{"type":"Feature","geometry":{"type":"Point","coordinates":[39.47,13.5]},"properties":{"name":"Mek'ele","rank":4,"capital":1,"pop":95856}},{"type":"Feature","geometry":{"type":"Point","coordinates":[41.86,9.59]},"properties":{"name":"Dire Dawa","rank":4,"capital":0,"pop":252279}},{"type":"Feature","geometry":{"type":"Point","coordinates":[57.17,50.28]},"properties":{"name":"Aktobe","rank":4,"capital":1,"pop":262457}},{"type":"Feature","geometry":{"type":"Point","coordinates":[63.13,52.9527]},"properties":{"name":"Rudniy","rank":4,"capital":0,"pop":124000}},{"type":"Feature","geometry":{"type":"Point","coordinates":[65.465,44.8]},"properties":{"name":"Kyzylorda","rank":4,"capital":1,"pop":300000}},{"type":"Feature","geometry":{"type":"Point","coordinates":[51.92,47.1127]},"properties":{"name":"Atyrau","rank":4,"capital":1,"pop":182753}},{"type":"Feature","geometry":{"type":"Point","coordinates":[75.3199,51.73]},"properties":{"name":"Ekibastuz","rank":4,"capital":0,"pop":127868}},{"type":"Feature","geometry":{"type":"Point","coordinates":[76.95,52.3]},"properties":{"name":"Pavlodar","rank":4,"capital":1,"pop":329002}},{"type":"Feature","geometry":{"type":"Point","coordinates":[54.37,31.9201]},"properties":{"name":"Yazd","rank":4,"capital":1,"pop":477905}},{"type":"Feature","geometry":{"type":"Point","coordinates":[48.7181,31.2819]},"properties":{"name":"Ahwaz","rank":4,"capital":1,"pop":996000}},{"type":"Feature","geometry":{"type":"Point","coordinates":[47.8116,30.5155]},"properties":{"name":"Basra","rank":4,"capital":1,"pop":870000}},{"type":"Feature","geometry":{"type":"Point","coordinates":[56.2721,27.2041]},"properties":{"name":"Bandar Abbas","rank":4,"capital":1,"pop":461499}},{"type":"Feature","geometry":{"type":"Point","coordinates":[48.515,34.796]},"properties":{"name":"Hamadan","rank":4,"capital":1,"pop":528256}},{"type":"Feature","geometry":{"type":"Point","coordinates":[46.2993,38.0882]},"properties":{"name":"Tabriz","rank":4,"capital":1,"pop":1413000}},{"type":"Feature","geometry":{"type":"Point","coordinates":[75.8703,30.9297]},"properties":{"name":"Ludhiana","rank":4,"capital":0,"pop":1649000}},{"type":"Feature","geometry":{"type":"Point","coordinates":[75.8331,25.1819]},"properties":{"name":"Kota","rank":4,"capital":0,"pop":827000}},{"type":"Feature","geometry":{"type":"Point","coordinates":[73.0148,26.2937]},"properties":{"name":"Jodhpur","rank":4,"capital":0,"pop":995000}},{"type":"Feature","geometry":{"type":"Point","coordinates":[69.595,42.32]},"properties":{"name":"Shymkent","rank":4,"capital":1,"pop":465392}},{"type":"Feature","geometry":{"type":"Point","coordinates":[71.365,42.9]},"properties":{"name":"Taraz","rank":4,"capital":1,"pop":358153}},{"type":"Feature","geometry":{"type":"Point","coordinates":[77.55,29.97]},"properties":{"name":"Saharanpur","rank":4,"capital":0,"pop":484873}},{"type":"Feature","geometry":{"type":"Point","coordinates":[79.9531,23.177]},"properties":{"name":"Jabalpur","rank":4,"capital":0,"pop":1285000}},{"type":"Feature","geometry":{"type":"Point","coordinates":[75.8631,22.717]},"properties":{"name":"Indore","rank":4,"capital":0,"pop":2026000}},{"type":"Feature","geometry":{"type":"Point","coordinates":[79.83,11.935]},"properties":{"name":"Pondicherry","rank":4,"capital":1,"pop":227411}},{"type":"Feature","geometry":{"type":"Point","coordinates":[78.1781,11.6719]},"properties":{"name":"Salem","rank":4,"capital":0,"pop":873000}},{"type":"Feature","geometry":{"type":"Point","coordinates":[78.6875,10.8005]},"properties":{"name":"Trichy","rank":4,"capital":0,"pop":951000}},{"type":"Feature","geometry":{"type":"Point","coordinates":[-9.31,10.39]},"properties":{"name":"Kankan","rank":4,"capital":1,"pop":114009}},{"type":"Feature","geometry":{"type":"Point","coordinates":[-8.83,7.76]},"properties":{"name":"Nzérékoré","rank":4,"capital":1,"pop":168121}},{"type":"Feature","geometry":{"type":"Point","coordinates":[-5.03,7.69]},"properties":{"name":"Bouaké","rank":4,"capital":1,"pop":567481}},{"type":"Feature","geometry":{"type":"Point","coordinates":[11.15,2.9]},"properties":{"name":"Ebolowa","rank":4,"capital":1,"pop":87875}},{"type":"Feature","geometry":{"type":"Point","coordinates":[20.6672,5.762]},"properties":{"name":"Bambari","rank":4,"capital":1,"pop":62098}},{"type":"Feature","geometry":{"type":"Point","coordinates":[12.335,45.4387]},"properties":{"name":"Venice","rank":4,"capital":1,"pop":270816}},{"type":"Feature","geometry":{"type":"Point","coordinates":[10.15,5.96]},"properties":{"name":"Bamenda","rank":4,"capital":1,"pop":445299}},{"type":"Feature","geometry":{"type":"Point","coordinates":[13.39,9.3]},"properties":{"name":"Garoua","rank":4,"capital":1,"pop":436899}},{"type":"Feature","geometry":{"type":"Point","coordinates":[62.17,34.33]},"properties":{"name":"Herat","rank":4,"capital":1,"pop":481009}},{"type":"Feature","geometry":{"type":"Point","coordinates":[67.1,36.7]},"properties":{"name":"Mazar-i-Sharif","rank":4,"capital":1,"pop":458151}},{"type":"Feature","geometry":{"type":"Point","coordinates":[7.76,36.92]},"properties":{"name":"Annaba","rank":4,"capital":1,"pop":503524}},{"type":"Feature","geometry":{"type":"Point","coordinates":[2.62,9.34]},"properties":{"name":"Parakou","rank":4,"capital":1,"pop":188853}},{"type":"Feature","geometry":{"type":"Point","coordinates":[2.6166,6.4833]},"properties":{"name":"Porto-Novo","rank":4,"capital":1,"pop":300000}},{"type":"Feature","geometry":{"type":"Point","coordinates":[6.5999,36.36]},"properties":{"name":"Constantine","rank":4,"capital":1,"pop":605179}},{"type":"Feature","geometry":{"type":"Point","coordinates":[23.7,52.1]},"properties":{"name":"Brest","rank":4,"capital":1,"pop":300715}},{"type":"Feature","geometry":{"type":"Point","coordinates":[-4.29,11.18]},"properties":{"name":"Bobo Dioulasso","rank":4,"capital":1,"pop":360106}},{"type":"Feature","geometry":{"type":"Point","coordinates":[-15.43,28.1]},"properties":{"name":"Las Palmas de Gran Canaria","rank":4,"capital":1,"pop":378495}},{"type":"Feature","geometry":{"type":"Point","coordinates":[45.0164,10.4356]},"properties":{"name":"Berbera","rank":4,"capital":0,"pop":242344}},{"type":"Feature","geometry":{"type":"Point","coordinates":[34.445,31.53]},"properties":{"name":"Gaza City","rank":4,"capital":1,"pop":505700}},{"type":"Feature","geometry":{"type":"Point","coordinates":[50.5831,26.2361]},"properties":{"name":"Manama","rank":4,"capital":1,"pop":563920}},{"type":"Feature","geometry":{"type":"Point","coordinates":[75.768,11.2524]},"properties":{"name":"Kozhikode","rank":3,"capital":0,"pop":953000}},{"type":"Feature","geometry":{"type":"Point","coordinates":[1.2208,6.1339]},"properties":{"name":"Lomé","rank":3,"capital":1,"pop":1452000}},{"type":"Feature","geometry":{"type":"Point","coordinates":[10.1797,36.8028]},"properties":{"name":"Tunis","rank":3,"capital":1,"pop":2412500}},{"type":"Feature","geometry":{"type":"Point","coordinates":[33.5244,44.6039]},"properties":{"name":"Sevastopol","rank":3,"capital":1,"pop":379200}},{"type":"Feature","geometry":{"type":"Point","coordinates":[54.3666,24.4667]},"properties":{"name":"Abu Dhabi","rank":3,"capital":1,"pop":603492}},{"type":"Feature","geometry":{"type":"Point","coordinates":[58.3833,37.95]},"properties":{"name":"Ashgabat","rank":3,"capital":1,"pop":727700}},{"type":"Feature","geometry":{"type":"Point","coordinates":[66.945,39.67]},"properties":{"name":"Samarkand","rank":3,"capital":1,"pop":708000}},{"type":"Feature","geometry":{"type":"Point","coordinates":[-4.2391,55.8623]},"properties":{"name":"Glasgow","rank":3,"capital":0,"pop":1160000}},{"type":"Feature","geometry":{"type":"Point","coordinates":[32.5814,0.3186]},"properties":{"name":"Kampala","rank":3,"capital":1,"pop":1420000}},{"type":"Feature","geometry":{"type":"Point","coordinates":[45.0095,12.7797]},"properties":{"name":"Aden","rank":3,"capital":1,"pop":1000000}},{"type":"Feature","geometry":{"type":"Point","coordinates":[-5.98,37.405]},"properties":{"name":"Seville","rank":3,"capital":1,"pop":1212045}},{"type":"Feature","geometry":{"type":"Point","coordinates":[8.9833,13.8]},"properties":{"name":"Zinder","rank":3,"capital":1,"pop":230358}},{"type":"Feature","geometry":{"type":"Point","coordinates":[2.1147,13.5187]},"properties":{"name":"Niamey","rank":3,"capital":1,"pop":915000}},{"type":"Feature","geometry":{"type":"Point","coordinates":[37.2164,19.6158]},"properties":{"name":"Port Sudan","rank":3,"capital":1,"pop":489725}},{"type":"Feature","geometry":{"type":"Point","coordinates":[68.7739,38.56]},"properties":{"name":"Dushanbe","rank":3,"capital":1,"pop":1086244}},{"type":"Feature","geometry":{"type":"Point","coordinates":[-13.2362,8.472]},"properties":{"name":"Freetown","rank":3,"capital":1,"pop":827000}},{"type":"Feature","geometry":{"type":"Point","coordinates":[7.9828,16.9959]},"properties":{"name":"Agadez","rank":3,"capital":1,"pop":117770}},{"type":"Feature","geometry":{"type":"Point","coordinates":[24.89,12.06]},"properties":{"name":"Nyala","rank":3,"capital":1,"pop":392373}},{"type":"Feature","geometry":{"type":"Point","coordinates":[27.99,7.7]},"properties":{"name":"Wau","rank":3,"capital":1,"pop":127384}},{"type":"Feature","geometry":{"type":"Point","coordinates":[30.4833,19.1666]},"properties":{"name":"Karma","rank":3,"capital":1,"pop":26404}},{"type":"Feature","geometry":{"type":"Point","coordinates":[36.39,15.46]},"properties":{"name":"Kassala","rank":3,"capital":1,"pop":401477}},{"type":"Feature","geometry":{"type":"Point","coordinates":[73.0806,33.6894]},"properties":{"name":"Islamabad","rank":3,"capital":1,"pop":780000}},{"type":"Feature","geometry":{"type":"Point","coordinates":[71.4531,30.2019]},"properties":{"name":"Multan","rank":3,"capital":0,"pop":1522000}},{"type":"Feature","geometry":{"type":"Point","coordinates":[68.373,25.3819]},"properties":{"name":"Hyderabad","rank":3,"capital":0,"pop":1459000}},{"type":"Feature","geometry":{"type":"Point","coordinates":[71.5331,34.007]},"properties":{"name":"Peshawar","rank":3,"capital":1,"pop":1303000}},{"type":"Feature","geometry":{"type":"Point","coordinates":[-5.0023,34.0565]},"properties":{"name":"Fez","rank":3,"capital":1,"pop":1002000}},{"type":"Feature","geometry":{"type":"Point","coordinates":[-6.8364,34.0253]},"properties":{"name":"Rabat","rank":3,"capital":1,"pop":1705000}},{"type":"Feature","geometry":{"type":"Point","coordinates":[-8.0019,31.6319]},"properties":{"name":"Marrakesh","rank":3,"capital":1,"pop":872000}},{"type":"Feature","geometry":{"type":"Point","coordinates":[28.8577,47.005]},"properties":{"name":"Chișinău","rank":3,"capital":1,"pop":688134}},{"type":"Feature","geometry":{"type":"Point","coordinates":[43.9981,56.335]},"properties":{"name":"Nizhny Novgorod","rank":3,"capital":1,"pop":1278000}},{"type":"Feature","geometry":{"type":"Point","coordinates":[44.498,48.712]},"properties":{"name":"Volgograd","rank":3,"capital":1,"pop":984000}},{"type":"Feature","geometry":{"type":"Point","coordinates":[56.0381,54.7919]},"properties":{"name":"Ufa","rank":3,"capital":1,"pop":1018000}},{"type":"Feature","geometry":{"type":"Point","coordinates":[60.598,56.852]},"properties":{"name":"Yekaterinburg","rank":3,"capital":1,"pop":1313000}},{"type":"Feature","geometry":{"type":"Point","coordinates":[50.1493,53.197]},"properties":{"name":"Samara","rank":3,"capital":1,"pop":1137000}},{"type":"Feature","geometry":{"type":"Point","coordinates":[49.1244,55.7519]},"properties":{"name":"Kazan","rank":3,"capital":1,"pop":1115000}},{"type":"Feature","geometry":{"type":"Point","coordinates":[45.3647,2.0686]},"properties":{"name":"Mogadishu","rank":3,"capital":1,"pop":1100000}},{"type":"Feature","geometry":{"type":"Point","coordinates":[58.3783,23.5852]},"properties":{"name":"Muscat","rank":3,"capital":1,"pop":734697}},{"type":"Feature","geometry":{"type":"Point","coordinates":[79.8578,6.932]},"properties":{"name":"Colombo","rank":3,"capital":1,"pop":217000}},{"type":"Feature","geometry":{"type":"Point","coordinates":[7.5,6.45]},"properties":{"name":"Enugu","rank":3,"capital":1,"pop":688862}},{"type":"Feature","geometry":{"type":"Point","coordinates":[5.24,13.06]},"properties":{"name":"Sokoto","rank":3,"capital":1,"pop":732178}},{"type":"Feature","geometry":{"type":"Point","coordinates":[-0.402,39.487]},"properties":{"name":"Valencia","rank":3,"capital":1,"pop":808000}},{"type":"Feature","geometry":{"type":"Point","coordinates":[7.4895,9.0546]},"properties":{"name":"Abuja","rank":3,"capital":1,"pop":1576000}},{"type":"Feature","geometry":{"type":"Point","coordinates":[-15.5984,11.865]},"properties":{"name":"Bissau","rank":3,"capital":1,"pop":403339}},{"type":"Feature","geometry":{"type":"Point","coordinates":[13.3481,38.127]},"properties":{"name":"Palermo","rank":3,"capital":1,"pop":863000}},{"type":"Feature","geometry":{"type":"Point","coordinates":[35.9314,31.952]},"properties":{"name":"Amman","rank":3,"capital":1,"pop":1060000}},{"type":"Feature","geometry":{"type":"Point","coordinates":[25.3166,54.6834]},"properties":{"name":"Vilnius","rank":3,"capital":1,"pop":542366}},{"type":"Feature","geometry":{"type":"Point","coordinates":[24.1,56.95]},"properties":{"name":"Riga","rank":3,"capital":1,"pop":742572}},{"type":"Feature","geometry":{"type":"Point","coordinates":[74.5833,42.875]},"properties":{"name":"Bishkek","rank":3,"capital":1,"pop":837000}},{"type":"Feature","geometry":{"type":"Point","coordinates":[4.8281,45.772]},"properties":{"name":"Lyon","rank":3,"capital":1,"pop":1423000}},{"type":"Feature","geometry":{"type":"Point","coordinates":[22.46,2.19]},"properties":{"name":"Bumba","rank":3,"capital":0,"pop":160539}},{"type":"Feature","geometry":{"type":"Point","coordinates":[15.0472,12.115]},"properties":{"name":"N'Djamena","rank":3,"capital":1,"pop":989000}},{"type":"Feature","geometry":{"type":"Point","coordinates":[20.83,13.84]},"properties":{"name":"Abéché","rank":3,"capital":1,"pop":158317}},{"type":"Feature","geometry":{"type":"Point","coordinates":[8.7833,3.75]},"properties":{"name":"Malabo","rank":3,"capital":1,"pop":155963}},{"type":"Feature","geometry":{"type":"Point","coordinates":[32.65,25.7]},"properties":{"name":"Luxor","rank":3,"capital":0,"pop":609248}},{"type":"Feature","geometry":{"type":"Point","coordinates":[38.9333,15.3333]},"properties":{"name":"Asmara","rank":3,"capital":1,"pop":620802}},{"type":"Feature","geometry":{"type":"Point","coordinates":[16.0,45.8]},"properties":{"name":"Zagreb","rank":3,"capital":1,"pop":722526}},{"type":"Feature","geometry":{"type":"Point","coordinates":[79.9269,37.0997]},"properties":{"name":"Hotan","rank":3,"capital":0,"pop":408894}},{"type":"Feature","geometry":{"type":"Point","coordinates":[75.9699,39.4763]},"properties":{"name":"Kashgar City","rank":3,"capital":0,"pop":506640}},{"type":"Feature","geometry":{"type":"Point","coordinates":[9.458,0.3854]},"properties":{"name":"Libreville","rank":3,"capital":1,"pop":578156}},{"type":"Feature","geometry":{"type":"Point","coordinates":[-3.0166,16.7666]},"properties":{"name":"Timbuktu","rank":3,"capital":1,"pop":68872}},{"type":"Feature","geometry":{"type":"Point","coordinates":[-15.9753,18.0864]},"properties":{"name":"Nouakchott","rank":3,"capital":1,"pop":742144}},{"type":"Feature","geometry":{"type":"Point","coordinates":[-8.002,12.652]},"properties":{"name":"Bamako","rank":3,"capital":1,"pop":1494000}},{"type":"Feature","geometry":{"type":"Point","coordinates":[-13.05,20.5166]},"properties":{"name":"Atar","rank":3,"capital":1,"pop":44265}},{"type":"Feature","geometry":{"type":"Point","coordinates":[-4.55,13.9]},"properties":{"name":"Djenné","rank":3,"capital":0,"pop":32944}},{"type":"Feature","geometry":{"type":"Point","coordinates":[14.4333,27.0333]},"properties":{"name":"Sabha","rank":3,"capital":1,"pop":100249}},{"type":"Feature","geometry":{"type":"Point","coordinates":[20.0648,32.1187]},"properties":{"name":"Benghazi","rank":3,"capital":1,"pop":1180000}},{"type":"Feature","geometry":{"type":"Point","coordinates":[22.8831,40.6981]},"properties":{"name":"Thessaloniki","rank":3,"capital":1,"pop":828000}},{"type":"Feature","geometry":{"type":"Point","coordinates":[35.5078,33.8739]},"properties":{"name":"Beirut","rank":3,"capital":1,"pop":1846000}},{"type":"Feature","geometry":{"type":"Point","coordinates":[44.7888,41.727]},"properties":{"name":"Tbilisi","rank":3,"capital":1,"pop":1100000}},{"type":"Feature","geometry":{"type":"Point","coordinates":[37.46,12.61]},"properties":{"name":"Gondar","rank":3,"capital":1,"pop":156230}},{"type":"Feature","geometry":{"type":"Point","coordinates":[71.4278,51.1811]},"properties":{"name":"Nur-Sultan","rank":3,"capital":1,"pop":345604}},{"type":"Feature","geometry":{"type":"Point","coordinates":[73.115,49.885]},"properties":{"name":"Karaganda","rank":3,"capital":1,"pop":451800}},{"type":"Feature","geometry":{"type":"Point","coordinates":[76.9131,43.3269]},"properties":{"name":"Almaty","rank":3,"capital":1,"pop":1209000}},{"type":"Feature","geometry":{"type":"Point","coordinates":[51.6981,32.702]},"properties":{"name":"Isfahan","rank":3,"capital":1,"pop":1628000}},{"type":"Feature","geometry":{"type":"Point","coordinates":[52.5681,29.6319]},"properties":{"name":"Shiraz","rank":3,"capital":1,"pop":1240000}},{"type":"Feature","geometry":{"type":"Point","coordinates":[74.868,31.6419]},"properties":{"name":"Amritsar","rank":3,"capital":0,"pop":1212000}},{"type":"Feature","geometry":{"type":"Point","coordinates":[77.408,23.2519]},"properties":{"name":"Bhopal","rank":3,"capital":1,"pop":1727000}},{"type":"Feature","geometry":{"type":"Point","coordinates":[78.1181,9.922]},"properties":{"name":"Madurai","rank":3,"capital":0,"pop":1294000}},{"type":"Feature","geometry":{"type":"Point","coordinates":[76.9481,11.0019]},"properties":{"name":"Coimbatore","rank":3,"capital":0,"pop":1696000}},{"type":"Feature","geometry":{"type":"Point","coordinates":[-13.6822,9.5335]},"properties":{"name":"Conakry","rank":3,"capital":1,"pop":1494000}},{"type":"Feature","geometry":{"type":"Point","coordinates":[-5.2755,6.8184]},"properties":{"name":"Yamoussoukro","rank":3,"capital":1,"pop":206499}},{"type":"Feature","geometry":{"type":"Point","coordinates":[20.653,8.4091]},"properties":{"name":"N'Délé","rank":3,"capital":1,"pop":11764}},{"type":"Feature","geometry":{"type":"Point","coordinates":[20.466,44.8206]},"properties":{"name":"Belgrade","rank":3,"capital":1,"pop":1099000}},{"type":"Feature","geometry":{"type":"Point","coordinates":[26.5,5.4]},"properties":{"name":"Obo","rank":3,"capital":1,"pop":12887}},{"type":"Feature","geometry":{"type":"Point","coordinates":[18.5583,4.3666]},"properties":{"name":"Bangui","rank":3,"capital":1,"pop":831925}},{"type":"Feature","geometry":{"type":"Point","coordinates":[14.3247,10.5956]},"properties":{"name":"Maroua","rank":3,"capital":1,"pop":319941}},{"type":"Feature","geometry":{"type":"Point","coordinates":[11.5147,3.8686]},"properties":{"name":"Yaoundé","rank":3,"capital":1,"pop":1611000}},{"type":"Feature","geometry":{"type":"Point","coordinates":[19.8189,41.3275]},"properties":{"name":"Tirana","rank":3,"capital":1,"pop":895350}},{"type":"Feature","geometry":{"type":"Point","coordinates":[44.5116,40.1831]},"properties":{"name":"Yerevan","rank":3,"capital":1,"pop":1102000}},{"type":"Feature","geometry":{"type":"Point","coordinates":[49.8603,40.3972]},"properties":{"name":"Baku","rank":3,"capital":1,"pop":2122300}},{"type":"Feature","geometry":{"type":"Point","coordinates":[65.6949,31.61]},"properties":{"name":"Kandahar","rank":3,"capital":1,"pop":715542}},{"type":"Feature","geometry":{"type":"Point","coordinates":[-0.6219,35.7119]},"properties":{"name":"Oran","rank":3,"capital":0,"pop":798000}},{"type":"Feature","geometry":{"type":"Point","coordinates":[2.4044,6.363]},"properties":{"name":"Cotonou","rank":3,"capital":1,"pop":762000}},{"type":"Feature","geometry":{"type":"Point","coordinates":[5.5228,22.785]},"properties":{"name":"Tamanrasset","rank":3,"capital":1,"pop":76000}},{"type":"Feature","geometry":{"type":"Point","coordinates":[3.67,32.49]},"properties":{"name":"Ghardaia","rank":3,"capital":0,"pop":125480}},{"type":"Feature","geometry":{"type":"Point","coordinates":[23.3147,42.6853]},"properties":{"name":"Sofia","rank":3,"capital":1,"pop":1185000}},{"type":"Feature","geometry":{"type":"Point","coordinates":[27.5647,53.9019]},"properties":{"name":"Minsk","rank":3,"capital":1,"pop":1805000}},{"type":"Feature","geometry":{"type":"Point","coordinates":[-1.5267,12.3723]},"properties":{"name":"Ouagadougou","rank":3,"capital":1,"pop":1149000}},{"type":"Feature","geometry":{"type":"Point","coordinates":[18.383,43.85]},"properties":{"name":"Sarajevo","rank":3,"capital":1,"pop":696731}},{"type":"Feature","geometry":{"type":"Point","coordinates":[44.0653,9.56]},"properties":{"name":"Hargeisa","rank":3,"capital":1,"pop":477876}},{"type":"Feature","geometry":{"type":"Point","coordinates":[6.7296,0.3375]},"properties":{"name":"São Tomé","rank":3,"capital":1,"pop":88219}},{"type":"Feature","geometry":{"type":"Point","coordinates":[14.5147,35.8997]},"properties":{"name":"Valletta","rank":3,"capital":1,"pop":368250}},{"type":"Feature","geometry":{"type":"Point","coordinates":[73.5089,4.172]},"properties":{"name":"Malé","rank":3,"capital":1,"pop":112927}},{"type":"Feature","geometry":{"type":"Point","coordinates":[35.2066,31.7784]},"properties":{"name":"Jerusalem","rank":3,"capital":1,"pop":1029300}},{"type":"Feature","geometry":{"type":"Point","coordinates":[33.3666,35.1667]},"properties":{"name":"Nicosia","rank":3,"capital":1,"pop":224300}},{"type":"Feature","geometry":{"type":"Point","coordinates":[32.8624,39.9292]},"properties":{"name":"Ankara","rank":2,"capital":1,"pop":3716000}},{"type":"Feature","geometry":{"type":"Point","coordinates":[19.0814,47.502]},"properties":{"name":"Budapest","rank":2,"capital":1,"pop":1679000}},{"type":"Feature","geometry":{"type":"Point","coordinates":[44.2046,15.3567]},"properties":{"name":"Sanaa","rank":2,"capital":1,"pop":2008000}},{"type":"Feature","geometry":{"type":"Point","coordinates":[2.1814,41.3852]},"properties":{"name":"Barcelona","rank":2,"capital":1,"pop":4920000}},{"type":"Feature","geometry":{"type":"Point","coordinates":[26.098,44.4353]},"properties":{"name":"Bucharest","rank":2,"capital":1,"pop":1942000}},{"type":"Feature","geometry":{"type":"Point","coordinates":[37.1681,36.2319]},"properties":{"name":"Aleppo","rank":2,"capital":0,"pop":2738000}},{"type":"Feature","geometry":{"type":"Point","coordinates":[36.2981,33.502]},"properties":{"name":"Damascus","rank":2,"capital":1,"pop":2466000}},{"type":"Feature","geometry":{"type":"Point","coordinates":[8.5481,47.3819]},"properties":{"name":"Zürich","rank":2,"capital":1,"pop":1108000}},{"type":"Feature","geometry":{"type":"Point","coordinates":[-9.1468,38.7247]},"properties":{"name":"Lisbon","rank":2,"capital":1,"pop":2812000}},{"type":"Feature","geometry":{"type":"Point","coordinates":[32.5322,15.59]},"properties":{"name":"Khartoum","rank":2,"capital":1,"pop":4754000}},{"type":"Feature","geometry":{"type":"Point","coordinates":[39.2173,21.5188]},"properties":{"name":"Jeddah","rank":2,"capital":0,"pop":3012000}},{"type":"Feature","geometry":{"type":"Point","coordinates":[39.8181,21.432]},"properties":{"name":"Mecca","rank":2,"capital":0,"pop":1385000}},{"type":"Feature","geometry":{"type":"Point","coordinates":[74.3481,31.5619]},"properties":{"name":"Lahore","rank":2,"capital":1,"pop":6577000}},{"type":"Feature","geometry":{"type":"Point","coordinates":[66.9881,24.8719]},"properties":{"name":"Karachi","rank":2,"capital":1,"pop":12130000}},{"type":"Feature","geometry":{"type":"Point","coordinates":[8.5181,12.0019]},"properties":{"name":"Kano","rank":2,"capital":1,"pop":3140000}},{"type":"Feature","geometry":{"type":"Point","coordinates":[21.0053,52.2309]},"properties":{"name":"Warsaw","rank":2,"capital":1,"pop":1707000}},{"type":"Feature","geometry":{"type":"Point","coordinates":[-6.257,53.3467]},"properties":{"name":"Dublin","rank":2,"capital":1,"pop":1059000}},{"type":"Feature","geometry":{"type":"Point","coordinates":[-10.7997,6.3146]},"properties":{"name":"Monrovia","rank":2,"capital":1,"pop":1041000}},{"type":"Feature","geometry":{"type":"Point","coordinates":[14.2431,40.842]},"properties":{"name":"Naples","rank":2,"capital":1,"pop":2250000}},{"type":"Feature","geometry":{"type":"Point","coordinates":[9.2031,45.4719]},"properties":{"name":"Milan","rank":2,"capital":1,"pop":2945000}},{"type":"Feature","geometry":{"type":"Point","coordinates":[29.948,31.202]},"properties":{"name":"Alexandria","rank":2,"capital":0,"pop":4165000}},{"type":"Feature","geometry":{"type":"Point","coordinates":[8.675,50.1]},"properties":{"name":"Frankfurt","rank":2,"capital":0,"pop":2895000}},{"type":"Feature","geometry":{"type":"Point","coordinates":[9.9981,53.552]},"properties":{"name":"Hamburg","rank":2,"capital":1,"pop":1757000}},{"type":"Feature","geometry":{"type":"Point","coordinates":[11.573,48.1319]},"properties":{"name":"Munich","rank":2,"capital":1,"pop":1275000}},{"type":"Feature","geometry":{"type":"Point","coordinates":[14.4229,50.087]},"properties":{"name":"Prague","rank":2,"capital":1,"pop":1162000}},{"type":"Feature","geometry":{"type":"Point","coordinates":[47.9764,29.3717]},"properties":{"name":"Kuwait City","rank":2,"capital":1,"pop":2063000}},{"type":"Feature","geometry":{"type":"Point","coordinates":[-0.2187,5.552]},"properties":{"name":"Accra","rank":2,"capital":1,"pop":2121000}},{"type":"Feature","geometry":{"type":"Point","coordinates":[77.2281,28.6719]},"properties":{"name":"Delhi","rank":2,"capital":0,"pop":15926000}},{"type":"Feature","geometry":{"type":"Point","coordinates":[78.478,17.4019]},"properties":{"name":"Hyderabad","rank":2,"capital":1,"pop":6376000}},{"type":"Feature","geometry":{"type":"Point","coordinates":[73.8519,18.5164]},"properties":{"name":"Pune","rank":2,"capital":0,"pop":4672000}},{"type":"Feature","geometry":{"type":"Point","coordinates":[79.088,21.1719]},"properties":{"name":"Nagpur","rank":2,"capital":0,"pop":2454000}},{"type":"Feature","geometry":{"type":"Point","coordinates":[13.18,32.8925]},"properties":{"name":"Tripoli","rank":2,"capital":1,"pop":2189000}},{"type":"Feature","geometry":{"type":"Point","coordinates":[34.7681,32.0819]},"properties":{"name":"Tel Aviv","rank":2,"capital":1,"pop":3112000}},{"type":"Feature","geometry":{"type":"Point","coordinates":[59.5681,36.272]},"properties":{"name":"Mashhad","rank":2,"capital":1,"pop":2469000}},{"type":"Feature","geometry":{"type":"Point","coordinates":[75.808,26.9231]},"properties":{"name":"Jaipur","rank":2,"capital":1,"pop":2917000}},{"type":"Feature","geometry":{"type":"Point","coordinates":[72.5781,23.032]},"properties":{"name":"Ahmedabad","rank":2,"capital":0,"pop":5375000}},{"type":"Feature","geometry":{"type":"Point","coordinates":[72.8381,21.2019]},"properties":{"name":"Surat","rank":2,"capital":0,"pop":3842000}},{"type":"Feature","geometry":{"type":"Point","coordinates":[12.5615,55.6805]},"properties":{"name":"Copenhagen","rank":2,"capital":1,"pop":1085000}},{"type":"Feature","geometry":{"type":"Point","coordinates":[-4.0202,5.3231]},"properties":{"name":"Abidjan","rank":2,"capital":1,"pop":3802000}},{"type":"Feature","geometry":{"type":"Point","coordinates":[4.3314,50.8353]},"properties":{"name":"Brussels","rank":2,"capital":1,"pop":1743000}},{"type":"Feature","geometry":{"type":"Point","coordinates":[3.0486,36.765]},"properties":{"name":"Algiers","rank":2,"capital":1,"pop":3354000}},{"type":"Feature","geometry":{"type":"Point","coordinates":[30.5147,50.4353]},"properties":{"name":"Kyiv","rank":1,"capital":1,"pop":2709000}},{"type":"Feature","geometry":{"type":"Point","coordinates":[55.2869,25.2149]},"properties":{"name":"Dubai","rank":1,"capital":1,"pop":1379000}},{"type":"Feature","geometry":{"type":"Point","coordinates":[69.2688,41.3038]},"properties":{"name":"Tashkent","rank":1,"capital":1,"pop":2184000}},{"type":"Feature","geometry":{"type":"Point","coordinates":[-3.6853,40.402]},"properties":{"name":"Madrid","rank":1,"capital":1,"pop":5567000}},{"type":"Feature","geometry":{"type":"Point","coordinates":[6.14,46.21]},"properties":{"name":"Geneva","rank":1,"capital":1,"pop":1240000}},{"type":"Feature","geometry":{"type":"Point","coordinates":[-17.4751,14.7178]},"properties":{"name":"Dakar","rank":1,"capital":1,"pop":2604000}},{"type":"Feature","geometry":{"type":"Point","coordinates":[4.9147,52.3519]},"properties":{"name":"Amsterdam","rank":1,"capital":1,"pop":1031000}},{"type":"Feature","geometry":{"type":"Point","coordinates":[-7.6183,33.6019]},"properties":{"name":"Casablanca","rank":1,"capital":1,"pop":3181000}},{"type":"Feature","geometry":{"type":"Point","coordinates":[13.3996,52.5238]},"properties":{"name":"Berlin","rank":1,"capital":1,"pop":3406000}},{"type":"Feature","geometry":{"type":"Point","coordinates":[77.2,28.6]},"properties":{"name":"New Delhi","rank":1,"capital":1,"pop":317797}},{"type":"Feature","geometry":{"type":"Point","coordinates":[77.5581,12.9719]},"properties":{"name":"Bengaluru","rank":1,"capital":1,"pop":6787000}},{"type":"Feature","geometry":{"type":"Point","coordinates":[23.7314,37.9853]},"properties":{"name":"Athens","rank":1,"capital":1,"pop":3242000}},{"type":"Feature","geometry":{"type":"Point","coordinates":[44.3919,33.3406]},"properties":{"name":"Baghdad","rank":1,"capital":1,"pop":5054000}},{"type":"Feature","geometry":{"type":"Point","coordinates":[38.6981,9.0353]},"properties":{"name":"Addis Ababa","rank":1,"capital":1,"pop":3100000}},{"type":"Feature","geometry":{"type":"Point","coordinates":[51.4224,35.6739]},"properties":{"name":"Tehran","rank":1,"capital":1,"pop":7873000}},{"type":"Feature","geometry":{"type":"Point","coordinates":[69.1813,34.5186]},"properties":{"name":"Kabul","rank":1,"capital":1,"pop":3277000}},{"type":"Feature","geometry":{"type":"Point","coordinates":[16.3647,48.202]},"properties":{"name":"Vienna","rank":1,"capital":1,"pop":2400000}},{"type":"Feature","geometry":{"type":"Point","coordinates":[-0.1187,51.5019]},"properties":{"name":"London","rank":10,"capital":1,"pop":8567000}},{"type":"Feature","geometry":{"type":"Point","coordinates":[28.9743,41.0176]},"properties":{"name":"Istanbul","rank":10,"capital":1,"pop":10061000}},{"type":"Feature","geometry":{"type":"Point","coordinates":[46.7205,24.6345]},"properties":{"name":"Riyadh","rank":10,"capital":1,"pop":4465000}},{"type":"Feature","geometry":{"type":"Point","coordinates":[37.6136,55.7541]},"properties":{"name":"Moscow","rank":10,"capital":1,"pop":10452000}},{"type":"Feature","geometry":{"type":"Point","coordinates":[3.3896,6.4452]},"properties":{"name":"Lagos","rank":10,"capital":1,"pop":9466000}},{"type":"Feature","geometry":{"type":"Point","coordinates":[12.4813,41.8979]},"properties":{"name":"Rome","rank":10,"capital":1,"pop":3339000}},{"type":"Feature","geometry":{"type":"Point","coordinates":[31.248,30.0519]},"properties":{"name":"Cairo","rank":10,"capital":1,"pop":11893000}},{"type":"Feature","geometry":{"type":"Point","coordinates":[72.8758,19.0684]},"properties":{"name":"Mumbai","rank":10,"capital":1,"pop":18978000}},{"type":"Feature","geometry":{"type":"Point","coordinates":[2.353,48.8581]},"properties":{"name":"Paris","rank":10,"capital":1,"pop":9904000}},{"type":"Feature","geometry":{"type":"Point","coordinates":[77.5723,34.1616]},"properties":{"name":"Leh","rank":4,"capital":1,"pop":30870}}]}